#bin	ch	sum	cnt
81776	219	10.5267089	1
81776	218	36.78576394	1
81776	108	11.1953498	1
81776	263	17.4520774	1
81776	31	15.39969533	1
81776	30	14.86258796	1
81776	12	18.14276758	1
81776	115	10.33112865	1
81776	262	30.77213006	2
81776	246	24.90789637	1
81776	139	15.5278385	1
81776	145	10.11122204	1
81776	138	30.16127958	1
81776	193	15.61783316	1
81776	184	10.5790811	1
81776	270	14.20122677	1
81776	179	20.18001462	2
81776	41	10.5104253	1
81776	222	11.93316413	1
81776	198	10.82546696	1
81776	27	10.52744938	1
81776	233	32.62681691	3
81776	97	13.3445946	1
81776	93	20.49140598	2
81776	68	641.706092	58
81776	206	75.82114598	7
81776	56	79.45418758	1
81754	130	5545.20658	108
81766	12	8259.654443	136
81686	28	4273.149968	80
81760	206	13270.08738	219
81750	119	6223.370517	117
81691	40	8357.620832	130
81765	149	5899.985793	142
81686	210	5070.779882	84
81750	66	5073.703563	110
81772	271	5925.933389	124
81742	115	5617.011138	109
81694	212	3426.741242	61
81746	15	5604.054565	116
81734	181	6963.579852	128
81744	221	7028.931916	140
81722	256	7540.989433	129
81726	81	6296.744979	116
81760	207	5972.808948	138
81753	155	5991.680536	135
81766	198	6577.761431	141
81762	125	3374.70172	88
81765	135	6420.706941	128
81695	235	3198.460458	68
81702	91	5610.612391	99
81715	202	4787.442115	108
81715	39	5117.867457	98
81760	154	6485.9167	127
81757	229	5892.811876	132
81693	139	5299.095669	87
81749	169	3686.569714	75
81672	83	22.11016443	2
81742	83	11139.31842	169
81746	41	10459.68849	136
81757	236	5616.972464	96
81694	105	3403.290189	58
81758	32	7259.759248	123
81722	244	6008.179559	122
81722	254	6132.785351	121
81753	37	9052.221987	140
81740	120	6031.048958	98
81732	105	6619.496077	135
81756	129	5081.792413	112
81739	210	6660.969213	110
81715	146	5676.903275	126
81770	44	7453.423013	132
81738	88	7719.455772	121
81688	83	9096.433247	126
81709	35	1560.623002	35
81762	39	5054.391635	115
81766	189	5083.840065	119
81762	159	6772.029425	146
81724	61	5550.036268	93
81766	222	5560.635638	111
81759	159	6043.425594	138
81722	161	7096.087242	144
81715	120	5389.33509	93
81734	180	5501.897756	122
81732	182	4843.627376	102
81712	3	6401.215211	103
81671	162	25.21187946	1
81722	28	9145.416943	158
81744	92	3376.884972	83
81761	85	9092.895082	140
81763	236	4496.550099	88
81772	2	7937.212275	158
81760	194	7466.249155	144
81695	175	4438.888123	93
81716	37	7695.969042	129
81686	95	4346.403898	81
81724	125	3066.868365	76
81695	213	3872.946438	75
81741	239	5370.286399	108
81753	149	7841.710514	172
81694	77	4402.861184	69
81754	36	5913.602772	113
81717	176	6800.816483	115
81757	207	5120.11052	121
81731	82	7108.327367	126
81750	91	6220.522892	119
81702	89	4535.690823	103
81752	212	5965.00776	111
81709	151	2023.818364	32
81769	53	7576.954231	153
81766	119	7549.512678	133
81746	140	7721.09321	118
81763	174	5285.902772	112
81754	41	9222.388818	136
81686	65	4558.375304	83
81724	126	5804.066695	120
81712	72	4167.679134	75
81758	249	5754.453673	116
81687	176	4604.352799	95
81751	253	6233.767659	114
81698	223	7300.14512	143
81750	58	8273.871517	125
81722	100	5004.675056	91
81709	158	1060.502943	25
81665	135	22.99982056	1
81753	174	5941.774547	135
81685	164	379.5599044	11
81743	204	7120.689454	139
81731	0	8569.821696	124
81762	240	6174.945855	122
81751	92	3911.27046	93
81687	49	3786.195418	81
81731	2	7492.144824	147
81742	181	7020.454622	138
81771	192	7480.960166	157
81709	33	2465.403732	45
81693	68	6642.44913	130
81753	126	6934.650925	139
81746	236	6296.345341	117
81756	86	9023.512247	145
81716	15	6495.027641	122
81747	130	3894.166688	80
81751	200	5733.204679	123
81773	139	4202.343635	93
81741	56	6401.22953	122
81713	16	6392.469944	122
81709	81	2106.69288	34
81774	197	6794.695791	140
81711	142	10227.32482	181
81705	225	42.14609208	2
81701	12	111.0123204	1
81713	8	8702.597226	131
81699	215	2806.768853	54
81770	175	7137.786537	151
81712	147	4908.475343	87
81763	169	8337.587174	148
81751	163	4954.814863	110
81753	247	7731.001819	149
81689	250	4942.589177	92
81685	159	821.6212594	15
81727	236	2018.176153	42
81721	116	6077.717619	115
81742	164	7750.218886	154
81673	69	22.56854191	1
81766	165	9892.525141	167
81717	248	7765.162523	150
81702	109	6436.759869	121
81695	6	7504.022877	112
81738	268	4854.305642	89
81769	241	5787.166578	111
81708	3	7827.302173	116
81712	13	7476.746186	96
81754	37	8659.812888	134
81744	30	7749.559387	145
81697	11	8339.288894	128
81724	95	6472.945753	116
81715	249	5540.232987	113
81750	96	7020.137108	122
81689	162	7358.469631	133
81690	104	5528.567361	86
81732	183	5237.833223	113
81746	219	6696.252279	118
81745	40	7651.155222	135
81698	120	8122.881454	123
81710	239	1086.776115	20
81764	223	6754.856058	133
81747	24	4965.785784	90
81725	213	6350.976273	120
81754	73	8145.072152	139
81769	83	11566.52392	170
81764	44	6149.44389	125
81710	132	1197.745331	30
81753	186	7843.179986	157
81707	176	4663.323025	83
81700	179	31.83727508	3
81767	19	5185.523082	115
81749	268	3218.256394	57
81735	77	1461.331514	25
81734	230	7652.631397	132
81732	266	8549.023626	136
81689	155	5953.917528	114
81716	61	8117.097269	139
81715	163	5721.746143	119
81752	64	7534.972338	137
81719	119	6663.750751	115
81712	74	5983.154215	108
81771	151	7902.550161	158
81725	250	6001.761912	119
81752	16	6307.576436	120
81707	77	6053.673187	103
81713	213	5324.617142	105
81733	66	5770.824232	117
81762	121	7391.791553	123
81691	7	5958.905722	113
81753	187	6383.389741	151
81691	126	4736.355535	93
81740	98	3466.412875	79
81755	58	5330.422661	86
81718	80	6174.819013	113
81720	18	6498.706639	110
81743	260	10360.83529	156
81737	134	7266.123864	130
81768	101	9746.957538	154
81756	17	7702.052079	136
81753	119	6738.166236	126
81761	0	10011.44434	132
81712	113	2994.466092	57
81714	167	7074.128578	138
81749	20	3740.322237	68
81683	161	44.43119515	1
81721	253	5347.028881	111
81695	113	5268.206667	97
81751	65	5147.265692	109
81754	207	5410.188248	110
81772	236	6767.452554	119
81693	52	5099.656125	100
81750	10	8929.687208	155
81706	80	3135.06585	56
81759	114	6568.528236	115
81697	260	9001.847523	132
81766	255	5121.043114	118
81702	122	4866.79472	94
81768	203	7100.075145	141
81769	119	7720.6193	144
81754	114	6839.583746	121
81696	167	5124.479779	91
81757	51	7525.98906	139
81735	115	1174.729585	19
81699	7	2211.547434	40
81712	216	3686.472133	73
81692	142	8798.802822	164
81723	74	6620.609359	110
81743	199	6559.204312	130
81703	270	26.89567081	1
81718	23	9697.754157	149
81755	86	4201.049955	67
81725	101	8438.588845	135
81717	196	6471.773924	125
81719	244	5137.604268	110
81731	14	6041.037191	102
81752	230	6219.600511	129
81749	251	3113.11804	59
81722	267	5460.419484	96
81755	221	3054.240396	56
81701	181	66.79353296	1
81692	138	4859.104515	94
81696	54	4953.570808	81
81756	15	6881.545866	141
81733	179	12846.80877	188
81693	102	5902.813885	97
81743	71	4876.205447	104
81762	5	7981.662223	138
81715	129	4700.375187	98
81727	40	3644.728694	53
81695	66	4598.583224	84
81756	210	7481.419421	130
81765	195	4957.994786	112
81751	29	6985.130719	121
81711	40	8364.940078	150
81770	115	5237.428452	113
81721	99	7235.897855	108
81688	130	5187.506272	98
81714	232	8110.899225	124
81762	115	6125.082404	116
81695	250	4321.315199	81
81750	231	5624.563212	114
81739	113	4089.901404	81
81775	95	6762.65861	125
81765	199	7445.418148	132
81748	118	11.08526823	1
81693	105	6833.491203	129
81757	162	7892.682668	144
81732	55	12207.47147	184
81737	182	7989.97146	149
81737	126	6332.148326	131
81715	179	10508.19436	168
81706	218	4058.003529	70
81689	55	11467.55879	154
81746	31	8142.744876	137
81731	112	5115.949057	101
81722	238	5699.265168	103
81716	12	10214.88779	149
81765	258	6410.555031	132
81757	42	7362.480392	140
81710	222	1189.535037	28
81736	109	5115.196259	95
81726	47	5837.722443	108
81688	241	4833.424186	92
81765	236	5790.258749	106
81749	189	2504.026256	56
81715	236	5818.796366	107
81731	1	9762.98922	157
81716	146	6139.893113	134
81759	49	6712.248891	144
81742	96	7155.368116	111
81715	172	5590.945121	121
81728	105	20.25554175	1
81749	25	4024.256004	72
81749	182	2300.892202	56
81687	106	4866.609233	90
81744	28	5937.983936	110
81687	57	4848.076674	97
81688	63	6235.362249	110
81735	232	758.1060008	17
81759	138	6377.023582	131
81725	242	4335.579699	89
81675	69	10.59958003	1
81723	271	5051.681679	87
81767	112	6949.401933	134
81735	60	1141.809965	27
81763	217	5868.485293	116
81731	28	7181.782724	125
81743	93	7633.592338	126
81773	183	6098.314896	124
81728	268	62.28950208	2
81763	110	11114.11236	148
81772	252	5403.686389	108
81718	116	6768.47402	124
81737	209	6427.580692	119
81714	206	9006.527498	157
81711	4	8856.304632	142
81722	53	6843.733084	121
81689	212	5296.104024	89
81733	205	4890.866153	104
81735	222	1209.480668	25
81713	141	7882.29878	141
81696	233	9111.09892	129
81740	86	6709.679961	120
81762	234	6218.835915	132
81744	109	7140.004931	123
81706	91	3540.892073	68
81751	229	5834.214461	110
81706	149	3769.770018	79
81741	265	6448.234412	122
81705	87	198.8763883	3
81768	223	7596.116415	158
81765	0	11173.06872	143
81762	106	5935.903076	102
81691	1	9080.376823	143
81737	186	6962.192131	137
81727	122	2274.139665	48
81738	122	6393.31043	115
81722	26	9763.054594	175
81765	100	6635.03014	117
81719	8	9046.889956	134
81695	169	5392.268534	102
81696	18	4935.864591	90
81760	163	8242.693558	151
81744	62	5453.07799	117
81690	19	6140.793822	118
81717	6	9138.491687	132
81702	252	4574.860991	91
81689	28	6597.817611	121
81664	246	20.87128176	2
81745	54	6981.304414	118
81774	147	6242.129482	139
81764	86	8421.467451	141
81674	133	10.73751997	1
81772	254	6871.630505	131
81692	175	5665.262386	120
81741	235	4988.47632	103
81725	196	5689.283866	117
81711	179	11769.72476	185
81735	38	1132.540382	27
81717	73	7249.713247	131
81723	270	6409.774442	121
81762	179	12574.13408	214
81698	216	6078.003198	111
81694	122	3237.072147	63
81763	71	4180.267938	98
81714	30	8504.458127	145
81755	37	5293.334919	87
81688	177	6747.994368	125
81760	147	7817.20726	171
81752	90	6901.936817	132
81766	77	8907.396811	147
81716	96	5944.27776	99
81756	37	9017.228737	145
81692	190	4925.374726	103
81704	89	92.42027302	1
81739	41	7711.500416	117
81698	260	11524.99106	159
81712	6	5688.157858	85
81666	179	10.24798932	1
81734	269	5407.236889	118
81741	220	5814.006693	119
81726	201	6377.974189	117
81770	29	7328.950025	133
81751	168	5410.075921	124
81693	207	6803.508791	127
81711	89	7326.19169	125
81724	89	4926.611752	93
81774	225	6356.551175	131
81744	3	9177.909599	151
81730	197	4179.261598	86
81760	214	6926.999473	129
81695	126	4246.633108	77
81758	132	6877.953052	134
81725	80	6983.282096	127
81736	75	7558.713178	131
81773	186	7347.411657	136
81736	110	8746.104027	119
81679	233	17.66160059	1
81770	70	6336.769154	143
81709	85	3065.898665	46
81755	24	3430.955258	71
81691	146	5623.482031	131
81730	174	3920.06654	93
81756	52	5538.846725	115
81764	65	6761.689768	126
81693	43	6601.891887	118
81753	185	7028.652402	144
81704	23	33.65368322	3
81720	269	5453.078035	94
81695	206	9360.184248	152
81772	120	7959.111395	139
81746	265	6249.128656	125
81754	72	6308.056935	123
81720	78	5141.815343	90
81743	0	9692.74631	121
81715	197	6145.423734	113
81688	58	6104.874257	97
81775	89	7623.572568	148
81696	10	5363.312234	87
81737	32	6663.9036	126
81738	168	5762.261098	119
81707	181	5418.721518	97
81755	128	3085.642281	63
81697	113	4959.885444	93
81752	73	6252.317999	119
81713	165	8436.465224	147
81693	69	9899.61058	131
81760	98	5043.015389	119
81755	40	3700.934996	61
81753	190	6423.670387	122
81691	125	3544.381984	78
81755	8	5472.362507	78
81722	138	5731.66706	112
81711	36	8407.255019	152
81688	147	5628.398711	118
81763	112	6969.30779	131
81662	58	18.87137764	1
81759	104	6560.706636	122
81771	58	9019.355586	165
81745	207	6185.327447	134
81733	253	5852.33615	112
81761	124	4912.952802	106
81725	76	6084.319671	111
81693	90	6331.347119	109
81773	218	5934.470478	128
81697	232	7953.517973	107
81714	78	6918.901395	128
81738	180	5751.813773	129
81771	127	8490.834275	148
81711	207	6285.171657	131
81720	34	6161.328875	117
81773	199	6721.606972	126
81716	28	7532.504686	127
81758	212	5658.902215	121
81687	181	4386.571367	88
81734	70	4496.04924	104
81686	168	4010.272099	88
81763	176	7178.516269	144
81699	205	2430.186122	44
81685	236	1088.492234	16
81726	234	5353.448012	116
81729	74	63.23166271	1
81767	175	6825.987264	146
81770	171	6511.260518	138
81766	196	6224.818772	120
81722	212	5978.571189	109
81724	93	7947.319828	98
81724	11	8250.845998	126
81692	248	5862.023932	111
81765	154	7609.419157	166
81694	143	3200.044924	68
81713	69	9173.824461	128
81733	20	6143.387788	131
81769	195	5848.599015	131
81739	221	6930.912551	124
81711	208	6369.830715	119
81759	251	5444.103722	97
81733	232	6554.761688	112
81692	247	5478.288662	106
81727	177	3278.495193	57
81716	198	6513.45785	116
81689	173	7535.820451	123
81714	207	4771.673753	95
81701	195	203.6100642	4
81721	90	5472.04655	100
81669	132	12.07495991	1
81688	262	6057.628919	114
81680	116	15.19106067	1
81730	48	6696.709886	134
81688	141	6865.803167	122
81761	129	6145.575222	120
81709	125	955.0589442	21
81694	50	3014.943436	55
81768	41	9683.148775	151
81696	137	8022.1166	118
81726	55	14424.52849	185
81707	90	3316.161744	74
81686	81	5157.299071	103
81754	117	5637.485493	102
81765	58	7316.439145	121
81751	31	6235.385284	124
81716	212	6127.788585	102
81686	188	2882.582791	69
81744	271	4819.969144	92
81672	69	11.01391443	1
81728	204	10.99004612	1
81770	31	7362.32314	148
81706	49	3443.521294	70
81755	176	3913.336104	78
81686	117	4414.86076	74
81687	23	6493.753149	116
81738	188	5155.506383	116
81739	48	5512.375225	112
81771	210	7784.046068	137
81737	109	7280.142742	133
81709	19	1634.849803	28
81732	49	6127.368435	121
81748	102	48.64131371	2
81761	162	8308.240308	138
81760	221	8685.572362	155
81720	82	7166.73852	119
81742	220	6162.790311	128
81665	136	16.16669375	1
81719	38	5419.691813	113
81739	19	4561.112409	102
81714	8	9205.755773	139
81744	250	6490.019731	121
81755	7	3069.159288	66
81761	204	7607.549856	135
81760	37	9172.325916	161
81735	3	2114.530481	31
81705	76	111.2362155	2
81756	6	7887.572997	136
81712	97	7530.350398	90
81751	247	4157.847584	90
81671	103	26.278156	1
81721	101	8472.4025	136
81737	40	8436.860087	130
81709	138	1601.032229	34
81710	28	1224.491964	16
81688	173	5725.491611	111
81690	175	5993.684404	122
81699	94	3022.79024	51
81736	9	6175.616523	124
81754	90	5297.877599	115
81747	239	4541.406077	91
81705	178	50.7653773	1
81720	24	4983.099957	107
81725	126	5441.641477	105
81716	74	7160.436614	114
81737	91	5887.126553	114
81747	28	4962.6682	87
81765	172	6826.018958	143
81755	168	2750.576707	56
81739	77	6742.562761	111
81708	97	10265.83425	131
81738	224	4586.385891	95
81738	205	5719.662006	127
81721	119	6149.139322	109
81708	70	5077.176556	97
81749	245	2544.266969	57
81744	35	6779.407484	130
81755	186	4060.40046	75
81713	170	6320.203706	124
81685	255	768.5694172	12
81732	4	8371.874388	134
81737	176	7596.03285	146
81747	20	4185.871594	83
81746	131	6735.567455	120
81696	171	6124.389657	108
81708	175	5176.408664	116
81718	171	6187.930528	115
81755	213	3488.811832	77
81746	227	5343.873927	99
81729	4	62.72634954	2
81727	169	2881.55181	56
81718	52	5245.815726	107
81750	234	6645.553011	122
81773	169	7403.119436	143
81714	80	7024.319244	137
81694	153	4091.219909	75
81702	152	7370.287496	143
81762	130	6298.745783	126
81729	48	25.29267814	2
81771	179	13749.30027	206
81696	199	5610.762941	97
81760	111	7820.223698	138
81704	20	20.50088309	1
81691	255	5880.678516	120
81744	84	5695.284351	100
81756	256	6240.735614	117
81738	254	5845.047315	111
81765	41	11517.8678	164
81740	45	8971.996887	150
81689	258	4023.569422	89
81729	116	14.92355662	1
81767	103	6572.665253	113
81702	185	5949.279229	109
81708	120	5742.966214	94
81724	80	5721.898997	108
81757	174	6459.380233	135
81715	35	7005.451219	121
81765	119	6919.943471	121
81766	207	6261.042292	127
81753	180	6026.832745	118
81768	204	8662.903286	155
81685	212	607.3931184	15
81772	141	8044.825547	161
81716	130	5316.443458	107
81738	185	7193.066265	129
81712	176	4713.773692	88
81718	259	7022.863225	123
81708	156	6523.739429	128
81738	79	8337.591794	144
81705	187	80.59815414	2
81740	210	7170.31499	119
81716	143	6963.763179	144
81743	167	7056.950547	150
81703	189	14.24787157	1
81773	249	6271.97264	117
81745	74	5774.253754	102
81759	87	8300.746859	145
81709	17	2095.031765	40
81753	124	6095.011245	124
81757	130	6238.123651	124
81709	4	2819.545311	46
81752	243	4760.428385	106
81692	107	6265.446958	114
81739	231	5097.251933	89
81744	55	12241.48921	170
81703	246	11.40938603	1
81767	235	5024.41424	118
81763	162	7602.86209	143
81714	128	4912.149923	96
81689	104	6820.646538	111
81730	108	5765.570752	98
81720	217	3996.458133	92
81696	112	4883.458711	92
81701	58	26.44795756	2
81735	190	1734.442741	34
81702	52	5464.079154	111
81709	5	2604.968061	38
81722	218	5204.393744	102
81730	209	6224.401358	97
81769	47	6388.965313	136
81771	230	6607.116096	127
81735	266	1806.990489	27
81733	61	8291.693382	149
81761	68	8305.793491	309
81747	51	5413.034714	85
81697	178	6674.155726	141
81727	141	3083.88205	51
81690	170	5003.539631	102
81712	25	3839.056587	69
81692	236	6408.604496	113
81773	208	5186.392464	111
81716	77	8026.916559	126
81721	161	5957.491235	130
81740	132	4967.892276	90
81689	80	5460.456521	100
81741	8	10687.15073	172
81774	118	4626.044027	115
81775	166	6921.993142	143
81761	202	5124.608818	101
81745	203	5593.721916	111
81680	193	34.59228917	3
81771	237	5156.326615	110
81737	240	7230.554275	125
81696	234	4657.760204	86
81712	141	5543.347934	98
81703	165	15.11806416	1
81746	134	8119.373756	134
81715	221	6233.556959	115
81725	176	7267.508986	141
81754	154	5762.219227	128
81713	68	7526.924891	129
81767	197	7163.180924	134
81766	243	5337.607297	113
81742	241	4258.811472	83
81768	183	6656.205831	126
81728	200	69.63219373	1
81753	168	5823.729591	144
81687	19	3467.844328	74
81695	190	4224.763894	83
81694	44	2886.754818	52
81746	42	6202.430439	112
81749	14	3931.39782	80
81757	179	12718.4586	196
81751	199	5689.364355	99
81766	210	7786.125667	130
81718	49	6270.413346	130
81710	154	1493.226214	28
81705	157	123.2343893	1
81685	263	435.5370914	14
81716	86	7358.050797	124
81705	163	12.78038404	1
81710	70	1251.491488	28
81764	11	8565.625742	137
81752	6	10122.57515	171
81754	224	4307.561874	106
81765	173	6713.82616	139
81688	243	5511.696658	106
81679	139	14.97040437	1
81696	246	7199.313784	114
81737	15	7037.379042	127
81706	0	4650.32708	68
81731	180	5791.178243	116
81731	149	6345.345135	144
81770	213	5497.315728	111
81706	81	2970.507899	60
81736	226	5381.773879	103
81769	139	5242.901764	102
81758	108	7335.628314	136
81699	11	3200.573104	59
81698	181	6250.615564	113
81739	96	7244.420943	119
81723	157	6339.928714	128
81719	88	9106.819862	146
81699	220	2900.786918	51
81737	199	7198.223939	129
81764	247	8123.616047	156
81726	235	5481.508088	118
81745	193	9737.866625	142
81745	141	8147.166037	158
81706	246	3322.327309	57
81695	117	4703.555594	81
81724	174	3365.378745	82
81738	105	5656.891604	111
81693	46	8106.833695	136
81736	72	5416.567442	103
81718	85	7945.105135	139
81704	45	11.73118488	1
81737	112	6761.068571	108
81712	45	5490.860083	93
81756	263	6003.478734	116
81722	25	8563.25726	132
81721	212	7016.034646	124
81742	85	8198.112077	131
81754	143	6643.981684	132
81770	101	7953.355403	140
81731	142	8380.052048	161
81773	86	7331.117482	126
81724	42	6119.063784	118
81749	99	3873.679239	67
81734	122	5369.014423	96
81718	143	5223.581954	116
81703	152	18.13432997	1
81744	148	6409.828079	151
81726	137	8894.521825	139
81732	163	6887.933815	134
81738	214	7487.662877	124
81711	224	5790.565571	103
81765	220	5347.27608	113
81694	66	2559.39886	48
81742	144	7157.273473	151
81755	79	3790.508448	77
81693	101	7840.464332	130
81765	175	6715.457541	144
81769	190	8179.970435	151
81757	19	5833.559936	128
81688	231	6471.651202	118
81685	71	420.0550137	10
81698	5	9073.900643	156
81747	119	3682.761342	64
81707	12	6957.015726	115
81723	235	6079.615856	122
81675	95	48.81502127	1
81717	224	6475.121045	114
81716	13	12721.29554	166
81722	211	5068.783343	108
81742	201	5705.734949	104
81722	263	4878.225239	97
81720	253	6151.628828	102
81730	112	6316.920687	113
81732	117	4429.887791	91
81748	4	28.64115539	1
81738	17	6189.168849	118
81752	141	8556.059764	156
81714	83	12080.43908	164
81697	132	6241.8422	108
81765	192	7763.089528	142
81745	188	4910.653669	116
81714	9	5568.362091	98
81713	221	6354.453876	101
81694	52	3355.290357	64
81773	192	6848.827873	125
81753	227	6615.472868	122
81731	130	4613.902971	105
81694	235	2167.145685	46
81749	218	2999.045477	58
81740	92	4301.525819	97
81728	211	26.04679873	1
81744	224	3978.587236	97
81768	141	7320.445105	157
81712	111	4144.279257	72
81723	169	7422.177667	131
81761	263	6976.5589	131
81694	171	3481.921085	59
81759	153	6096.411185	130
81732	34	6772.976266	132
81761	233	11454.32914	171
81721	157	5758.871992	118
81727	260	3026.610026	53
81771	206	14322.75186	233
81698	123	8306.462494	144
81727	80	2568.813766	45
81719	65	8883.51096	151
81774	265	6804.363318	134
81665	68	22.94842603	1
81769	24	6171.989426	133
81744	63	5876.79962	113
81739	6	7901.675809	127
81773	243	5280.639996	116
81697	59	6004.173251	99
81750	173	5877.807094	122
81764	177	6287.499809	134
81735	64	1624.892404	28
81690	194	6943.007856	126
81766	83	11346.59747	152
81736	190	5473.96866	98
81712	12	6323.158109	95
81705	10	51.59066371	2
81686	18	5033.145083	81
81759	231	6677.89206	128
81726	228	5406.312863	116
81693	175	7881.101373	132
81704	87	10.30647482	1
81697	84	6357.818958	111
81675	249	28.69588003	1
81732	135	5986.898825	121
81762	236	6310.297199	113
81725	91	5863.875707	119
81733	13	10043.52464	144
81680	97	10.72087646	1
81756	20	7193.259166	144
81722	155	7968.488179	128
81693	73	7794.682323	127
81742	7	4769.529306	106
81681	65	12.79548052	1
81764	163	6460.994991	133
81710	19	1315.203696	29
81688	268	4587.256193	88
81764	126	5596.694288	118
81713	121	5878.985042	93
81731	219	7320.610617	133
81699	266	3243.588973	49
81735	55	2761.859361	45
81723	108	6639.082361	121
81695	25	5894.075379	109
81721	200	6229.935264	118
81757	160	6009.180753	137
81731	271	4506.817628	92
81737	48	6821.05407	129
81697	76	6792.019461	103
81690	53	5792.983367	106
81688	48	4950.599216	103
81773	89	6943.985238	142
81731	238	5465.225524	102
81714	124	6053.683703	119
81702	236	5425.391497	112
81750	269	5477.299628	114
81740	256	6875.984615	132
81740	148	5943.904556	139
81743	35	8077.225062	158
81705	85	51.86479963	2
81734	194	5963.194056	121
81689	76	5889.933521	99
81770	165	9120.413048	161
81688	209	5836.710261	122
81712	98	2801.086643	61
81747	253	4524.164293	88
81775	229	5009.086285	112
81747	158	4094.055433	92
81686	60	3523.036788	81
81707	5	6277.920829	99
81692	265	4803.483069	97
81730	208	4915.210179	103
81726	43	7179.790714	131
81723	148	5149.041812	112
81724	65	7452.778529	127
81753	189	4977.182226	125
81763	158	5698.760633	126
81747	233	9981.36682	119
81716	211	5559.555612	112
81740	146	6820.595978	142
81734	31	7726.805315	132
81746	23	10114.16444	171
81726	20	6338.470309	129
81716	176	7341.674033	132
81737	230	7286.298642	136
81726	90	6047.982103	112
81764	48	7207.886786	148
81736	147	6398.542179	140
81711	51	6847.791271	104
81747	159	4685.280138	107
81736	74	6789.847158	123
81773	58	7856.229132	152
81740	63	6330.345476	128
81762	147	7110.472963	164
81757	216	5813.673556	111
81709	268	1881.427717	32
81739	32	5735.663242	109
81693	41	9976.662997	138
81738	238	5825.392933	122
81738	140	7534.616393	125
81772	162	7515.631424	141
81712	30	4605.311415	92
81762	249	6943.780407	141
81773	197	5847.123365	125
81744	19	5204.378596	114
81705	7	25.22259878	1
81729	3	175.3982808	4
81734	163	6462.379889	131
81690	37	8131.470232	113
81766	2	7739.379279	154
81751	105	5262.096269	115
81741	2	6271.240573	125
81760	32	8133.44203	158
81685	171	524.0065558	13
81732	30	6928.399397	124
81747	175	2985.830329	63
81771	213	6019.442491	123
81749	252	2935.546438	53
81770	196	6294.095148	124
81773	179	12196.04342	190
81699	144	2631.549399	55
81713	25	7335.234136	133
81685	11	473.1864307	16
81764	263	5843.014074	122
81707	154	3950.542654	86
81724	199	7179.09864	122
81756	201	7098.177117	145
81708	57	5017.450297	93
81695	218	4158.827641	78
81765	180	5161.879125	113
81733	223	7147.350777	144
81721	146	7886.066186	149
81743	201	7209.632292	139
81674	252	76.30283583	1
81685	170	523.120305	12
81757	28	7399.430927	136
81744	61	7483.859761	137
81713	176	7312.791967	128
81743	23	10172.81143	180
81697	108	6798.849116	111
81719	192	6687.021321	132
81674	16	17.81009313	1
81758	133	7037.111639	132
81761	106	5430.752724	110
81758	94	5557.560972	112
81709	31	2010.327483	42
81692	61	7082.390483	115
81707	134	4176.211926	72
81738	32	7237.787972	136
81716	231	7226.227799	130
81679	62	10.83355733	1
81710	69	2371.43371	37
81768	119	5651.387834	111
81692	98	3914.794882	87
81753	53	8288.29203	139
81765	179	11796.35715	190
81765	216	6176.621768	124
81731	106	5272.726058	95
81707	117	4094.576209	75
81764	116	5814.735933	116
81771	267	6249.785273	131
81687	162	4852.206136	90
81708	236	5853.388106	106
81671	202	57.31921121	1
81736	244	5418.852054	101
81702	177	5948.430264	108
81735	243	622.064021	14
81771	181	5254.236031	133
81770	199	7812.129482	137
81689	268	4457.604957	74
81745	183	5608.929394	107
81702	75	6987.847607	112
81701	27	263.1268796	4
81713	177	6134.81267	111
81730	232	5701.485613	106
81705	186	100.348132	1
81747	230	4445.467825	88
81691	5	9674.325998	149
81740	84	5120.537643	98
81695	172	3395.692355	72
81734	7	6677.946335	138
81723	154	6598.759312	127
81687	9	3590.276839	78
81761	237	4041.399201	89
81745	118	4858.233774	121
81753	253	6833.620178	129
81724	60	5116.613915	108
81774	120	7663.910898	139
81732	47	5018.770554	109
81706	221	3695.569508	70
81744	29	8072.569047	136
81772	212	6561.278103	137
81773	125	3729.038757	88
81697	112	6793.209155	112
81766	266	7273.355708	124
81687	76	5535.640602	99
81698	27	10613.29334	151
81702	12	6982.916179	116
81766	147	7954.077302	149
81717	146	5203.689136	115
81771	122	6754.285195	130
81772	245	5208.704746	110
81754	194	6179.538611	112
81723	258	6205.604278	115
81761	34	5566.543688	115
81754	13	10400.23706	155
81745	149	7018.214688	148
81752	157	7097.40357	150
81696	142	5706.571654	113
81769	187	4412.792984	112
81723	5	9475.02124	159
81768	180	6160.912958	134
81717	262	5589.332297	101
81692	135	6200.188414	99
81732	254	6008.670189	116
81723	47	5215.721413	98
81723	140	9608.545466	140
81730	173	6478.196889	117
81767	34	7782.512473	156
81698	74	6741.542267	116
81744	130	4987.587428	103
81725	71	5096.361312	110
81744	110	10609.59332	141
81773	21	7525.655667	148
81759	254	6784.841431	117
81726	243	6230.068889	110
81753	1	10402.77591	167
81694	201	3031.168209	51
81740	270	5827.488045	106
81721	265	5308.997781	104
81763	226	5432.052036	107
81750	43	7005.034831	142
81765	9	6404.328081	131
81742	93	7389.098816	116
81731	217	6147.256795	108
81697	114	6413.6981	102
81773	16	6914.868169	148
81772	187	4956.237633	121
81755	67	2901.403422	57
81699	241	2320.08835	46
81744	265	5516.335236	118
81693	268	5165.480841	100
81742	159	7220.723378	154
81716	71	3977.312114	89
81762	186	6042.24094	130
81727	258	2428.910904	49
81734	197	5604.730063	121
81702	103	6814.875164	108
81753	134	6942.995736	137
81772	203	7645.197832	159
81746	109	6912.352242	111
81688	107	6675.169852	114
81742	225	5799.29071	122
81750	108	7025.81472	138
81697	250	4798.908776	97
81748	204	40.67494347	2
81726	204	7974.967935	149
81701	11	100.3449705	3
81696	99	5668.362135	86
81686	176	4744.020425	84
81698	104	9134.122972	138
81733	91	6341.617443	124
81725	218	6295.340491	118
81708	7	5261.65902	106
81732	260	8448.505877	131
81704	55	77.75747143	7
81718	212	5004.065078	99
81698	29	8422.234181	145
81696	138	5194.14809	91
81727	77	3516.160909	52
81717	245	5788.485613	108
81694	57	3200.011441	62
81764	98	4981.73771	106
81765	160	6178.391574	142
81721	79	6158.710135	123
81768	262	4905.452504	114
81695	157	3997.179418	79
81687	20	4663.647415	90
81758	204	7875.73414	145
81750	74	6853.425097	132
81695	193	6620.806574	103
81759	17	6956.982999	130
81687	264	4137.636776	70
81740	227	5666.175648	106
81758	87	7295.767088	117
81711	164	8265.956355	146
81714	193	9373.529817	153
81727	209	2473.725314	42
81726	233	12378.03247	174
81727	18	3159.500113	57
81723	45	7495.746916	135
81753	68	9167.512903	323
81768	268	6208.314055	139
81747	198	3794.038115	78
81696	7	4206.878691	87
81760	80	8068.153913	144
81716	142	8131.094091	141
81725	167	7199.066029	138
81771	148	6627.584033	148
81674	17	66.47585621	1
81688	18	6177.113034	106
81730	85	6027.606494	111
81744	21	6291.93101	126
81768	176	7637.658548	142
81734	262	5299.806695	103
81730	237	5148.941666	99
81688	144	6533.538107	139
81773	31	7209.698117	140
81697	221	5652.210629	106
81767	93	8953.858154	157
81769	230	7433.616566	130
81738	230	5961.076471	113
81761	117	5561.316969	107
81731	10	9055.734301	145
81722	40	7249.387117	115
81756	200	8228.306223	162
81685	74	709.2024102	16
81764	15	7031.204608	132
81759	48	7073.162852	147
81692	63	5443.510179	101
81726	195	4099.242526	89
81714	26	5133.077516	99
81745	200	7357.778279	143
81754	1	10288.91243	165
81727	200	2354.707235	55
81698	224	7014.921515	132
81751	245	5226.923532	116
81774	230	7915.968161	153
81757	199	8332.856467	149
81696	174	4159.558392	88
81688	45	8030.384353	133
81737	219	7182.049238	123
81697	183	5706.665936	117
81732	250	5664.023278	112
81764	2	7629.03908	146
81716	6	7619.746002	124
81690	33	8306.024184	126
81697	30	8361.942397	136
81771	233	12054.0724	175
81711	204	6808.802827	141
81708	193	13036.05826	168
81716	108	6757.294448	112
81764	27	11351.24785	163
81688	244	5983.139652	118
81763	57	6452.519847	133
81749	109	3753.046284	70
81671	193	55.40905596	1
81755	242	2521.909742	64
81687	37	5587.68881	95
81752	127	6900.363367	130
81753	137	9122.602766	156
81765	75	9706.073064	152
81754	159	6013.306396	135
81724	1	10484.75708	145
81711	22	5963.387524	116
81692	251	5611.45835	99
81774	177	6659.622321	135
81695	137	6220.290748	101
81771	106	7332.988087	141
81698	169	7987.311547	149
81757	245	6602.315519	136
81751	237	4157.763101	101
81704	94	11.20606291	1
81714	140	5655.53389	94
81697	102	5471.169355	101
81727	151	2791.453026	47
81693	53	6554.979212	109
81754	33	7433.9524	127
81773	158	5840.32638	127
81742	80	7070.191168	142
81760	131	8374.570979	142
81772	14	8251.458433	154
81761	167	6162.764492	127
81731	229	6029.396758	122
81713	87	8007.994106	120
81737	232	7111.972708	129
81747	202	3799.001276	84
81694	258	2296.846612	44
81743	129	6648.758116	122
81697	98	3960.193837	87
81697	233	11263.55033	144
81706	51	4423.26717	77
81718	242	4638.046815	101
81761	111	6393.723563	115
81758	167	6794.90019	140
81773	114	8156.554063	138
81687	28	6326.086998	112
81745	146	6011.485227	135
81703	100	11.48404778	1
81723	0	9803.699132	129
81732	84	5831.046811	122
81747	23	6353.524935	114
81697	145	5473.567522	119
81715	36	5934.629766	104
81735	66	860.6488616	20
81716	235	5318.077329	113
81716	102	6495.010958	122
81702	196	4685.495941	92
81687	80	5745.862755	101
81771	100	8120.109654	139
81724	70	5930.667271	113
81759	168	6432.420597	127
81757	208	5328.630522	113
81719	123	8302.207645	136
81699	223	2298.788022	48
81727	88	3934.712906	59
81767	201	7711.800231	139
81767	89	7186.648862	137
81752	45	8654.143198	143
81723	9	6549.099952	129
81685	38	377.2113548	11
81701	193	246.3693511	5
81767	202	6087.913747	124
81751	206	10359.75627	165
81743	254	8630.932016	144
81701	43	22.39663562	1
81753	121	5365.238411	107
81755	48	3972.056917	80
81723	240	5864.682337	114
81736	225	4430.935846	99
81748	139	25.80882114	1
81749	23	5275.433822	79
81742	261	5750.117757	113
81727	252	2462.311211	44
81685	203	12.3120183	1
81693	254	8318.719717	122
81711	220	5964.835809	110
81713	193	12726.22986	173
81771	83	11934.93778	159
81726	46	7826.135653	132
81733	25	8894.812518	146
81691	166	8123.614124	146
81760	41	11881.87682	181
81762	237	5520.2206	111
81769	74	6935.324372	133
81768	78	8153.245992	155
81712	87	4737.577542	73
81727	199	2579.069546	48
81693	233	14921.81939	187
81761	80	5604.341336	106
81689	267	4118.260462	79
81760	196	7513.80238	149
81722	30	8105.57981	133
81737	231	6571.892084	121
81765	137	8318.623458	156
81695	15	4626.7706	91
81723	184	7377.669644	138
81758	250	4911.382665	104
81750	156	6274.759049	130
81720	121	4573.242774	89
81727	0	4535.445374	49
81746	185	6213.865465	130
81734	126	5679.995161	119
81710	236	1391.26476	28
81732	108	5386.370731	117
81666	75	10.47183548	1
81716	163	6916.701213	125
81736	173	5119.700337	100
81776	144	10.25872582	1
81707	188	2892.951925	74
81734	142	8109.531375	155
81730	61	6781.47119	118
81756	153	7146.456271	143
81764	72	7062.160625	140
81756	171	7411.299384	147
81738	31	7764.582889	139
81750	167	5880.478629	124
81729	109	10.61766104	1
81686	87	5429.515495	86
81734	83	10997.25655	141
81744	239	4681.870014	104
81748	66	12.30644394	1
81734	57	6368.612174	129
81699	260	4544.227574	59
81763	92	4656.1678	104
81751	122	6771.539583	122
81770	174	5452.946556	131
81765	2	7494.354934	137
81723	168	5736.973724	120
81697	79	5999.341774	109
81749	128	3064.9799	60
81754	59	7653.391429	133
81754	249	6202.386686	118
81721	149	6339.331705	121
81685	250	655.8240324	16
81745	39	6283.790925	122
81671	186	108.7483088	1
81690	7	6859.029124	120
81707	99	4872.505371	90
81740	61	7455.494643	111
81702	255	4873.667446	101
81691	254	6835.136341	120
81764	245	4981.17726	101
81765	38	6428.87903	122
81690	223	7331.563231	135
81740	151	7929.505772	156
81692	102	4676.490764	93
81729	84	38.26683011	1
81768	196	6975.74649	134
81772	138	6105.404473	131
81726	222	6155.323397	124
81740	201	7545.257471	130
81743	257	6332.808113	127
81753	144	7392.663121	164
81724	160	5759.909872	121
81694	25	3785.458009	67
81755	16	2796.661181	68
81716	139	4393.135978	76
81743	165	9319.057049	148
81772	197	5426.791603	135
81727	109	2576.771397	45
81720	206	10084.66639	174
81770	68	11777.99133	452
81708	114	5791.953712	101
81767	214	7242.083551	137
81761	147	6686.085603	136
81719	109	5702.10481	96
81699	77	4040.779229	60
81766	168	6044.615564	126
81734	1	8704.67893	148
81732	29	6996.225224	121
81752	28	7412.490418	128
81690	172	6151.523259	108
81685	8	1218.432718	24
81723	75	7035.913753	116
81763	40	9567.597823	151
81702	227	4904.319755	100
81730	30	5659.656891	103
81722	93	7257.532787	120
81761	16	6679.042867	128
81767	84	6503.177339	119
81711	131	6966.628369	122
81747	124	4025.029991	74
81730	19	4991.300018	105
81707	92	3208.994295	62
81770	189	5804.433509	125
81743	255	5833.111858	124
81683	131	10.43961011	1
81760	85	9047.002941	169
81765	240	5628.551968	110
81735	167	1283.985426	32
81747	264	4471.350506	87
81691	232	7572.574499	124
81764	194	6289.704707	132
81765	35	7616.714402	146
81768	240	5119.586862	111
81692	201	7175.101092	131
81768	45	9886.420914	166
81761	152	7605.778845	141
81699	189	1922.882009	37
81741	201	7212.572515	138
81718	252	5176.678463	96
81735	85	1346.328694	22
81703	11	32.95148243	1
81742	207	6688.516342	147
81757	144	6640.251556	150
81753	49	6134.716617	137
81755	44	3001.560916	54
81701	244	120.8834272	2
81761	9	6359.097383	131
81701	104	36.14998498	1
81739	202	3750.843388	78
81725	223	6970.369081	145
81712	95	4208.256882	81
81688	128	5724.236004	116
81705	46	103.6646938	2
81740	165	8053.370099	133
81692	7	6376.703256	131
81746	226	5658.232188	118
81688	187	4292.562186	94
81690	61	7529.746367	122
81723	37	8441.380556	131
81769	14	7149.400943	143
81763	212	5763.212078	108
81720	83	10861.63177	150
81726	60	7183.475567	136
81710	190	1037.896585	19
81768	71	4694.195788	107
81702	171	6102.404954	113
81687	11	6750.064494	107
81765	196	6401.654927	116
81744	218	5391.496341	113
81693	22	5984.785947	105
81718	126	5128.513497	99
81727	271	2355.024165	45
81691	43	6195.525918	117
81771	157	7376.227291	154
81769	229	6533.971033	139
81766	221	7029.630133	134
81753	91	5781.136068	121
81763	46	9190.517856	150
81762	141	8848.789796	167
81763	95	6745.473008	117
81691	140	7430.302306	117
81758	21	6614.641892	131
81724	175	5318.449839	108
81765	268	4735.587102	110
81718	89	6480.134079	115
81761	219	6099.17927	111
81756	13	10282.2449	136
81729	141	10.22876488	1
81753	10	7897.439565	156
81727	74	3334.607704	57
81749	92	2888.730249	61
81764	22	7260.805307	148
81758	120	7126.145163	122
81707	231	4777.020902	77
81765	82	7417.210889	137
81774	51	7524.002899	136
81719	79	5468.933292	98
81722	24	5748.035955	119
81694	226	2092.99543	48
81702	254	5768.933659	102
81727	46	2921.168086	43
81745	84	6139.829838	121
81713	91	5433.117441	102
81725	138	6385.151423	123
81689	215	5406.130213	107
81687	75	6686.365379	104
81755	53	3905.57216	69
81752	203	7524.809169	142
81698	110	12455.72704	170
81727	216	2195.382968	44
81740	125	4997.330485	103
81768	46	9885.240353	157
81692	255	5368.094805	102
81764	130	5982.164041	122
81743	25	6043.886758	115
81764	40	8841.541055	150
81701	251	71.27163714	1
81731	17	6857.223126	132
81697	269	6150.745243	112
81756	260	8659.530806	131
81690	150	5185.447316	118
81773	43	6758.626034	134
81702	56	5961.640376	98
81675	164	15.04213928	1
81746	77	8921.239648	140
81746	8	9329.437092	136
81722	52	6445.838505	124
81759	149	6455.216096	138
81743	238	5392.101602	109
81713	0	6471.438946	91
81775	23	11268.65934	183
81756	11	9406.751419	159
81755	211	3067.844687	60
81662	246	14.32965811	1
81718	230	7103.411986	124
81748	101	52.60649774	3
81726	71	5911.079988	138
81736	27	10305.02899	150
81751	6	8508.723816	152
81753	235	5709.178382	112
81691	233	11669.1421	170
81691	88	8097.446602	130
81734	207	5704.962579	123
81733	151	6332.233228	116
81724	114	7098.348791	110
81711	251	6301.748073	104
81773	39	6700.359645	124
81696	104	5357.734813	107
81691	205	5478.048923	100
81720	161	5705.66792	128
81721	41	10831.36609	149
81727	24	1922.608695	42
81686	67	3493.974779	67
81709	241	1397.122046	26
81689	21	5421.644546	106
81723	66	4017.406458	96
81727	135	2397.852082	40
81691	108	6822.636517	106
81745	223	5952.013004	123
81765	92	5359.944157	117
81758	142	8107.354787	165
81699	51	4331.485294	65
81755	257	3079.828069	66
81730	220	5314.640601	113
81696	72	6203.158179	97
81724	138	5266.679257	101
81685	181	629.5581421	18
81739	78	5688.455094	103
81763	45	10294.79355	157
81694	34	3642.014835	71
81699	134	2520.501549	48
81769	218	4766.703567	108
81711	21	5721.219127	115
81772	266	9368.154281	153
81760	251	5723.354916	111
81707	157	4989.184404	99
81693	51	7008.93901	111
81750	239	5344.509982	115
81694	58	4019.512433	60
81714	265	7110.320738	130
81762	25	7994.431789	141
81715	21	5750.47124	110
81722	112	6657.349569	111
81725	180	6230.877481	141
81757	155	6479.609044	135
81692	213	6851.030195	117
81715	186	6062.867407	118
81693	154	7402.98602	142
81688	7	4909.289259	116
81762	268	6127.751596	136
81688	85	7887.924763	124
81733	197	5604.423256	126
81733	19	4124.659947	112
81725	117	6933.420031	122
81693	256	7172.857596	121
81771	205	7179.472039	154
81769	70	5392.210401	119
81723	79	5041.488339	100
81773	33	10645.57566	157
81670	224	10.23150676	1
81771	12	9785.197504	158
81706	257	2690.428569	47
81692	104	6302.934986	99
81691	93	9204.472734	133
81718	18	7776.533233	112
81692	268	6617.517213	126
81772	182	6529.275522	137
81740	262	5856.627956	103
81754	244	6709.545964	131
81762	40	9966.761646	144
81769	132	5522.499997	118
81715	111	6914.514422	106
81744	149	7164.758207	160
81755	88	4823.15796	82
81723	58	8185.354997	133
81734	186	5262.07734	111
81693	116	7219.438056	132
81742	84	6897.17813	129
81714	47	6064.760659	113
81716	7	4760.654315	100
81717	212	5276.927084	101
81713	161	5498.680442	116
81767	170	5329.939389	120
81752	173	8025.858164	157
81733	175	5335.639048	124
81714	238	5472.477746	108
81772	26	6509.466181	121
81772	135	6094.305905	110
81698	220	5654.783561	112
81768	126	6732.598735	131
81766	49	7043.885905	139
81710	174	1048.660175	22
81753	109	6931.361524	119
81719	36	5990.792855	110
81691	213	6037.266026	106
81695	21	4129.955752	72
81683	82	20.63963961	1
81757	212	6181.324282	129
81735	145	1061.669175	30
81699	10	3076.245798	51
81750	105	6219.126425	116
81759	54	7405.858533	129
81751	238	4990.823268	103
81721	243	6339.221924	121
81745	125	4153.1324	96
81691	175	5738.015421	108
81690	213	5923.728786	108
81756	77	9364.793265	160
81731	242	3865.136744	94
81673	227	17.16485834	1
81730	137	6726.728245	117
81771	228	5655.403552	118
81742	221	6749.477309	110
81758	42	6112.245113	124
81714	125	3475.84443	87
81749	205	3158.442421	73
81751	102	5451.003802	112
81755	263	2949.932524	63
81726	48	7167.471821	135
81662	258	38.25477251	1
81715	54	5350.310999	97
81744	222	6228.720873	132
81742	184	6059.597627	124
81771	47	6941.963793	136
81737	235	6194.736595	126
81760	204	8116.877534	155
81687	182	4350.843825	95
81758	48	7049.958395	149
81709	134	1370.010739	25
81697	61	6725.004848	117
81758	49	7408.5902	139
81668	211	13.76106286	1
81744	91	5411.615781	103
81762	57	7253.158201	138
81723	111	6927.743177	116
81754	47	5753.272033	122
81737	146	6928.633463	141
81747	35	4624.58856	96
81692	122	5201.680373	91
81758	29	7667.470556	128
81713	19	5644.534871	117
81715	200	6825.028417	124
81757	88	8948.74649	142
81755	32	4122.233714	79
81760	60	6006.008772	128
81746	47	6584.972857	143
81739	109	6001.573784	101
81708	83	11629.94827	164
81669	13	13.58924101	1
81706	243	3450.955903	79
81756	43	8007.227705	145
81677	77	11.97782743	1
81763	102	6456.440693	125
81725	79	7635.183239	144
81707	86	4627.14325	79
81768	135	8019.514768	149
81697	170	5147.796278	112
81739	126	5729.006022	106
81764	185	6462.087507	129
81756	137	7968.193009	138
81731	141	8223.443105	155
81754	144	6012.280319	131
81698	152	8245.158968	164
81762	16	7132.444845	133
81765	156	6122.623319	133
81730	213	4481.306121	94
81731	250	5373.409299	117
81685	153	546.0948582	12
81753	207	5005.407358	118
81715	252	4664.852164	89
81723	88	9059.676818	127
81705	181	29.40525044	1
81693	7	6377.098694	126
81730	32	5302.954819	113
81712	200	5314.488944	105
81749	220	4488.381799	87
81699	204	3786.327127	60
81701	1	227.5076167	5
81727	45	2871.844878	50
81756	164	8443.396185	175
81701	102	59.98019186	1
81708	231	4654.159415	83
81696	205	5087.642734	108
81743	16	6615.373863	126
81726	6	7587.946428	126
81725	67	5808.209588	109
81697	188	4339.862331	99
81712	229	4040.236657	73
81709	91	973.2842549	21
81737	192	6639.577034	122
81753	162	6793.06905	136
81691	156	7587.107699	139
81725	37	8710.879676	129
81722	27	14489.5103	201
81730	244	5358.345059	102
81746	160	5862.829621	143
81744	26	6591.546665	128
81738	181	6545.48788	121
81733	65	7551.552455	137
81708	82	8004.751268	119
81737	58	8651.485628	136
81758	69	9687.340417	149
81766	155	6820.572412	145
81765	246	8962.848032	147
81707	185	4930.91858	93
81740	65	7762.947555	139
81720	222	5983.079986	109
81709	228	1707.015013	35
81742	50	5392.991138	107
81764	200	8055.399672	159
81769	231	6874.501932	125
81738	172	6365.48544	123
81691	236	6418.710985	112
81706	225	3230.232617	56
81727	150	2249.206783	53
81730	200	6077.114084	125
81720	264	6042.132527	96
81727	102	1989.863697	34
81695	224	5146.861696	106
81705	27	11.35698322	1
81764	107	9009.350651	157
81747	10	7093.898359	119
81718	152	7471.258683	132
81758	13	9879.512156	147
81693	82	7986.202238	140
81733	79	6648.642988	122
81729	93	10.3942258	1
81767	68	10401.68993	396
81721	102	6043.699547	116
81671	8	135.5505121	1
81693	84	7884.705623	139
81707	81	5290.92276	99
81695	267	4904.448722	96
81727	25	2308.514456	48
81699	32	3504.988952	63
81690	147	7244.5344	138
81737	251	6687.491199	125
81774	105	5592.002202	111
81773	49	6588.219747	142
81749	152	4191.503921	91
81764	110	9877.105747	146
81769	244	4679.820633	99
81701	17	47.37011383	1
81759	38	6537.396408	124
81718	147	6221.352097	130
81769	237	5517.538905	115
81765	90	6240.520678	117
81718	124	4940.745033	89
81715	260	7461.105263	111
81764	260	7654.276536	128
81692	266	6761.94984	111
81735	228	607.2620612	15
81743	236	5949.036624	102
81745	44	6415.432268	128
81694	136	1939.38306	35
81749	22	3334.907447	75
81721	216	7115.117251	117
81735	89	1346.821271	30
81758	73	7482.383976	146
81767	75	8293.957474	123
81739	3	5731.624915	108
81761	93	7696.328674	122
81718	76	7140.724031	124
81738	133	5175.597047	107
81737	238	6433.345975	123
81722	36	6865.264716	125
81742	186	6564.668291	123
81663	122	33.76391774	1
81752	227	5765.705379	119
81764	167	6580.697386	149
81710	224	1304.155573	26
81734	174	4461.987737	106
81694	128	3068.00047	58
81760	246	9718.350668	169
81691	72	6101.752424	109
81737	132	5308.479517	110
81725	1	10370.37588	158
81770	264	6808.025275	132
81722	105	5143.947472	109
81760	91	6859.938675	139
81756	62	7288.863663	139
81718	237	6944.804549	128
81724	66	5630.118563	115
81766	34	5835.410558	115
81765	231	8207.347887	149
81773	219	6974.512727	127
81694	144	3313.320161	65
81692	243	5472.99907	95
81701	199	11.86459842	1
81704	265	27.9719228	1
81745	209	5856.987523	109
81686	137	5627.290058	82
81744	156	6962.056865	142
81765	191	7112.083649	149
81714	5	8131.858319	137
81764	53	7871.420659	138
81702	86	6638.765453	105
81695	164	4645.950236	97
81691	37	8132.601886	129
81694	120	3693.932779	61
81774	233	10762.49805	153
81727	14	2320.57045	40
81694	19	3166.714965	67
81712	221	4489.588215	79
81766	45	10131.53209	170
81674	260	10.37093499	1
81763	6	9049.442961	161
81695	26	5140.313904	95
81732	151	7335.411621	144
81733	106	6592.155109	118
81711	252	7018.810057	110
81705	189	47.47378038	2
81711	185	5993.060971	119
81747	179	6448.680902	117
81704	200	16.5158807	1
81687	113	3491.091173	70
81730	198	4496.667406	88
81689	6	5666.81326	102
81723	104	6886.838386	114
81773	59	7032.210166	119
81689	62	5382.482391	108
81688	121	6076.178829	104
81767	109	7326.335943	132
81766	6	10128.48167	158
81767	17	8906.923472	156
81767	118	6527.796809	140
81744	142	7606.649957	142
81689	56	7238.701488	121
81691	227	7572.379505	119
81713	5	7981.881141	137
81714	234	4224.682937	92
81726	271	3988.349214	82
81735	260	1922.476132	35
81753	146	6759.350816	156
81742	134	7021.010907	130
81726	171	6785.840934	126
81733	243	6476.601814	118
81773	38	6561.188275	138
81688	57	4701.831408	89
81745	8	9154.224371	155
81734	191	4569.902511	108
81769	222	5465.232104	132
81729	247	11.96395048	1
81713	35	6951.623813	143
81720	186	5193.364382	106
81709	218	1497.612742	34
81743	31	6449.226018	120
81751	216	5098.205673	93
81691	121	7462.110914	122
81698	246	9842.280272	153
81695	46	5612.347442	96
81744	60	6741.225023	134
81771	212	7141.81878	139
81748	134	16.8373712	1
81747	163	5199.697136	90
81732	226	5099.541032	109
81741	30	7862.16755	136
81689	210	6368.186329	102
81735	251	1081.255718	22
81756	175	6929.11411	125
81720	97	11070.46022	134
81731	8	9356.303919	143
81725	200	9288.472332	163
81752	158	7029.786409	154
81743	259	7953.445023	134
81751	62	5436.284926	108
81718	97	11265.52058	148
81716	114	5907.089514	99
81723	127	6263.110685	108
81722	169	7818.451875	142
81685	56	903.5717897	16
81755	200	4998.79052	92
81714	4	9866.121897	149
81720	33	7777.487455	117
81730	45	8747.319515	148
81721	71	4586.409492	101
81766	167	8039.458666	153
81744	99	6643.19372	116
81768	220	7321.365975	156
81739	259	5209.653199	99
81729	222	14.30182707	1
81738	210	7159.094901	128
81706	8	4521.59475	78
81724	248	5648.70852	110
81689	86	7440.373088	109
81772	22	5784.615901	115
81694	140	3476.61444	52
81723	25	7742.020378	129
81759	33	8487.116976	149
81771	91	6831.395377	129
81698	51	7367.312217	135
81756	181	6892.246647	142
81708	220	5148.570479	98
81725	77	7064.025655	131
81761	2	7637.840919	136
81730	150	4212.87413	99
81719	43	6787.405544	119
81742	190	5900.935201	121
81687	10	6159.775047	100
81677	138	12.11838443	1
81666	130	26.9138501	1
81725	11	9838.515649	160
81757	31	8004.020858	140
81692	260	9434.354661	145
81672	140	11.89104471	1
81725	148	5283.93349	117
81758	240	5505.436142	118
81741	119	8130.747746	137
81741	116	5835.933245	115
81699	239	1956.710885	42
81742	188	4887.855067	112
81742	205	5859.418398	119
81752	242	3833.765551	93
81729	99	13.20448287	1
81711	263	5298.592661	103
81762	196	7006.684034	127
81753	90	6064.028081	110
81718	156	6710.312837	120
81708	88	7234.111839	117
81714	211	4780.762355	99
81753	29	7221.121743	137
81738	26	7627.430628	135
81696	162	6897.426877	119
81701	230	155.0629684	3
81692	240	4668.803233	100
81708	56	5462.706437	110
81769	162	8109.093729	148
81739	16	4859.078378	98
81749	249	2659.450206	62
81750	115	6012.883946	127
81763	82	6751.296726	128
81739	142	8038.85053	133
81741	1	9730.851337	150
81754	164	6508.209814	128
81709	236	1722.908561	27
81745	145	6658.119255	139
81757	87	7623.87577	137
81732	32	6291.603122	125
81693	130	6488.784717	113
81732	101	7272.773941	126
81740	179	11955.82635	180
81713	138	6260.094947	121
81723	94	5875.146772	109
81719	26	7042.080416	133
81689	73	7330.635171	121
81708	5	6923.139874	118
81766	267	5599.352361	123
81739	34	6498.532101	115
81705	83	12.30156289	1
81716	78	7595.183823	127
81699	80	1816.369636	37
81723	57	6922.303887	134
81732	89	6222.507582	123
81689	166	7868.497949	127
81696	155	5986.15213	107
81745	24	5874.746846	129
81763	114	7695.724972	128
81694	88	3227.361498	49
81749	63	3090.060763	62
81720	116	5479.815836	97
81757	81	7079.707971	142
81692	134	6352.513507	103
81763	221	5702.782816	109
81749	85	4923.258934	74
81762	184	8026.250445	155
81732	10	8239.748572	134
81755	198	3753.524861	75
81732	147	7603.795897	149
81714	141	6177.403335	127
81687	21	4316.608155	85
81775	225	6326.93552	125
81726	118	5330.354952	104
81694	9	3796.642149	73
81708	99	7515.584275	118
81709	3	4025.209668	56
81714	186	5512.235889	102
81733	217	5940.413131	115
81719	160	6538.244385	137
81730	149	4936.354278	111
81758	158	5921.659754	139
81714	54	6297.399661	113
81741	203	5966.009876	114
81762	74	9159.401699	160
81754	100	6707.708098	123
81772	71	5213.57613	126
81706	208	3654.639933	70
81692	27	13608.67966	174
81739	262	4287.067841	100
81691	86	6090.2368	109
81767	10	9900.82692	153
81731	35	6611.70152	122
81754	4	7973.965595	134
81753	77	9296.30308	153
81710	213	1403.797525	27
81720	165	8373.072337	136
81694	110	5802.796642	73
81710	43	1648.371243	27
81688	188	3660.282103	90
81758	191	4260.124409	110
81683	134	29.97246866	1
81775	183	5868.969332	133
81686	24	3322.49433	70
81730	129	4587.56867	90
81691	243	6631.307196	119
81740	85	6692.910784	108
81764	230	6375.131311	122
81725	169	8616.334204	151
81666	2	11.05716537	1
81663	210	55.98695983	1
81705	121	67.27930964	2
81724	261	6229.627166	123
81773	40	8530.835396	152
81730	260	7542.495809	113
81699	172	2261.693392	47
81722	215	5308.825402	102
81731	161	6183.77511	138
81753	213	5003.558774	112
81758	74	6390.23713	129
81740	104	6473.294997	110
81755	208	3187.972444	64
81744	204	6259.802077	123
81759	203	6501.722211	135
81730	219	6471.663404	111
81739	253	4407.925951	93
81724	264	6970.796488	113
81762	64	7013.891486	132
81706	12	4474.025577	70
81757	173	7906.067543	166
81676	161	29.97368504	1
81712	244	3493.119168	63
81761	136	5299.98244	97
81770	40	8508.661779	144
81708	218	4828.190476	96
81722	131	7654.582505	127
81692	18	7741.089993	129
81687	39	4802.496189	98
81712	41	5271.4812	76
81692	65	7091.662793	118
81740	192	5668.335278	114
81769	150	5867.880908	139
81754	265	5637.464213	112
81716	97	12004.33845	114
81687	164	5181.687004	108
81766	132	4799.812425	94
81706	119	3435.504475	60
81705	216	128.0532527	2
81685	148	442.4641161	10
81773	88	8774.392104	136
81755	248	4011.587399	85
81700	213	17.38109724	1
81699	146	3259.523748	61
81687	90	4365.327839	88
81673	262	13.65831081	1
81744	146	5995.066588	131
81706	61	4335.900015	65
81719	132	5382.406748	107
81694	22	2680.057493	55
81749	127	3463.515396	66
81745	177	6566.193344	117
81732	20	4133.901241	90
81764	204	9005.18826	171
81727	222	2304.59057	48
81723	1	9177.821461	154
81719	193	13575.12613	192
81743	13	9945.040167	148
81697	249	4994.177076	96
81696	21	4639.719299	90
81751	268	5074.404702	104
81736	155	6044.968961	122
81698	172	6861.304868	129
81765	48	6042.079423	144
81761	160	6245.417689	135
81706	122	2537.927148	47
81760	152	8457.614936	171
81744	251	4842.910139	104
81774	84	6360.352819	121
81701	115	104.6315877	2
81737	151	7107.834518	133
81765	232	6719.236264	134
81734	222	5245.572641	104
81724	249	5922.480495	116
81697	223	5811.432647	114
81693	248	6359.010709	119
81695	264	4948.573878	86
81750	217	6460.402979	130
81760	195	5908.6543	130
81736	0	9096.506704	125
81688	160	4826.631933	113
81711	64	6751.678375	120
81768	194	6767.635653	129
81739	122	6102.952879	103
81711	94	5830.013692	103
81692	152	7078.424313	137
81734	150	6040.301163	125
81762	226	6797.815467	149
81691	172	5600.088629	109
81722	81	6972.434113	133
81747	125	2807.902051	61
81717	39	5588.139396	101
81691	210	7168.901317	122
81757	22	6491.332916	122
81696	86	5706.211964	84
81767	87	8919.155453	140
81769	39	6817.20723	137
81734	98	4359.477631	95
81738	34	5738.92404	112
81734	78	7901.018883	129
81691	245	5793.308287	111
81710	115	1139.612023	22
81757	5	8607.806476	151
81711	167	7487.242049	146
81745	122	6968.03654	123
81708	232	5324.74486	99
81719	24	5559.405883	111
81741	175	5912.980278	127
81744	266	6249.620164	115
81712	188	3129.895599	68
81681	154	18.59247111	1
81709	12	2262.977656	42
81704	243	45.39498028	1
81767	244	7402.082389	134
81759	108	7327.5915	148
81733	206	10586.91673	185
81771	110	10864.85745	155
81709	182	2320.73912	46
81730	56	5437.895452	107
81679	251	44.68295573	1
81685	207	490.4942381	14
81715	204	7842.447278	134
81706	166	4381.857472	78
81734	210	6871.040186	127
81686	99	4604.914221	75
81710	78	826.6807501	21
81697	136	6175.653678	115
81773	217	6611.679903	134
81765	189	6949.48167	151
81749	67	2640.873925	59
81765	53	8263.120692	146
81762	61	8828.117687	158
81697	180	5318.877271	96
81703	252	10.71611415	1
81752	202	6271.148799	131
81734	99	7119.384909	123
81755	42	2280.985605	60
81718	155	5224.933192	108
81756	143	6993.945189	158
81752	234	6056.280797	129
81737	233	13064.073	183
81688	171	5548.528146	110
81753	70	5282.324839	116
81701	236	192.3942129	2
81770	94	6988.878058	134
81714	91	5383.995196	97
81737	27	11666.31322	165
81746	101	9240.022117	151
81712	55	8183.23057	109
81690	259	8617.334886	139
81763	77	7689.647413	128
81754	231	6047.717267	107
81760	92	5730.235409	126
81686	227	3778.14785	75
81773	211	4522.853871	93
81737	105	7050.142377	140
81757	13	10469.49986	171
81703	225	105.5714567	1
81734	60	5722.830539	113
81766	0	9856.581918	132
81676	180	94.35581963	1
81750	22	6676.967077	130
81712	266	5261.942831	82
81760	64	7241.481138	143
81761	89	6187.017089	129
81707	226	4840.693146	87
81710	124	630.5031372	15
81751	180	5239.908894	121
81721	240	6911.231226	111
81689	142	8699.197179	154
81724	3	9188.089421	151
81730	249	5246.369462	98
81743	12	8857.979383	160
81712	122	5253.15424	86
81768	57	7897.500651	146
81718	115	6519.581891	123
81707	222	3697.860564	86
81735	270	1728.517896	30
81688	20	5804.63064	110
81775	78	6707.459789	124
81743	183	6265.4898	136
81715	78	7131.733689	112
81766	164	6237.00575	141
81718	187	4370.849482	96
81695	96	5707.866365	92
81768	150	5917.629228	144
81765	117	6745.278121	123
81755	262	3858.521728	71
81679	31	31.9357655	1
81762	56	7171.498211	140
81768	81	8127.145666	158
81718	213	4801.158394	98
81721	254	8226.043365	118
81720	188	4038.747007	90
81773	153	7889.622458	156
81760	259	8346.069459	156
81692	86	8224.930663	121
81752	171	7625.162001	155
81695	50	4189.298329	92
81754	256	5980.112316	128
81699	52	3115.834639	55
81752	196	7027.744345	146
81701	258	93.95084262	3
81768	261	6370.298944	137
81747	50	4378.466358	87
81756	211	5258.506023	115
81750	19	5899.673254	133
81731	88	7107.102913	128
81700	77	27.83512431	2
81709	13	2562.102377	34
81757	141	8213.680035	173
81749	243	3204.697709	61
81715	187	5740.420903	114
81742	23	9688.970463	175
81774	249	7064.750471	144
81767	264	6634.569431	126
81712	162	4928.131735	87
81768	19	4646.562696	114
81757	123	9224.617754	148
81707	269	4220.82656	88
81699	225	2587.684431	40
81718	105	6288.157405	111
81736	85	4642.86504	90
81751	169	6210.61399	126
81758	228	4232.646485	100
81712	112	3682.314152	74
81723	171	7751.915128	135
81720	130	4182.162829	76
81686	229	3843.101616	78
81741	23	8767.90102	159
81729	113	21.15688871	1
81735	181	1248.48283	27
81770	177	7842.370681	158
81712	91	4309.104396	81
81701	239	98.4865114	2
81758	50	5830.682862	133
81693	179	10895.14261	168
81724	135	5371.837789	105
81691	66	6873.718549	132
81741	6	10250.61461	156
81753	160	5502.093809	136
81751	242	3670.254027	91
81756	265	4804.212933	112
81756	187	6052.100115	139
81753	166	6882.729318	144
81721	72	5908.984926	111
81705	141	110.7315623	2
81770	166	8767.312268	158
81719	175	5786.717843	113
81703	141	118.7431925	1
81742	203	7755.679404	136
81714	182	5310.013488	110
81684	83	10.77410633	1
81686	134	3706.974777	67
81698	38	5691.042573	96
81760	61	6733.880762	138
81753	192	6650.649865	135
81715	198	5730.316824	105
81721	92	3889.562309	79
81710	205	1287.612068	26
81735	231	1210.757759	24
81751	261	4550.443592	91
81694	37	4271.488254	59
81744	85	6727.017854	128
81714	68	6516.360046	118
81682	0	162.836424	1
81755	261	4080.792924	76
81717	96	6329.303766	109
81762	221	8438.111505	157
81732	212	6414.912496	115
81771	50	7060.325157	149
81702	198	5023.477864	97
81741	16	5672.900659	119
81719	81	7600.04018	130
81710	12	3199.527891	41
81705	4	173.451883	2
81720	210	7363.899007	112
81742	19	5239.056159	119
81764	62	6013.36761	119
81704	97	68.88076445	5
81725	252	7157.302985	125
81677	242	15.21632307	1
81690	234	4223.912107	87
81741	164	7750.461688	152
81698	113	5734.450516	121
81697	167	6801.097721	126
81753	181	6089.685898	131
81746	100	7751.458256	134
81693	94	7542.225834	117
81739	167	5952.46047	112
81688	111	5692.986236	90
81715	174	4650.755239	106
81737	257	5613.219062	110
81759	15	6580.777475	131
81765	264	5650.02954	114
81722	233	9427.713345	149
81767	259	6412.459693	129
81725	233	13038.57742	183
81666	201	16.12504861	1
81685	182	948.9886043	18
81707	64	6177.834322	100
81715	149	5322.923268	112
81698	212	7015.880345	117
81767	25	7923.058937	139
81683	92	14.77298833	1
81685	197	253.7624413	6
81732	208	4543.821132	106
81748	127	14.25783803	1
81675	55	22.01793264	2
81708	74	6186.339337	101
81706	196	3854.200002	58
81733	160	7011.511616	149
81699	202	2399.77047	50
81750	30	7748.895255	143
81765	115	6104.205366	130
81761	103	6974.036411	121
81756	80	7355.201681	126
81712	249	3318.992077	70
81734	158	6068.910845	135
81693	136	7418.643618	110
81749	193	5240.331467	89
81765	124	5605.759504	114
81769	62	6754.735092	130
81725	160	7618.150857	155
81747	70	3703.859582	75
81769	134	7629.034739	146
81723	214	7046.275602	126
81718	183	5481.228822	113
81745	23	10162.5335	169
81712	131	3574.922784	69
81759	21	6307.551524	124
81701	45	89.27197279	2
81708	142	7197.061924	136
81725	179	13533.38408	203
81772	30	8603.382174	171
81693	257	6298.790302	112
81689	34	7737.579173	122
81761	38	5696.902268	109
81703	256	29.72396354	1
81739	270	5340.987608	105
81742	228	4525.233731	100
81761	228	5718.683469	112
81688	86	7178.69595	125
81753	161	6875.042018	147
81662	91	55.19654537	2
81719	219	5646.919046	105
81749	196	5124.149396	94
81771	177	6746.36482	146
81717	256	4833.918671	104
81723	68	8436.39554	139
81770	76	7704.202605	135
81711	2	7998.361084	140
81709	181	2285.068685	40
81772	165	10858.78839	179
81754	80	6381.120914	122
81712	168	4043.701632	78
81750	137	7460.797389	141
81720	141	7171.994569	123
81757	217	5257.973558	105
81733	164	7082.022796	140
81719	241	5647.444409	105
81760	106	6417.315877	122
81735	119	1091.788281	23
81679	4	28.08128352	1
81739	160	4302.771673	101
81691	24	5850.697865	124
81710	86	2057.895274	36
81692	39	6991.614926	121
81754	241	5850.472637	119
81715	227	5074.906503	85
81710	84	1487.33505	23
81736	197	5614.878635	116
81731	103	6041.743668	112
81771	266	8817.762847	143
81662	158	25.86759083	1
81692	93	7704.035187	123
81726	161	6682.39609	138
81706	263	3023.601422	56
81745	221	6988.637014	124
81693	230	7193.796298	121
81745	168	5429.042938	121
81743	26	7205.80149	142
81737	187	5734.021962	126
81760	213	5948.80614	128
81689	99	6587.154413	112
81728	140	13.59093174	1
81730	166	6426.909292	131
81717	187	5622.009378	116
81753	243	6817.84763	133
81723	110	11621.208	144
81683	135	22.44902162	1
81677	135	13.88847147	1
81702	5	8128.585854	144
81729	83	44.18376029	4
81688	185	5709.10824	99
81736	56	5303.398539	111
81702	83	7142.0369	120
81752	123	11445.72644	172
81767	142	10396.75449	197
81666	184	30.7631313	1
81723	36	6586.741728	118
81761	82	8287.729477	138
81770	119	7649.34225	148
81687	223	4397.97012	96
81713	61	6624.009407	112
81757	2	8478.816797	166
81740	41	9416.3765	126
81722	23	10025.94872	159
81773	191	5956.766865	133
81691	111	6467.132734	117
81723	175	5408.546846	104
81699	149	2700.196681	53
81769	40	9230.561566	163
81706	126	3229.257812	65
81771	31	9241.405231	169
81714	161	7249.820728	137
81707	80	4596.099241	93
81733	47	5199.159337	107
81758	58	7544.716518	140
81764	109	7084.441135	122
81706	128	3697.355613	66
81686	36	4038.761246	78
81770	212	6111.696606	118
81691	42	7319.887613	132
81742	257	4965.507143	95
81697	118	4949.943434	105
81763	138	5837.098907	119
81770	32	7412.198323	141
81699	29	4846.361897	70
81771	112	7226.744091	142
81690	236	6083.11024	111
81710	13	2837.445102	38
81734	267	4446.857725	100
81751	213	3775.324118	87
81668	55	10.02120455	1
81727	16	3248.771887	56
81720	238	4965.264733	89
81712	228	3398.556732	73
81754	15	7153.093651	136
81693	224	5598.033075	105
81724	172	5073.361923	105
81719	3	8483.385302	138
81692	15	6050.583086	110
81726	15	5393.629482	108
81689	224	5321.858158	102
81724	179	10451.85614	172
81752	228	5923.385558	121
81737	17	8142.941839	142
81708	86	8897.096708	119
81759	253	6079.554263	125
81727	148	1730.375288	34
81689	61	6770.899	112
81755	50	4025.167678	68
81689	75	6952.356281	116
81671	3	101.9403448	1
81693	8	8983.407493	137
81754	19	3278.496356	87
81687	184	4651.053441	90
81717	92	4489.441102	101
81692	161	6375.952978	126
81717	197	6105.293033	130
81710	153	1710.361895	35
81737	83	10509.74447	152
81738	22	7752.023026	137
81711	135	7128.619515	121
81737	154	7275.731014	140
81721	259	5388.188938	101
81703	79	17.88650212	1
81736	239	5819.9766	104
81724	215	5216.760952	98
81735	265	1722.132944	32
81724	147	6846.787471	133
81726	164	7308.433463	148
81772	118	5557.814757	132
81738	30	7814.520265	134
81708	9	6645.626696	117
81690	129	6353.113935	105
81686	234	3504.925893	72
81773	71	4340.457734	98
81695	189	4000.55696	81
81763	27	10830.80229	167
81725	216	6674.053383	122
81774	238	5905.00035	122
81698	72	7618.864561	132
81721	221	7457.77426	136
81742	30	7580.239645	137
81760	197	6978.051031	152
81732	111	6064.026676	119
81742	43	7525.980417	135
81671	147	42.44805286	1
81738	195	5150.162354	106
81691	61	8025.965138	129
81695	32	3592.158526	70
81746	172	7315.901523	141
81689	164	6348.054436	121
81733	195	6179.316931	134
81727	195	1790.589345	43
81711	168	7331.310371	157
81746	231	5822.01603	114
81740	219	6322.766927	118
81712	80	4214.421511	83
81769	76	7754.052792	143
81691	68	8289.439594	132
81717	72	7558.493597	122
81750	80	6137.965518	110
81764	46	7921.431248	137
81745	210	6553.180125	122
81744	59	6708.496546	126
81706	192	3779.123272	74
81741	112	7988.140496	141
81697	172	5846.9163	108
81758	66	6931.937086	135
81694	38	3493.677393	67
81760	241	5239.616268	119
81750	44	6916.189324	140
81748	166	13.86370806	1
81738	146	6251.661539	128
81742	235	5261.391608	110
81756	122	5826.583743	115
81759	140	7554.829638	123
81697	197	6506.081271	128
81754	38	6213.640448	131
81710	23	2741.849652	44
81755	57	3901.357432	83
81755	260	6636.087043	81
81733	128	6987.298521	132
81706	170	4006.795887	75
81711	123	8387.214742	123
81723	220	6139.29905	131
81709	172	2296.833189	39
81731	59	7045.646374	131
81692	146	4899.687309	115
81761	191	5552.894167	120
81723	142	11220.53938	188
81746	217	4272.190045	97
81759	181	6795.409265	146
81686	263	3781.417987	82
81766	174	5135.432765	134
81741	129	6650.071901	127
81766	64	7604.436332	147
81737	244	5144.710628	101
81694	91	4688.797088	218
81708	253	4350.246575	80
81709	141	2426.450621	38
81723	257	5709.042091	112
81692	234	4671.803848	93
81769	31	9170.036046	171
81754	188	4145.631348	105
81726	240	5209.812736	104
81758	110	11413.37466	162
81702	154	5311.664463	110
81721	88	8434.209137	120
81697	26	7599.829444	115
81751	185	4316.467926	86
81722	252	5834.483099	108
81753	47	6563.893679	132
81744	161	6231.159688	135
81754	23	7682.644343	133
81756	236	5948.201459	104
81729	251	30.14179902	2
81726	23	6562.189496	131
81730	23	6394.327015	120
81710	264	2386.432941	38
81762	214	6976.361189	129
81696	26	6755.867855	107
81736	36	6100.449041	125
81726	150	5960.271036	130
81743	98	6105.144637	124
81730	192	5145.801828	108
81752	172	8535.596346	169
81719	239	5587.207032	102
81766	184	6817.371673	130
81695	17	4426.654161	78
81685	249	1204.836472	20
81754	84	5996.327807	115
81676	171	11.81842259	1
81698	138	6124.380692	105
81695	207	3611.640603	76
81761	135	5506.367389	106
81750	130	5503.103544	106
81730	178	7536.799072	134
81746	25	8624.670655	148
81754	243	6290.704927	131
81714	252	6628.959354	122
81710	134	1275.604738	27
81693	148	4865.089845	125
81718	54	6549.888879	111
81691	186	7482.867561	128
81703	73	35.97606616	2
81718	107	6562.008642	115
81754	263	6324.084617	127
81736	35	6698.048206	120
81685	174	565.124955	13
81699	25	3512.228541	60
81768	124	5090.845984	110
81706	82	3982.983636	61
81731	76	6933.471729	133
81696	11	5307.731916	81
81711	201	5185.329084	109
81708	140	6362.797354	103
81774	152	7634.887405	158
81758	206	12086.52059	184
81754	246	8532.095142	148
81739	206	9452.544396	149
81718	180	6754.998863	142
81687	143	4982.043523	112
81671	141	13.43631907	1
81690	113	4582.621029	91
81744	54	7126.737297	141
81724	81	5683.03884	111
81666	53	75.93717635	1
81719	4	8824.236028	119
81709	265	1885.256759	28
81752	262	5072.93015	107
81709	146	1502.084712	36
81695	210	5741.175445	91
81740	143	7482.711295	148
81762	270	6670.999189	128
81759	5	8079.292936	136
81694	13	5388.766614	78
81753	2	8015.592695	160
81775	101	9552.773929	162
81750	104	6734.506161	135
81669	79	72.19054628	1
81732	191	4401.547244	101
81752	235	5818.083709	129
81678	140	10.35179609	1
81692	172	5579.830012	111
81749	11	4521.616514	77
81767	32	7386.357297	144
81688	182	5364.182891	98
81697	255	4563.266464	91
81703	139	29.3849184	1
81753	195	5363.708343	119
81768	69	7777.077237	145
81766	68	9916.315694	352
81772	31	8782.070978	161
81756	242	4339.329529	109
81754	145	5997.601794	130
81685	222	574.2211748	11
81689	192	5892.211009	103
81760	69	12839.77823	188
81688	205	4084.53539	96
81699	230	3065.605797	48
81701	144	150.9889201	2
81732	172	7464.473975	135
81749	150	2700.346132	62
81730	159	6533.274129	127
81717	22	6087.178702	108
81769	151	7056.925735	149
81753	194	6773.795733	138
81765	62	6523.429985	127
81673	132	11.03162433	1
81759	169	8763.317376	150
81705	108	17.97639806	1
81721	43	5767.717226	105
81694	14	3064.415724	54
81706	238	2875.747385	60
81769	123	8295.366775	131
81718	65	6582.938381	122
81694	117	2890.748459	55
81735	37	1318.17693	24
81718	260	10696.21417	147
81737	210	7965.163666	122
81670	65	10.7194249	1
81702	157	6397.478999	123
81756	71	4510.725411	104
81760	224	6764.983478	137
81689	269	5234.350433	95
81733	260	14280.5545	188
81724	219	5194.812707	83
81740	115	5187.245766	106
81741	172	6724.925033	123
81688	49	5126.203021	108
81713	37	9370.903158	134
81731	4	9843.985941	159
81757	134	7479.537365	147
81707	33	7586.17041	112
81718	103	6325.948203	122
81760	244	5409.556184	117
81714	227	5768.912993	99
81712	148	4608.839356	86
81694	82	3696.619153	63
81712	18	5102.321696	81
81761	270	5129.898612	107
81672	220	11.12200356	1
81756	194	6743.342301	122
81714	180	5112.365256	101
81762	71	5056.430048	115
81743	128	5895.98677	121
81693	151	5925.744521	122
81694	198	2380.293889	44
81671	2	71.40467363	1
81673	60	29.9512817	1
81762	203	8599.170903	166
81747	228	4129.806466	88
81773	128	5279.492084	111
81720	14	5259.443462	91
81726	149	7427.31045	155
81696	110	8251.047376	102
81695	72	4839.25124	90
81764	127	7959.010486	140
81731	34	6301.992073	132
81761	32	6243.6667	118
81732	263	5033.795473	105
81764	175	5079.336529	124
81758	165	8865.481238	142
81763	1	8295.148358	143
81685	64	252.60312	8
81752	35	6929.46493	130
81733	140	7835.63836	122
81693	66	5679.602228	104
81766	218	5110.701244	106
81698	173	7443.018177	121
81712	103	4821.185359	83
81695	211	4421.96941	87
81714	21	5491.558442	110
81769	270	6494.227487	138
81732	142	7352.45709	143
81766	55	14015.20938	187
81690	66	4848.557174	99
81685	9	1220.459223	22
81691	171	6958.742986	121
81702	194	5142.85988	93
81758	261	5198.640959	112
81773	207	5947.371957	119
81766	108	7533.022861	135
81733	248	5869.648189	123
81738	194	6750.37077	113
81770	59	7761.03232	141
81763	28	7530.711214	140
81753	150	7579.617845	160
81720	173	6142.004917	118
81772	257	5208.569161	113
81716	134	6554.265348	114
81756	107	5747.731544	106
81705	88	31.62140733	2
81699	56	3247.291651	52
81691	256	5777.239528	122
81742	45	7827.531189	132
81774	31	9089.23435	170
81715	127	6442.813395	115
81694	65	3123.202121	58
81759	86	8266.007487	134
81752	189	6152.131629	145
81761	225	5114.398919	111
81768	32	7058.552061	134
81730	117	5914.778954	102
81760	20	7441.103989	144
81751	54	7021.438726	125
81737	136	7148.340855	133
81725	42	7177.237151	130
81758	5	7062.955383	119
81715	192	6115.661273	110
81727	30	2797.737319	49
81766	148	5783.029393	147
81683	206	11.58252624	1
81665	125	10.63153318	1
81730	201	5460.957254	109
81708	76	6152.583905	116
81745	112	5102.721967	83
81713	111	5950.853782	103
81711	244	4850.871745	96
81715	113	4209.558217	89
81708	63	4359.791931	96
81690	131	6562.772259	104
81727	10	3563.698557	63
81752	107	7523.431516	135
81735	258	1186.561277	20
81736	250	5754.386486	112
81716	52	5836.396872	107
81672	230	13.30410627	1
81713	122	5062.366273	90
81756	169	7431.841714	147
81720	236	5665.255773	103
81739	146	5018.658055	106
81761	50	6064.882464	111
81750	175	6814.086271	145
81773	209	8205.01448	140
81670	241	13.103476	1
81749	212	3758.557747	74
81717	84	6878.838539	120
81671	187	66.37045362	1
81723	122	5693.719976	102
81765	221	5881.914509	120
81746	242	3716.506904	96
81714	189	5173.306029	107
81771	39	5718.67141	118
81742	163	8110.482839	153
81752	112	6737.167452	133
81762	76	8929.567028	162
81763	52	5885.345868	121
81701	191	129.0208853	2
81687	3	7612.592422	116
81741	82	6678.767278	115
81686	4	5810.136289	96
81704	171	26.14768062	2
81770	170	6676.083257	152
81768	96	7856.332311	134
81757	122	7392.474507	147
81689	159	6957.973736	124
81762	252	5226.755697	107
81770	48	7546.10553	153
81708	67	3711.13723	80
81690	54	6213.354813	116
81757	89	6291.16609	120
81766	120	7309.949192	123
81738	12	7172.761549	125
81734	22	6295.023617	131
81723	201	6465.663413	111
81758	102	5720.204604	118
81698	185	6318.511192	106
81733	144	7350.002043	151
81751	204	6096.465011	120
81733	201	6375.254767	123
81726	259	6060.878202	114
81720	172	5689.880552	105
81699	249	2157.477753	46
81727	219	2738.510197	45
81766	231	6689.513523	132
81716	9	6779.61125	127
81718	99	7399.333555	122
81722	129	5755.658157	118
81725	50	6194.272378	132
81761	195	4015.032807	84
81734	162	6594.378806	129
81692	197	4622.668659	98
81725	29	8780.113408	145
81725	237	5134.975735	100
81744	191	4386.098604	89
81735	248	1608.669259	33
81740	54	8510.569374	143
81686	169	4370.39046	87
81773	256	6474.673458	129
81759	152	6927.513964	141
81712	189	4228.087945	88
81696	91	5265.64668	187
81694	241	2678.662609	49
81750	194	6039.17697	117
81739	215	5325.038416	94
81719	271	4682.732086	79
81739	184	5635.72982	105
81708	4	6489.628182	108
81734	131	6429.849002	115
81743	2	6407.451275	135
81739	124	4321.136629	81
81719	13	12105.98214	168
81742	242	2919.517932	73
81717	83	10530.78692	151
81765	226	5736.698139	126
81685	248	780.6141845	19
81704	24	31.39516398	1
81695	106	4516.267105	80
81690	182	6992.905804	132
81741	180	5597.147306	119
81754	86	7889.454641	132
81737	185	7944.057635	130
81747	92	3546.801634	83
81695	77	6027.956672	95
81750	63	7433.745139	143
81689	189	5091.732762	92
81738	266	7717.589542	130
81721	227	7208.203734	115
81713	152	6151.449275	125
81721	224	5367.17037	102
81735	129	1009.613453	26
81708	126	5690.210345	104
81671	133	13.99231378	1
81759	88	9035.515289	141
81753	226	5416.079263	103
81708	192	6660.169111	114
81761	198	6437.508649	128
81711	65	7170.33014	137
81726	252	5909.590038	112
81773	216	8013.205248	140
81742	108	5356.926747	107
81747	38	3804.806326	80
81758	76	6731.272578	119
81761	118	3515.673578	80
81671	172	15.28526491	1
81702	21	5438.853069	99
81714	75	10034.85926	147
81761	240	4708.549211	110
81687	216	5136.835171	92
81773	2	6708.447573	132
81717	154	6150.630301	133
81767	3	10427.04021	171
81759	155	7289.494151	145
81674	30	56.73493201	1
81764	51	8509.606418	150
81714	82	7242.71035	123
81729	232	18.04341877	1
81765	111	7473.469009	128
81728	196	109.3326336	2
81768	17	7594.226311	149
81686	34	4505.289498	81
81743	54	7831.058186	133
81696	8	6950.047523	107
81766	237	5719.648075	118
81697	31	7598.127787	125
81710	99	1684.839126	29
81696	40	6951.236666	102
81706	266	4220.34329	68
81726	24	5162.914415	93
81712	170	3918.336298	74
81747	93	5548.342048	91
81738	77	7559.36725	126
81739	2	5612.412704	103
81713	99	6562.64696	106
81742	64	7398.572418	136
81689	59	5564.4706	101
81755	238	4395.710641	88
81711	155	8092.650958	142
81753	24	6009.736073	126
81717	174	5615.118542	118
81746	113	5849.203997	116
81718	191	4870.541711	109
81710	183	1229.328037	26
81757	210	7281.790648	125
81666	160	10.21147528	1
81726	179	10895.69777	186
81685	125	566.361806	10
81769	110	10483.19258	154
81695	232	5924.216738	90
81724	182	5635.09579	118
81729	165	29.9019447	1
81712	271	3662.776332	62
81731	22	6831.414662	150
81687	65	5420.810781	99
81740	127	6875.489747	101
81719	226	4910.922975	103
81694	119	2970.224082	53
81749	80	4025.4338	71
81758	0	8180.091767	111
81747	181	6076.629865	110
81737	169	7199.636158	132
81757	105	5715.190417	118
81725	75	8994.304022	133
81711	17	8819.602562	134
81679	106	28.10794808	1
81743	177	7612.168022	139
81733	261	6926.203326	141
81701	21	75.42949775	2
81702	47	4847.456932	93
81693	112	7402.613155	134
81727	268	2178.339335	42
81722	216	6657.92601	119
81721	215	5717.354336	108
81722	60	6083.992065	110
81716	19	4608.997805	101
81687	93	4015.973587	77
81724	231	6599.185976	111
81701	53	10.08886969	1
81698	33	7808.227484	129
81704	151	20.710747	1
81757	138	6368.860766	111
81700	255	15.75728308	1
81742	219	7254.770022	124
81747	144	4182.855777	90
81695	174	4133.131567	87
81753	131	7368.956552	132
81734	93	8138.513433	126
81724	24	6875.463629	136
81750	84	6707.619393	134
81744	214	6845.651123	123
81717	216	6607.08003	98
81761	250	5141.150321	112
81758	4	8467.193026	130
81741	240	5670.790579	121
81768	28	6881.19249	137
81764	160	5011.852638	119
81726	64	7156.537158	133
81755	218	3167.565287	66
81738	110	11454.27883	142
81709	100	2000.666955	33
81691	6	8513.358634	136
81746	165	10573.90548	159
81685	19	484.6908051	15
81711	225	6235.141256	109
81690	252	5905.711796	110
81687	157	3760.775621	86
81738	15	7051.88464	120
81726	146	6489.566022	128
81693	57	6683.558997	119
81733	96	8342.678341	142
81714	203	6150.408883	106
81731	37	7786.335321	125
81693	96	9186.741881	129
81747	165	6532.207525	115
81721	225	7048.566418	113
81687	115	3332.004189	69
81767	16	6755.233894	144
81670	80	12.87914267	1
81753	135	6477.953747	123
81677	0	18.66669256	1
81709	14	1156.977311	22
81697	129	5653.306481	100
81722	51	8547.796898	135
81727	134	3066.227638	50
81728	15	11.91020163	1
81747	97	7011.728084	97
81689	120	5951.470673	107
81710	232	2430.570962	35
81752	2	7298.996489	148
81731	136	5158.862176	103
81714	0	8434.345366	109
81770	66	6950.383861	139
81681	256	11.99309748	1
81714	139	3746.561287	73
81706	84	3395.958066	58
81716	47	5422.530061	95
81687	99	5851.206205	101
81742	95	5767.752424	102
81763	9	5928.404637	125
81692	215	5580.260227	110
81742	247	6247.534847	118
81767	94	7004.767536	126
81774	52	6410.964908	138
81697	86	7134.152664	115
81767	139	4637.574184	80
81725	170	8058.488459	147
81702	144	6574.339809	140
81737	139	4291.01211	83
81768	52	6122.310384	134
81768	107	7410.468279	139
81734	270	5012.974406	105
81742	270	4521.955687	98
81708	29	6877.744268	118
81739	144	5852.191785	123
81750	145	6681.93062	162
81728	57	38.12813338	1
81756	24	7483.627142	148
81721	12	10366.35729	157
81760	205	6663.742469	135
81696	232	5271.361292	98
81702	19	3748.483953	98
81741	101	7930.971532	140
81763	48	7725.46109	163
81763	109	6788.295123	111
81707	237	4390.319205	87
81694	21	3225.216862	54
81768	120	6996.489493	129
81741	181	6591.197939	127
81719	213	6774.549971	121
81708	189	5150.540981	100
81750	214	6818.654285	129
81769	118	5654.964328	126
81734	5	9173.713724	158
81726	42	6228.25213	123
81752	53	7740.849187	138
81733	22	5716.074064	124
81743	145	5968.35273	122
81690	155	7998.549098	157
81699	42	3295.966713	54
81741	247	7964.89548	141
81710	212	1531.795159	27
81714	170	5871.634877	117
81681	206	80.12075925	1
81741	211	3873.410361	86
81751	64	5311.19037	106
81767	44	7024.496621	129
81751	170	5429.793384	115
81730	265	5429.166214	115
81763	242	3397.01064	92
81715	234	4002.603433	85
81773	246	8759.025592	146
81738	99	6699.978283	117
81738	242	4457.521214	90
81773	162	7203.929128	147
81687	114	3583.066121	66
81707	6	6260.049386	99
81749	168	3740.15866	84
81752	37	8421.275327	142
81717	106	5340.06489	112
81749	122	3549.898202	63
81727	217	2049.714164	34
81772	176	6970.605218	129
81740	235	4322.058022	104
81705	91	81.31020736	1
81691	192	6218.359931	122
81751	226	4695.897581	86
81775	49	7380.245125	147
81749	236	4015.403756	71
81696	15	4047.63719	79
81761	39	5914.229177	115
81746	75	7633.253468	128
81713	162	6375.363177	118
81697	174	5537.066135	114
81709	269	1200.229674	27
81717	43	6122.842932	120
81750	143	6727.971037	155
81714	171	7074.269384	130
81746	64	6361.980459	122
81718	106	6280.888417	110
81730	267	4178.730324	92
81755	75	5005.996513	85
81731	5	6760.904377	134
81731	209	5357.993009	101
81705	147	131.0594514	2
81744	159	7253.198321	156
81727	232	3018.68167	48
81710	200	1870.98659	27
81750	75	9073.394255	136
81765	112	7332.320217	142
81726	105	6859.189125	125
81707	235	3816.721763	77
81690	159	6734.709246	127
81762	132	6045.303459	121
81687	32	5681.659721	107
81717	151	6949.150409	128
81724	26	7010.64331	119
81769	153	8659.123298	159
81699	67	2554.335918	45
81767	52	6508.060747	128
81745	104	5684.669566	114
81719	242	3465.052022	84
81718	110	10400.76456	131
81721	160	5355.438584	117
81726	231	6536.845548	119
81760	109	8855.326597	160
81774	88	8562.715249	137
81695	258	3946.506108	79
81725	107	8541.727433	136
81718	33	7357.276547	124
81725	39	6386.403504	104
81710	209	1670.542361	28
81719	49	6070.680835	129
81731	32	6247.089767	121
81745	53	6493.097692	138
81726	59	6673.505513	131
81729	271	30.66095316	2
81702	60	4713.525388	94
81752	185	6670.632736	142
81725	214	7857.025604	134
81749	44	4026.663053	79
81757	264	7059.055046	121
81684	196	55.80201909	1
81767	227	7350.306978	138
81756	97	10095.39376	146
81772	256	5595.745739	120
81694	245	2363.809689	46
81695	251	4347.306765	82
81685	247	628.0009548	14
81745	190	5592.035065	119
81753	32	7706.370528	155
81733	16	6112.585437	130
81705	192	106.7318365	2
81689	184	5566.133173	114
81752	168	6365.351331	132
81755	192	2342.672459	47
81764	252	6488.064848	127
81690	263	5866.423929	103
81709	216	2009.984349	37
81743	191	6090.033682	125
81766	158	5699.735245	126
81716	58	7460.621727	124
81697	40	6681.224859	109
81752	27	10763.66348	166
81767	104	6574.231244	108
81774	133	6683.445237	135
81713	64	6766.547146	117
81731	159	6623.09815	138
81730	239	4606.217797	93
81715	158	6150.59514	134
81706	124	3144.041306	63
81775	55	12395.21316	193
81686	222	4419.751458	98
81727	133	2144.955352	40
81688	84	5365.930169	110
81709	217	1594.585909	30
81689	54	6552.066873	97
81726	181	6194.41578	122
81714	58	6740.17798	115
81689	88	6977.418183	119
81671	49	12.01066824	1
81715	81	5979.86824	101
81746	221	6608.283999	119
81754	49	6160.077814	127
81717	54	6773.591866	125
81764	158	5893.274238	129
81738	92	4619.502539	104
81734	184	6361.352569	122
81735	10	1167.857985	25
81688	15	5970.342834	111
81702	271	3407.859322	63
81713	224	6142.641695	112
81746	55	13404.18801	164
81726	96	6269.633395	112
81687	198	3421.240495	75
81708	203	5093.35079	89
81766	166	7483.956082	169
81705	229	98.72809685	1
81746	178	7439.571421	144
81708	96	6260.728875	94
81719	238	5511.298833	101
81742	193	12169.94509	165
81752	162	7872.871594	150
81696	185	4543.753314	95
81764	43	6341.755708	129
81749	141	4412.082105	77
81739	92	3844.337975	80
81755	19	2898.281611	62
81732	157	5666.171808	117
81754	217	5572.524178	115
81671	178	152.7952457	2
81732	193	11795.42018	158
81754	155	6240.716398	122
81726	108	6032.396825	116
81702	88	7352.296769	110
81766	245	5755.053411	120
81735	92	1450.285293	31
81690	72	6393.51881	109
81733	9	6052.776306	123
81752	133	6879.019783	133
81685	136	444.0975702	6
81718	188	4370.915972	101
81711	97	9940.919269	138
81663	18	19.5912722	1
81715	213	5370.75358	93
81723	130	4954.684117	94
81719	159	7784.644836	138
81737	122	6642.475817	131
81761	207	6619.222877	137
81695	234	4063.200819	78
81698	266	6736.017522	111
81721	196	5615.687831	109
81758	262	5052.109173	94
81723	20	6976.981433	123
81740	18	8017.507369	132
81742	197	6226.238412	140
81762	189	6154.147419	134
81759	112	5560.553858	105
81757	218	4398.249954	104
81690	124	4737.6214	93
81766	116	6862.927452	119
81713	169	8602.418071	146
81761	57	7230.901876	142
81701	14	89.22231024	1
81750	251	5248.794767	104
81707	109	3330.108602	74
81693	228	6600.895339	114
81689	177	6495.307895	124
81720	6	7380.622879	118
81709	1	3334.16158	48
81734	2	6341.953732	129
81723	151	6862.672211	139
81725	145	6899.90763	141
81663	97	22.21457426	1
81741	7	6638.710848	138
81702	162	6158.252248	111
81725	236	5946.632097	114
81756	87	8933.876409	144
81764	198	6201.054139	132
81764	192	6442.800145	139
81740	62	6104.590577	114
81694	202	3375.843684	63
81722	45	9975.908112	143
81742	138	6066.397006	117
81677	267	11.82789184	1
81734	112	7583.616456	148
81719	229	5784.719541	113
81707	32	5509.428782	98
81693	204	6348.530426	114
81753	58	8461.142055	149
81749	145	4672.877589	87
81730	211	3791.839947	79
81718	200	8741.21749	149
81721	86	7744.026406	126
81753	64	6745.30125	137
81738	0	10709.59843	135
81719	224	4875.159328	101
81741	69	9442.500354	144
81753	224	5070.078025	100
81729	117	45.43689199	2
81718	26	6130.960706	113
81757	211	5030.283543	106
81713	196	5220.581143	108
81747	149	4104.823054	86
81745	264	6657.677469	136
81706	204	3520.784355	71
81754	76	6311.266795	103
81693	219	5270.077108	98
81749	121	3990.095465	70
81689	259	5454.010117	97
81763	133	4820.623671	97
81753	15	6543.754489	126
81757	202	7436.973645	144
81712	57	4018.431968	78
81719	250	4846.849831	97
81743	152	6011.58685	127
81739	11	7617.488494	125
81694	152	3854.876287	74
81770	15	7074.102726	144
81737	86	6438.399754	115
81705	67	113.3124659	3
81732	17	6051.247593	114
81685	95	511.5620868	8
81692	176	7362.420157	128
81698	243	6786.502385	131
81714	205	4446.269569	93
81710	177	1484.22508	26
81765	103	7596.800803	134
81727	49	2672.185804	53
81703	112	74.59631243	1
81733	48	6134.28536	131
81754	151	7710.553498	153
81749	186	3631.764737	71
81765	5	8885.179043	153
81765	64	8830.393427	166
81692	126	5828.336064	115
81723	145	6903.925467	149
81746	130	5348.394458	105
81772	74	5480.566888	121
81756	47	5103.053928	109
81752	63	6744.495599	134
81771	208	5868.410825	120
81690	157	6122.495849	126
81719	114	6345.340633	119
81750	76	6606.965373	121
81767	161	6559.18802	149
81749	165	4096.895845	72
81693	127	8296.056349	129
81694	225	2410.690506	48
81754	135	6266.552768	116
81711	86	7859.104834	119
81693	247	6308.905147	105
81737	196	7610.33681	145
81723	65	6942.818761	118
81750	13	11225.65286	174
81741	171	6669.528607	137
81752	142	6739.987069	135
81772	149	7128.09405	161
81723	228	6692.918918	136
81760	18	8907.142786	160
81729	254	22.30997288	2
81692	183	5144.414539	113
81745	198	7001.997478	125
81734	21	6290.909411	126
81745	186	6293.651659	135
81697	182	5731.388583	113
81767	128	6479.808794	127
81748	180	20.18513828	1
81706	171	4763.320214	81
81724	204	6844.805253	122
81763	139	4684.532475	95
81727	7	1669.392948	42
81735	236	1437.505154	23
81726	102	6031.431832	120
81744	2	7035.761932	134
81771	211	5787.10511	119
81686	83	6769.947287	101
81730	270	5175.241718	112
81753	258	7521.415272	153
81687	231	5301.802131	94
81760	199	8290.201929	156
81756	142	8898.13499	177
81686	114	4915.126978	80
81710	235	750.6415762	21
81687	24	4886.943188	94
81737	81	6642.66859	117
81752	166	6991.472024	148
81732	224	4363.778887	104
81762	261	7638.978174	142
81751	116	5563.952949	104
81690	126	5478.820104	95
81687	192	5950.28446	111
81688	248	5736.746294	99
81741	139	3874.720359	77
81768	244	6451.740131	136
81756	56	6922.00082	115
81720	242	3329.866252	77
81747	64	4080.635515	71
81746	142	8523.989774	151
81732	61	7573.578332	143
81736	17	7736.718391	132
81672	131	19.22061805	1
81761	5	6629.992172	120
81773	253	5847.27472	108
81756	264	7030.917805	134
81733	214	8236.501141	137
81773	119	4927.002581	98
81751	95	5075.770161	95
81712	92	3461.004435	68
81722	226	5590.549597	107
81707	97	8807.364882	112
81743	251	7098.106287	135
81726	212	6244.068953	115
81725	212	6171.121668	125
81773	19	5946.198835	133
81763	171	7800.064226	137
81714	71	4332.918067	102
81663	82	11.04184087	1
81703	132	27.23895463	1
81775	46	9757.899451	170
81764	176	7090.272797	137
81706	57	3359.599017	68
81707	258	3730.275276	81
81767	82	7027.571857	118
81710	219	1505.051704	28
81736	204	5760.001133	120
81720	191	4792.814146	95
81771	216	6532.31358	119
81727	207	2423.010015	54
81717	102	5277.6885	99
81722	96	7431.02406	126
81721	237	4488.440097	107
81715	20	5324.959973	96
81741	114	7618.840867	119
81689	157	5934.360373	118
81755	4	5675.096007	75
81695	144	4442.109592	91
81690	230	6157.306839	111
81758	180	5374.3514	124
81712	208	4868.280823	92
81742	54	6575.685787	122
81718	218	4358.940265	92
81671	179	231.2716059	2
81757	25	8908.263285	164
81737	138	5847.846684	113
81755	21	3602.05743	73
81734	261	5369.829135	114
81732	107	6933.238614	113
81686	2	4507.238065	85
81694	69	4305.273902	67
81714	122	6299.323763	116
81706	71	2279.960661	60
81711	118	4553.863009	93
81756	89	6350.596889	118
81690	248	4227.258249	102
81774	43	6910.960129	123
81719	187	6066.668542	133
81754	138	6385.457197	125
81764	7	5749.424741	125
81693	205	5788.158019	111
81694	174	2265.26939	54
81698	88	8608.829308	120
81769	171	8857.836441	165
81750	213	6505.455219	131
81674	248	10.1424982	1
81714	127	6221.491572	106
81770	83	11748.07988	171
81730	188	4154.462858	99
81722	127	7606.138681	137
81775	34	6608.779673	140
81712	258	4907.876873	83
81750	78	6476.574097	125
81765	185	6467.899854	128
81741	107	7112.687431	132
81732	87	7429.00726	128
81695	129	4100.611973	81
81749	24	2651.970355	60
81676	50	26.41377394	1
81759	139	4396.480855	91
81774	209	6544.821448	125
81755	136	3200.627759	67
81703	199	10.0771659	1
81759	50	5951.516501	113
81769	51	8745.426404	163
81746	164	6878.047956	135
81745	227	5710.973917	119
81771	30	9579.441052	183
81755	9	2651.529673	61
81758	137	7802.146285	128
81723	99	8371.730837	132
81775	53	6856.804106	126
81719	110	10118.71392	126
81750	103	6472.097624	121
81705	97	10.93884297	1
81759	137	9685.830463	151
81722	222	5540.873478	104
81753	55	13097.33094	173
81743	108	6506.140103	123
81731	94	5108.742062	98
81768	66	6371.899606	123
81701	8	150.2145675	1
81745	20	5770.206397	116
81775	128	4914.484624	115
81727	56	2386.531861	37
81716	185	6633.841729	115
81702	68	5042.979214	98
81661	121	11.2030754	1
81710	98	950.1129267	18
81720	21	5878.810436	108
81724	77	9074.885576	141
81687	77	6448.093924	97
81771	271	4684.168165	81
81757	250	6337.840323	143
81731	126	4289.574115	92
81774	23	11916.73805	194
81744	112	7034.89716	133
81752	147	7302.755397	156
81775	164	7293.759343	143
81702	28	5755.453432	117
81764	82	5746.729722	114
81754	127	7310.360452	134
81685	5	1486.103651	20
81716	115	5737.510578	99
81751	131	6056.220199	112
81731	140	7338.852839	111
81708	81	6247.534191	113
81698	213	6519.266731	116
81743	87	8335.211976	123
81717	74	7515.016563	117
81731	73	9585.934329	161
81734	80	5891.893255	109
81774	236	6375.356633	112
81716	50	4574.595279	101
81763	142	8885.609306	165
81736	67	6403.352187	123
81740	154	5274.962853	111
81708	185	6024.206973	117
81717	195	5383.120707	111
81689	226	5443.350519	98
81738	264	6126.561086	122
81764	41	10361.85193	147
81752	72	5550.948291	106
81749	107	3556.473399	63
81775	185	5592.554681	127
81755	76	4128.887582	78
81692	221	6601.119942	118
81744	206	13398.23444	210
81712	19	3308.707767	69
81730	75	5741.373745	104
81692	4	9119.439325	133
81765	88	8788.222706	131
81760	216	7125.170909	130
81721	25	9385.37946	161
81734	114	8012.187176	125
81743	29	7934.3494	135
81743	49	5033.513268	114
81708	254	5903.691324	97
81689	203	5449.366421	110
81675	136	16.73632598	1
81739	132	4806.807547	93
81703	126	19.98355201	1
81774	193	10961.0283	170
81738	166	5994.354673	128
81706	230	2887.514467	58
81730	252	5932.696737	115
81771	52	6379.453624	125
81689	16	5670.605874	103
81721	217	5889.284264	115
81730	224	4688.72451	102
81740	257	5138.250361	97
81699	243	2932.198215	54
81702	6	8790.659924	141
81775	29	10364.14456	164
81692	187	5401.125007	118
81763	151	7039.505048	143
81711	253	5291.686735	117
81726	248	6759.812262	131
81766	19	6111.250242	132
81775	40	9624.557257	144
81759	116	6115.499166	120
81747	68	7726.281066	345
81716	95	4924.391057	89
81671	12	121.4869091	1
81730	124	4478.548878	95
81671	19	21.73152895	1
81735	186	1324.143072	28
81695	24	4504.271849	86
81775	125	2623.102926	78
81674	72	28.33926373	2
81682	130	20.14567621	1
81705	164	30.83578757	1
81713	164	7768.63706	146
81719	9	5856.089333	114
81712	5	4624.381026	83
81758	46	7510.045128	127
81766	217	5710.072544	115
81766	163	6734.499211	133
81707	190	4179.733462	84
81743	172	7811.947822	143
81711	28	7100.593862	121
81715	132	4198.477082	86
81750	253	5498.7109	110
81695	88	5801.444942	87
81730	256	5102.897311	107
81746	271	5551.784094	100
81688	87	6873.633113	112
81704	259	20.80440875	1
81769	252	5857.537547	121
81775	232	7310.73759	141
81713	109	7485.841437	139
81715	140	6366.022325	100
81693	196	8144.92119	141
81720	175	5568.946768	106
81710	62	1063.537299	24
81762	9	7638.570695	152
81746	104	7230.066161	128
81718	248	7271.176845	124
81775	68	9221.945004	301
81712	198	4028.340899	75
81701	116	51.97245598	1
81696	194	5163.266585	96
81711	228	5915.827081	116
81722	16	5873.198586	107
81753	106	6702.745772	127
81776	105	65.23661108	1
81753	140	6686.198041	109
81758	146	6295.582746	145
81730	215	5397.696987	97
81689	90	5365.505124	92
81748	193	46.09123331	4
81748	62	16.29392005	1
81730	43	5972.934282	125
81721	53	7772.964996	125
81724	191	6032.644667	125
81743	169	6947.299897	139
81743	151	6580.128706	132
81756	188	4657.196412	114
81762	148	6193.518129	125
81696	160	5547.279059	112
81759	130	4646.700216	108
81742	169	7175.442096	147
81690	151	6185.12119	125
81752	231	7005.852176	141
81775	63	6454.072957	125
81675	233	34.31540824	2
81704	83	125.4629979	11
81686	91	3813.32437	67
81696	235	3482.497368	79
81707	29	6579.433947	114
81750	121	6683.526996	121
81743	256	6219.927128	128
81722	90	5993.001351	120
81717	109	6325.046503	97
81689	180	4888.429255	101
81699	49	2704.657428	54
81746	248	8040.876106	162
81695	262	3690.409739	68
81708	157	5537.333335	125
81750	56	6612.683969	127
81760	150	6565.677031	153
81769	36	6611.587103	136
81740	0	10653.71264	146
81772	204	8462.040757	171
81775	98	4837.440939	113
81734	246	9502.160786	158
81722	48	6350.192815	111
81707	59	4474.707029	84
81760	139	5474.066108	105
81708	149	5508.421483	120
81725	122	5896.203549	102
81706	34	2721.701179	55
81709	201	1405.62828	32
81676	30	48.11510037	1
81704	13	20.86149965	1
81762	258	5721.883337	123
81775	179	11558.39098	185
81775	76	8304.660911	145
81747	9	4198.759318	82
81738	229	5995.043277	116
81705	158	42.98482277	1
81769	67	6639.723975	144
81730	216	4723.547891	94
81774	163	8217.340357	157
81717	194	6424.084268	117
81763	172	6446.666152	124
81719	264	6977.408371	123
81768	9	6576.921852	135
81689	11	8814.255904	126
81775	70	6164.994682	131
81713	188	4668.639538	96
81702	163	4788.856077	103
81715	112	6203.048856	106
81723	100	6616.452965	121
81758	210	7456.063693	126
81767	59	7113.9514	132
81691	116	5593.925082	108
81758	134	6093.067322	118
81706	18	3659.939913	71
81758	28	7502.131249	137
81744	127	7345.731378	138
81746	111	5478.898015	110
81707	37	6243.376746	109
81768	118	4254.41993	96
81674	22	15.5505106	1
81699	176	2639.193127	46
81750	136	6548.58519	120
81731	151	7850.44513	160
81699	231	3307.68091	51
81736	219	6124.20342	101
81775	38	5704.216813	119
81663	176	49.04497165	1
81722	137	8838.197604	133
81701	173	39.4690164	1
81685	106	196.7522143	6
81731	194	6095.745848	127
81715	8	9545.840571	134
81708	183	5474.751243	95
81689	105	5916.515274	122
81685	107	592.2332905	8
81670	160	28.48258053	1
81705	3	49.1478032	3
81755	139	2277.630954	46
81720	168	4779.581958	89
81768	3	9692.502264	178
81706	38	3235.592734	67
81686	242	2842.878094	68
81687	226	4779.208822	82
81747	126	3994.908662	78
81710	225	1390.380116	23
81738	23	10490.77969	182
81769	184	6399.271426	134
81771	160	6032.063879	134
81750	165	9308.576754	159
81763	103	7197.834006	124
81775	93	8480.962362	126
81696	85	5235.348021	91
81698	77	8286.033324	133
81775	270	6377.406146	137
81753	191	5409.830708	128
81737	82	6097.094192	123
81664	193	10.64164924	1
81746	256	6651.46771	136
81710	97	2469.495242	40
81715	119	6370.245307	106
81750	237	5583.881591	115
81732	153	6467.656224	140
81772	25	6934.118762	137
81774	89	6183.861667	120
81737	207	7307.550035	144
81721	152	6447.158503	121
81751	159	5994.902822	132
81722	74	5585.860495	105
81712	54	5143.719738	72
81734	32	7325.16312	134
81719	97	13680.21008	170
81699	78	2981.827278	46
81735	214	1411.182224	30
81702	76	6040.059931	100
81691	148	4119.873976	98
81775	254	6442.62907	131
81775	9	5850.291201	136
81689	130	3469.654404	70
81755	197	3949.372381	89
81725	104	7229.033958	130
81724	39	5883.421397	114
81764	170	6671.926246	145
81685	142	1238.289247	20
81735	82	1598.331819	29
81696	207	3882.811618	89
81744	115	6087.095042	127
81775	82	7178.823488	129
81771	222	4836.015386	117
81751	99	6954.510734	116
81716	117	5430.320559	103
81695	223	5395.294602	106
81770	267	6732.371326	136
81702	100	5120.834906	100
81685	160	402.6132525	11
81693	12	10222.71203	154
81774	267	4710.210389	99
81730	263	5204.276416	99
81775	233	11007.56198	181
81735	5	1535.569564	27
81775	66	5232.472742	119
81708	102	5417.331504	97
81720	170	4298.258752	79
81734	218	7297.253267	134
81745	231	6012.79246	123
81723	247	7312.214657	139
81770	226	7239.301687	153
81769	147	7992.783532	170
81739	63	4426.707793	80
81721	85	6645.216779	114
81746	78	7273.481209	130
81750	31	8154.95997	144
81775	172	6645.821978	140
81723	114	6681.526821	109
81734	115	6077.165059	116
81723	43	5897.713629	111
81774	49	7053.405388	160
81768	68	10005.71352	370
81701	243	113.3205538	2
81685	188	291.9575433	7
81726	151	6396.282455	119
81771	247	10260.67392	179
81692	48	6683.558787	127
81774	4	9764.70653	154
81688	157	6050.743899	126
81718	81	6532.803898	116
81693	262	4446.384729	99
81687	71	3300.328589	70
81709	230	2008.717167	40
81671	158	63.94674118	1
81692	94	6944.202257	115
81735	63	883.0650643	19
81721	8	9823.489534	149
81775	39	5322.582549	122
81755	201	3914.490065	68
81702	67	4596.826744	92
81708	181	6310.482621	109
81709	9	1608.377944	34
81749	136	3065.476118	61
81709	233	3390.748866	49
81751	133	4178.105285	83
81720	163	6984.084225	119
81738	203	6958.320436	129
81750	46	9131.09008	160
81694	94	3500.710457	64
81695	216	3993.742988	69
81726	190	5785.726946	110
81775	109	6658.345898	134
81771	42	8445.530952	147
81738	183	5822.935874	117
81711	52	6261.288875	111
81712	245	3867.324538	73
81743	267	4660.434055	98
81713	38	4872.798804	106
81676	109	14.5709016	1
81704	269	54.72409188	1
81754	124	5381.958569	105
81760	264	6443.15834	125
81747	32	5634.143345	101
81686	70	3935.816171	80
81708	51	5622.607344	95
81713	209	7703.157635	132
81710	3	2231.175176	29
81724	6	8216.285733	136
81691	267	4638.474244	96
81775	106	7284.939164	131
81760	179	14341.23393	235
81738	153	6695.073808	140
81696	219	4581.768244	79
81720	10	6250.637364	108
81734	249	6577.194542	141
81761	142	9538.273435	175
81736	81	5217.590491	105
81706	179	7665.749382	104
81699	158	2841.685525	59
81663	211	23.80612937	1
81688	16	5243.719691	103
81746	67	6635.342126	124
81758	153	6600.433511	132
81690	116	6035.692549	113
81695	10	6299.805296	106
81727	186	2635.003912	48
81723	129	5699.070793	104
81762	220	7784.798492	160
81738	27	13007.00532	167
81735	175	1507.350962	30
81771	155	7329.480475	149
81737	141	7358.26653	140
81760	162	8100.946459	152
81767	183	6972.204319	136
81719	252	6319.978104	115
81758	200	7462.706364	150
81736	268	5191.770554	115
81727	234	2839.071134	49
81750	174	5525.106878	122
81759	158	5671.859457	129
81743	44	7846.697093	150
81703	207	15.98341718	1
81716	65	6891.642313	133
81685	264	717.864837	15
81755	244	3235.856505	64
81714	253	5955.330156	104
81725	166	8216.262507	149
81688	198	5579.870121	108
81699	157	2522.97994	53
81718	9	5875.777716	106
81710	241	1688.698201	30
81754	132	5117.575656	104
81747	250	2654.531718	64
81771	44	6454.216837	139
81688	4	9597.258285	143
81749	214	3134.584326	63
81747	222	3634.620211	85
81694	49	3620.91552	64
81743	200	7366.621501	142
81769	124	5170.576815	104
81765	261	6291.919498	129
81747	41	6391.540837	101
81688	31	6533.809214	124
81703	80	23.68350164	1
81723	15	7255.783657	142
81753	130	6722.842626	135
81721	117	6462.313046	114
81757	242	5030.10142	123
81758	18	7234.055309	131
81711	215	5689.344031	103
81732	258	5083.210096	121
81718	112	7022.897977	121
81768	257	5685.073092	111
81691	195	5641.63214	107
81671	169	81.11607896	1
81714	79	6491.271364	105
81690	92	4088.842596	91
81708	79	4905.538609	93
81713	86	8262.003853	122
81759	41	9639.29876	129
81721	182	5848.336043	114
81775	130	5836.307984	127
81759	263	4867.038036	96
81747	148	4444.127979	95
81746	151	8292.414121	154
81692	57	5752.555241	120
81769	77	8767.676674	153
81745	109	6345.246688	112
81770	145	6684.304559	154
81763	203	7639.364003	141
81721	163	6568.267614	127
81765	18	8190.990529	160
81775	201	7130.769939	149
81736	82	5764.91637	108
81775	15	7285.784252	134
81754	93	6947.376793	127
81693	166	7111.338183	137
81768	33	8335.578329	145
81702	62	4844.513692	90
81758	241	5537.410277	108
81692	77	7906.822198	119
81750	186	6652.209006	140
81761	258	5723.899957	114
81707	155	5165.823501	91
81747	128	3692.172301	76
81691	92	4271.030935	94
81712	213	3138.597949	62
81736	160	5280.008031	131
81686	103	3454.8636	71
81769	1	7926.140877	144
81756	191	5446.251573	110
81741	263	4820.760505	98
81707	149	5266.181154	113
81702	96	4721.160977	97
81733	207	5642.23711	123
81711	37	9578.400375	152
81690	127	6903.76787	120
81684	69	12.00039347	1
81700	41	34.56692327	1
81727	9	2223.705372	43
81745	15	5920.398669	110
81690	12	9097.976949	136
81710	142	1882.449912	40
81741	66	6308.7168	142
81762	11	8657.500983	152
81711	109	7969.132413	112
81715	143	4575.023379	102
81717	70	5974.563268	117
81697	41	8915.940357	125
81695	111	5569.317341	91
81761	184	5092.257021	110
81763	116	6891.083832	120
81671	210	21.77077987	1
81775	113	6621.84475	136
81712	146	3881.104172	84
81728	159	16.9639407	1
81696	114	5242.003483	85
81732	43	6664.588425	125
81693	72	6845.224603	123
81749	119	3988.482841	69
81704	263	16.19533938	1
81735	152	1820.532563	39
81773	155	7459.669415	160
81754	191	4590.8783	113
81713	270	4845.890368	85
81697	36	5556.322061	109
81704	2	10.70848289	1
81737	173	6770.993552	135
81775	258	4721.535842	110
81671	168	68.23000087	1
81725	59	8519.915058	143
81704	3	33.45248529	2
81738	69	9792.498603	154
81687	13	7693.838316	113
81669	28	60.6672034	1
81761	177	6747.1607	142
81775	77	9064.404636	145
81687	185	4352.8338	83
81775	73	7938.469578	139
81739	249	5330.232029	100
81751	101	6900.905561	117
81724	232	5563.119995	111
81669	29	10.81919625	1
81727	153	2786.181051	57
81742	3	10899.63758	174
81752	209	6765.017399	125
81769	185	6422.61624	124
81733	270	6864.091204	127
81756	2	8881.734981	154
81755	54	4001.98561	72
81749	153	4147.595151	80
81769	152	7735.082061	156
81756	4	9960.854755	163
81770	236	6295.22325	114
81762	267	5501.019259	120
81744	4	8400.005782	140
81772	139	4657.829348	95
81723	160	6726.881168	128
81741	44	6166.332373	126
81742	210	9654.968089	150
81699	37	4114.595539	57
81741	236	4905.363202	91
81748	258	30.7748745	1
81735	215	1050.228887	25
81742	230	5290.581127	102
81691	265	5843.79343	112
81740	82	6061.363032	116
81692	212	5961.748177	108
81750	216	6948.254874	133
81723	208	5334.474397	100
81766	44	8241.458264	149
81710	31	2004.6173	31
81758	246	8462.93084	149
81750	192	7684.227523	140
81708	202	5378.811594	113
81686	21	4497.450805	86
81747	6	6335.427146	108
81742	90	6261.11662	125
81734	34	6635.148713	131
81687	138	3766.444311	75
81705	17	29.34149692	1
81756	176	7046.531386	141
81697	202	5284.665006	104
81735	202	1323.467215	22
81745	134	7467.115316	127
81740	193	11351.21845	160
81674	128	10.88271672	1
81731	129	5702.974024	104
81749	171	3430.082135	65
81740	109	6914.32956	125
81759	14	7657.633135	142
81719	267	4684.241066	89
81708	2	7195.592102	129
81767	101	9217.527104	139
81697	82	6647.434865	109
81746	129	5308.414306	107
81688	62	5567.148476	107
81713	93	5992.654725	96
81760	110	13303.19598	180
81686	141	4540.407694	86
81730	271	4701.78517	84
81709	223	2115.700048	47
81764	39	7376.379095	148
81701	52	187.2545002	3
81728	198	20.06884085	1
81744	238	5089.177183	95
81739	165	6814.832593	127
81695	123	7351.294798	106
81719	127	6676.966874	122
81769	142	10146.12311	179
81713	256	5376.658746	102
81721	153	6334.332913	128
81749	61	2430.551819	50
81707	161	4703.78488	108
81711	194	6580.653355	131
81772	51	6670.103077	135
81718	197	6441.693765	128
81740	140	6328.580532	114
81753	33	10008.62982	150
81752	47	6324.317352	135
81747	207	3988.675774	86
81766	46	8791.982348	143
81771	262	5951.845123	120
81755	163	3354.606431	69
81721	121	7151.541529	107
81713	149	5840.502169	125
81773	78	6045.948262	113
81722	34	5964.48299	104
81760	33	11031.33802	166
81709	222	2367.308854	41
81708	206	9251.286134	157
81721	65	8607.357496	145
81724	163	6039.581731	123
81768	35	7047.599578	133
81716	157	5735.690225	128
81698	179	11958.45993	191
81701	235	214.0137902	3
81762	150	5652.230768	131
81702	228	3905.697973	82
81772	34	7377.29266	146
81718	2	8288.320762	153
81757	269	6086.586311	128
81699	240	2507.91534	53
81716	120	5690.385822	103
81756	123	9578.609953	144
81762	36	6602.818637	130
81730	94	6171.607805	116
81723	134	7365.452328	129
81769	213	6718.20064	141
81726	215	6346.568269	118
81714	96	7310.733431	106
81693	15	7024.529436	127
81720	122	4790.675338	81
81722	117	5702.229199	101
81714	233	11958.36824	162
81721	6	7190.786977	130
81754	77	7249.170765	110
81683	261	10.6493906	1
81768	249	6303.847085	129
81722	147	6869.433804	137
81709	192	2039.567642	33
81762	112	6292.546252	120
81757	203	6066.735179	122
81691	29	8375.39337	139
81712	104	5380.757232	83
81763	211	4290.154202	96
81685	180	600.3060101	11
81749	261	3037.480923	58
81770	208	5889.467255	120
81775	158	5880.604128	145
81761	44	6090.994552	122
81718	192	6365.35888	110
81693	40	7857.717317	119
81732	152	6811.718978	136
81703	137	22.97331282	2
81774	160	6333.501904	158
81770	157	6091.5364	125
81717	225	6740.655368	112
81694	12	4428.030114	73
81773	174	5154.91827	119
81766	118	4895.224741	114
81709	63	1177.488082	25
81744	15	6329.905892	130
81702	3	7990.872019	137
81738	204	6651.391282	136
81687	205	4231.516651	74
81732	209	5780.219319	105
81747	147	4918.897826	98
81734	117	6963.485105	111
81695	182	3989.850942	73
81775	186	5459.89516	115
81724	180	4902.001149	98
81768	175	6335.459977	134
81726	245	6056.264508	117
81756	229	5793.154943	119
81764	184	7075.304153	138
81698	143	7147.077638	143
81747	160	4415.091729	83
81689	165	9145.199264	150
81753	154	7109.325486	143
81744	64	6278.873654	115
81749	78	3080.905501	64
81721	136	5332.45006	90
81766	220	5874.859489	125
81716	124	6119.397931	112
81775	249	5933.964039	129
81739	4	5487.0891	90
81775	135	7415.646963	146
81747	12	6574.698716	101
81733	32	6491.187561	119
81734	143	6050.651936	130
81761	241	5290.773789	102
81703	7	10.3424588	1
81730	1	9238.104747	147
81752	40	8163.542856	141
81775	250	5162.192906	120
81716	224	5069.982995	107
81712	159	3744.484954	86
81726	246	8139.026195	153
81725	127	7708.414486	135
81738	162	7637.037147	152
81692	228	4789.476697	99
81745	42	6551.411096	125
81732	91	5375.969761	110
81763	223	5978.612233	120
81749	60	2954.209309	57
81745	233	10703.0304	158
81685	68	814.8897908	14
81692	261	5243.623417	102
81721	69	8918.069255	122
81754	66	5755.639135	123
81694	112	3050.710426	54
81754	245	5995.910628	124
81708	112	5097.181879	92
81695	41	9138.486213	109
81706	262	2624.341942	62
81737	26	7449.985553	137
81694	178	3525.043139	70
81717	19	4430.892026	100
81693	167	8468.819286	138
81726	132	5104.58067	91
81740	21	4721.50371	110
81730	18	7241.3136	127
81733	249	6713.207055	122
81716	213	5201.560622	103
81708	180	5008.073586	104
81713	142	7681.893308	148
81744	184	7681.319695	149
81721	229	6460.123571	116
81710	130	1029.153903	19
81687	44	5053.806346	93
81733	152	5271.314609	114
81756	132	5315.220787	108
81697	161	6463.222976	115
81740	176	5941.31804	122
81759	148	6251.571793	138
81723	239	5517.456555	100
81754	179	12428.03368	181
81757	254	6963.51662	130
81706	256	1979.440696	43
81733	174	5374.422213	123
81680	69	14.69116217	1
81709	235	1461.801368	24
81752	266	6841.251587	125
81741	71	3926.077993	88
81732	165	8516.459668	142
81671	184	93.51442942	1
81695	131	5329.138897	94
81760	113	7116.568909	134
81672	27	20.49031088	2
81688	127	7251.354175	121
81763	42	7936.908938	138
81714	173	4293.690251	95
81696	12	5673.798919	96
81738	48	6692.172028	126
81751	194	5789.571265	114
81755	2	4153.715074	73
81725	186	6213.859886	116
81750	187	5392.757033	132
81755	3	5240.80647	96
81698	121	7078.617287	117
81690	120	6761.650695	111
81693	235	5445.419702	112
81712	4	5791.341909	86
81761	230	5541.537095	111
81734	12	10685.67453	165
81761	194	5964.478398	122
81701	259	86.74580365	4
81758	173	6472.677697	124
81754	31	7331.830249	140
81743	114	7870.624631	128
81771	264	6783.830667	131
81775	133	5805.388049	112
81761	158	6149.220201	131
81739	90	4674.329967	84
81733	14	6713.250893	124
81710	26	1981.979631	34
81733	17	7038.058623	126
81740	156	6759.887873	146
81713	45	6746.585311	105
81714	44	5924.854717	112
81759	271	5353.816738	103
81735	252	1164.158883	22
81727	71	1980.378981	46
81713	245	5794.480196	99
81760	100	7748.329159	142
81735	57	1332.957959	23
81710	96	2302.963454	24
81722	132	6057.408694	106
81698	182	6176.80899	117
81742	46	7966.470659	130
81744	200	7229.341706	148
81745	250	6788.185166	122
81725	68	6481.717712	119
81715	181	5610.267441	116
81715	41	9290.694485	124
81718	28	7293.378667	121
81711	54	7724.545081	130
81738	226	5714.302364	109
81739	37	7117.789922	113
81694	209	3388.226681	60
81718	198	6459.201915	118
81768	108	5976.34673	114
81768	153	6502.175887	140
81750	211	6862.24547	138
81693	137	8235.045503	130
81716	193	9072.099325	156
81774	219	5713.371468	121
81711	103	6860.423501	126
81701	108	44.88793457	2
81698	261	7468.341205	125
81728	12	10.82396739	1
81730	115	4784.301323	93
81746	224	5306.624666	122
81723	77	7101.073547	130
81713	10	6997.299512	125
81693	190	5671.229512	127
81730	199	4417.147869	97
81775	69	10596.87962	158
81715	245	4944.564271	94
81733	259	7664.821726	149
81708	19	4650.81372	107
81775	203	7395.045257	143
81709	108	2184.951045	37
81693	129	6541.344282	118
81709	184	1629.739072	34
81733	52	6404.070754	135
81768	31	7052.647984	132
81772	16	7227.339454	146
81688	218	4222.691611	89
81687	100	6108.63289	91
81760	250	5810.288959	117
81687	193	10581.67879	145
81714	187	4257.575952	98
81762	66	6520.132532	134
81697	81	6253.965502	110
81751	198	5260.528648	105
81710	9	1726.10458	34
81724	47	5917.149809	106
81764	153	6436.977336	141
81739	94	4910.383499	94
81714	109	6519.003934	105
81708	247	6340.075623	114
81735	8	3467.285516	45
81710	89	1094.449388	29
81775	155	6687.446527	139
81689	220	5597.45363	113
81767	56	6827.542862	128
81702	36	6035.220895	106
81698	140	8413.582391	131
81713	240	4739.077801	100
81746	38	6759.580201	131
81697	130	5103.888968	90
81698	228	5419.351946	103
81747	190	4639.952799	94
81722	109	6369.281003	101
81770	49	7411.761779	157
81724	178	7912.065147	143
81756	54	7159.688654	117
81706	162	3736.71921	68
81755	34	3197.237547	74
81761	75	7986.362802	127
81722	207	5534.591657	115
81687	248	4678.459969	84
81737	79	6436.6987	115
81767	65	6853.740903	121
81742	63	6575.234554	133
81696	250	4763.497599	86
81714	1	8434.537116	129
81722	209	6387.496584	106
81710	55	2338.624296	28
81735	88	2390.065446	33
81767	121	6868.84835	124
81745	85	7108.176608	124
81687	196	4945.60188	90
81736	237	5172.924337	109
81720	27	9241.762895	138
81740	3	8611.796131	160
81687	177	4198.0074	77
81730	29	7029.004036	112
81713	20	6673.276809	121
81689	185	4450.130696	92
81767	22	6336.907795	129
81677	193	20.78939747	2
81775	124	5088.445375	101
81686	37	4892.100388	80
81696	132	4304.475315	76
81760	253	8028.067755	142
81758	175	5465.778227	124
81691	207	5984.412209	121
81734	130	5405.662993	115
81688	256	4120.387705	96
81702	243	4062.621497	85
81711	247	7010.397049	138
81768	85	8189.228843	131
81690	193	13956.38677	184
81699	216	3365.25855	55
81751	77	7282.046812	135
81692	249	6027.896245	118
81775	234	5861.164446	114
81735	7	1621.440571	27
81759	65	7944.94417	158
81736	26	7097.266146	128
81737	160	6410.260083	141
81744	93	6391.3919	103
81738	45	8967.714371	133
81688	181	5257.25396	115
81702	202	5891.24893	118
81718	101	7689.479492	122
81759	34	6356.081304	115
81708	148	4278.672871	102
81731	253	4832.426822	98
81701	61	36.00534418	1
81733	242	4074.414175	96
81742	237	7642.656504	142
81724	201	5769.563016	99
81705	130	380.5533694	6
81726	135	7307.960782	120
81765	108	7281.259661	132
81712	190	3804.736605	81
81717	219	7867.933892	125
81696	242	4835.228889	96
81739	88	7639.691878	105
81739	18	5959.674748	114
81731	57	5390.230484	113
81775	22	6579.024566	139
81739	27	9185.389787	132
81731	66	4794.384145	102
81683	122	32.54784623	1
81714	219	5703.035792	99
81752	102	5821.777316	127
81759	173	8316.849928	163
81687	246	7306.659379	121
81746	96	7652.445039	120
81760	47	7939.30093	156
81762	253	6064.566995	122
81771	93	6994.417009	115
81740	90	5372.788492	104
81758	85	7234.186897	138
81707	57	5159.27807	93
81709	6	2426.660361	42
81701	121	40.6518147	1
81745	38	5694.893818	119
81716	265	6314.726017	118
81687	262	3656.326203	81
81772	121	7611.95841	148
81687	46	7047.855517	105
81761	220	5828.138167	119
81728	246	10.39758641	1
81759	185	6455.563455	130
81713	139	4213.432078	87
81758	174	6010.233869	129
81713	186	5317.017256	101
81734	203	6319.404581	125
81742	260	9083.556584	136
81690	152	6197.596301	113
81753	170	6297.957768	136
81722	195	6478.423625	122
81680	256	14.95387039	1
81755	66	2854.896486	58
81745	73	7063.100178	118
81720	250	5040.910329	93
81762	171	7380.384693	149
81740	100	3831.939587	74
81775	192	5317.432273	117
81734	92	5206.865774	112
81741	183	7206.977954	138
81686	191	3867.304848	71
81753	210	5271.959481	109
81774	210	8398.927205	145
81696	9	4857.928508	97
81766	51	7535.460083	143
81771	38	5917.894513	109
81745	140	7678.16157	122
81685	190	982.1174862	17
81732	166	6673.62513	133
81693	35	6779.839572	128
81688	151	6656.056796	119
81733	75	7963.145123	129
81771	124	4724.947277	112
81726	236	6458.805997	125
81752	125	3530.781546	89
81742	15	6470.198796	135
81770	222	6970.045344	140
81736	230	5983.241382	109
81685	132	582.6856396	14
81725	43	6618.684325	125
81724	7	4732.2004	99
81702	245	4416.304469	86
81775	145	6107.809947	137
81693	246	8472.806298	124
81761	54	8680.888374	143
81738	176	7234.807144	137
81689	238	5740.860074	104
81724	32	5928.952483	117
81753	104	7160.957531	121
81689	190	6006.740933	115
81763	94	5750.479789	113
81747	240	4624.013896	93
81713	148	5432.128226	118
81733	256	4794.345005	95
81708	199	7565.198438	134
81691	41	11735.47117	152
81690	32	6763.927672	122
81774	5	7516.325658	136
81747	180	4456.238666	87
81743	94	5648.534064	110
81774	61	7609.301604	140
81712	180	4436.537797	81
81675	137	30.62458715	1
81709	187	1446.406044	33
81685	108	810.7151015	12
81742	234	5681.534749	122
81687	255	4249.309111	80
81766	85	7249.214494	129
81741	99	7344.900833	128
81694	250	3389.222002	60
81740	111	5796.646154	118
81735	180	1156.351436	22
81753	19	5833.174729	133
81741	189	5341.58997	107
81723	218	5289.160121	106
81746	124	6279.869843	110
81760	165	11179.33591	197
81738	76	6454.262664	112
81733	236	4857.675938	95
81688	129	5004.78417	97
81725	243	5134.963865	108
81692	211	3858.871587	81
81732	198	6030.446738	128
81767	257	5257.996468	108
81696	87	5870.826544	87
81713	181	5866.434082	99
81742	170	7071.393304	142
81708	162	7238.88371	125
81692	64	6492.52255	118
81745	113	4343.520086	95
81700	256	40.53614196	1
81774	125	3745.896939	101
81762	29	7664.364587	143
81748	243	14.16688866	1
81750	48	7697.187231	161
81764	231	6102.963787	108
81687	148	4252.973609	101
81667	69	11.14903118	1
81756	199	8343.248976	149
81687	150	4155.637826	93
81713	117	5815.097163	107
81694	260	3834.169303	61
81717	204	5909.618494	118
81702	169	5741.981308	106
81694	35	4416.209053	69
81764	248	8529.628706	166
81720	218	4170.448928	79
81726	82	8037.915195	136
81724	120	5688.467732	107
81751	217	4924.617367	99
81766	25	7710.576901	145
81734	240	5755.039178	124
81695	60	4693.469772	88
81762	247	6971.008551	141
81746	86	8190.546753	124
81740	174	4073.062044	96
81689	222	5576.778241	114
81714	245	6639.331313	113
81733	51	7593.556916	135
81760	6	8486.435362	146
81721	176	7354.856035	133
81711	226	6920.702056	124
81698	137	8046.513237	137
81735	131	1111.583675	23
81739	1	7287.393911	114
81753	69	9125.840797	141
81751	80	4601.696397	93
81769	90	6449.270721	118
81740	24	5966.597264	121
81669	168	43.85513095	1
81726	114	6672.085763	114
81696	158	3702.327852	89
81773	57	6684.507338	129
81689	98	3771.653707	78
81752	161	5999.556387	138
81747	83	6334.124748	86
81690	165	7962.078165	129
81742	76	7896.136788	141
81669	130	12.87370254	1
81758	92	4308.594875	102
81732	6	7843.443662	132
81690	44	6662.755962	131
81753	52	5812.190797	126
81722	271	5236.473134	89
81694	214	4635.908862	78
81730	87	5419.827061	97
81737	5	7395.496263	142
81684	179	10.02626111	1
81686	86	4499.737628	74
81714	65	8947.228438	144
81757	184	7198.236446	146
81739	117	5678.569809	100
81723	172	6624.904997	129
81760	223	8715.685833	155
81736	130	4578.516511	89
81763	101	9006.890461	132
81671	15	80.54327349	1
81712	135	4630.336637	73
81690	79	5702.918048	102
81759	131	5953.631495	113
81688	70	4324.360509	91
81722	182	8314.810475	160
81717	258	5151.679146	102
81709	121	1496.117761	34
81766	259	7187.465624	131
81704	266	77.1101763	1
81709	260	3001.062018	48
81757	96	6791.788025	142
81739	228	4004.812133	84
81775	237	6159.149003	127
81726	250	4976.513967	115
81711	238	6323.65351	114
81742	106	5825.968525	118
81761	3	9215.224806	150
81705	70	128.0513241	2
81723	204	8760.763819	149
81732	121	5705.347026	101
81710	118	996.6764445	20
81671	9	102.4177431	1
81740	126	5382.561622	116
81756	23	11225.48473	189
81714	53	7118.865671	121
81759	99	7893.935905	132
81706	237	3337.632154	63
81731	53	7307.479204	137
81706	169	4060.690274	76
81723	59	6848.071913	115
81696	103	6025.65723	104
81751	154	5491.237587	124
81771	114	8769.874539	154
81761	271	4679.105544	83
81681	149	17.61937923	1
81735	76	1685.582362	31
81671	6	153.5357756	3
81730	34	6223.193934	115
81708	107	5050.251558	87
81727	61	2352.917107	49
81759	179	13631.88246	215
81754	253	4943.415577	95
81702	101	7978.693599	116
81702	161	4086.433222	99
81710	36	1386.455492	28
81725	207	4879.687276	111
81731	148	5196.794985	113
81761	238	4797.206655	106
81725	256	6442.9298	125
81753	236	5815.078552	109
81738	72	5753.131747	112
81724	62	4856.015786	94
81693	110	12667.68942	157
81708	205	5081.162922	101
81755	39	2535.716804	56
81685	177	434.0427575	7
81760	83	14744.74218	201
81707	4	5820.192974	101
81702	173	5289.156691	111
81756	233	10629.82874	156
81702	189	4856.497819	110
81696	145	5299.535249	106
81717	227	6318.513031	108
81741	39	6843.147211	130
81694	36	3799.574747	66
81751	37	6271.193037	112
81759	165	7794.619391	150
81698	116	7091.424164	104
81726	25	7154.841558	130
81737	152	6170.506347	137
81706	47	2652.38797	52
81751	5	7554.041914	122
81712	230	3772.41343	75
81714	162	7593.287451	131
81745	120	7136.412649	128
81685	227	993.5442705	18
81746	4	10328.50574	147
81735	164	1677.625311	32
81766	192	5714.871098	120
81715	133	5613.667671	108
81738	141	9410.949868	157
81716	0	9336.243723	116
81739	163	4579.899113	105
81733	108	5140.378431	105
81756	35	8024.113204	148
81736	108	4683.892265	95
81766	39	5763.892454	105
81733	200	6793.962091	128
81707	251	3823.374533	76
81692	38	6347.537403	129
81726	21	6279.054156	118
81699	92	1937.016907	48
81765	94	5869.172927	102
81751	53	6300.936578	113
81736	216	4934.758763	106
81767	115	6465.275601	135
81706	37	4103.771283	65
81726	223	8126.813125	157
81696	271	5244.016619	86
81705	73	42.47307134	1
81715	244	4930.303365	91
81711	45	9696.574042	131
81755	246	4064.88565	86
81757	270	6394.459671	121
81712	253	3640.713781	77
81767	106	8341.889306	145
81694	199	3398.098449	63
81721	143	5659.936146	117
81773	108	5419.489942	110
81689	79	5929.870873	105
81716	135	5688.921248	101
81701	71	76.99177829	1
81694	221	3679.18959	60
81724	49	5241.424772	115
81760	30	8241.246648	150
81690	233	10012.67684	126
81720	57	5360.612143	102
81755	267	3380.788404	69
81768	58	9351.55214	158
81712	60	4800.828282	89
81775	209	6089.178244	126
81731	115	6489.77661	119
81713	115	5330.641747	92
81696	139	3697.788426	72
81764	256	7125.052084	140
81675	152	15.40809761	1
81768	264	6175.883076	133
81746	66	5608.463803	109
81724	205	4918.294577	101
81699	1	4625.867201	61
81718	256	6382.863761	113
81715	190	5962.701094	114
81702	57	5184.161029	108
81696	212	4758.856563	85
81717	20	5424.679383	107
81726	58	8258.82107	136
81752	95	6625.829694	117
81756	166	5219.792567	125
81742	191	5809.865782	124
81770	82	8336.599279	142
81716	229	5269.17853	99
81772	46	8875.811827	137
81701	23	20.79891823	2
81692	170	5466.653509	116
81701	220	47.14257671	1
81774	56	7420.870658	141
81731	245	5573.368647	118
81694	220	3214.347716	54
81731	187	4398.652432	104
81715	166	6346.036172	115
81723	26	7520.769861	128
81741	11	9032.419897	162
81753	30	8837.739889	166
81752	55	10945.36297	149
81765	159	8161.454939	178
81742	217	5174.312958	102
81727	103	2531.155087	45
81764	169	7987.734027	145
81769	201	7684.724881	155
81706	33	4077.851106	65
81741	122	6679.986864	121
81775	210	7752.529942	136
81752	153	7910.079174	147
81692	2	7574.395806	124
81692	270	7170.415815	143
81699	63	1923.130314	36
81749	172	3062.444743	67
81765	157	6373.326508	134
81764	164	7309.722759	148
81727	245	3109.640892	57
81708	53	6357.861452	110
81761	173	5642.096865	113
81724	17	6212.73431	116
81688	94	5928.949135	105
81697	34	6552.388147	115
81735	104	2757.173862	42
81726	183	5905.405701	115
81734	189	5522.76678	132
81702	240	5497.317376	95
81765	99	6988.963285	122
81685	46	849.336605	14
81688	46	7693.441924	120
81744	89	6609.076168	128
81759	245	6195.977697	125
81754	202	6823.112038	132
81717	78	7552.693168	122
81723	124	5996.544388	104
81691	128	6810.427877	123
81671	175	38.49355122	1
81736	264	6262.759162	109
81747	127	4858.878644	77
81723	233	11039.7838	165
81705	11	121.3244396	2
81759	164	6753.431709	130
81744	88	8506.049522	142
81741	166	8251.208358	152
81727	264	3587.278418	58
81711	104	7433.328496	126
81710	129	920.3872841	23
81715	68	5894.433115	116
81732	21	6736.937591	126
81679	56	98.20411542	1
81714	172	6139.932989	111
81692	224	4900.023299	103
81746	125	3633.97221	86
81686	241	3691.93067	69
81691	135	7738.016913	117
81774	57	7410.511478	149
81723	12	9150.08819	150
81738	9	6634.076411	134
81737	24	6451.631663	127
81759	198	5794.378501	127
81741	117	5835.941615	116
81743	113	6373.618181	130
81722	145	5622.102523	122
81742	161	7750.143392	144
81722	1	9738.767864	157
81752	200	10246.79516	180
81757	262	5521.798452	117
81735	253	1314.433205	30
81772	35	6869.206792	151
81699	247	2999.714236	58
81760	237	7054.347478	150
81741	58	7490.889314	121
81769	193	13519.9994	197
81768	178	7998.690207	150
81739	20	4753.632212	109
81762	199	6586.817076	124
81689	74	6792.444082	108
81694	243	2736.440221	55
81736	30	6913.548513	122
81775	118	4642.216961	114
81736	150	4985.163564	120
81755	6	4168.24602	74
81756	156	6845.022	142
81712	199	5254.665799	94
81751	63	5182.050341	103
81742	145	6567.93092	145
81751	83	9568.429914	150
81722	13	10350.64337	141
81719	45	8004.39056	131
81736	222	4488.698407	92
81714	166	7204.303035	139
81771	108	6783.843197	135
81734	247	8562.490193	148
81718	134	7360.926353	129
81725	181	7753.212798	145
81761	243	5156.941288	107
81691	110	12077.16382	147
81747	48	5978.774054	106
81722	59	5867.865433	106
81713	108	8088.605444	140
81706	181	3750.936861	72
81698	126	6479.071048	127
81694	100	2771.429007	51
81697	95	6566.048169	93
81706	42	3626.494445	65
81717	9	5680.308761	116
81682	179	11.82286459	1
81757	234	4500.679763	95
81747	31	5537.33934	99
81749	38	3216.257265	52
81762	131	7073.472011	127
81764	34	7052.371496	135
81701	233	299.0339403	7
81735	216	632.961268	14
81766	139	3701.166523	77
81750	112	6590.580288	121
81693	6	9231.46942	150
81722	103	5656.890139	113
81718	246	9000.976929	147
81733	176	7174.706279	133
81768	173	7856.506379	161
81738	158	5667.71772	137
81767	221	7766.449978	136
81764	226	7013.641587	137
81703	212	35.20550966	1
81735	45	1910.344332	35
81764	205	5994.074613	147
81745	162	7190.991824	132
81671	32	73.00299089	1
81714	28	7131.468946	122
81701	77	14.1104152	1
81690	191	6272.566836	126
81685	66	443.743053	12
81711	85	7727.893463	120
81696	53	4595.172413	84
81750	265	5878.340082	122
81701	109	63.75547818	1
81716	257	5329.662717	96
81711	90	7326.624936	122
81757	62	6513.021259	125
81713	83	9729.520584	140
81775	211	5370.251984	120
81751	137	7189.014315	112
81757	110	12385.60858	154
81725	152	8463.459843	163
81715	25	6679.413362	119
81693	95	7193.666597	110
81758	80	6158.733747	121
81763	17	7035.369616	124
81693	140	6652.10868	107
81756	117	5545.42334	106
81725	165	9623.663234	163
81727	44	3083.394327	56
81754	99	7656.211131	130
81696	39	3953.726159	87
81744	117	6548.818032	117
81765	270	4841.468346	112
81717	77	7376.939798	125
81691	97	11201.0845	160
81766	80	5753.619	107
81719	143	7732.339982	159
81694	190	2476.420885	59
81732	185	6523.196374	126
81715	144	6187.061194	123
81775	8	9543.857533	167
81744	52	5824.547812	117
81761	239	4859.529552	95
81731	153	5771.828684	120
81766	232	7536.845433	134
81688	186	5993.022984	124
81747	54	4929.537057	89
81770	84	7106.517436	140
81749	269	2246.847885	45
81770	190	7563.724412	134
81723	31	6948.82077	137
81733	89	6766.13285	124
81746	62	6343.524119	130
81719	17	7915.223256	135
81728	240	13.03101682	1
81737	35	5587.994795	110
81708	141	7351.508171	128
81713	52	4429.310814	91
81692	96	6132.580762	117
81699	244	2227.330315	47
81716	186	5939.197135	119
81758	129	5718.728609	120
81733	134	6087.742592	114
81730	82	6451.146797	117
81709	167	1743.637577	38
81714	258	4915.35767	92
81757	241	4819.928869	105
81735	170	1621.497473	34
81749	35	3503.001617	65
81698	247	7929.552412	143
81713	261	5777.372195	113
81769	146	7308.407284	167
81774	66	4786.12067	112
81734	0	10221.89253	133
81743	237	4146.868916	102
81759	206	13353.25714	207
81718	34	6790.114255	120
81744	114	7112.356369	131
81689	248	5599.982236	89
81698	242	4611.160436	108
81771	153	6774.747748	157
81688	190	4149.237753	104
81775	110	11959.34484	154
81774	198	7470.832976	146
81752	61	7262.299197	141
81686	159	4988.49884	92
81725	267	6273.565343	133
81752	75	8390.655329	128
81729	238	93.96949933	1
81718	133	5711.983511	104
81697	271	5155.806	84
81749	162	3606.078116	69
81715	22	4794.587308	101
81696	231	5376.23715	97
81775	197	6692.74276	157
81699	84	2960.687135	42
81776	106	78.12929219	1
81744	258	6117.774953	125
81760	105	6697.732328	130
81772	108	6484.562267	132
81734	192	5834.16562	112
81709	32	2314.638881	43
81726	237	5982.050607	114
81773	145	6414.779177	152
81715	237	4475.186801	91
81691	249	6965.457648	122
81708	128	6212.181855	110
81708	0	7692.32441	99
81747	243	3789.801355	78
81708	173	5736.283588	107
81711	50	5185.048487	97
81715	270	5785.557757	109
81720	41	8212.661695	115
81743	164	6940.45762	133
81741	55	10845.38384	167
81775	0	8668.86521	118
81702	164	4977.743686	105
81734	56	7583.146263	138
81746	235	5869.384067	116
81701	80	123.3698112	2
81750	100	6301.644733	107
81715	230	6608.576127	109
81709	59	3102.866073	46
81773	65	8320.13387	156
81768	146	7150.778025	158
81706	100	4093.043458	63
81753	152	7688.800922	161
81763	18	7101.810587	129
81739	151	5583.536026	106
81732	14	5368.793097	97
81695	178	5095.279696	97
81754	54	5977.052378	116
81713	231	7529.286892	135
81764	214	7078.084802	132
81730	251	6438.130872	111
81689	10	7136.628421	125
81688	180	4922.394545	103
81694	255	2426.454362	51
81738	38	6118.758283	126
81739	116	4031.331733	83
81687	256	4509.988255	86
81725	97	14357.59853	152
81730	242	4053.661046	101
81702	142	8103.350029	152
81685	163	429.1261628	9
81772	231	8052.141872	154
81772	168	6564.407136	148
81734	4	8953.545091	150
81732	22	6505.195366	129
81746	88	9244.130209	147
81730	39	4226.090792	92
81763	91	5669.408285	115
81698	214	6729.599435	125
81712	145	4406.077127	93
81687	190	4945.39095	94
81701	215	63.06821335	1
81759	176	8924.944626	166
81705	191	25.75005772	1
81732	102	5374.370696	108
81717	171	6737.340282	124
81744	48	6446.83742	137
81693	259	7741.099836	144
81761	45	8897.018693	150
81770	242	4843.600433	95
81669	102	16.11730636	1
81772	224	5760.666238	123
81725	259	7505.76177	135
81665	249	34.04572696	1
81765	25	7998.814643	152
81757	38	5787.11469	130
81774	203	7595.918357	140
81720	42	5947.484207	100
81696	236	5130.861971	102
81760	138	5981.4317	114
81724	149	6186.398571	133
81757	170	7076.52799	140
81728	128	17.77113359	1
81714	198	6016.712538	122
81753	128	6447.985344	132
81701	165	37.66601419	1
81721	5	7837.204072	141
81750	79	4934.875538	100
81698	226	8584.979513	135
81767	123	8904.91062	135
81686	25	5055.540037	110
81699	46	4061.56321	60
81730	97	10543.41214	153
81762	228	6806.979288	145
81774	201	7053.471682	142
81742	82	6862.242801	131
81761	12	8100.730866	136
81721	134	6383.58576	112
81734	128	5059.043423	109
81734	155	6922.182518	153
81691	242	4730.659244	100
81737	256	6360.372057	109
81746	167	7520.522068	147
81739	179	10031.44867	156
81743	14	5350.022303	109
81690	202	4291.145454	87
81766	21	5962.193524	119
81755	219	4375.439355	79
81752	70	5489.409095	124
81688	253	5328.148932	111
81709	103	2148.943356	40
81747	232	5061.461968	89
81729	220	94.74797825	1
81695	98	3993.138477	74
81684	29	38.35212577	1
81752	252	6151.675444	125
81695	139	3215.331275	66
81696	113	4318.723072	77
81749	55	6419.193216	88
81722	150	5753.720478	121
81713	241	4049.663285	84
81769	175	5848.400589	134
81709	164	2175.493296	41
81718	48	7223.904475	131
81685	167	690.0367133	14
81698	128	5093.427981	103
81751	108	5554.641922	104
81706	13	5676.527084	91
81752	154	5985.457439	132
81697	203	5529.16951	101
81706	191	3481.569097	72
81770	117	5782.470639	108
81770	143	6783.523079	152
81753	245	6343.604063	117
81751	203	5575.555423	119
81753	42	5981.400645	124
81738	152	5960.448615	129
81726	116	6772.02132	127
81734	87	8569.383804	147
81721	234	5675.563216	104
81724	8	9805.947904	137
81696	241	4411.747524	101
81737	143	8469.902972	168
81718	132	5666.250075	109
81756	66	6082.415486	134
81712	156	4343.782132	84
81733	192	6776.460683	118
81731	9	6455.951092	143
81750	152	6482.493151	141
81717	82	7205.489748	129
81730	167	5352.296791	116
81753	265	5155.275725	119
81766	257	6139.85148	113
81766	260	9515.851605	138
81748	179	75.88945691	5
81738	236	4830.248759	93
81712	265	4256.918856	76
81758	68	9754.819762	320
81723	167	6228.462229	128
81722	128	6990.949814	127
81685	111	904.7348439	16
81749	226	3713.098279	74
81734	53	7022.976356	113
81686	89	3965.478949	71
81750	157	6689.7874	145
81749	56	3616.338402	69
81769	194	6901.990399	140
81744	202	4792.559115	101
81748	120	13.33534063	1
81717	86	8471.658166	127
81763	111	5973.832126	115
81691	263	5855.665012	123
81753	95	7229.818673	124
81735	191	1530.660023	35
81753	65	7774.081162	143
81721	251	5530.272912	111
81689	169	8760.230064	141
81742	53	7958.969608	139
81722	171	6386.237696	115
81661	267	16.54030354	1
81733	99	8336.982625	134
81661	150	22.82615014	1
81732	60	6577.065045	121
81763	58	7903.531227	129
81756	63	5948.01099	119
81706	58	5073.915741	80
81747	16	3619.088787	73
81685	101	440.4393301	9
81731	63	5486.932873	113
81745	70	4521.886179	96
81720	145	5318.145614	118
81772	200	7247.433257	153
81746	56	7598.982202	137
81662	204	13.77836847	1
81747	76	4372.304079	79
81709	86	2839.093587	40
81709	207	2636.504495	46
81755	166	4247.638355	81
81729	206	182.4316221	16
81770	163	7635.066208	142
81712	75	7625.243579	102
81745	212	6076.47824	124
81762	123	8851.342749	142
81743	242	3753.699312	88
81688	271	4229.932866	76
81744	23	8341.429502	151
81740	87	7678.735548	121
81695	13	8551.926668	115
81749	88	5311.609686	84
81693	61	7647.271254	126
81690	50	6829.457906	126
81718	120	7160.258928	128
81775	51	7271.747525	141
81759	1	8971.542232	159
81685	129	834.3450504	18
81740	12	8915.78221	159
81708	41	8415.808558	121
81697	80	6812.546423	115
81716	225	5559.87324	111
81766	172	7798.966253	155
81714	134	6443.425296	120
81687	247	4889.877214	83
81744	118	4489.805953	108
81696	60	3936.098011	81
81734	202	5435.024292	110
81685	122	1250.03405	23
81719	15	7239.01442	126
81745	268	5650.018349	105
81775	168	6292.828612	133
81692	23	10028.67368	160
81766	33	9997.03692	156
81745	130	7537.31655	145
81724	213	5292.933161	104
81693	191	5749.131131	120
81743	32	6786.254254	120
81767	216	7494.052293	136
81717	5	7440.458345	139
81699	159	3374.772203	58
81688	91	4408.914682	94
81702	150	4521.400215	108
81686	139	2705.879236	57
81738	93	8571.626548	132
81758	78	7437.476968	122
81762	96	8291.614699	142
81726	180	5669.758333	122
81702	190	5425.378037	106
81744	177	5667.149666	123
81740	245	4255.467814	97
81690	239	6280.241766	114
81699	33	4890.80183	67
81720	129	4929.377189	100
81770	47	6373.184715	128
81763	175	6259.499098	127
81691	19	5547.553935	114
81685	115	650.918528	15
81690	181	7872.208286	128
81685	55	916.9062264	21
81743	62	6256.29513	127
81734	188	4726.26054	120
81727	255	1825.078317	44
81717	114	6748.148122	121
81727	19	1939.835786	39
81701	261	219.1841796	3
81704	64	10.35574616	1
81764	23	10585.32425	189
81733	12	8021.150381	138
81710	52	1630.455651	26
81764	120	7062.022037	126
81760	104	6848.23055	132
81753	26	7011.722805	140
81760	40	10974.10101	183
81775	174	5292.011672	124
81691	162	6767.114525	134
81758	88	8249.127616	134
81770	144	7606.352803	164
81732	112	6247.482547	126
81754	78	6720.94966	117
81702	95	4990.107	85
81769	46	10003.63059	168
81735	264	1477.742754	27
81681	27	10.82940018	1
81750	54	6366.693767	123
81727	203	2407.722335	44
81710	180	1313.986493	30
81767	11	9122.602309	148
81709	155	1215.214637	29
81715	160	5872.111953	119
81726	109	6345.879054	105
81760	12	11125.07013	187
81758	122	6653.571896	123
81720	110	8589.938483	107
81761	201	5343.205712	123
81744	128	5177.621168	111
81697	169	6755.631372	126
81723	115	5470.931933	106
81766	30	7581.048095	142
81709	196	1482.445523	26
81741	75	8281.607725	134
81744	106	6827.14286	139
81724	251	5003.244754	94
81710	271	1401.76163	23
81750	17	8036.994174	146
81723	219	6242.855009	114
81693	243	6500.524232	117
81714	108	6448.236863	115
81693	152	6883.606218	135
81712	123	6665.371157	101
81724	92	3771.776361	79
81747	81	4480.133476	93
81731	114	7456.310876	136
81727	23	4413.095632	69
81694	113	2940.557822	53
81714	25	5600.089093	97
81738	126	5745.145385	117
81733	21	6909.819738	127
81715	199	6939.985232	113
81775	176	6605.886165	142
81735	81	1846.785872	32
81755	102	4453.895338	86
81765	176	6556.45126	133
81699	47	2831.274712	53
81710	159	1498.277636	26
81738	10	9257.18737	148
81687	167	5736.172068	113
81705	2	136.2225948	2
81713	127	6382.752803	119
81754	105	5785.215883	116
81720	212	5321.94763	96
81763	248	5945.903115	117
81688	32	6308.963317	110
81725	93	7905.866428	125
81754	171	6357.6644	127
81734	213	5188.739052	110
81768	197	6692.869856	138
81688	109	6394.302181	97
81707	207	3920.625194	91
81727	65	2781.96586	56
81719	100	7145.254732	116
81720	243	3968.749027	82
81727	240	1346.457802	29
81726	169	5839.350367	117
81677	210	39.25372127	3
81724	158	6423.756152	126
81726	145	6487.987453	140
81775	35	6574.625075	126
81763	270	5634.138989	108
81757	114	7809.798945	125
81730	156	6807.508749	139
81691	15	8332.013421	127
81703	206	138.3963485	13
81695	90	4394.303983	78
81714	218	4582.607718	95
81690	206	12943.469	196
81773	185	5752.727411	127
81772	9	6943.256109	137
81738	106	6242.075869	116
81720	101	7111.303241	118
81750	189	5922.163027	121
81695	36	3842.174493	80
81756	119	7612.323868	138
81750	28	7762.385207	140
81736	243	5624.147134	107
81713	217	4964.870619	121
81761	179	11195.33216	183
81722	73	7390.24474	121
81714	185	4970.104941	102
81756	10	8969.373395	150
81708	6	8104.692352	129
81738	65	7437.698356	125
81699	238	2212.556465	40
81768	205	5946.561497	130
81705	142	48.41336447	2
81693	153	6794.451478	134
81710	147	1384.729165	32
81668	87	14.16140485	1
81696	218	3793.411998	67
81766	160	5776.843434	139
81754	172	6650.463741	129
81709	139	1497.039486	26
81760	15	7882.250026	152
81772	67	7192.350221	151
81709	255	1918.895875	36
81720	5	6418.169144	112
81740	231	6427.04759	112
81749	84	3545.405865	71
81739	252	5041.507836	99
81689	223	7173.674262	122
81723	106	6900.39814	117
81686	143	3964.06777	86
81736	103	7825.976655	134
81733	4	10371.4331	153
81710	178	1970.060353	36
81755	45	3686.67962	64
81713	159	5972.858966	117
81722	249	7285.411099	128
81750	129	6262.86143	152
81742	10	7324.853259	133
81673	131	10.37646677	1
81695	8	8239.204201	121
81739	171	6172.1183	111
81707	114	4686.8362	85
81753	102	7257.274431	138
81753	215	5703.741629	112
81766	61	6843.105491	130
81744	256	6404.17678	134
81743	148	5958.126208	132
81688	174	3882.402584	96
81761	123	9090.584886	134
81743	160	5974.415965	137
81766	144	6671.370326	140
81697	38	5108.063003	108
81766	69	8514.583956	141
81725	217	6219.346457	115
81742	112	5612.374652	106
81686	6	4386.463128	80
81690	197	5655.751177	108
81755	193	5558.21553	84
81744	74	7193.182316	122
81757	232	7625.773246	139
81716	35	5098.918983	101
81744	53	7197.903647	125
81772	99	9895.753432	150
81722	47	5958.528268	113
81767	147	5385.788405	125
81773	84	6903.504669	132
81736	142	7166.637076	136
81711	174	5444.140528	109
81706	15	3850.42992	74
81742	173	5541.10371	128
81758	6	7308.803941	139
81774	129	6672.803424	143
81727	104	2657.886824	52
81716	51	7245.525582	130
81699	16	2391.093957	44
81737	30	9446.515293	156
81722	219	5605.180157	107
81734	91	5971.62785	124
81732	133	5415.960874	105
81693	55	12320.07742	152
81720	92	3632.788392	81
81687	199	4671.205711	80
81695	42	4234.841468	91
81730	7	5394.721179	107
81691	224	6554.881987	117
81709	245	1668.931316	27
81715	66	5141.579389	102
81737	65	7067.846249	135
81717	233	14466.52807	177
81708	13	9759.73308	136
81771	76	8511.438367	146
81751	85	5639.12914	111
81717	80	6908.194014	123
81752	206	11862.96522	200
81759	93	7089.560308	116
81705	146	34.36775262	1
81725	92	4926.493266	109
81685	166	587.0700188	11
81719	27	13673.0672	189
81716	162	7113.209727	131
81695	243	4119.988972	74
81749	167	3897.45319	86
81760	155	7367.926724	144
81722	172	5247.410571	96
81774	207	5814.867961	132
81725	13	12454.88494	178
81713	154	6771.085658	147
81715	103	4842.434649	89
81692	130	4653.567969	83
81706	154	2604.577475	55
81664	80	14.5958447	1
81743	134	8497.153134	151
81766	224	4779.120299	114
81763	20	5741.369206	123
81731	265	5918.924071	129
81691	136	6521.510567	126
81764	29	7789.198748	146
81764	156	5974.932922	125
81692	264	6683.389826	113
81699	227	2453.002394	46
81683	11	24.13406864	1
81751	209	5213.383959	97
81705	194	11.0909217	1
81764	102	6219.359837	131
81774	11	10271.22819	158
81763	127	6407.699881	113
81743	216	6452.658297	118
81714	254	6388.94626	127
81759	26	9465.411917	170
81771	137	8076.801918	133
81694	161	4195.84399	75
81702	69	6670.108143	100
81741	109	6586.374364	109
81775	17	7747.341813	141
81717	87	9663.428817	146
81743	229	5288.986255	113
81726	188	5406.467928	125
81758	36	6602.556154	135
81733	110	12841.84266	163
81691	182	6161.240217	125
81717	228	5727.675324	114
81759	121	7302.092119	129
81718	257	5015.971952	103
81729	77	21.51131497	1
81747	94	3478.738701	74
81752	248	7474.691391	137
81740	128	4801.194402	109
81735	176	1366.347008	28
81685	186	408.35127	12
81747	90	3779.546601	72
81705	58	11.85963041	1
81714	208	3888.719968	91
81740	234	4862.474121	98
81697	262	5205.697314	104
81766	29	8991.472606	152
81701	240	27.69250313	1
81693	266	7992.690277	123
81668	46	13.58959362	1
81741	148	5937.725377	147
81693	218	5480.080974	103
81722	142	9344.799915	168
81717	264	6842.343889	115
81690	139	4452.399544	85
81745	151	7552.103265	143
81683	123	25.27569247	2
81702	216	4276.234996	82
81739	265	4358.064499	84
81761	150	5465.051956	119
81727	95	2440.401348	43
81736	202	4535.328898	101
81719	164	7704.839665	138
81763	260	8120.922332	118
81708	122	5597.837256	105
81724	168	5426.593505	115
81676	254	34.1122844	2
81717	177	5888.021005	123
81702	27	8351.4284	123
81689	206	9520.605375	146
81762	114	7402.030969	135
81746	60	5478.669144	122
81719	64	7968.843882	143
81730	106	6472.124601	115
81697	96	6518.726302	106
81726	163	7293.393017	133
81694	246	3236.412196	58
81772	269	6262.357386	133
81720	47	4658.958681	104
81719	0	9218.494067	113
81699	183	2328.395031	46
81772	261	6048.618438	129
81722	170	6987.306549	139
81716	93	5900.027434	99
81696	118	5057.4761	101
81693	229	6935.217307	109
81715	194	6772.612559	124
81737	135	8174.094462	137
81712	205	3955.664873	91
81738	209	6111.997663	104
81767	144	7435.270101	157
81727	119	2456.662237	48
81702	115	5049.231949	102
81715	121	5992.639837	98
81689	135	5860.439339	103
81713	236	5625.716073	104
81744	179	10150.37663	168
81689	19	5158.17106	102
81749	57	4013.464586	76
81696	57	6578.474242	118
81769	261	5831.007231	116
81741	97	10866.23165	143
81687	52	4158.306277	80
81690	168	5777.486065	111
81725	220	6735.646179	123
81772	260	11438.14004	162
81699	254	3404.704609	61
81726	160	7170.147797	153
81737	211	4333.162751	100
81773	131	7094.801394	132
81752	164	6790.447571	137
81676	193	21.86226222	2
81692	163	6856.874444	123
81742	256	4995.881324	112
81754	0	9433.986125	127
81694	218	2596.345331	47
81671	59	54.63353475	1
81733	38	6011.73882	120
81738	227	6623.456734	127
81733	158	5915.996839	127
81766	53	6799.686786	122
81733	252	5716.436046	109
81696	176	6229.164517	109
81741	157	6214.988172	138
81726	225	5837.470854	121
81698	105	8542.626249	142
81701	34	84.89726975	2
81691	109	7117.384501	106
81738	215	5769.088284	109
81768	89	7371.389132	138
81701	83	10.25457959	1
81765	239	5674.451935	108
81750	153	6878.030436	150
81746	257	5478.971362	111
81725	173	7120.258675	133
81708	234	6156.775006	112
81703	133	15.4497806	1
81733	266	9049.074882	152
81775	32	8044.51127	154
81768	265	6549.912884	146
81765	237	5341.576522	112
81770	73	8651.063565	146
81775	117	6007.11191	111
81761	42	7402.570848	137
81720	246	7071.60376	116
81757	37	8359.76605	159
81707	89	3980.802094	72
81713	131	6120.070195	106
81698	28	7842.594087	122
81708	172	6739.346764	116
81751	173	5738.194214	117
81740	51	8175.939812	162
81710	243	1543.724396	24
81693	54	7086.211913	114
81754	173	7143.19486	134
81764	18	9099.957491	166
81762	232	7138.282933	129
81685	242	368.8282337	8
81709	36	1436.693493	24
81676	253	12.19587582	1
81697	239	5541.569712	105
81774	139	4652.206885	90
81745	107	6591.317647	123
81773	111	6701.8084	128
81709	67	1405.569807	31
81743	30	6371.899115	132
81734	33	8120.77404	129
81752	36	7698.809071	139
81772	209	6695.990794	126
81740	189	4874.164689	122
81692	214	7731.400769	137
81707	169	4391.471395	81
81708	213	5520.834759	96
81741	237	4950.152468	97
81745	69	8225.174057	120
81683	121	14.77002019	1
81766	114	6486.850122	115
81772	18	9580.899017	178
81732	217	5282.39885	104
81687	94	3865.077569	81
81712	134	4812.091536	78
81685	213	662.2073442	13
81696	121	7051.822073	104
81707	264	4150.914971	75
81706	66	2790.511846	54
81775	138	6111.334479	126
81751	4	7028.216924	129
81726	14	5120.189794	98
81749	2	4354.500132	83
81765	260	10482.66477	147
81707	130	3968.991092	81
81701	98	22.53826076	1
81695	168	5762.566796	110
81758	160	6071.565867	114
81724	265	4713.244675	98
81711	137	8554.616185	135
81733	26	8253.167585	158
81744	1	8622.135582	150
81715	178	5665.674048	115
81712	110	6948.554422	89
81708	133	5299.229933	96
81688	23	8010.017509	132
81771	43	6633.31264	139
81702	61	5631.444869	98
81750	97	13933.69767	162
81709	177	2406.409069	48
81745	47	4189.880847	102
81716	59	7977.829832	135
81739	101	5605.249118	105
81756	157	7412.271479	156
81756	25	6727.116486	133
81762	158	5426.884207	124
81773	126	6475.018248	133
81727	107	3089.032369	47
81708	45	8630.787125	126
81723	4	10455.90924	169
81709	251	2319.622108	35
81705	184	12.05985458	1
81693	44	6808.329774	137
81740	119	6229.427351	125
81694	188	2185.678294	49
81753	96	8370.454852	138
81736	51	6754.648543	123
81745	232	6222.231718	115
81726	52	5783.095447	114
81731	248	6368.920447	117
81752	99	7518.31165	143
81750	258	6003.007025	119
81767	267	6394.756724	123
81715	99	6690.010616	120
81766	195	5517.422027	121
81757	166	9270.010196	168
81735	195	1336.321199	26
81698	180	5524.375118	112
81745	5	6597.906793	128
81756	26	7995.398371	140
81707	123	6048.031771	100
81729	233	27.29899289	2
81709	118	1440.005571	33
81686	76	5060.531108	89
81755	23	6437.975398	101
81738	262	4763.241327	98
81709	190	1446.10558	34
81772	129	6485.087558	132
81774	135	6959.424144	137
81694	147	4025.780975	75
81707	212	4665.392591	84
81769	112	7378.200016	141
81691	123	8240.745812	130
81685	88	1393.891406	20
81696	170	4241.882373	91
81758	138	4856.018818	106
81762	238	5082.342516	112
81725	178	6957.60507	136
81752	257	5049.296768	96
81765	187	6092.202198	133
81671	11	99.9518093	1
81727	227	3027.473767	51
81741	182	6207.331952	134
81702	221	6890.690386	125
81691	80	6887.688474	121
81714	160	5505.502617	107
81720	261	4088.78532	83
81749	113	3833.255321	82
81758	96	6755.990691	134
81694	60	4042.945929	69
81762	167	7854.542125	149
81714	120	6554.839218	106
81693	135	6168.844317	112
81688	71	4776.394897	103
81714	192	6603.407524	118
81710	92	1301.337786	23
81741	221	6289.617732	128
81741	255	6026.362818	124
81767	132	5607.459706	113
81723	17	8265.314459	143
81723	87	8057.459645	138
81731	267	5477.246294	117
81736	143	5349.172721	120
81769	108	6062.786268	133
81718	44	7508.849431	135
81721	63	6549.310022	114
81720	69	7574.600584	130
81718	219	6071.440568	98
81724	86	7509.127895	118
81715	182	5126.73306	90
81738	5	6988.011917	121
81776	51	12.66995424	1
81766	115	5572.86219	107
81692	34	6705.463369	125
81766	13	8883.71356	146
81723	155	5680.486608	131
81753	163	6376.816688	137
81737	161	7548.700454	156
81695	78	4747.708928	74
81698	255	5960.087329	127
81746	170	6313.532932	125
81731	251	5353.076898	103
81772	79	6654.057676	133
81768	5	7894.526242	144
81702	106	5171.727887	101
81773	248	6358.384755	133
81728	88	33.19989923	2
81751	196	5879.170301	103
81725	238	5716.052451	113
81723	84	5399.406894	113
81741	80	5687.054134	104
81699	17	2952.129211	48
81761	41	10156.45445	140
81767	63	6537.600026	126
81689	114	5175.656427	86
81689	196	6466.664304	110
81751	8	9253.855745	144
81723	259	6295.163503	114
81767	176	7896.504711	151
81749	163	2531.011645	59
81707	50	4492.520981	91
81720	25	5605.903579	106
81711	122	4962.730856	87
81714	70	5334.059395	101
81687	33	6246.358606	110
81713	44	4770.113395	101
81763	269	5041.720406	106
81758	83	10093.77579	167
81687	194	5512.78364	103
81724	267	5175.119195	105
81762	92	6342.658052	135
81758	201	6679.957866	132
81737	234	5981.664382	136
81724	102	5324.72941	92
81773	170	6427.670369	135
81762	47	6657.122586	134
81763	13	8616.480201	142
81736	267	6019.904536	115
81752	104	6415.437068	123
81744	147	7679.685938	171
81738	100	5580.526321	95
81725	168	6287.637845	122
81732	95	6173.884333	110
81675	56	10.71183398	1
81723	6	9454.561799	149
81702	23	8961.738311	140
81730	264	5700.534343	113
81735	9	2042.534789	39
81760	117	8545.282489	153
81763	227	5747.262352	111
81754	175	6626.948412	134
81714	179	9918.98541	172
81768	104	8659.722162	148
81736	195	3528.191072	92
81742	166	6868.57459	147
81707	2	6227.419228	120
81697	264	6156.833195	100
81747	162	4089.997703	85
81717	69	8927.935289	138
81740	117	5905.178181	107
81692	10	9197.921506	148
81706	184	3131.308916	69
81745	216	4412.776956	97
81692	271	5320.657931	92
81714	212	4996.694871	91
81724	29	6980.912159	112
81762	110	10804.25566	148
81741	130	6986.848682	143
81712	202	4435.478621	86
81699	101	3582.205431	51
81772	66	7141.597736	138
81742	28	6831.038485	120
81759	166	7863.019162	154
81750	37	9004.088492	141
81713	145	5859.879541	125
81699	90	2337.481728	42
81758	170	6816.963918	134
81685	45	1362.535947	21
81701	186	125.8454273	3
81737	175	6008.644919	123
81694	137	2305.245666	52
81750	168	4936.910799	106
81714	195	4566.889817	99
81734	51	7190.534812	128
81743	19	4537.106086	112
81761	153	6864.999058	139
81721	64	6102.683435	119
81714	226	5233.861387	104
81696	5	5525.340751	102
81710	247	1455.633287	26
81735	96	1949.362539	34
81702	71	3695.112648	84
81708	178	6832.566598	130
81690	75	8524.068621	119
81737	57	6848.09969	132
81774	7	6288.590708	148
81685	109	709.8570525	13
81689	264	4947.535881	99
81700	254	28.18922121	1
81734	179	10456.5188	177
81694	55	7522.722939	90
81761	247	8873.467912	154
81716	230	7260.839861	125
81707	31	4805.703546	95
81755	78	4851.954639	73
81748	15	19.674198	1
81737	4	9577.950106	148
81692	206	12539.81493	172
81706	268	2955.187739	54
81724	124	4378.160504	80
81671	235	37.07569823	1
81754	204	6802.588772	132
81726	260	11809.89298	149
81743	146	6124.910666	135
81681	12	28.03402665	1
81710	216	1738.617775	25
81716	80	7350.529251	118
81716	82	7784.274772	125
81752	255	5086.596017	110
81712	151	4607.669219	84
81764	187	6209.529975	142
81736	134	5330.117423	104
81768	100	7439.598721	132
81720	43	5151.879587	99
81710	179	2746.55393	44
81671	189	14.32601106	1
81742	0	7626.985443	102
81681	13	38.41635186	2
81749	71	2070.888071	51
81708	30	6774.791562	123
81765	11	7890.793019	132
81748	225	25.76648255	1
81733	229	4767.361039	109
81733	63	6157.234005	122
81682	103	13.87121861	1
81748	57	30.99947375	1
81695	64	4961.795796	77
81755	94	3690.892216	62
81686	172	4317.359893	77
81739	246	6498.447236	99
81699	208	2137.03992	46
81698	54	7951.259322	116
81696	159	5342.80504	106
81763	241	4330.409356	95
81761	121	5546.041381	106
81690	254	5263.346216	104
81685	152	523.4805108	12
81686	77	5391.243543	88
81702	72	5536.397658	99
81724	87	8059.34529	130
81701	101	49.19015467	1
81761	23	9262.811797	162
81741	113	7065.287095	134
81692	162	6085.47991	124
81766	153	7127.280599	137
81715	258	4929.633467	99
81770	161	7294.828769	161
81737	239	7090.060292	126
81701	60	24.69414897	1
81774	126	5905.650116	132
81747	118	3051.527607	73
81687	5	6589.84558	109
81761	133	4436.220863	89
81706	155	3514.833838	67
81726	103	7573.921905	135
81694	108	3146.536205	58
81766	212	6846.499298	141
81725	151	6890.957171	124
81753	182	6718.33599	138
81692	232	8014.110479	120
81737	202	5655.800758	107
81775	48	7710.110879	161
81769	52	7240.929333	149
81687	78	5727.778734	93
81703	171	19.23177554	1
81760	78	8667.978291	160
81720	98	4799.178662	93
81691	10	8171.417435	136
81769	129	7232.02543	145
81753	249	6525.021141	146
81705	123	36.75144399	3
81713	210	8775.29878	124
81766	219	6131.327757	109
81686	78	4640.558705	80
81753	93	7205.75048	122
81752	155	6116.251563	116
81737	77	8676.533844	148
81744	270	6131.04899	114
81721	39	6392.321622	119
81710	16	746.7871563	20
81720	252	5516.375467	96
81714	177	6888.730723	114
81767	153	7753.685873	161
81740	34	5758.485758	114
81738	247	7335.329798	142
81745	72	5736.676869	112
81707	106	4324.463249	79
81767	66	4138.14385	96
81755	205	3027.162974	66
81692	8	9982.03811	159
81775	112	6095.510828	123
81734	251	5521.266384	111
81759	120	8108.128939	148
81710	214	1932.696567	30
81687	16	5574.473141	106
81712	52	4439.8297	85
81704	217	13.8491436	1
81693	70	5753.106295	108
81685	79	386.0113159	10
81687	27	8424.23748	111
81758	135	5837.560678	110
81737	194	7203.425709	130
81688	76	6620.30469	125
81768	64	7387.647997	146
81709	206	4458.731034	86
81755	104	3583.977029	66
81713	97	11030.15344	142
81757	60	6480.168497	134
81758	207	4734.755909	107
81714	88	7179.180045	123
81718	94	6457.107767	111
81703	194	18.49920799	1
81690	229	5762.58341	108
81696	225	4851.44853	87
81699	270	1835.272702	36
81687	66	3896.557989	83
81774	137	8325.085562	140
81736	132	5050.220139	97
81746	143	7335.582494	148
81732	170	6271.575983	125
81755	269	3575.32596	81
81688	112	4573.873376	90
81741	63	6110.909856	116
81764	95	7562.097738	124
81756	8	8467.398478	133
81756	203	5814.290456	115
81726	76	6262.212725	112
81698	11	9081.736925	142
81732	18	5993.547906	110
81742	58	7317.478342	127
81720	119	6294.837009	101
81702	25	5999.786941	112
81715	55	9986.599048	141
81722	83	9691.517293	162
81713	260	10904.93161	139
81709	48	1919.898099	36
81758	26	8580.094307	146
81770	75	8287.93873	135
81739	133	5175.72782	82
81739	258	3943.913936	88
81751	164	6006.743077	118
81767	77	9817.386629	154
81744	79	5282.252878	102
81767	138	6735.713981	124
81714	41	8833.124327	127
81689	225	6664.129848	115
81773	105	5847.755335	118
81769	89	6363.858161	119
81701	106	43.79965932	2
81715	13	9459.149602	139
81736	96	6602.303408	117
81773	143	5905.869869	146
81745	263	5294.696637	112
81720	143	5760.252238	118
81771	207	6334.323233	144
81721	130	6137.031508	106
81718	221	7392.987127	129
81756	170	6967.643631	141
81694	40	4429.167945	72
81708	27	9423.396669	129
81762	122	6794.258944	127
81671	28	10.04867664	1
81739	180	3734.491108	86
81775	149	6633.583499	150
81746	169	7745.622543	142
81772	38	6219.423284	129
81743	182	6293.2737	125
81760	177	7954.459746	158
81690	195	4998.53715	107
81754	42	6267.183008	116
81750	149	5931.583441	129
81726	84	6696.777205	117
81712	68	3677.988522	73
81701	197	31.93734559	1
81775	244	6073.280763	127
81705	90	20.42589323	1
81690	93	6608.244193	103
81768	195	5012.864951	119
81762	68	10750.01736	467
81774	41	10175.53277	149
81764	60	6929.295205	137
81707	242	3971.653411	84
81737	188	4633.054882	105
81775	16	6455.738088	136
81681	62	28.02849705	1
81753	219	6470.440924	115
81744	41	9280.054501	135
81735	151	1305.458575	30
81747	151	4400.168783	86
81695	181	4658.80942	81
81720	265	4173.857503	85
81689	84	3609.341354	83
81741	204	6979.17923	137
81742	5	6663.452247	126
81752	136	6429.703492	117
81761	232	7828.320634	138
81712	78	6189.601017	100
81739	227	4746.825829	84
81719	128	5584.019788	113
81760	202	5792.031354	120
81688	237	5955.572933	114
81690	141	8484.446554	146
81719	188	4527.50941	108
81754	136	6045.549451	127
81747	36	4518.705974	85
81686	74	5269.370568	95
81686	110	5792.885252	82
81774	100	6855.895289	122
81724	13	9423.564204	147
81734	201	6834.048527	138
81755	125	2532.983245	54
81692	250	5069.56782	99
81756	124	5627.930036	110
81746	112	6255.77787	113
81734	29	6924.377089	125
81663	142	13.3428995	1
81762	269	6646.047699	145
81762	31	8188.560068	142
81771	78	6812.004763	122
81709	102	2405.659991	41
81694	30	3346.059363	57
81686	252	2904.221719	58
81732	175	5124.728102	119
81732	194	7322.772565	138
81678	87	10.33313952	1
81697	99	7664.660462	117
81690	180	5597.480969	119
81748	123	10.30804137	1
81692	148	5995.674317	129
81771	70	6579.938808	132
81761	269	5568.92443	106
81753	259	7393.961178	140
81686	57	3450.1912	66
81727	179	4897.222987	78
81725	123	8900.222928	135
81705	233	229.8738305	2
81694	107	4190.976	62
81689	48	5338.682121	101
81711	245	4646.311302	83
81727	228	2287.629177	44
81732	160	5729.884607	128
81758	187	4853.328479	115
81733	196	7343.018781	141
81743	50	5338.741375	99
81693	187	4237.287721	98
81752	88	9045.392607	164
81753	9	6907.428834	135
81727	189	2067.453932	43
81683	9	18.88902112	1
81759	212	5544.883169	111
81682	69	10.28074456	1
81742	178	6644.80909	138
81694	18	4070.945043	67
81762	34	6671.048187	128
81715	238	5628.352268	103
81725	183	7243.050426	124
81709	211	2317.754747	46
81685	139	373.1724713	9
81744	75	7534.904976	135
81701	231	166.144139	2
81725	46	10770.57891	165
81751	215	4107.063185	92
81734	216	5780.682389	104
81685	133	401.5572063	9
81755	150	2607.470468	57
81716	107	7528.426722	123
81742	4	9329.571023	162
81712	81	4308.179787	74
81743	217	4309.407865	99
81713	225	6765.021029	117
81742	175	6510.938931	138
81769	186	5850.080867	113
81757	149	6990.38175	153
81763	149	6347.724409	129
81761	185	5450.791678	126
81735	16	1035.347482	27
81707	45	6615.737625	105
81685	209	530.5531051	13
81747	139	2477.812401	53
81689	234	4353.43644	84
81722	41	9175.151951	131
81709	136	2508.483204	40
81727	37	2636.105458	45
81702	93	6117.709415	99
81701	262	37.24382984	2
81753	143	6998.191042	156
81766	191	4682.071961	107
81762	15	6252.409229	124
81725	14	7305.905627	128
81710	53	1749.967677	38
81762	230	7006.626641	126
81773	225	7459.696013	156
81740	249	5041.080839	99
81770	155	6904.507059	155
81718	228	5606.94544	123
81710	220	1506.472506	31
81763	246	8720.480547	156
81741	9	7138.975624	137
81769	199	6911.75082	137
81696	244	4156.860688	72
81722	69	9489.88635	146
81758	229	5227.744214	115
81719	249	5987.40999	110
81720	216	5338.880138	92
81706	207	2802.96022	67
81699	207	2020.450791	53
81744	162	6853.84411	128
81746	229	5876.387829	122
81697	177	7170.268284	127
81757	70	6049.611391	130
81765	170	6907.927002	149
81771	250	4388.079572	95
81707	137	5171.906313	88
81725	102	6261.54279	129
81772	172	6442.882649	133
81759	236	5707.573795	107
81711	10	8029.801595	134
81734	208	4939.614158	110
81745	3	9448.201385	151
81735	78	1080.457898	21
81769	69	9804.985696	162
81686	244	3176.163979	70
81716	144	6097.458892	141
81742	244	4997.431336	101
81719	30	9048.620961	157
81750	182	5731.082929	116
81755	64	3604.106984	66
81721	87	8179.602709	128
81759	110	10473.43684	139
81760	135	6529.508384	124
81686	126	3828.596835	82
81721	266	6729.31878	110
81761	140	8308.687728	137
81674	181	12.07026385	1
81710	0	2351.268552	31
81769	208	5709.48246	126
81769	19	5520.932596	127
81770	34	6374.007912	124
81735	29	1041.884818	22
81696	63	5307.383317	105
81718	164	7241.150886	123
81765	200	6924.975259	147
81698	34	6031.907911	107
81754	125	3640.38472	90
81749	180	2791.632881	70
81693	150	4657.24896	106
81688	226	4945.863437	100
81724	148	5780.825349	119
81713	255	5509.285263	97
81767	240	6500.74069	133
81768	42	5621.993633	130
81723	165	8710.060379	150
81763	155	8615.8347	163
81691	239	5536.205136	105
81736	260	10503.54125	157
81689	64	6534.683528	113
81687	136	3653.300094	76
81687	152	5551.599857	104
81718	111	6447.512375	111
81767	242	4229.433265	98
81685	206	1091.574645	23
81745	75	7267.837662	123
81745	238	5949.220755	99
81714	123	9727.100478	154
81696	140	4798.217544	81
81687	267	4367.426261	95
81735	262	575.9199696	13
81740	213	5510.990709	110
81731	100	5648.469675	110
81772	125	4818.280542	119
81773	215	6269.936041	121
81742	223	6666.359831	126
81768	230	7534.631736	149
81709	214	2766.151113	34
81711	12	10589.85779	157
81701	10	105.0120125	1
81719	41	11552.54972	147
81705	101	116.6372959	3
81714	99	7066.469215	119
81767	29	8430.394972	148
81764	139	4892.867107	90
81714	215	4610.451997	87
81727	178	2967.014981	56
81709	25	2563.382931	41
81722	86	7720.009327	128
81713	34	6493.276661	116
81757	108	5860.909307	119
81723	215	5261.882406	100
81762	69	8203.923867	137
81691	218	4282.227724	97
81706	146	2864.914786	67
81699	184	2281.288763	46
81720	67	4606.527733	92
81695	191	3863.163995	86
81765	178	6982.00724	157
81730	65	5894.834915	114
81759	94	6547.542007	119
81692	69	6685.350584	112
81749	221	4895.255893	87
81747	214	4374.159584	81
81713	82	6506.874527	117
81768	217	6676.468751	129
81742	156	6808.944694	137
81745	71	4258.620151	99
81696	149	4957.277606	106
81721	255	5186.65199	114
81707	44	5462.774227	97
81689	66	5878.236877	103
81723	161	6674.609644	140
81712	43	4401.967785	73
81722	119	6802.170294	128
81725	105	7221.718593	127
81761	224	4625.836514	107
81739	224	4756.25441	101
81774	132	5808.416569	109
81690	76	7660.693269	115
81758	3	9231.518725	154
81749	133	3375.621878	58
81761	165	7808.811731	139
81686	118	3000.358787	68
81745	12	8867.046301	134
81734	48	6218.791245	132
81702	84	4349.706122	83
81730	22	5026.704883	113
81774	157	8046.215925	171
81690	42	6119.157097	115
81754	239	5974.24597	112
81739	28	5686.689761	106
81762	53	7051.78095	124
81735	206	2493.199428	57
81763	87	7868.691197	132
81710	32	1467.75544	31
81735	61	1186.997455	21
81708	176	7468.072316	127
81707	21	5628.864068	104
81713	125	3184.535055	78
81732	264	5894.193576	114
81687	40	6912.294849	108
81716	68	7655.757402	137
81733	211	4194.148947	95
81725	115	6340.102811	115
81756	7	5006.003913	111
81752	91	6413.6371	120
81696	115	4169.099719	82
81686	40	5032.830121	95
81689	109	6810.77789	106
81732	230	6625.209309	119
81733	28	6834.327987	129
81720	225	5327.217974	97
81724	188	4161.333046	101
81714	217	4582.936172	99
81736	209	5993.264635	115
81711	129	6626.956522	128
81736	33	8145.999114	134
81766	214	8038.091129	128
81741	222	5252.999588	116
81764	154	6331.505459	136
81718	175	4990.813692	103
81738	193	11014.95269	156
81720	104	5383.938642	95
81766	72	5561.968814	112
81760	203	7013.047479	146
81705	21	65.56550237	3
81735	237	845.3247778	24
81731	23	10987.36863	188
81753	36	6941.231777	137
81754	21	5473.154683	117
81740	181	5758.194809	117
81705	254	100.448126	2
81719	251	5378.178038	101
81681	233	14.41220854	1
81753	46	8278.599153	142
81713	57	5953.640705	115
81690	145	6921.557505	134
81760	220	7113.108264	146
81731	120	5494.527683	101
81686	130	3870.069485	68
81698	30	8613.73214	146
81690	149	6565.218826	127
81701	200	13.8029375	1
81762	129	6354.922748	127
81726	239	4741.868869	97
81722	65	5802.520445	106
81740	138	4969.590651	100
81752	24	7091.521927	132
81692	83	10650.64322	149
81760	21	7485.568299	154
81718	40	8728.420865	148
81688	232	6680.490053	109
81743	140	6717.31322	120
81691	106	5431.564735	100
81738	39	5151.834876	103
81727	3	4271.37345	61
81741	253	5308.744549	104
81685	185	780.3440231	16
81722	206	11288.83859	189
81736	253	6423.507703	114
81761	141	9488.483772	157
81771	235	6468.026574	129
81746	95	6637.649226	127
81693	250	7000.710053	121
81744	14	7644.727416	129
81758	123	9445.117585	148
81750	111	6330.75415	113
81739	55	11681.31457	164
81698	59	6958.480914	117
81713	18	7454.087297	140
81708	146	4740.538429	109
81770	231	6224.911428	124
81722	152	8378.631569	157
81731	85	6796.206853	115
81734	62	5828.729095	112
81671	206	66.91068602	1
81720	181	5029.577998	100
81757	75	8595.077063	158
81745	249	5340.84559	120
81747	194	3293.748506	70
81693	63	6748.577175	123
81724	63	5738.837742	102
81775	120	7541.105774	129
81771	195	5774.34311	137
81692	113	6556.476523	119
81688	148	5771.037379	118
81715	232	6435.475794	106
81751	126	4435.599321	100
81716	264	6273.91368	125
81701	69	66.33767456	2
81729	213	14.64035292	1
81671	128	28.27829477	1
81748	220	28.33089036	1
81771	270	5624.57318	111
81713	171	6207.135037	115
81705	1	196.7400222	2
81723	105	5852.112216	119
81724	131	8169.331287	135
81733	115	6673.100307	131
81738	85	6834.433024	119
81707	232	5464.128467	84
81732	232	6040.27276	104
81724	103	6091.901828	110
81756	121	5476.490664	113
81692	244	4807.229745	97
81716	46	7700.84412	114
81739	240	5482.709454	108
81712	212	4002.321842	70
81740	186	5978.904015	118
81726	144	8191.538265	157
81769	85	8519.076667	146
81663	72	21.79994917	1
81684	218	27.88094577	1
81754	220	7135.670312	140
81671	60	30.99006771	1
81717	50	6697.312126	121
81716	27	9043.517328	143
81721	125	2801.767205	75
81775	215	6237.486772	140
81760	146	7590.514208	160
81696	71	3663.906652	77
81724	241	5131.033951	107
81736	247	5638.885492	108
81758	222	5119.904163	119
81712	173	4744.023246	90
81744	157	7187.442299	147
81697	225	5757.814443	108
81745	199	7152.815485	132
81702	92	3976.970067	88
81727	127	2096.063196	46
81760	77	10577.97291	170
81754	161	6219.148353	136
81774	226	5320.832806	126
81720	160	6493.085127	123
81685	176	753.186698	13
81712	39	3685.091176	70
81692	169	7731.540263	139
81751	110	8698.141537	124
81721	171	5832.641306	115
81757	67	6052.694265	123
81758	256	5065.993333	113
81702	149	4798.238679	110
81706	85	4003.482914	63
81723	251	6034.837849	108
81747	27	7375.00152	107
81715	14	6248.127076	123
81723	183	7239.385188	141
81722	113	4796.4541	104
81770	0	9868.58492	141
81722	133	6245.049652	120
81739	242	3548.506495	87
81701	3	371.4114397	3
81722	121	7192.232052	125
81770	116	5496.498027	103
81688	78	6312.095763	108
81730	20	6834.776986	138
81743	101	7549.237508	123
81717	55	13410.31483	164
81758	164	7325.710322	152
81753	81	6724.511481	128
81750	256	6540.369189	132
81741	54	6847.296558	132
81757	30	8989.529527	160
81744	219	8203.330628	148
81770	195	5225.724243	114
81776	211	10.49412158	1
81695	146	4171.344955	92
81662	264	46.20017768	3
81759	79	6645.379126	133
81764	136	6245.757568	114
81705	193	151.327615	8
81721	0	7698.548635	95
81695	5	6029.181946	105
81755	184	3557.822463	74
81691	112	6570.249106	112
81770	240	7005.70099	140
81714	81	7626.697096	140
81767	209	6099.734185	115
81718	60	4901.409867	87
81774	10	9794.094797	180
81741	151	7378.250538	143
81688	34	5628.244646	102
81713	90	5613.193255	112
81723	92	5119.083519	109
81706	89	3121.534325	62
81736	191	5081.762281	107
81691	91	7601.929664	232
81715	228	5327.514429	99
81755	212	4155.374746	70
81747	0	6562.96547	79
81745	150	6613.856109	147
81717	0	8139.242799	114
81735	271	1238.372172	28
81733	44	6788.991977	131
81727	72	3625.138361	60
81735	23	1392.19497	32
81718	145	4728.430646	110
81749	144	4275.361699	97
81717	163	5110.25299	113
81745	26	7080.014394	124
81704	251	51.83718889	1
81693	87	7496.76113	114
81759	213	5207.669157	107
81752	87	10169.30901	162
81752	14	5912.854931	114
81773	34	6950.596117	135
81757	145	7276.372383	163
81751	2	6401.766342	137
81766	37	7533.885105	129
81710	73	1245.126346	20
81717	3	8278.461224	141
81763	76	7989.448404	138
81688	175	5130.23317	104
81756	42	8433.441598	160
81765	205	7885.31181	147
81722	220	6285.216505	121
81714	34	6058.478546	109
81752	44	6759.291369	134
81716	180	5816.755275	109
81763	43	7412.253315	130
81762	85	10232.51783	158
81715	219	6753.938979	123
81731	46	9756.128868	153
81671	20	93.14468209	1
81728	23	12.06141792	1
81751	155	6469.963872	132
81706	152	3557.519	72
81731	261	6120.323827	122
81719	265	5778.482769	106
81696	148	5022.679696	109
81773	205	5781.132414	123
81725	172	6456.968705	119
81716	254	5217.516671	95
81724	260	8738.992671	140
81762	88	11292.99377	189
81666	270	13.85577154	1
81733	146	6892.228914	143
81739	8	7979.248245	121
81768	231	6366.43116	127
81736	170	5106.115468	92
81686	109	4171.665337	63
81730	40	6515.673871	113
81664	110	20.39993778	2
81729	234	28.15082323	1
81742	148	6552.044277	147
81699	191	3043.65073	52
81750	246	9089.418838	145
81744	216	6012.734079	110
81691	158	7131.449534	147
81749	116	3481.905285	59
81732	167	6803.024332	134
81754	216	6265.416649	116
81747	257	3122.892649	74
81709	130	2111.328034	37
81706	156	4015.10694	62
81715	117	5083.089356	95
81737	23	11432.365	181
81768	256	5510.378128	116
81763	24	5155.922812	108
81739	10	7250.206141	123
81741	15	5616.83423	124
81751	117	6132.568198	102
81725	198	5843.70033	122
81710	257	918.072492	25
81738	163	6845.57905	132
81721	18	7579.822149	128
81741	65	8608.983887	154
81730	84	6106.548122	111
81705	259	32.66461404	1
81769	43	7664.256802	148
81767	6	8451.505774	150
81699	120	2460.434768	43
81760	118	6188.011711	132
81744	101	8833.057444	144
81732	100	6354.490497	113
81699	102	2077.102177	34
81693	172	7290.156367	134
81768	171	8404.028635	164
81695	81	4469.507829	80
81750	218	5358.648534	120
81685	105	537.3697667	9
81722	173	5938.743117	121
81719	23	9606.746918	161
81713	182	4204.549934	87
81706	182	2720.693272	62
81732	138	6484.02642	135
81688	249	4842.591983	91
81692	167	6691.216501	134
81775	146	6089.591935	144
81770	230	5489.128145	116
81721	193	10970.76391	162
81735	211	1153.699862	26
81774	227	5634.539721	120
81693	215	5414.00697	96
81738	95	5440.996256	96
81771	178	8177.963569	158
81701	29	13.12667788	1
81694	11	5009.409356	77
81733	135	4264.993309	88
81693	23	10255.73731	168
81711	59	7394.596796	121
81723	29	7640.423845	123
81721	260	9462.792111	129
81702	39	5808.365825	105
81762	136	6664.209662	122
81695	257	4409.132278	83
81685	24	588.8090079	13
81738	78	8386.949834	142
81726	124	6186.14324	112
81728	29	76.12353268	1
81741	168	5811.155143	125
81761	48	7205.78876	138
81685	49	553.9741898	12
81769	68	11198.16032	346
81759	129	6653.122213	115
81771	223	6463.429089	129
81765	201	6207.687568	118
81718	161	6320.383958	128
81704	256	35.41746748	2
81754	63	6004.911159	121
81702	53	6511.031463	112
81773	75	8886.375005	146
81765	84	7642.648857	138
81692	207	4979.5059	111
81709	11	2940.297183	38
81691	173	6608.090716	110
81727	114	2941.75124	51
81709	221	3038.096362	54
81716	81	7015.638283	133
81691	259	6960.037169	122
81743	185	7081.706013	143
81737	133	5745.715381	111
81734	10	8884.005631	136
81775	7	6730.175287	133
81754	88	8995.023161	133
81743	17	7167.199456	134
81698	252	6764.459343	116
81690	154	6836.429849	126
81729	27	26.76769779	2
81674	120	17.63826911	1
81739	7	5658.034282	118
81717	35	4996.961868	102
81726	241	6028.282855	113
81698	13	10209.36986	139
81718	69	9327.071781	140
81697	212	4283.832362	80
81774	240	6477.742382	136
81747	106	4779.229647	90
81741	126	5964.014847	107
81758	264	6753.699656	124
81756	253	4775.219362	112
81740	182	5484.656561	120
81715	263	5282.530726	96
81727	251	2019.061739	41
81740	30	5396.150029	110
81737	31	7325.20701	141
81735	70	1538.551664	29
81775	2	6985.566876	143
81762	190	6671.132604	127
81708	196	6507.791107	124
81744	77	7260.498511	120
81716	250	6324.949454	126
81764	269	4938.527832	109
81724	18	8555.126297	155
81718	239	5968.122619	113
81771	141	8080.159303	156
81685	245	707.4711562	15
81764	75	9216.79281	153
81715	89	6201.937513	118
81704	160	20.49614785	1
81724	247	5069.799493	108
81739	137	5773.067435	96
81711	223	6025.645635	111
81705	135	11.21137363	1
81709	44	2185.794171	37
81758	269	4741.323424	95
81691	58	8217.78841	128
81686	162	4138.844271	80
81732	36	6725.752688	128
81731	21	7141.204418	129
81730	83	9261.220512	144
81762	265	6579.076639	146
81691	16	5308.230281	115
81695	269	4138.926492	89
81669	139	29.74619368	1
81694	41	5222.713238	75
81739	199	5642.741699	100
81716	206	12544.00898	182
81723	170	6982.130297	124
81717	186	5068.328073	106
81736	65	5778.817246	117
81702	15	4592.687529	93
81733	142	9843.650841	171
81724	207	5113.196067	102
81685	178	456.1384227	10
81695	141	5881.624005	103
81751	165	8331.686029	140
81730	73	6687.696087	116
81752	34	5834.887839	123
81740	239	6472.984583	120
81767	203	8037.328489	164
81716	14	7089.38325	127
81697	240	5685.333189	115
81774	123	9735.541035	155
81705	245	77.09598887	1
81734	55	12603.42948	172
81691	261	6321.63636	110
81757	239	5102.504312	117
81715	248	6165.284849	119
81709	186	2006.751269	33
81770	64	8070.207892	161
81721	128	6274.032194	112
81746	85	7305.30234	126
81716	88	8771.85649	137
81768	147	8620.120379	179
81711	259	6938.026268	116
81692	19	5343.000128	112
81761	209	7510.534694	126
81745	139	4726.056229	84
81762	160	6070.91683	134
81733	178	7313.135858	149
81718	30	7163.158788	132
81685	211	869.9841613	17
81698	65	7674.731895	146
81715	131	5133.732384	95
81735	108	1516.522039	28
81699	132	2188.537644	36
81694	156	2764.957692	58
81711	20	5490.823697	109
81671	177	83.29072087	1
81701	188	19.14224215	1
81766	124	5729.727068	117
81741	250	5824.580415	109
81766	138	5807.4675	111
81727	224	2545.254831	47
81735	224	1459.978848	29
81740	79	5995.932784	113
81717	207	6115.535752	125
81760	36	8408.635328	164
81757	35	7222.058527	139
81686	32	4334.640179	91
81707	140	5328.738748	95
81773	150	6396.951285	141
81740	19	5327.379508	115
81699	124	1873.163573	41
81745	1	9141.079813	166
81698	125	3803.41803	84
81741	215	5277.925131	100
81693	145	6966.530038	136
81719	189	5415.213728	111
81763	207	6389.85753	130
81690	30	6684.964949	116
81689	216	6599.30448	107
81699	213	2239.733925	45
81760	201	7220.976142	129
81721	127	7715.106982	122
81761	60	7387.831375	150
81732	269	4485.816392	97
81724	134	6065.905792	106
81761	90	5933.099304	117
81715	34	6216.618317	125
81706	211	3330.176953	68
81763	156	7473.448621	159
81760	157	7265.761887	150
81746	45	11152.42475	179
81773	100	7135.411248	135
81709	140	1088.545641	25
81702	226	5701.674471	99
81724	145	6772.333191	132
81724	239	4753.896832	108
81718	142	7359.686946	135
81753	173	7059.916228	131
81706	253	2810.251694	61
81770	172	6058.943943	121
81722	240	4918.678924	94
81724	16	5385.689313	101
81768	260	11994.29611	163
81726	57	7093.603317	129
81732	225	5788.59018	114
81743	112	7990.96668	153
81753	127	8762.093268	157
81690	142	7745.239996	153
81697	208	4225.202184	87
81721	248	6713.936466	121
81685	214	654.4580158	16
81734	187	5172.983043	120
81696	82	5331.213377	94
81737	10	8989.181801	142
81742	123	7382.569923	126
81736	31	7310.445613	130
81712	179	8624.115205	132
81775	116	4482.849231	91
81724	235	4834.707586	90
81757	147	7291.209066	161
81740	168	4918.709093	108
81741	266	8473.839345	144
81740	57	6211.674813	116
81746	206	14113.18478	211
81733	199	6776.415354	118
81716	44	6773.616456	120
81739	104	6486.823213	118
81745	91	6104.369154	132
81758	235	5646.626441	117
81689	27	9718.706813	136
81735	144	1399.711288	29
81757	99	7577.586897	135
81732	255	5108.259006	103
81765	65	9289.848869	163
81771	185	6810.829065	141
81719	246	8129.236722	146
81718	160	5391.870563	121
81747	224	4098.266226	96
81689	82	6763.424977	109
81723	112	6604.843689	104
81711	69	8158.736677	124
81696	163	6598.011609	115
81695	215	3541.887331	63
81757	92	4808.413935	106
81734	67	5989.714622	121
81742	39	6176.510809	118
81733	117	5496.080037	114
81743	115	5353.584163	114
81772	54	7957.861978	136
81751	19	5773.051626	129
81699	66	2245.084674	45
81761	200	6966.300257	142
81732	247	6320.398709	115
81736	13	9338.9608	151
81708	214	7001.839443	114
81722	116	6247.477743	106
81738	104	6024.758242	109
81711	133	6439.395759	123
81714	129	5503.282947	113
81757	246	10324.78648	176
81749	124	3061.736831	68
81733	186	6694.408515	123
81758	193	10966.52401	178
81775	248	6644.18581	144
81731	185	5839.942198	120
81752	149	7293.524311	142
81687	26	5443.342627	86
81707	65	5313.477809	99
81680	252	21.78465985	1
81722	64	7000.720502	121
81750	140	8755.105231	134
81762	94	7021.939788	136
81725	197	5900.450833	129
81756	116	5444.926603	96
81731	70	6133.173086	126
81745	226	5789.225473	119
81745	234	5377.692818	105
81769	10	8205.882234	159
81765	193	12156.69254	188
81767	268	6158.116763	129
81720	80	5859.017097	110
81697	146	5920.888528	122
81715	243	3952.807415	86
81733	184	5775.322262	114
81702	139	3515.858597	67
81709	114	2509.973091	35
81750	101	7162.970958	116
81773	229	5836.219608	118
81669	225	16.32396756	1
81736	259	6748.864664	119
81760	159	9848.816303	212
81701	135	113.4402196	1
81759	20	6859.162493	131
81772	160	6057.16496	135
81741	140	6979.974385	117
81758	113	5078.96213	104
81732	242	3649.068914	93
81752	218	6016.715123	119
81772	4	9303.172818	170
81736	129	5183.471567	105
81733	33	7098.431565	135
81772	263	6069.201344	125
81761	59	8324.964509	145
81706	59	4257.954041	80
81767	180	7509.185532	143
81725	251	7468.316813	134
81770	211	5332.209798	112
81721	169	7478.597694	126
81772	208	6578.484546	125
81712	163	3720.063815	82
81704	17	21.7935116	2
81758	192	5479.833292	119
81756	3	9360.173775	162
81758	23	8811.995195	164
81773	122	5940.120625	110
81741	60	6107.321533	131
81773	241	5804.748792	122
81737	71	4297.924471	107
81687	245	5096.392475	93
81706	248	3972.535443	72
81695	268	4554.184492	83
81732	178	6589.663231	141
81749	90	4039.069299	74
81738	174	4968.502801	105
81683	61	35.06951111	1
81767	254	6772.184595	118
81736	214	6249.17591	117
81753	103	6727.289494	131
81740	157	6565.119035	148
81741	84	5514.067469	108
81687	104	4006.400333	72
81694	224	3350.922423	52
81757	59	7947.076444	137
81744	237	5106.681973	103
81747	247	4962.82805	97
81711	191	5649.566849	116
81716	67	7042.491218	132
81752	198	7085.647408	131
81754	218	5534.452801	119
81762	119	7991.972905	130
81737	22	7099.576406	125
81766	75	7990.358978	137
81663	123	26.50585066	1
81751	219	4731.348934	99
81699	197	2311.880057	46
81695	48	4789.34716	89
81741	156	7433.93869	141
81767	220	6511.337102	135
81736	203	5827.300409	109
81696	2	5242.127504	98
81695	195	3439.783458	71
81752	178	7756.313539	159
81670	233	10.71033814	1
81689	17	6736.538037	127
81719	20	5038.250475	112
81764	271	5850.585803	111
81759	52	7031.878891	137
81741	205	5933.66669	121
81752	23	9147.123686	160
81762	60	7987.400449	167
81768	210	7578.876775	123
81707	83	8486.209589	109
81743	194	7769.547024	135
81745	11	9185.738428	152
81731	72	8517.459051	146
81768	267	5857.782001	133
81688	206	10391.63148	133
81758	130	5807.060025	122
81690	69	9018.000417	126
81692	129	4829.911689	98
81742	26	6245.186388	117
81747	138	3954.421882	76
81711	73	7833.685667	133
81770	140	8451.866167	137
81758	194	8190.615446	153
81764	249	6568.92167	146
81722	167	6431.656124	125
81756	28	6740.2506	109
81723	182	7918.869196	142
81773	163	6923.169117	149
81741	43	7288.038828	141
81665	83	11.82864431	1
81719	135	5341.563034	106
81769	233	11734.81282	172
81734	245	5799.865146	124
81710	173	1351.637962	28
81685	124	725.3323029	15
81704	241	64.87466673	1
81699	26	3928.757103	69
81698	57	6680.060066	123
81705	23	45.3428073	2
81736	80	6727.594151	120
81766	154	6540.850567	141
81685	239	711.6928847	15
81736	98	4185.913302	86
81716	43	6635.976654	140
81702	217	4940.555663	97
81694	267	2479.700446	45
81714	119	6107.216581	99
81766	183	6531.116906	138
81759	182	7293.113109	137
81690	80	7736.650975	126
81767	131	6158.813055	113
81774	159	7058.106328	168
81743	214	7993.717299	135
81720	239	4740.465636	101
81694	76	4636.226298	65
81737	130	6135.049891	118
81727	196	2811.967509	45
81722	94	6870.165199	120
81736	165	7281.556126	138
81704	264	12.66159505	1
81732	141	6745.626329	139
81731	107	5829.579175	107
81727	215	2578.672114	52
81720	107	6035.358233	90
81709	73	2377.735925	39
81744	210	6851.195163	124
81764	251	6313.194333	120
81742	21	6668.859422	132
81758	227	6466.063395	116
81727	254	2620.805504	44
81730	241	4566.207848	105
81763	131	6855.987478	123
81745	101	9023.534841	140
81715	45	8781.105779	131
81757	26	9392.812487	167
81696	78	7491.530513	120
81739	235	3802.099516	87
81757	200	7733.258158	153
81735	46	1997.830366	36
81698	122	6573.979689	114
81706	161	2539.01598	58
81746	44	7753.742473	146
81734	72	6427.431294	115
81717	254	6018.722055	100
81710	181	1992.117058	33
81742	208	5492.081324	118
81696	257	4197.32163	81
81742	135	6690.583652	117
81758	233	11963.56535	189
81686	180	3913.872483	81
81724	59	5837.170513	110
81713	13	11774.15401	163
81743	234	6034.46643	138
81760	65	6483.582392	129
81753	202	6596.595059	124
81730	38	4899.837608	102
81750	151	8109.609572	158
81689	140	7267.414893	109
81712	247	4156.754088	82
81757	133	7145.296436	135
81713	42	5847.021746	100
81690	266	6994.905709	119
81706	222	2947.015967	62
81699	245	2908.193316	52
81772	93	7229.149723	140
81731	199	6742.237203	120
81718	271	4931.031091	87
81753	145	7739.977848	175
81761	94	7421.851173	115
81721	232	7071.224196	119
81704	106	30.19571553	2
81725	113	4978.896739	98
81723	54	6914.673599	134
81690	73	7130.078376	109
81726	26	7367.033817	130
81692	20	6808.214802	123
81750	215	5759.035834	118
81730	160	5690.925868	107
81710	64	1623.467966	29
81689	240	4677.953346	86
81715	165	8006.10882	131
81733	153	5268.07717	110
81759	157	6810.62148	147
81753	238	6080.819838	129
81687	110	6544.372248	100
81749	7	3074.724077	65
81704	139	36.51016817	1
81754	157	5754.944753	131
81714	136	5763.589526	106
81756	151	6955.965969	142
81727	223	3016.396896	58
81689	29	8417.539472	133
81698	192	6128.667705	114
81706	267	2616.383932	58
81756	51	8178.350803	148
81714	168	6317.825589	134
81767	85	7880.789365	129
81676	11	12.0481044	1
81699	5	3926.669088	71
81696	84	5113.040388	84
81762	28	8096.829391	144
81698	118	4530.208643	102
81703	123	33.18877504	3
81761	36	5441.529082	100
81709	193	3822.145181	59
81767	14	6706.68868	132
81756	70	5338.568509	108
81714	24	5179.473252	95
81711	257	4942.188282	106
81754	56	6398.010615	110
81720	268	4621.634476	88
81687	166	5594.671895	114
81747	122	3884.941642	77
81751	76	6525.647641	120
81709	195	1181.796817	24
81729	177	20.20503494	1
81746	18	9678.257034	149
81766	233	11724.67263	166
81725	96	7979.224812	137
81710	208	1741.7277	26
81754	237	5625.956654	108
81732	197	5617.427096	123
81748	248	15.04239477	1
81712	174	3460.183169	74
81741	104	7039.924181	118
81730	78	6135.849113	114
81772	56	9358.489372	175
81706	147	3077.4974	66
81760	57	6525.767886	146
81759	227	6787.074213	128
81717	110	10555.53062	142
81686	175	3920.17239	78
81676	94	71.72872825	2
81749	156	3879.137147	79
81746	181	6446.823462	122
81711	29	7343.918488	131
81721	144	6874.266482	132
81743	264	5862.525316	116
81713	198	5556.789298	102
81773	1	8267.958688	135
81758	209	6835.081795	118
81724	43	6580.22771	121
81749	32	3681.62505	75
81768	122	8259.199973	149
81736	217	5760.303932	113
81769	66	5359.142725	121
81740	224	5134.771217	107
81724	79	5472.085936	109
81772	8	9429.449627	153
81714	220	5750.036185	107
81699	133	2326.96612	44
81710	14	1377.485542	27
81736	236	4597.90261	82
81696	125	3026.979462	71
81760	24	7422.384204	147
81725	109	6715.25591	120
81716	92	3761.564585	83
81763	140	7373.832976	126
81754	2	7512.586627	148
81694	126	3432.447092	58
81683	208	10.4772649	1
81771	162	6872.656286	133
81770	234	5770.785665	115
81689	255	5937.276536	110
81733	182	5924.961914	130
81766	128	6206.996936	114
81693	201	8501.468347	149
81765	8	10573.08872	161
81711	120	7407.81747	122
81741	77	8525.823025	136
81772	251	5383.352478	112
81755	122	3045.124626	65
81689	13	10146.54515	138
81702	259	6931.518696	116
81758	259	6526.549563	122
81769	4	9862.093204	172
81720	73	7101.046618	112
81707	141	6739.235864	119
81746	92	4134.087895	107
81740	259	6933.095695	130
81712	65	4788.736244	88
81758	189	6124.760553	133
81725	89	7407.350137	127
81663	45	15.73076506	1
81730	31	5446.544446	104
81732	76	8190.600803	139
81705	188	99.82107644	2
81694	159	4083.570689	67
81688	245	5960.393928	123
81710	108	1763.883746	28
81719	157	6449.18621	120
81739	106	4861.888394	91
81696	33	6482.288319	100
81688	153	5881.945503	118
81735	53	1632.157957	30
81718	5	6869.716276	122
81764	212	6960.150281	151
81759	122	6441.253844	119
81696	32	5435.636812	104
81769	114	6954.577454	135
81718	109	6065.093899	116
81740	102	4874.05303	102
81730	194	4011.015848	74
81774	75	7939.367486	145
81719	142	8721.512954	163
81725	146	6395.953055	130
81743	240	4915.102424	112
81734	127	7825.684998	142
81726	202	5033.016821	117
81743	85	7925.724137	136
81744	169	7874.687816	152
81723	90	5657.131487	103
81709	45	2757.350008	37
81717	63	6807.669026	126
81691	17	7531.375641	119
81673	96	21.6388582	1
81768	170	7098.18576	143
81747	22	3705.14474	77
81729	23	10.93372407	1
81696	74	5416.931756	90
81745	2	7090.395734	143
81735	249	1529.032779	25
81688	25	7575.976182	166
81742	12	8909.726388	140
81770	72	8420.119132	152
81754	215	5221.11571	113
81742	59	6805.01804	130
81685	151	967.7111114	20
81765	241	6227.119267	127
81750	249	6453.466539	124
81772	173	6449.896129	127
81688	39	5601.809138	101
81750	72	7607.994367	134
81707	173	3704.12513	79
81677	211	11.26741728	1
81770	3	10259.89225	171
81736	229	5655.659615	102
81766	206	13119.30686	192
81691	3	9904.073844	154
81727	235	2239.954525	45
81685	80	729.6411942	11
81727	155	2515.580229	55
81710	35	1073.941211	18
81690	246	6943.053581	107
81775	96	8182.12398	125
81707	193	9369.752743	117
81733	104	6449.006933	118
81769	177	7056.912916	145
81750	176	7640.190363	150
81714	251	5383.231061	97
81672	78	93.41179838	1
81688	65	5943.198714	114
81707	159	6074.163481	126
81695	196	4990.914116	85
81708	18	7752.413561	119
81765	207	6412.087237	146
81757	58	8548.259205	135
81738	167	5662.957927	110
81697	219	6510.450513	103
81706	3	4230.682124	66
81690	105	4229.157683	88
81763	170	6809.188254	151
81719	66	6655.200005	126
81712	53	5780.693452	86
81694	16	2372.431038	53
81687	234	5516.992382	105
81748	73	20.20042619	1
81767	258	6362.52859	122
81739	110	9332.706908	140
81729	157	19.79322236	1
81765	142	10690.01036	187
81722	261	4774.975238	90
81752	249	6122.934818	141
81694	217	2384.885563	51
81751	34	5311.80884	105
81751	57	5027.717	108
81716	10	9326.419284	152
81712	225	5265.705513	92
81753	75	7199.093882	131
81732	68	8067.251762	282
81753	39	7505.719984	146
81699	87	3523.462074	56
81709	0	3614.627511	51
81746	3	9534.901048	154
81733	86	8460.922036	133
81740	60	4688.70924	102
81764	125	3661.120692	85
81707	147	6265.784739	126
81740	74	5536.488508	117
81766	88	9231.813332	141
81768	140	7084.664403	121
81698	3	11065.80682	163
81696	23	8361.158168	122
81732	237	5174.455701	113
81759	183	6551.077304	125
81692	204	6953.580466	133
81745	62	5243.886146	109
81754	257	5646.393893	125
81773	142	7943.888835	154
81753	87	7332.407651	133
81767	224	4911.227719	118
81683	83	10.24100401	1
81722	230	6739.140297	104
81751	17	7325.777476	129
81766	268	6523.825551	133
81759	73	9058.727102	171
81715	106	4650.142105	90
81692	179	10735.48514	169
81694	249	3249.127921	61
81741	102	6164.371204	122
81772	152	8998.873641	172
81765	101	8101.224189	138
81760	38	6876.602186	135
81723	97	10582.77119	148
81686	151	3556.024595	66
81742	271	3920.47945	75
81681	260	11.5363105	1
81722	108	6294.252856	109
81717	173	5406.925351	122
81775	111	6167.239908	115
81708	121	6410.215312	101
81714	204	6528.65809	126
81685	118	321.8503024	8
81705	204	28.29271723	2
81724	144	7834.858552	149
81738	202	6593.060624	120
81724	233	9894.177446	140
81770	13	9916.200474	156
81713	55	13312.8451	162
81731	220	6994.207781	147
81748	173	13.13107347	1
81734	237	6108.759868	120
81698	15	7230.451297	134
81694	233	5261.181282	82
81752	1	11010.67419	178
81758	195	4693.363622	115
81774	6	9198.599259	159
81688	230	5888.308707	99
81754	45	10084.34085	153
81746	37	7872.021415	130
81755	217	3406.763796	68
81693	155	8205.323974	147
81756	115	5100.930322	107
81727	53	2897.013086	54
81751	223	6774.669552	122
81699	53	3922.242633	57
81722	136	5644.288964	101
81727	112	2346.291966	46
81697	153	6324.040712	115
81716	209	7287.890951	107
81731	182	5720.269765	109
81713	185	4693.060862	88
81752	4	9179.79148	147
81751	23	7276.21717	123
81722	166	6887.428583	133
81686	262	3520.197289	68
81746	123	10803.73327	145
81748	165	12.83873097	1
81765	87	6820.331829	127
81757	206	10776.45613	187
81692	114	8339.872391	131
81762	97	11997.0882	156
81764	189	4939.4813	118
81742	102	5504.649036	110
81694	101	4824.644197	62
81773	203	6110.807974	136
81723	158	6925.147122	130
81739	248	5140.207943	95
81752	210	8894.995422	138
81766	84	6572.165915	122
81742	172	6314.16481	123
81758	219	6227.683553	111
81714	259	6407.300245	104
81727	246	3800.187811	63
81691	26	6767.216363	122
81666	109	10.83534586	1
81746	106	7344.198435	129
81732	73	6650.641438	113
81686	106	4897.750618	83
81762	223	6964.144742	152
81695	160	4922.411546	96
81696	90	4280.622358	77
81732	158	5422.053874	128
81706	178	4040.083606	74
81771	55	13975.82211	197
81689	18	8825.888293	136
81714	31	6955.411256	123
81753	107	8653.186449	146
81708	244	4403.679195	85
81706	123	4590.523003	81
81767	0	9553.690281	122
81759	191	6399.762443	141
81773	36	6320.286426	128
81765	131	6620.635054	114
81735	101	2223.472331	32
81745	66	5101.990441	116
81731	203	5703.445926	113
81750	73	8521.97225	162
81741	193	14142.12019	208
81696	227	4799.317325	81
81740	260	9115.874354	145
81731	264	5952.371115	110
81713	220	4909.732831	94
81694	80	3629.140536	65
81706	76	4095.086244	74
81681	10	27.74555208	1
81731	186	5580.633957	110
81715	73	6238.232074	119
81772	110	11993.92466	163
81686	124	3012.13259	70
81746	243	5365.128838	115
81752	94	6371.989487	110
81747	109	5922.280391	97
81694	85	3506.312484	59
81723	30	7378.568764	136
81718	236	7649.236182	137
81742	41	10037.23876	147
81732	96	7176.99932	120
81706	145	3580.683237	68
81695	122	4261.360084	70
81734	95	6382.836827	115
81684	175	37.52812439	1
81714	102	6490.346285	109
81697	92	4449.130158	104
81692	188	4706.749181	104
81725	247	6860.292287	118
81742	136	6172.640746	114
81718	177	6661.290568	124
81770	42	6896.755522	124
81718	204	8190.444622	147
81732	11	8399.241472	141
81724	245	4822.558929	92
81736	92	3992.868778	88
81719	48	6458.985669	125
81707	93	4724.6625	81
81711	189	6184.884478	121
81759	64	6507.583438	128
81757	106	7007.168433	128
81734	50	5852.644159	122
81745	171	6703.438889	136
81721	115	5385.617356	96
81732	162	7871.538843	142
81752	108	6366.570127	133
81710	204	1875.833271	32
81762	233	13231.30679	186
81664	144	32.16770136	1
81714	196	5324.766151	103
81725	241	4648.139716	98
81716	184	6577.665554	118
81739	91	3975.730594	86
81758	43	6463.345179	124
81697	35	6652.980463	117
81735	68	3702.478972	212
81727	28	2907.493146	51
81695	7	4588.741268	91
81761	154	6116.524802	135
81734	234	5053.991678	100
81752	9	7252.472638	146
81727	47	2053.056519	48
81708	69	7841.839389	123
81698	256	7542.655827	140
81774	117	7517.288692	133
81736	15	6404.057957	120
81687	68	4185.834419	85
81695	270	4537.708477	83
81706	44	3579.129109	63
81750	134	5662.720388	113
81735	196	2251.301581	38
81751	191	5097.017222	111
81735	95	1075.199362	20
81709	51	1898.947575	33
81735	137	2445.371374	36
81733	54	6682.975932	117
81736	20	5190.063323	101
81724	151	6426.870192	113
81698	168	6810.375415	128
81749	59	4196.778674	73
81685	91	711.6997748	16
81706	139	2476.813537	48
81748	124	11.04608417	1
81769	210	9391.019999	141
81713	28	6889.086376	128
81728	58	13.5576027	1
81737	220	6819.114417	135
81737	131	6349.638961	130
81664	90	23.72570485	1
81751	22	5331.597164	115
81739	61	4895.502802	87
81764	49	6691.382418	130
81754	260	9348.881586	136
81749	237	3577.959902	74
81773	30	7843.859941	142
81686	112	4584.794585	81
81772	109	7117.997647	133
81690	2	6901.026779	129
81771	183	6498.473696	140
81688	19	3999.569874	83
81698	41	11977.8469	156
81772	230	7916.601519	158
81763	113	6696.923384	129
81763	255	6599.807729	127
81761	49	6509.838491	137
81775	85	7114.058263	129
81722	236	7414.170816	140
81755	207	2775.54522	61
81738	208	4701.19728	101
81725	263	5362.094031	98
81720	199	6422.373508	112
81775	129	5783.02977	125
81690	186	5806.90927	125
81710	5	1083.88881	27
81754	210	5678.454313	100
81671	260	13.71163666	1
81697	134	5855.132673	99
81734	44	7260.473732	132
81739	105	4892.018963	89
81733	11	8826.695004	138
81754	61	6475.547972	119
81720	155	5176.445815	115
81730	152	5582.356053	128
81756	74	6290.495218	120
81691	150	5446.448195	122
81699	2	2703.40418	56
81689	92	3704.545388	82
81758	247	6522.891127	128
81769	267	5000.66185	113
81715	223	5268.385042	109
81727	106	3126.502853	54
81689	243	4897.40729	95
81725	35	6888.816694	134
81762	73	8096.735747	148
81692	259	6591.339702	107
81771	64	8245.054526	140
81734	121	6785.242854	110
81685	114	1383.146092	22
81695	28	6688.397405	106
81739	75	6071.950954	93
81721	192	6075.740814	117
81751	129	6414.803507	121
81678	137	15.50580275	1
81685	81	557.9330478	11
81716	123	10264.05569	144
81701	49	95.70427925	1
81722	186	5157.976304	101
81724	118	3945.183752	91
81709	254	2236.621455	42
81736	171	5365.091444	103
81758	198	6705.205258	142
81763	224	6632.443747	145
81692	76	6718.901534	116
81763	53	7146.615872	126
81664	97	10.08805808	1
81720	3	7788.815929	117
81688	52	4761.043259	107
81767	266	7334.464853	133
81767	18	7859.661668	139
81737	221	6612.008469	114
81771	144	7689.240245	157
81771	165	9166.265503	166
81736	115	4872.875775	88
81737	214	6826.872707	125
81737	178	7331.302602	149
81734	133	5137.839575	98
81717	270	6513.456694	118
81724	85	7273.145475	119
81769	268	5683.065102	116
81732	62	6598.464956	133
81761	69	8757.564493	127
81751	71	3544.048447	90
81706	199	3701.768376	66
81725	60	7858.007162	142
81719	117	7066.663982	116
81709	127	2882.210846	42
81721	81	7104.567954	134
81718	13	9156.333344	118
81693	19	5228.669102	111
81746	20	6575.453965	134
81698	149	7610.083625	145
81756	148	5842.975678	133
81713	147	6313.743386	135
81670	252	11.24000503	1
81679	211	12.63334329	1
81699	206	4517.123862	81
81744	231	5795.164146	112
81685	179	1461.493404	18
81687	197	3964.101565	85
81763	97	12216.44704	158
81771	33	9032.017235	148
81695	70	3146.034871	71
81751	207	5062.62306	115
81720	233	9771.471868	128
81769	189	6030.14224	151
81737	145	7543.748464	156
81708	50	5911.156994	107
81721	270	6161.728445	118
81717	213	4513.438798	82
81692	35	5875.000717	109
81773	10	9112.196266	153
81708	32	5728.334589	108
81735	67	1264.960659	24
81749	184	3282.367303	55
81719	204	6863.84697	128
81731	31	6958.565549	131
81753	116	6700.804747	131
81708	228	4847.023648	91
81690	52	5958.631533	110
81753	211	4376.51555	95
81717	120	7119.845257	127
81731	230	5981.186671	119
81765	145	7283.054922	158
81746	197	5578.950857	123
81678	46	66.36610338	1
81692	202	5579.522705	107
81722	270	5631.986742	108
81718	149	7490.844661	147
81758	254	6891.846003	113
81709	208	2365.226046	37
81770	111	7880.222962	134
81765	54	7624.167501	132
81747	67	4265.472732	87
81702	153	5696.484622	127
81767	27	10505.43487	156
81758	104	5072.416604	106
81751	174	3856.527035	101
81703	159	14.17813577	1
81690	198	6332.38486	120
81692	53	6180.411377	116
81775	228	4864.854607	105
81706	198	1982.917955	47
81701	32	24.12443811	1
81748	83	198.6641674	5
81732	120	5828.644414	98
81689	58	6237.917472	102
81716	240	6964.072028	127
81750	8	8146.103821	126
81775	148	6285.721794	142
81690	110	10081.22818	144
81772	52	7097.713593	144
81766	105	7400.337269	128
81727	31	2234.773626	41
81702	73	6044.142657	104
81767	50	7394.585089	133
81690	225	5560.059753	105
81688	41	9175.421526	128
81721	131	6096.722449	109
81692	267	5579.450072	117
81724	222	5782.886039	123
81724	177	6992.571416	144
81690	78	6866.455319	109
81736	4	8854.012882	137
81706	229	3182.817449	59
81730	177	5474.035219	117
81717	124	5326.277926	111
81694	269	2635.697653	51
81771	154	7892.236337	160
81702	213	5839.801566	119
81693	226	6813.154389	121
81754	12	8273.235564	136
81716	20	5880.47638	117
81718	233	15329.70077	189
81731	131	7118.647766	123
81692	133	4614.63668	94
81714	59	6301.581614	108
81726	211	5450.051361	97
81690	11	9149.848339	152
81761	40	8382.997106	123
81761	231	6133.839562	125
81708	267	5292.392657	108
81762	260	9966.761977	170
81671	160	19.6399176	1
81689	37	7342.886752	105
81689	141	7726.372121	140
81702	80	4588.691182	94
81747	88	6435.421328	99
81712	102	4038.646426	76
81769	29	9828.784108	162
81748	116	24.97212913	1
81707	62	5609.588488	97
81705	162	130.3977452	2
81713	252	4417.320143	87
81703	131	11.42998128	1
81775	159	6986.70054	159
81735	257	1083.3122	25
81727	170	2598.781814	51
81760	169	8096.585363	148
81723	212	6975.304575	119
81731	200	7616.344676	146
81759	127	6953.513894	128
81728	130	22.29414976	1
81720	139	4378.519771	74
81743	197	5785.0603	135
81718	205	6278.882984	120
81720	190	5274.393753	105
81736	25	6649.931208	115
81707	54	4093.360099	74
81724	200	7405.589252	129
81735	105	2070.757337	41
81767	105	5671.373983	112
81763	50	6673.627743	133
81751	248	5680.011855	115
81760	59	7159.73169	131
81766	24	6378.624304	138
81691	51	8308.85128	130
81722	210	7611.997407	128
81726	125	3849.432075	91
81736	119	5454.991229	102
81755	143	3579.553188	78
81725	78	8405.166235	142
81685	172	578.6628503	15
81685	123	1690.720154	23
81691	96	9203.973284	128
81766	48	7804.933089	162
81767	80	7257.967538	128
81705	48	33.12340286	2
81768	149	8192.993702	178
81756	219	7474.919059	136
81694	232	3207.305718	52
81686	43	4133.781937	77
81723	61	7865.910524	126
81717	165	8403.104562	138
81732	176	6601.007765	117
81671	24	102.2743926	1
81692	229	6698.747729	116
81722	259	7392.132643	142
81715	152	5890.062244	115
81704	111	12.25163497	1
81737	111	6904.007769	109
81727	100	2596.355704	46
81727	184	2351.835777	46
81747	197	4084.469512	80
81720	37	7815.711332	114
81769	15	7704.82631	157
81699	218	2839.489232	52
81727	225	2381.956281	47
81710	106	1321.986126	29
81702	188	3783.802649	88
81707	28	5162.152376	96
81712	181	4401.02022	84
81770	123	9172.795216	160
81694	183	3531.139704	63
81759	103	7692.275766	141
81773	193	10730.03136	165
81753	123	10902.45204	160
81743	117	6417.571694	123
81704	161	25.67784976	1
81683	258	27.4988682	1
81664	137	24.4034763	1
81775	144	7002.68662	155
81724	223	7725.647386	141
81720	209	6213.465091	114
81689	167	6721.305463	128
81706	160	2813.746631	55
81698	189	5701.51135	114
81772	98	6213.375303	140
81717	139	4650.332599	80
81758	67	6095.227921	125
81700	122	11.28999651	1
81710	60	1374.351111	28
81702	192	5405.649028	102
81767	169	7747.451441	141
81700	123	11.77313618	1
81722	245	5117.808404	113
81759	216	7134.110384	132
81745	86	7153.842808	133
81770	86	9225.739134	143
81774	173	7329.677098	135
81698	115	6275.669836	117
81731	163	5923.620802	128
81744	230	5878.967404	111
81774	269	5775.247285	113
81763	228	5328.487725	108
81730	222	5919.074827	121
81694	27	5295.876193	78
81746	194	7183.015556	146
81710	51	1276.402598	25
81694	63	2622.064665	52
81764	119	7317.611814	139
81723	125	4329.659507	101
81695	44	5424.047887	89
81732	231	6307.569882	122
81693	121	5853.363283	123
81688	143	6750.544419	137
81731	263	6341.401989	129
81735	139	1342.020234	23
81719	137	8226.159152	133
81708	158	6222.988138	119
81736	263	5012.637338	102
81722	177	7336.952984	142
81754	166	5989.812352	127
81772	113	6285.644941	127
81734	250	5793.205486	115
81759	142	8068.940794	162
81775	127	6495.091557	124
81714	260	9184.802492	140
81764	99	7669.929512	138
81707	211	4489.105632	84
81747	267	3450.108828	68
81742	91	6577.237791	130
81705	173	107.5769026	2
81745	142	8046.740597	158
81706	175	3127.386014	57
81760	103	6651.858126	130
81690	136	6506.027259	115
81759	256	5983.276398	123
81685	43	735.4384826	16
81746	210	6551.442534	127
81695	142	5798.842523	103
81733	71	4486.114582	98
81765	93	7071.096949	125
81723	33	8174.922663	129
81767	21	6778.582829	128
81773	70	5059.924354	97
81697	185	6368.633927	117
81716	128	4904.740013	99
81736	246	7548.125789	122
81716	125	3187.12462	82
81751	100	4997.487945	102
81769	28	8119.631084	152
81735	183	1759.127094	32
81745	179	10603.9337	173
81719	47	4785.027073	93
81714	256	6704.71963	117
81711	106	6238.053043	112
81662	248	23.83320251	2
81762	80	7210.105105	136
81774	167	8605.424012	181
81752	21	6640.346091	146
81735	1	1869.168377	36
81685	17	533.5951735	9
81766	185	5806.740171	124
81690	60	5833.787548	112
81760	160	6777.73238	159
81739	170	5414.856865	109
81756	104	7021.874605	122
81755	175	3901.940106	75
81773	263	5086.182972	111
81718	240	6588.754161	119
81697	228	4960.879846	90
81763	26	8325.460127	145
81724	100	6373.827818	113
81752	92	4570.15959	102
81767	234	6302.514096	121
81747	170	4478.176696	94
81722	70	4458.134822	110
81763	200	6625.975211	124
81713	70	3702.85629	81
81776	217	10.28089475	1
81747	110	7465.56376	106
81715	12	8941.312025	143
81719	200	6321.934618	118
81737	237	6503.11651	130
81719	255	5372.996901	113
81720	156	5375.065821	109
81759	187	4692.011996	116
81749	178	3236.681604	70
81759	125	3970.127281	93
81715	162	5281.188703	104
81770	56	6369.272772	124
81752	238	7250.653499	146
81708	230	4297.083994	85
81702	108	5944.61273	110
81726	80	7684.150376	132
81697	29	8048.807678	130
81716	16	6871.182143	133
81753	50	5804.377014	112
81774	34	6384.940548	126
81709	55	3548.615204	52
81737	13	10991.95605	149
81758	234	6369.938471	131
81705	205	15.31133733	1
81746	249	7036.843023	143
81722	237	6403.655329	121
81707	7	3957.724951	78
81724	94	5957.817756	117
81698	37	7750.94536	135
81758	199	8036.012827	144
81689	32	6702.18372	122
81764	128	5422.878957	118
81711	16	7198.615873	126
81736	6	8447.420005	137
81758	155	5827.222669	127
81767	167	6203.784546	139
81711	102	6102.659353	114
81769	20	7462.357228	156
81734	18	7394.522196	135
81769	126	7030.580324	133
81756	159	8689.436993	181
81733	241	4423.45257	101
81696	127	5603.51789	95
81702	267	5724.9887	107
81745	43	6447.893684	122
81688	196	5974.916869	118
81694	181	3564.63954	59
81679	156	21.92606111	1
81725	268	6196.319028	124
81699	81	2390.656927	42
81714	145	6159.571864	132
81765	33	9241.171086	161
81766	73	7179.859343	128
81695	188	4063.357295	91
81769	79	6240.269741	130
81704	36	12.09294509	1
81702	128	4942.803764	105
81734	231	6036.5213	127
81723	261	5201.095067	102
81734	260	9653.251019	140
81727	12	2772.382117	46
81774	29	8652.162161	149
81769	34	6754.425595	136
81775	33	9126.055112	154
81702	170	4813.577245	107
81759	228	5446.904545	128
81745	161	6351.91223	131
81693	161	7207.678573	144
81758	128	5744.848461	109
81705	222	11.9685843	1
81746	52	6600.705014	132
81768	37	8756.15687	153
81725	255	4705.022623	109
81691	181	5970.929175	112
81690	18	8001.394059	134
81746	162	7342.834579	135
81767	90	7585.958515	136
81774	253	5622.110487	106
81769	55	10736.92901	150
81737	242	4728.419062	101
81767	192	6566.488731	133
81696	187	4708.740835	91
81694	109	2919.863527	54
81687	105	4963.392511	90
81755	126	3650.477558	67
81718	61	6921.78705	118
81764	268	6105.603483	125
81693	5	7794.828226	135
81768	50	7559.205184	143
81745	257	6120.044014	110
81742	236	6595.570882	129
81745	269	4948.830449	107
81774	194	6727.483271	140
81662	27	80.80328657	3
81704	193	117.5946256	10
81763	108	6045.081256	126
81767	135	5498.488434	107
81740	72	6707.669806	128
81709	111	1724.802763	38
81734	45	7711.861729	143
81759	132	5785.103683	120
81767	253	5247.052113	113
81765	89	6278.427298	124
81773	190	7073.227461	139
81710	27	2188.710193	28
81774	28	8442.917928	147
81693	71	5028.346364	119
81742	98	4616.970991	101
81695	58	5878.478835	91
81747	113	5822.925362	117
81699	108	2571.064599	48
81757	102	4848.309039	102
81677	137	10.76828019	1
81763	93	7762.770382	127
81753	200	8801.436679	164
81744	71	4206.294242	102
81741	186	5903.547188	130
81760	176	8341.006046	152
81706	255	2363.2647	51
81718	269	5710.356043	108
81720	113	5278.473901	91
81693	93	8129.440373	142
81677	223	57.23048126	2
81728	69	79.38236497	4
81712	218	3215.894941	68
81773	116	6868.173752	126
81746	246	8446.780113	144
81728	83	32.29015733	3
81726	7	6098.876338	128
81695	177	5321.135086	89
81742	196	7805.053528	144
81696	263	5264.687666	92
81751	201	5458.542058	106
81775	202	6123.262136	128
81689	265	5090.983755	94
81699	18	3142.600887	47
81688	264	5889.680783	108
81695	222	4633.120596	87
81772	27	10445.98278	158
81720	29	7480.030187	122
81770	184	7572.886942	153
81732	227	5683.283939	105
81757	146	6847.494465	147
81722	39	5975.624809	126
81724	4	9131.614611	144
81670	181	31.44583869	1
81710	93	1853.353832	29
81727	161	2136.806416	52
81689	182	6893.109152	136
81720	179	8800.310517	152
81755	103	4126.154951	64
81762	4	9700.452026	153
81723	103	7191.663242	122
81762	271	4631.064993	91
81719	223	6576.347533	131
81715	175	6921.887319	127
81702	102	4570.201143	90
81771	26	8771.220581	147
81771	169	8115.28713	157
81750	45	11123.13978	154
81751	67	5462.411577	107
81775	216	7258.08732	131
81686	9	4240.017915	80
81699	187	2037.140708	41
81687	122	5618.340642	99
81742	2	8201.409045	155
81758	243	4660.808522	113
81755	70	3087.491839	72
81708	92	4627.073612	87
81730	42	6096.701852	119
81769	166	7471.566554	147
81771	226	6689.052886	148
81775	42	6550.901807	136
81735	201	1548.326595	27
81745	152	6608.124195	132
81696	164	6545.046346	120
81743	247	6387.912631	119
81732	168	6402.76025	133
81769	18	8840.076084	155
81723	135	6924.821429	116
81687	15	6234.236324	107
81752	50	6778.198281	130
81763	59	6657.462782	122
81724	208	4176.989182	80
81758	186	4481.227364	104
81715	85	6200.269671	116
81693	86	8544.17936	126
81753	18	8754.870304	153
81741	64	7834.386396	146
81746	238	5829.279092	114
81761	116	5173.976496	102
81774	192	6140.251029	130
81761	130	5599.374562	113
81748	260	137.8646901	5
81672	149	12.65565281	1
81696	22	4115.974309	81
81774	232	5451.306079	126
81710	266	1751.997722	28
81768	14	8089.7547	139
81688	79	4877.062298	108
81735	42	1044.232579	23
81771	98	4386.365212	102
81737	149	7837.119517	160
81699	156	3328.326817	56
81724	90	5395.878028	101
81716	100	5705.574202	99
81760	4	12214.85693	188
81747	155	4465.418899	86
81733	27	12402.53662	159
81699	166	2678.220893	58
81719	212	6354.606922	116
81739	30	6017.365379	111
81763	165	8595.144814	143
81733	150	6136.696749	133
81733	118	5662.192752	120
81711	30	6702.863717	124
81693	249	7140.701727	116
81705	153	67.24078496	2
81736	194	5577.051353	100
81769	205	6103.223307	132
81743	261	7760.143126	146
81695	205	4952.301907	96
81695	57	4529.390513	85
81739	98	4061.474918	93
81763	70	5880.375865	128
81722	262	4600.004187	94
81718	189	5516.894552	118
81736	256	4790.168796	101
81714	117	5232.241126	88
81696	27	7427.755766	115
81690	211	5970.627993	118
81694	229	2671.396295	59
81765	202	5412.036901	115
81730	204	6806.283255	126
81747	266	5032.391999	87
81745	90	6134.779319	121
81768	155	7176.694289	152
81707	96	6509.345024	106
81770	18	7430.811548	149
81717	13	11420.57295	163
81752	103	7980.331137	129
81698	66	6267.763452	119
81693	26	7851.905417	134
81680	80	15.23211368	1
81749	230	3396.996421	63
81674	251	46.45700832	1
81712	33	4807.3644	80
81722	4	8318.904499	139
81719	103	5128.903462	94
81715	130	4748.461327	88
81696	161	5969.383512	120
81707	41	5852.697023	88
81714	261	6269.536751	113
81720	138	4690.49423	90
81772	96	7488.583004	139
81775	190	5599.131676	117
81755	222	2140.175025	46
81686	206	6062.518658	98
81770	204	7409.666087	142
81687	103	4145.199123	78
81756	189	4578.902998	108
81732	104	7169.300735	127
81737	162	9522.266026	160
81750	199	7030.749772	135
81696	266	6479.230842	107
81764	202	5929.902013	117
81755	239	3899.057907	74
81707	74	5470.348773	102
81762	51	8034.83199	137
81691	21	4766.084489	109
81743	162	7355.847351	150
81740	222	5278.634291	112
81742	17	7834.341036	124
81758	239	6009.429471	117
81761	92	4759.416458	97
81760	191	6425.821357	133
81709	78	1949.186414	33
81699	169	3089.580086	55
81743	36	7143.537149	134
81694	262	3251.902568	64
81713	103	6254.826169	111
81759	9	7063.950462	139
81772	17	8965.150126	162
81755	105	2905.975888	62
81697	270	5917.070731	110
81708	91	4654.384384	89
81732	180	6803.044125	136
81691	220	5020.054439	109
81712	166	3929.700998	78
81714	146	5500.775932	119
81716	155	7386.849258	130
81664	28	10.17825574	1
81741	256	5936.729112	118
81745	82	7571.845839	127
81739	21	5479.383277	98
81703	271	15.27580607	1
81764	14	7026.336268	140
81706	265	2592.63264	54
81701	7	118.4552023	1
81741	40	7410.025521	129
81774	223	6113.656804	130
81730	210	4727.498268	91
81732	179	13590.40223	204
81706	25	4411.535412	73
81769	57	5224.893195	107
81716	85	7971.750562	128
81734	16	5041.040959	109
81743	243	5478.932445	112
81702	78	6599.688581	113
81734	196	6525.944579	131
81686	186	3765.876247	72
81763	106	6335.176609	125
81736	224	4496.601832	92
81712	175	3627.930276	84
81770	67	7505.246579	151
81684	193	10.8632872	1
81756	195	5410.878678	122
81731	258	4942.156905	109
81715	196	6787.530189	128
81669	97	17.26430567	1
81731	78	7319.99666	124
81757	249	7150.136522	133
81732	205	6039.129552	128
81744	209	6681.058358	114
81755	234	3687.472909	71
81744	176	6213.131306	113
81753	59	7235.069428	132
81735	50	1616.518422	26
81735	15	1809.211072	33
81770	99	6543.769779	115
81746	82	6882.568239	115
81773	213	5087.069786	96
81734	59	5386.591759	109
81758	231	6500.410215	122
81735	33	1191.12851	28
81709	261	2106.637079	40
81752	101	8655.508163	145
81693	2	7427.988921	139
81740	129	5947.786778	117
81690	35	5480.12935	101
81775	269	6527.156931	139
81697	234	4522.825641	96
81719	108	5100.596267	100
81731	80	6033.086257	111
81729	55	24.55526448	2
81733	87	8907.921563	146
81695	138	4818.773738	81
81755	65	3242.591034	63
81691	149	4823.762612	110
81749	227	3512.58179	71
81695	62	3747.532301	78
81688	136	5604.133382	102
81723	255	4583.91768	101
81709	89	1489.889897	29
81715	52	5716.700697	103
81715	18	6600.892155	109
81702	241	4155.04515	83
81773	94	5725.722813	107
81695	14	5563.870456	93
81731	262	6631.086879	133
81733	213	5198.722965	104
81687	155	4997.047575	100
81771	71	5641.031154	136
81759	156	6522.586441	148
81709	106	1444.921634	31
81753	263	5826.40781	126
81684	120	91.88800522	1
81736	29	6665.046337	111
81738	73	7197.931279	119
81724	9	6216.467605	115
81757	79	6268.554564	144
81757	221	6543.34807	120
81768	236	5510.786439	105
81744	11	7018.800169	139
81736	211	4193.014485	89
81704	53	14.01004767	1
81752	229	6212.737169	125
81766	5	8199.313801	141
81757	192	6405.18918	133
81775	97	11372.53402	156
81704	204	33.38106075	3
81702	268	5525.907396	110
81758	86	8403.066342	125
81695	120	4645.837344	79
81715	161	5160.46769	113
81696	31	6333.348709	101
81727	248	2239.554527	48
81726	162	6541.94529	132
81770	133	6469.255898	124
81689	195	5189.265452	101
81762	118	5154.109617	116
81744	182	5502.981866	117
81723	252	6516.536225	110
81727	76	2828.453389	46
81739	82	5065.362833	91
81706	216	3538.964245	63
81736	18	6284.692034	129
81712	133	3983.45496	68
81774	114	7992.192394	148
81758	8	8151.55736	144
81728	193	107.2614399	10
81691	167	6610.799564	124
81708	212	5067.325963	90
81690	67	6570.323365	118
81687	243	4244.620042	77
81707	133	3952.739586	78
81693	109	7107.082284	115
81691	174	4851.682679	104
81743	230	6352.513064	124
81698	98	6830.905433	119
81737	227	5735.60206	115
81697	229	5216.293899	107
81688	12	7395.736824	117
81727	172	3033.789998	48
81691	85	7309.955272	125
81743	76	7606.149566	127
81744	47	6447.507818	128
81754	211	4385.048195	104
81775	37	6869.88221	132
81760	101	9184.846547	153
81768	39	7154.349294	140
81760	125	3898.046612	103
81694	73	3990.583801	71
81771	130	5465.519409	117
81730	196	5154.197266	99
81738	125	4247.477598	99
81757	191	5703.305762	131
81698	47	6660.298595	114
81699	28	3451.639703	63
81774	239	7245.082176	130
81710	201	1180.550797	34
81697	58	6853.037459	110
81740	56	6597.348016	125
81754	39	6222.739889	126
81770	260	10134.76437	150
81718	174	4181.634454	95
81680	216	19.08348382	1
81717	122	6390.691983	125
81699	199	2966.684427	57
81754	146	6023.261036	145
81774	90	6714.878176	130
81771	198	6786.046004	144
81699	217	3139.049792	51
81745	156	6032.454561	127
81717	209	6491.772715	112
81736	140	6618.364643	112
81662	133	77.8709907	2
81709	188	1317.693941	29
81732	42	6535.49098	125
81693	39	6263.521817	125
81765	208	6661.559284	128
81733	114	8001.486309	122
81735	239	1584.517435	28
81743	249	5969.652344	129
81723	217	5305.578132	98
81696	100	5396.789213	86
81744	208	4999.733179	110
81768	202	5740.678847	108
81775	92	4791.110961	105
81723	190	5584.375788	108
81728	123	40.89854139	2
81759	53	7102.57755	140
81751	270	5022.248878	103
81703	233	21.57336176	2
81727	68	3389.425318	52
81719	25	7092.980353	117
81742	79	8564.331256	162
81772	111	5867.550103	132
81771	10	9620.432998	182
81714	36	6284.207236	123
81705	98	12.21654636	1
81690	228	4413.404357	92
81710	76	2434.756822	36
81708	11	9728.898177	154
81759	209	7650.661965	132
81746	253	4684.05355	88
81690	123	9390.235598	134
81712	116	3637.998651	68
81755	189	2387.942954	58
81702	34	5752.298642	113
81686	90	3325.494043	75
81716	83	10774.38729	163
81727	221	3054.927658	55
81771	231	6449.157929	123
81758	77	7853.310141	120
81691	271	4685.254796	85
81763	254	8552.423394	142
81677	167	43.96130734	1
81734	9	6928.053018	144
81717	126	6001.190712	131
81744	39	5845.013015	119
81738	239	5202.39199	110
81738	201	6315.296126	114
81721	74	7939.68874	136
81738	231	6469.827407	126
81764	234	6003.221239	129
81733	121	6380.756945	116
81738	118	4485.245814	97
81719	168	5960.903511	128
81710	116	1127.18023	14
81708	93	8031.925015	105
81750	244	6093.073799	119
81768	222	7219.41648	159
81701	118	86.12159814	2
81687	38	4661.533111	87
81726	87	9083.800298	137
81692	80	6525.838425	109
81711	266	7785.834437	132
81750	209	7333.134954	126
81731	243	6788.525075	128
81695	183	4764.99001	89
81764	141	8441.764642	161
81721	174	4658.540075	99
81759	267	5152.244246	113
81697	184	6542.872826	123
81767	261	6246.756196	119
81739	175	5429.647178	110
81770	181	7157.690073	150
81695	89	3256.145742	59
81774	222	5054.479971	114
81696	77	6916.950001	103
81692	237	5134.471343	98
81708	16	5542.547866	114
81773	67	7473.80881	164
81767	157	6386.314287	140
81754	122	6131.453469	116
81755	73	4291.619577	68
81685	157	432.7987593	9
81698	259	6841.312037	118
81768	113	5451.826362	109
81702	126	4240.859894	91
81695	19	3162.702314	73
81726	95	5715.876786	101
81695	242	3316.652009	69
81726	175	7357.566759	137
81709	171	1979.592162	39
81716	116	5661.031488	109
81776	55	109.1814605	4
81730	228	5318.647453	112
81754	226	5090.65854	110
81689	241	3924.605603	92
81746	136	5342.579174	102
81715	188	4079.89063	93
81671	180	102.4579924	1
81771	180	5418.65992	137
81721	241	6042.391752	126
81745	10	8776.115181	163
81735	107	1549.267497	33
81740	20	5041.069346	111
81747	5	6766.900167	100
81688	266	6736.205693	109
81695	87	6844.46925	98
81686	164	4154.591192	77
81745	266	8277.614568	143
81717	58	8433.929916	124
81701	4	390.8355947	3
81757	82	7194.406861	128
81755	93	5589.166615	73
81722	104	6346.642776	108
81742	174	5449.259353	120
81729	169	23.69907907	1
81739	153	6411.515945	132
81730	59	5548.525559	101
81704	90	25.79883871	1
81746	97	9880.911613	138
81773	173	7727.297846	144
81764	118	5102.362792	112
81772	39	7149.061256	136
81724	244	4908.80658	102
81699	228	2364.941923	41
81737	53	7146.426795	129
81767	46	7362.975037	124
81714	266	8802.090161	153
81717	4	9318.628416	136
81724	48	6444.34273	128
81733	171	7597.161487	130
81718	121	7885.033451	125
81686	104	4196.627156	73
81698	193	13203.93508	182
81767	236	5219.018947	96
81718	199	7084.344734	138
81726	62	6251.704497	124
81695	94	5176.291201	93
81699	123	4096.199461	49
81718	190	6208.365916	114
81762	251	5235.29329	108
81697	49	6558.842709	131
81756	16	6562.51379	123
81699	130	2282.472351	41
81758	224	4543.529328	111
81709	168	1633.393111	31
81759	199	6327.57951	129
81675	6	27.68234432	1
81720	152	6670.080848	116
81704	187	12.05268583	1
81693	124	5770.039899	118
81692	254	7299.199911	119
81712	206	10592.75242	150
81707	262	4368.474964	88
81666	1	21.93493725	1
81710	228	1758.598451	28
81770	217	5893.004553	109
81714	244	6569.928534	118
81694	213	3512.678977	62
81747	134	4301.349726	75
81740	266	6477.033698	112
81771	220	6051.860803	136
81759	72	7932.212505	136
81710	252	1081.02367	22
81714	87	8128.705988	116
81697	39	5528.737967	94
81713	54	5157.76904	103
81736	68	10440.79225	366
81738	128	6053.131667	127
81774	183	5531.331195	118
81771	75	9323.046866	151
81746	251	4485.560908	95
81760	1	10787.8319	176
81723	222	5540.802329	113
81769	78	8566.847031	144
81775	142	7321.821517	148
81772	270	8015.411693	163
81713	78	6454.867979	106
81761	190	5816.421459	112
81738	47	4965.829431	107
81758	79	5493.036128	112
81734	227	7347.164906	134
81734	113	7367.880347	129
81734	195	5972.170673	120
81764	221	8607.734081	155
81728	238	82.24249583	1
81760	129	7196.307626	154
81730	141	7123.446268	142
81768	248	8234.25502	148
81747	87	5949.327861	99
81750	266	7558.426763	129
81726	159	7182.699883	141
81718	196	7036.56789	122
81759	115	5177.339903	101
81733	102	5303.841679	105
81762	165	7744.210764	146
81771	146	6232.800982	151
81710	20	1626.516445	31
81734	135	6345.216443	112
81733	100	6533.641735	121
81775	59	6613.474302	125
81754	270	5708.069302	107
81768	65	8410.173826	150
81698	178	6872.774965	121
81686	245	2769.878576	63
81739	89	5474.256333	97
81696	262	5055.402558	96
81761	216	7767.892633	145
81692	79	5439.740749	96
81712	22	3070.790738	68
81772	140	6941.425771	119
81691	54	6612.414269	108
81739	217	4336.690863	90
81771	184	6725.01432	146
81751	182	5876.493599	111
81696	80	5466.506384	105
81721	195	5678.113534	103
81737	260	10236.20919	145
81695	237	4084.563883	83
81709	120	1886.191262	29
81750	190	6366.780738	124
81715	105	4628.017189	86
81758	25	7704.080464	133
81692	253	5466.728959	98
81715	256	4833.527044	91
81686	115	3552.474468	66
81775	236	5484.227854	105
81748	10	46.39436214	3
81747	171	4635.574472	88
81669	189	57.2885699	1
81708	47	5808.324478	111
81716	191	4915.60021	100
81742	120	6914.33473	124
81758	45	7854.272527	125
81736	57	4982.081325	99
81724	37	6660.820971	115
81725	111	6492.344419	123
81704	51	24.19308461	1
81703	177	16.92702015	1
81756	127	6517.34414	124
81734	229	6566.922262	134
81742	150	6944.559105	142
81723	60	6434.117762	124
81737	18	9990.72057	159
81762	87	10054.74447	167
81745	93	8303.987454	116
81692	58	9331.888736	141
81726	120	6703.968563	113
81740	139	3106.23768	64
81702	264	6410.093039	109
81766	76	7629.370886	141
81768	227	6685.002499	134
81715	86	7253.680598	110
81670	132	14.38758846	1
81741	226	5855.199533	111
81771	2	7978.126979	155
81743	171	6182.506128	128
81759	55	14355.31423	184
81716	241	5633.826231	116
81747	262	4217.258529	82
81762	127	9210.207733	152
81728	34	17.97388603	1
81766	70	5436.377631	111
81756	250	5205.823304	110
81772	244	5896.314288	118
81748	9	41.60859247	2
81701	51	129.7535823	3
81747	65	4301.217225	92
81738	150	5164.525896	123
81710	175	871.5681969	21
81741	22	5709.739946	101
81740	229	5050.362826	102
81718	78	6872.843602	118
81686	1	5756.125943	94
81690	99	6553.084628	108
81697	53	6168.406087	111
81766	42	6677.718456	130
81757	32	7816.261574	142
81750	212	6960.621186	142
81759	189	5983.165196	132
81679	55	46.11637855	2
81743	184	6670.30264	131
81758	172	5835.310572	109
81737	93	8408.955473	143
81711	35	8351.346299	140
81759	270	5964.587802	111
81763	89	4656.132254	96
81769	170	7247.563182	147
81763	187	4846.158332	108
81770	135	7685.847148	134
81751	157	5775.81349	130
81689	156	5692.864125	109
81774	121	6888.778657	133
81747	211	2788.235768	67
81698	227	6046.414534	121
81700	200	10.54651785	1
81742	67	5831.494229	138
81771	246	10348.93986	192
81725	114	6685.31605	103
81738	144	8446.847034	165
81738	90	5110.38819	87
81739	0	8109.75816	103
81755	154	3920.600164	90
81745	34	6381.243052	135
81741	158	6030.534575	135
81715	23	8118.906058	132
81754	250	5407.091352	107
81710	244	887.3803136	23
81774	99	7611.755335	128
81773	262	4716.844542	98
81736	136	4623.806143	93
81730	128	5645.313373	97
81723	95	5846.452628	107
81686	84	3203.383123	67
81731	101	8701.892196	141
81773	15	7558.640065	146
81689	83	8302.658469	123
81760	0	12751.51458	160
81671	148	12.75182141	1
81770	152	6421.288181	126
81695	249	5464.04989	95
81715	15	7216.124266	137
81743	170	5264.224491	114
81756	102	6624.827759	126
81770	7	6827.505175	137
81699	271	1920.302974	30
81759	210	7455.074344	132
81749	174	2564.241516	61
81720	74	5239.323866	99
81767	54	7474.522102	145
81762	217	7844.428949	154
81704	198	10.57971885	1
81762	209	7241.030516	129
81690	201	5383.551236	95
81772	105	6555.120519	130
81688	158	5181.120314	118
81721	35	7455.793569	130
81737	7	5884.323835	127
81733	122	6274.759397	111
81766	216	6874.943464	119
81754	43	5996.04186	119
81695	246	6465.457446	94
81732	3	7929.912164	142
81772	153	9582.225557	181
81724	143	7090.790703	149
81725	229	6817.402168	135
81705	244	52.57867656	1
81710	58	2394.635474	35
81734	49	6674.046866	130
81761	18	6817.698222	133
81713	85	6428.261846	115
81725	21	6888.124706	126
81770	153	7625.173274	158
81744	193	10672.60965	153
81769	238	5821.740208	117
81754	268	4841.435608	98
81716	169	7763.203352	135
81720	153	6084.679392	117
81690	13	12108.57589	145
81720	112	4867.895222	100
81763	214	5398.61413	97
81752	109	7255.974482	134
81760	99	9565.888404	149
81721	180	5613.330345	118
81705	250	48.55698155	1
81754	221	7174.347239	142
81715	33	9904.626042	141
81751	158	5102.048763	117
81688	6	7084.228609	131
81721	165	8517.264786	150
81725	134	6761.776982	121
81732	202	4903.31958	109
81687	169	4978.788994	102
81762	259	7217.601161	119
81689	198	5050.887314	98
81744	16	6170.606279	131
81708	117	4913.876336	81
81699	198	2442.333515	46
81746	175	6174.635644	136
81751	230	4568.930704	100
81771	102	6120.552845	127
81702	29	8506.145992	131
81695	240	3724.13187	75
81762	108	7351.858562	138
81705	262	26.27386172	1
81769	9	6630.11657	139
81751	140	6638.683192	111
81720	214	5786.095235	106
81755	254	3204.865018	59
81676	172	34.49690171	1
81743	174	5251.473295	116
81717	251	5712.767708	110
81709	219	1980.415965	36
81749	52	3510.839773	67
81688	36	4886.132798	92
81714	77	9047.840676	140
81757	117	6243.367751	121
81702	206	8980.02891	133
81696	73	5391.113789	90
81737	12	8078.927991	142
81735	163	1190.232275	30
81766	79	5083.937901	108
81739	86	4669.833158	88
81757	112	6447.932255	108
81745	0	10887.01377	134
81714	29	8184.858003	136
81710	79	1077.561087	21
81746	54	6492.085965	119
81744	226	5233.554535	115
81750	123	9871.401468	158
81720	11	7062.252296	112
81699	268	3062.580887	50
81690	217	5960.933611	105
81753	169	8570.043266	147
81738	66	4816.133157	105
81709	259	2130.473398	39
81685	135	349.838736	10
81758	148	5781.266925	129
81698	78	6850.209407	113
81723	119	8411.408233	142
81750	268	4959.739357	105
81716	23	8589.600738	141
81753	257	6283.763275	130
81721	126	6663.840013	117
81758	265	4921.796206	127
81744	163	6003.97348	134
81727	191	2062.031362	45
81725	215	6134.14459	122
81722	242	4705.182257	95
81726	270	5692.08477	107
81669	12	22.10566293	1
81725	57	7029.318739	135
81730	158	5866.835427	126
81745	217	5552.691603	105
81740	15	5846.738872	127
81770	244	6297.805888	144
81725	264	7596.908167	125
81751	228	5601.640387	121
81765	55	12694.78702	159
81735	110	2652.148944	40
81734	235	4456.280248	92
81692	54	6053.132473	91
81719	138	5661.418155	104
81720	132	5200.767948	102
81700	121	11.05242278	1
81714	98	4037.83074	93
81718	179	13503.03715	201
81722	269	5398.458842	99
81765	227	6171.399371	120
81736	241	5390.584785	106
81759	100	6897.123437	125
81687	17	6219.858735	103
81705	116	22.30998983	2
81719	263	6158.32091	118
81738	18	7113.69906	127
81758	65	7825.713147	151
81692	72	7127.228845	125
81717	161	7086.187662	132
81751	211	4272.954929	94
81678	260	10.99014514	1
81722	234	4832.110686	91
81696	107	6423.239782	106
81763	204	7465.005353	150
81693	10	8360.421156	139
81752	56	7195.124099	144
81698	249	7945.017302	140
81709	39	2002.80785	35
81773	221	8287.335717	148
81761	227	6834.451228	122
81772	199	8126.25447	145
81750	163	6581.843236	133
81762	82	7472.803538	128
81735	114	1298.602161	20
81718	247	7585.80793	140
81753	21	6714.192196	122
81715	135	6079.80448	109
81775	220	7160.091179	150
81768	44	7271.31363	139
81759	204	8734.001997	155
81709	179	2844.321552	62
81723	70	5657.455144	112
81698	40	8390.222964	135
81723	35	7302.748884	130
81736	12	9146.775207	147
81716	149	6048.303743	122
81749	258	3040.144073	67
81734	132	4956.164755	101
81668	27	10.25310484	1
81763	121	7396.346022	126
81733	94	7236.62209	128
81671	69	12.17307552	1
81691	226	6319.796547	112
81750	62	6292.050094	136
81746	5	7636.917258	139
81756	33	8520.378008	148
81774	170	6921.992855	139
81745	58	7553.073188	129
81746	49	5913.288419	115
81756	106	6582.245491	128
81768	259	7752.760559	141
81727	116	2236.087897	40
81698	147	8854.23092	157
81751	267	4857.143762	106
81723	40	8708.905026	141
81703	110	20.35531462	2
81721	188	3538.825901	87
81765	28	7379.087364	135
81704	110	39.17744973	3
81750	255	6768.959591	139
81694	125	1838.059221	36
81704	158	26.18961469	1
81731	181	5765.680652	123
81728	148	60.06529617	1
81686	54	4751.413419	80
81711	19	5389.315497	109
81740	158	5937.12529	127
81710	24	1793.094685	33
81715	205	5617.751675	112
81734	169	7347.686988	123
81695	202	4804.441348	86
81726	79	7592.066119	146
81743	188	5830.194084	136
81717	134	7589.675656	133
81747	3	6166.069509	118
81754	195	4896.107813	106
81752	49	7764.782432	160
81772	180	6750.087385	136
81711	161	6192.428483	127
81733	230	4905.761815	104
81693	18	8415.900215	134
81692	127	9332.016287	142
81730	4	7802.432091	140
81750	158	5940.986109	136
81764	73	8773.77469	159
81768	145	7952.803526	174
81765	126	6216.325925	130
81730	189	4730.293947	103
81760	156	6474.998352	136
81732	211	4561.493975	104
81696	126	4268.818828	93
81768	187	4872.068408	119
81720	63	4761.238152	90
81740	75	7923.049179	123
81741	217	5589.291477	111
81751	90	5717.362943	111
81713	239	5443.869625	111
81711	93	7159.981575	102
81690	40	6813.401848	116
81759	30	7145.710185	137
81760	184	7079.322622	145
81693	238	6592.624637	124
81765	22	5778.834599	119
81767	232	8011.079374	144
81741	28	7290.818431	125
81741	12	11168.62033	164
81708	208	4894.593393	101
81734	6	10821.98259	178
81702	125	2902.897494	80
81757	36	7013.876974	131
81740	88	8519.119109	132
81760	248	7165.221212	144
81715	240	5211.818187	99
81672	85	15.05217954	1
81752	3	9878.328321	171
81733	163	6148.903805	131
81761	126	5498.920084	123
81685	173	873.6751555	18
81733	209	6536.188247	126
81718	169	5735.647456	102
81708	110	10149.02965	125
81716	245	5281.31095	100
81710	211	1865.933297	38
81735	65	1591.135162	28
81738	243	6174.769577	119
81774	24	6732.47741	147
81775	240	5638.309411	113
81744	40	8336.132544	130
81747	84	3747.308511	78
81775	160	5570.089388	133
81697	71	4231.166056	95
81669	133	30.83663155	1
81726	1	11842.49685	178
81725	261	6976.418334	120
81698	270	5085.629688	104
81726	217	5619.722552	117
81772	250	5221.236723	120
81714	16	5270.368084	107
81772	158	5418.623117	127
81710	50	992.5906497	16
81758	111	6889.341794	127
81732	239	7311.597301	132
81749	33	5201.040324	90
81695	167	5958.985269	97
81742	31	8777.221742	158
81705	120	31.90527731	2
81695	271	3298.372757	62
81721	172	5762.704983	111
81693	234	7654.583226	122
81756	30	6599.468476	114
81747	49	4728.585393	98
81712	155	4970.759123	82
81710	111	2241.009929	34
81708	78	6195.83877	110
81693	144	6347.179415	125
81702	33	7943.353795	123
81740	175	5412.394929	117
81771	32	7261.072001	153
81751	114	5639.619094	95
81774	37	9716.687611	160
81690	128	5886.300081	110
81739	141	6965.332278	115
81721	138	5196.217896	92
81737	100	6300.50918	117
81699	179	3971.170364	87
81743	59	6934.262005	132
81732	93	7413.819768	114
81725	194	7446.02784	134
81662	109	10.80892239	1
81759	200	7235.735661	151
81731	44	6545.291493	123
81698	198	6386.231129	128
81742	65	7649.111658	139
81704	69	48.78212498	4
81720	237	4177.487401	84
81691	157	7322.430497	137
81723	101	8187.439307	133
81705	145	41.26819003	1
81731	218	5299.970015	114
81746	180	6184.807026	130
81761	172	5474.445747	98
81733	245	4856.564764	95
81661	54	17.06166825	1
81761	1	9195.456501	172
81707	248	4493.002565	79
81751	45	8224.407135	145
81730	71	4634.104995	101
81685	144	1209.170628	21
81735	255	1462.200857	30
81755	177	3987.292784	78
81743	34	6469.532354	124
81696	61	5880.127755	92
81757	107	6736.429264	128
81719	96	8582.245353	136
81690	226	4874.519728	95
81709	24	1392.023929	29
81721	93	5935.412787	85
81708	233	10521.02483	161
81718	83	13682.00505	160
81719	61	8028.881191	128
81775	171	7244.159583	137
81719	184	5861.822253	115
81769	8	10331.76629	153
81739	44	5132.76396	96
81695	147	4973.36777	93
81688	95	5123.023547	99
81727	64	3067.907797	52
81768	82	9293.477471	158
81693	115	7250.262035	119
81772	126	6129.052035	133
81739	40	7274.893288	124
81752	222	5588.529312	115
81762	185	6370.133028	137
81745	166	6301.992618	125
81687	6	7107.212712	110
81689	127	5279.632432	102
81753	188	5012.959626	124
81707	236	4948.206347	92
81735	43	1123.868899	23
81709	252	1926.990295	33
81711	171	7358.970653	122
81758	125	3180.131004	84
81774	55	11916.75218	179
81715	72	7419.622824	118
81755	56	3916.153096	72
81689	221	6968.251344	126
81739	203	4533.251815	92
81690	218	4741.265581	103
81724	197	7404.051443	156
81708	260	8005.164939	118
81727	79	2002.522375	42
81758	154	5827.964166	127
81755	182	3416.13986	65
81686	108	3904.614978	66
81739	99	7325.930187	123
81746	187	5062.389841	120
81747	115	4928.503318	92
81687	128	4150.425209	84
81746	173	6938.225999	132
81731	6	9781.733574	156
81714	118	3400.884518	78
81752	114	6477.615002	125
81760	181	8403.829221	172
81687	67	4413.445564	77
81690	84	5391.037543	103
81721	177	7554.642635	138
81731	145	5886.828236	134
81733	77	8661.3324	145
81687	174	4079.619363	82
81743	100	6102.047005	112
81724	20	6662.598917	124
81745	133	6442.134827	125
81727	238	2502.054193	37
81711	236	6712.449576	115
81741	127	6879.434542	132
81695	109	5633.959579	92
81755	10	4512.471305	77
81686	144	4065.355905	89
81746	36	6841.546677	130
81733	7	4975.273034	113
81712	88	5389.885747	85
81702	166	6344.250147	104
81703	63	62.29418343	1
81766	59	7437.552387	133
81710	229	1397.897701	31
81770	96	7715.370483	123
81744	242	4205.406424	95
81771	14	8299.620639	158
81709	110	3545.12065	45
81753	220	5817.220959	120
81768	216	7298.489006	140
81697	224	5262.04344	107
81721	145	7125.280189	152
81701	145	44.261285	2
81765	56	6544.937156	117
81751	266	6344.90783	118
81711	151	8008.557566	146
81765	169	8970.638814	162
81726	186	6546.166007	123
81707	167	4236.286723	84
81716	17	7203.988934	119
81754	170	5253.402807	114
81701	81	30.61166105	1
81773	91	5815.405441	109
81742	94	5533.503697	104
81723	264	6477.872985	123
81738	80	8123.312903	146
81745	18	7237.606031	121
81755	116	3194.124518	66
81706	108	3091.789987	56
81736	174	3966.115815	95
81701	9	10.54612434	1
81719	233	11523.37331	173
81710	184	1169.063973	20
81709	250	1844.808412	31
81768	34	6960.472982	130
81757	118	4261.477396	105
81707	189	3850.407811	84
81708	190	5816.089838	108
81746	107	7669.325326	130
81706	138	2845.23706	63
81699	95	3611.375333	59
81721	111	6838.352296	114
81681	75	11.24056767	1
81752	220	5734.377723	111
81765	217	6751.001957	135
81771	90	6745.942504	138
81767	166	6505.336821	131
81756	174	5467.302704	124
81717	65	7793.753921	149
81732	257	4724.541528	105
81753	67	5406.983336	120
81735	165	1652.771284	38
81688	170	5362.100827	108
81775	31	7499.77782	144
81687	61	6375.314986	103
81747	91	4182.230322	82
81759	174	5955.33165	143
81735	48	1314.864368	29
81738	228	6073.655085	121
81709	132	1787.234056	32
81686	13	5767.682915	93
81724	202	5448.497714	105
81754	70	4793.473991	93
81770	98	3802.766728	84
81770	27	9953.954736	148
81694	3	4982.547426	69
81709	30	1722.96803	33
81708	154	5714.721495	108
81730	99	7348.424899	134
81761	10	9701.652826	151
81747	193	7554.752959	114
81770	245	6252.70705	116
81731	62	6553.485513	130
81686	100	3298.713849	63
81709	104	1360.32719	28
81712	99	3855.288776	69
81750	25	8783.192938	155
81699	88	3886.019502	52
81698	134	8193.080299	132
81746	192	6143.116607	130
81717	217	4864.184466	94
81745	17	6450.784161	114
81774	204	7898.541234	158
81711	242	4224.771234	96
81727	78	2765.966128	48
81702	183	6258.9732	116
81765	161	7144.757246	150
81713	244	4512.665134	91
81699	27	5659.883672	82
81737	50	6611.540652	116
81686	62	3306.307044	68
81749	224	3496.7779	70
81745	237	4411.917703	97
81737	218	5804.830846	105
81761	175	5449.883722	118
81745	68	9370.341383	348
81727	4	3652.751589	58
81721	113	5880.401589	110
81751	234	5372.952973	108
81770	257	6202.706569	117
81720	260	6717.643472	103
81717	255	5726.043812	100
81724	243	4763.671931	107
81718	14	6820.135915	114
81756	204	7416.079207	133
81671	26	130.4436972	1
81756	14	6061.559364	114
81720	79	5378.334394	93
81735	150	1272.898167	26
81718	141	7364.326993	135
81719	217	6346.438032	109
81768	163	6815.843766	156
81730	225	5994.918676	112
81774	113	6672.19211	133
81735	140	770.409263	18
81713	107	6283.772863	106
81745	105	5625.190862	109
81723	16	7681.467586	137
81682	223	36.33228584	2
81755	236	3182.080607	64
81761	74	5980.648771	121
81688	156	6253.980819	130
81743	252	7202.642299	135
81771	164	7306.924288	143
81746	48	6472.31832	144
81733	55	12347.12389	166
81691	200	6402.141257	119
81705	100	82.34837449	2
81699	128	2226.862902	44
81753	255	6243.624838	136
81747	33	5899.742319	103
81728	135	12.14772292	1
81735	36	1248.404406	25
81771	149	7781.466584	162
81771	131	7624.07531	136
81671	161	94.18099375	2
81732	5	7533.932231	128
81724	75	7653.585431	113
81696	202	4413.255996	92
81761	62	4084.330959	86
81695	61	5163.303426	85
81720	4	6213.348969	110
81741	174	6197.095083	130
81743	89	7276.069562	129
81740	53	6412.167154	130
81760	2	7602.5695	148
81707	208	3894.985239	80
81754	147	7865.300332	159
81681	143	16.19521786	1
81768	27	9642.098154	160
81756	96	7202.264944	121
81759	96	8913.324717	146
81742	198	6922.540166	126
81712	66	3308.635519	72
81707	55	8141.007393	102
81708	108	5414.32481	92
81775	245	5798.790569	133
81759	133	6221.933093	130
81746	225	6445.132827	125
81723	166	6354.310827	130
81743	123	10460.52082	159
81769	87	8615.521733	140
81742	151	8543.895909	145
81750	141	7819.385664	165
81743	105	5829.791407	118
81749	37	3006.324573	60
81766	194	6317.848904	130
81756	244	5575.134223	109
81707	35	4948.504097	88
81765	212	6629.542753	130
81723	238	5613.137527	108
81716	54	7762.801535	122
81707	10	7775.387884	125
81703	96	10.05451228	1
81761	178	7084.766848	148
81760	236	7037.119538	126
81698	46	10525.5885	137
81709	105	1040.26512	20
81774	124	5348.476688	120
81753	62	5797.393746	117
81751	197	4607.086436	100
81757	215	5689.428028	127
81770	35	7843.901325	147
81691	60	6211.202421	121
81770	229	5704.503175	126
81693	89	6875.13867	111
81762	152	8498.470861	155
81736	206	11545.6205	171
81726	75	6783.648059	117
81696	105	5585.930717	105
81770	54	8391.70263	143
81775	26	7471.541809	153
81762	135	6732.333721	126
81745	117	7030.201663	123
81740	167	6238.473228	121
81749	81	3740.348419	71
81685	48	603.3683723	10
81698	187	5447.043029	117
81712	59	5114.042338	83
81740	50	7184.645533	143
81763	44	7221.340469	140
81712	10	6511.576199	116
81757	258	6231.869266	134
81694	43	3238.791452	55
81728	94	10.95610471	1
81747	61	5062.346544	83
81761	87	7534.353603	139
81770	185	6453.397268	129
81690	158	5982.475684	123
81756	237	5651.252697	111
81732	271	5174.164338	90
81746	76	6995.039898	120
81722	187	4640.74766	103
81716	109	6000.528362	97
81713	129	5245.707671	104
81715	92	4218.510078	91
81725	202	6964.711815	142
81774	81	6965.919328	141
81741	35	6551.809816	117
81745	206	12376.63209	192
81718	157	5472.67824	105
81697	9	6034.828824	118
81737	55	14874.03291	195
81749	197	4306.64015	89
81749	185	3206.741042	61
81730	104	6950.097304	119
81688	210	7705.590664	118
81756	9	5723.320325	114
81687	125	2590.416762	68
81690	231	5703.206425	106
81751	210	5267.743027	101
81685	243	279.6866046	8
81705	44	35.79677409	1
81756	173	6473.991124	128
81768	92	6026.19401	125
81742	20	7244.742969	135
81767	181	7649.118023	140
81737	193	12155.38768	166
81697	152	6321.736094	119
81726	9	5990.757409	119
81696	70	3872.708554	84
81740	22	6121.817873	115
81698	103	8744.034165	141
81695	68	5411.961955	86
81691	107	6310.539652	113
81719	216	5461.665353	100
81736	180	5316.178646	115
81725	189	4667.317321	100
81734	170	6894.851524	133
81710	87	1873.11534	31
81773	178	6411.894177	145
81756	177	6637.341889	137
81746	245	5357.196355	118
81713	95	5674.235622	111
81769	239	5348.321522	119
81709	112	2478.846199	39
81744	160	6339.866676	144
81727	86	2866.202107	47
81723	202	5583.986439	110
81733	109	7044.167546	120
81721	198	6034.370765	117
81730	139	3634.921825	69
81750	133	6163.35444	110
81759	192	7760.474949	158
81770	106	7788.224011	148
81737	75	7685.487695	124
81697	115	6181.353123	110
81706	215	2978.455969	57
81696	172	5412.211184	92
81734	73	6894.564251	131
81734	256	5847.544205	121
81698	142	8931.899477	156
81765	59	6735.075457	125
81697	171	6316.031063	111
81705	264	77.82907143	1
81717	112	6710.488688	118
81772	218	4485.566279	89
81766	240	6051.247278	121
81768	239	5262.372415	110
81710	176	1399.077051	23
81739	102	4461.755565	87
81739	216	5942.39464	102
81705	196	71.03625262	2
81663	2	10.93061112	1
81715	242	3208.799603	70
81770	9	7205.989853	132
81733	168	6583.710658	139
81773	212	5179.860217	110
81695	23	6198.918969	104
81749	1	5146.590792	74
81711	67	6209.962781	115
81671	27	62.9694988	1
81756	65	7485.511913	146
81710	163	1122.016027	20
81719	75	8056.206829	121
81691	237	4906.5906	101
81714	200	6804.464031	126
81768	29	7431.240161	124
81758	150	5248.411124	127
81714	89	5750.066948	101
81740	46	9887.652856	151
81689	263	4690.415846	89
81688	179	10053.03648	170
81726	19	5699.012822	121
81699	145	2306.830617	60
81741	51	6715.982138	135
81692	233	8620.903123	146
81688	80	6057.184212	118
81762	191	5791.886962	122
81750	2	8250.850963	163
81689	30	7414.845366	128
81709	15	1816.489736	31
81756	53	6629.706152	119
81702	135	6595.574127	109
81756	112	7213.673432	133
81717	167	6964.398792	133
81695	39	4911.022369	87
81761	128	6130.097478	128
81755	92	2738.390932	63
81731	132	6318.628877	114
81736	210	6834.12028	118
81687	137	6037.494636	100
81763	128	4998.844724	95
81695	2	6318.258615	109
81771	171	8208.612806	155
81697	164	7436.134773	141
81712	50	4785.572421	80
81710	155	1149.588389	24
81699	267	2252.92609	46
81735	263	575.2443411	16
81670	83	147.259392	2
81678	264	12.69238688	1
81715	53	5539.65036	115
81759	57	7616.144151	143
81737	156	5026.215071	116
81731	41	7314.900228	121
81763	135	6347.701812	122
81775	264	5966.411754	116
81710	1	2110.122248	34
81706	46	4346.738937	70
81738	161	5370.880647	123
81764	63	5774.162299	125
81716	236	5458.303004	103
81714	153	6392.039387	134
81752	181	6374.285557	130
81763	63	6148.553632	128
81763	192	6175.620098	116
81736	63	4781.063602	99
81712	105	4495.780045	84
81687	187	3327.773981	70
81716	76	6653.242914	113
81764	134	6987.134526	134
81755	171	2985.796607	64
81714	48	6664.723356	124
81706	118	2255.494887	48
81698	236	6625.792298	124
81721	10	8496.276585	140
81751	50	5208.182197	100
81734	242	4519.818053	107
81718	154	4861.641766	93
81769	0	9030.588032	114
81724	162	6882.97012	126
81722	184	7366.105322	146
81718	140	6819.799761	112
81774	48	7448.557865	166
81693	20	6444.906635	115
81762	201	6494.944392	131
81747	25	5912.44277	101
81747	245	4152.773963	85
81769	115	6723.44239	129
81690	235	5092.456387	106
81769	97	12277.46797	179
81730	245	4653.847291	102
81722	8	9680.309325	151
81680	217	14.3068233	1
81702	233	9038.892656	132
81754	16	6412.88767	129
81694	259	3599.622216	52
81691	235	5835.656252	114
81717	144	7538.660443	139
81699	193	5097.301606	84
81736	231	5091.063446	112
81763	219	6657.133889	125
81698	150	6358.870589	114
81764	56	7992.155552	134
81715	195	6120.785625	131
81761	249	6229.211817	119
81772	21	6807.436031	135
81687	56	5163.141981	100
81771	7	6108.627231	135
81697	231	6246.996144	115
81736	14	6164.472906	122
81770	254	8104.853495	147
81694	26	2431.125766	54
81761	113	5188.229523	102
81710	171	1752.816058	31
81739	70	4394.855686	93
81753	239	5689.649379	117
81705	99	91.96524562	1
81772	239	6629.571464	138
81708	191	4816.432288	102
81696	258	4086.248126	84
81690	63	5557.005817	106
81707	121	4218.174077	81
81741	111	6362.293798	115
81766	111	6768.397934	131
81726	191	4714.48918	120
81741	93	7704.922584	122
81741	210	6530.986956	101
81761	206	12976.4495	193
81694	129	3453.406751	61
81771	56	7321.114811	145
81773	172	7458.815293	150
81724	27	9914.030396	139
81719	191	6079.330856	121
81728	110	10.08596347	1
81753	206	12616.90828	199
81698	203	6943.438098	134
81759	221	6585.277828	120
81694	264	2461.230895	44
81752	105	6573.180419	121
81775	156	7031.80319	143
81740	177	4979.664098	104
81694	187	2953.476668	54
81692	220	5539.321481	123
81690	207	6440.339912	121
81772	238	6751.759694	137
81770	250	6244.501576	128
81718	15	7501.059969	132
81770	249	7314.092526	132
81698	264	6058.016514	121
81706	94	3837.849306	65
81770	206	13618.84691	221
81755	1	3870.673859	86
81768	206	10957.73331	201
81691	119	6133.139367	114
81736	227	5786.545879	103
81767	42	6650.218332	133
81751	44	6822.642555	125
81741	207	5606.969602	129
81775	137	9509.928518	159
81685	87	889.9256543	16
81753	57	7402.156709	162
81722	110	11641.43555	145
81762	26	8370.880402	138
81740	5	7672.383735	140
81708	104	5326.973361	97
81746	230	6296.107785	111
81719	129	6501.344867	117
81672	88	26.78054847	1
81695	56	6059.699024	92
81686	98	2972.586732	65
81773	51	8262.205728	139
81739	223	5309.7448	123
81770	4	9478.396201	148
81711	173	7030.562388	126
81740	97	8405.122645	129
81765	152	8027.492708	160
81728	127	40.40461369	3
81763	256	7245.813495	125
81695	198	3733.972778	69
81774	98	4805.551342	94
81758	152	6128.547933	135
81685	36	959.65211	13
81764	33	8229.034064	148
81732	149	6086.869643	132
81727	266	1943.471303	34
81717	14	5932.196146	110
81719	201	5509.899764	104
81760	234	6909.529055	132
81664	89	11.36131174	1
81763	0	8456.226984	118
81759	134	6398.612469	127
81762	72	7236.007544	139
81757	41	11559.69637	174
81662	90	35.97593373	2
81769	232	7275.494638	125
81750	240	6160.603983	123
81686	149	4243.790948	88
81707	146	4809.834523	115
81769	214	6988.22916	133
81744	86	9105.06873	134
81715	217	5737.509893	102
81750	23	10151.35801	155
81695	143	4514.313205	86
81758	55	13294.79985	172
81726	99	7453.852513	121
81671	22	15.90497604	1
81768	61	8466.525012	158
81723	121	5811.79669	106
81767	194	6366.87856	147
81736	93	6524.739298	117
81728	31	102.0378972	1
81746	213	6300.290813	123
81761	127	7137.69167	127
81732	37	7401.178869	133
81759	214	7762.08349	133
81749	103	4194.270608	74
81718	12	7465.650621	117
81744	229	5098.925769	109
81702	148	4559.301779	96
81771	143	7671.070276	174
81666	157	18.93971632	1
81754	141	6812.597033	139
81717	101	7753.988734	136
81716	173	6575.194209	112
81740	73	6887.172075	115
81750	127	7329.368438	138
81754	118	4203.66917	91
81688	10	8312.684798	143
81774	119	7891.098884	146
81752	233	12690.31259	178
81712	164	4518.581433	90
81692	101	8086.766833	122
81715	79	5707.383524	107
81699	265	2511.160521	48
81739	35	5928.651411	110
81731	237	5753.666972	113
81730	143	5745.511241	133
81750	60	6425.383483	129
81699	109	1457.30998	34
81744	180	5985.332221	124
81707	52	4752.075133	90
81741	228	5330.824249	127
81734	198	5659.316196	115
81764	186	7151.148842	148
81765	127	7227.566764	140
81742	75	9269.32127	152
81736	122	5899.714973	120
81771	168	7213.487241	154
81737	262	5245.275849	110
81693	77	7933.263088	134
81720	118	4153.103422	95
81767	222	5975.160499	132
81702	205	5630.09813	118
81714	76	8683.596009	146
81723	246	7399.132226	132
81740	44	6882.727808	130
81757	119	5471.690564	112
81743	173	6312.971889	134
81727	15	2260.731825	47
81715	239	5072.659484	97
81695	192	3931.139727	75
81753	7	5439.765854	127
81756	110	10461.83542	137
81763	215	5259.580807	105
81750	81	6410.670288	126
81729	15	13.3299203	1
81742	81	6728.559865	119
81761	138	5709.370873	104
81701	252	35.81095208	2
81731	71	5355.047727	122
81723	245	4579.727432	92
81758	95	6423.597753	116
81749	267	2578.332634	57
81720	54	5422.367048	107
81693	97	12469.24441	154
81757	228	6383.827268	138
81698	64	7523.670759	129
81756	251	6006.569734	124
81749	46	5705.061605	83
81746	153	6729.626354	139
81695	91	6901.50001	269
81711	158	7519.861776	150
81745	59	7435.205997	135
81746	83	10986.58614	155
81723	225	5407.697396	106
81720	87	6129.405211	99
81753	60	6315.691873	128
81761	95	7722.789447	124
81734	145	6045.167129	133
81715	225	5433.289338	115
81702	195	3792.538722	95
81739	107	5132.424104	103
81718	226	5933.231759	91
81688	104	6256.780498	110
81754	119	6418.004795	115
81695	176	4979.968576	95
81774	208	5039.05351	109
81761	104	5761.775301	111
81755	241	2915.58134	61
81686	129	4289.156769	78
81740	105	5118.140184	106
81771	51	8516.639788	159
81754	10	7971.405182	138
81737	246	9326.084866	155
81677	134	16.91979911	1
81770	80	6978.496459	138
81767	67	5309.060006	99
81762	18	9402.016149	172
81771	77	8239.044352	137
81698	221	6613.087938	127
81709	29	2559.777304	40
81755	251	3080.233937	69
81691	231	6055.084053	133
81721	66	6415.821746	126
81760	48	9766.347354	176
81698	45	9046.957941	135
81755	162	3445.130787	69
81725	161	6980.524952	135
81709	258	1859.871343	32
81712	7	3960.094949	84
81762	14	6367.586508	121
81742	176	6588.967271	132
81714	157	6013.655283	114
81686	82	6331.027919	101
81737	89	6553.045394	130
81761	146	5604.373079	125
81700	258	12.14101485	1
81718	261	6767.254963	121
81734	168	5357.82725	111
81719	177	6585.194387	127
81696	239	4363.106139	81
81692	97	11248.48497	132
81702	180	6399.791812	137
81768	83	12304.4758	174
81726	249	6307.484223	123
81751	78	6366.410827	111
81731	168	5945.725225	127
81702	237	4159.959122	84
81749	17	3459.505505	68
81756	58	8395.42775	140
81749	48	4211.376405	88
81712	167	4271.095334	81
81672	227	18.55770342	1
81770	248	7014.582623	142
81691	216	7232.282126	106
81743	153	6242.173392	127
81688	66	5284.243445	111
81732	234	5756.150957	107
81698	19	4897.697615	103
81745	153	6987.076107	141
81757	152	7447.747844	150
81721	213	6626.783614	116
81705	263	40.98587219	2
81767	154	7894.390402	160
81764	21	7634.069655	136
81744	68	10336.24754	399
81758	230	6873.640769	127
81772	229	6726.291389	139
81707	142	5485.235021	98
81688	8	8382.169648	142
81690	29	8173.682669	123
81733	169	6861.952461	125
81710	72	1253.957178	22
81773	251	6289.624801	126
81689	247	4652.829776	79
81716	87	8680.02988	141
81747	11	5919.908993	104
81769	23	10766.74626	187
81716	263	4763.535283	105
81748	105	10.54121474	1
81745	50	5942.477641	113
81754	89	5210.73616	107
81740	230	6164.195836	114
81759	202	4910.364439	103
81685	235	678.9123572	11
81698	119	7436.459279	133
81771	120	8357.667458	135
81731	160	5357.528788	122
81690	31	5940.142103	125
81688	122	5611.921312	105
81686	5	4853.923617	87
81689	3	6318.363997	124
81716	233	10208.37833	135
81761	236	4062.223078	83
81697	214	5847.738417	108
81691	240	6818.933803	117
81774	79	6407.154198	131
81722	251	6075.858909	111
81736	254	6185.016694	112
81698	207	5870.099116	124
81713	175	6337.104507	131
81721	61	6763.597597	117
81715	264	6284.50614	121
81748	46	11.03888917	1
81769	255	6048.978906	140
81688	220	5513.123751	101
81767	143	7686.006723	166
81764	145	7161.20754	161
81745	57	6297.363728	116
81689	150	4550.247719	103
81661	179	11.1679394	1
81692	145	6035.337176	128
81767	4	10212.24669	178
81687	88	7696.963967	123
81746	80	7216.091033	132
81669	155	15.25007811	1
81694	192	3740.561915	66
81706	5	3593.164964	62
81751	89	6406.421965	128
81714	131	7192.428572	115
81754	96	7142.869008	122
81696	188	3638.96572	88
81713	228	4934.473921	97
81741	0	10523.26558	141
81695	31	4799.631078	86
81719	51	7825.704283	123
81755	91	3271.005744	64
81724	34	7002.349156	136
81697	200	5508.256226	123
81758	91	5964.33238	119
81719	124	5524.433411	101
81738	91	5373.643901	99
81762	32	7142.956224	129
81708	251	3962.71967	78
81757	252	4956.824862	110
81751	177	5970.599274	126
81710	131	1581.939661	23
81686	183	3425.447456	67
81712	243	2574.45589	64
81753	14	6706.531189	139
81762	205	5999.29341	143
81774	27	10855.21068	176
81733	257	5890.894382	108
81701	134	178.727029	2
81766	186	5928.188114	121
81730	50	5132.085128	102
81727	197	2596.407627	53
81719	209	6594.756935	116
81736	73	6375.107203	112
81690	140	7567.761395	106
81769	224	7167.804596	152
81753	208	4703.375379	104
81726	268	6199.475464	115
81712	132	3178.841465	64
81724	72	5614.015362	102
81701	182	10.32992927	1
81749	9	2655.458499	56
81688	68	6773.218393	126
81722	124	6487.412027	117
81749	49	3653.713433	81
81737	11	9015.381162	127
81721	75	10752.3822	160
81695	173	3412.494898	75
81741	41	8672.676923	136
81692	217	6429.400086	126
81772	92	5072.642611	108
81744	194	5924.208745	120
81730	134	5511.158749	108
81688	40	7735.55597	129
81694	86	3791.515192	60
81737	123	10337.18087	152
81732	181	5825.048685	116
81694	118	2497.498002	51
81700	125	23.30303152	2
81763	257	5981.924388	119
81751	222	4905.307886	112
81714	152	6800.581796	135
81694	193	6733.802689	98
81711	195	5435.968699	113
81693	128	6635.222394	126
81714	240	4185.762762	85
81730	26	5097.430491	95
81717	98	4120.646082	86
81744	167	5817.225856	130
81702	257	4236.878992	97
81700	83	22.25521861	2
81662	11	10.63108896	1
81695	187	3709.310157	80
81691	129	6241.422362	118
81688	257	4466.109839	93
81759	261	5494.32754	110
81771	73	8885.994832	148
81696	117	4841.61875	87
81713	40	7563.612408	121
81771	142	8820.795759	171
81742	165	7993.125917	156
81695	69	5678.407773	92
81725	61	8929.683914	149
81761	137	7995.80233	130
81695	233	8688.201269	119
81736	183	5521.7017	109
81713	101	7809.345247	123
81705	133	92.14603389	1
81746	144	7629.649015	158
81759	117	6509.225761	119
81749	149	4039.8023	83
81762	70	5282.947242	110
81662	76	31.66159435	1
81701	99	113.7568966	4
81774	40	7245.056444	137
81738	51	8122.750329	133
81715	84	5272.38316	98
81768	128	6227.774925	137
81740	47	6478.123535	132
81696	119	7864.349049	126
81716	127	6573.471702	113
81677	181	26.33255236	2
81750	210	8663.909195	143
81726	269	5736.82245	115
81741	105	5441.869511	104
81720	167	4614.339469	93
81712	48	5769.412625	105
81764	92	4757.351202	112
81725	129	6516.562124	130
81720	35	6354.191395	111
81716	223	6761.576351	127
81732	83	9882.899456	148
81719	163	6791.935495	125
81770	16	6202.993181	136
81705	45	64.35120128	2
81685	205	959.8903075	18
81763	126	4805.633519	108
81737	37	7362.910524	116
81688	135	5363.344089	95
81726	209	5936.974775	120
81728	68	373.2455805	34
81731	246	7677.245473	116
81716	232	6870.506684	121
81760	183	7670.125363	156
81763	253	5407.900043	108
81739	267	4336.958283	88
81702	118	4402.367999	86
81746	59	6821.723613	112
81712	137	5589.196764	88
81745	132	6933.801625	127
81771	87	9276.934236	155
81727	120	2543.687673	46
81761	21	6268.763978	120
81760	143	7564.798243	175
81770	158	5706.037524	125
81698	160	5800.355506	123
81770	74	5529.651144	124
81738	127	6652.735283	125
81770	108	6455.522045	134
81755	185	3596.588878	79
81770	136	7183.863235	136
81721	50	7410.276059	121
81709	143	2315.388239	49
81764	253	5862.256621	120
81772	88	10610.74724	164
81757	148	6080.057554	148
81705	66	181.7384078	3
81772	248	8429.935231	158
81713	31	7564.39297	140
81749	132	3511.847665	70
81764	224	4944.912576	103
81685	130	654.9984356	14
81697	75	6423.462139	100
81751	193	10491.62146	143
81738	165	8452.13727	155
81742	243	4610.374663	95
81763	123	11302.49671	148
81723	187	4396.379376	96
81738	61	6862.26113	112
81752	270	5457.957867	109
81714	94	5762.349	107
81770	169	8784.173205	155
81689	183	7802.194507	132
81758	24	6258.741922	137
81772	222	5348.35695	115
81733	194	6899.931336	131
81773	81	6902.916634	121
81699	58	3507.093887	54
81720	58	7331.923319	108
81687	257	3309.474565	73
81755	194	3039.929433	66
81688	193	9341.17386	151
81759	190	7087.46253	148
81708	219	4925.35236	92
81721	233	11977.01551	156
81766	182	7416.407844	151
81745	129	7593.577724	141
81693	120	7242.798149	112
81772	11	9228.564212	151
81771	3	10111.03652	172
81724	107	7446.835741	109
81706	167	3926.090637	81
81774	77	9917.492509	174
81742	42	6411.679282	128
81745	167	6526.344264	125
81714	13	10009.01034	136
81687	178	5090.771958	106
81702	131	5632.401574	102
81714	45	8533.489191	130
81710	91	1328.667152	21
81715	271	4819.858318	81
81713	262	5429.812332	109
81739	73	5707.846448	108
81699	195	3036.776431	53
81710	71	1048.553878	27
81729	212	90.9111364	1
81727	130	2862.420426	54
81754	7	4873.984519	114
81775	74	5840.344767	117
81716	208	4901.949068	100
81767	69	8725.609265	139
81737	68	12163.59864	454
81735	72	1443.590349	28
81712	201	4117.662222	79
81713	200	6321.025326	112
81772	146	7487.603366	178
81694	48	4328.886529	72
81710	11	3498.328409	49
81774	74	7482.163624	153
81742	22	6030.021786	128
81677	168	20.13078038	1
81718	88	9404.654895	137
81750	94	5811.777122	107
81702	63	5373.691834	96
81730	186	4995.219941	99
81695	136	3079.532578	58
81754	158	5124.47929	119
81692	137	7177.908798	114
81705	190	19.81084758	1
81702	32	6386.298877	122
81746	228	4723.527807	105
81761	26	6597.924364	124
81723	13	12341.85649	189
81767	55	12811.50923	164
81775	67	6050.467577	132
81686	174	2876.126664	74
81718	262	6403.816132	120
81716	222	5574.714849	109
81747	39	4597.340079	83
81704	114	30.66787332	2
81755	145	3479.746754	73
81757	157	6735.636465	146
81725	224	6305.286282	120
81685	52	703.3086975	14
81707	233	9092.498185	114
81773	87	6698.436484	122
81740	200	7074.410065	139
81708	161	5634.410773	109
81709	189	1394.834567	25
81716	269	6711.53169	128
81730	86	6157.57837	100
81722	91	7748.502201	129
81716	189	4706.289172	101
81745	115	6030.311534	112
81761	264	6877.928893	133
81692	99	6421.34321	100
81772	144	7472.230642	165
81750	77	7933.923412	129
81688	258	5284.079241	94
81725	112	6151.328313	116
81753	252	7571.744515	148
81742	52	6730.922735	135
81747	235	4456.701069	87
81753	237	5896.908556	122
81733	156	6272.947345	134
81664	106	14.51516205	1
81697	241	5236.165629	93
81691	143	7087.721784	146
81742	73	7019.672218	116
81764	236	5806.772178	111
81750	207	5441.135312	114
81669	40	16.13901133	1
81712	152	5289.307515	96
81738	19	5666.517636	124
81768	12	9537.804141	167
81707	100	4798.899475	77
81745	201	6771.607889	133
81749	100	2451.728044	52
81737	2	8100.020885	148
81718	79	5865.105016	106
81708	60	5151.171581	100
81716	53	6838.021476	125
81732	85	8078.210075	125
81710	215	1279.803559	32
81689	23	8297.986218	136
81710	197	1707.622793	34
81746	244	4871.402609	106
81685	93	1206.613717	21
81694	251	3598.005647	65
81679	155	23.91062016	1
81766	188	5523.473516	134
81707	234	3910.558191	82
81774	65	7559.92398	135
81739	204	4582.285237	99
81696	223	5025.994124	93
81762	210	7782.362967	132
81696	256	4859.686756	95
81711	66	6695.797516	117
81773	235	5047.974952	110
81721	3	8997.509477	148
81716	39	7425.722241	128
81773	96	6748.947161	122
81694	70	2342.693791	47
81721	78	7424.486236	123
81685	134	457.7508058	11
81712	139	3217.938183	62
81726	30	7935.741528	136
81739	271	3612.012622	68
81766	151	8829.608636	161
81736	99	5775.114069	112
81761	96	7571.319407	125
81756	1	9150.105828	144
81770	33	8281.282152	139
81706	158	3229.748275	73
81694	176	3381.763414	64
81691	133	5433.066805	105
81744	113	5950.748116	117
81726	13	10153.89624	149
81705	47	84.53081677	1
81769	248	5031.233833	116
81698	132	5742.479428	104
81761	181	6370.726558	133
81709	117	2067.713997	32
81745	252	7005.986785	119
81691	55	11919.81961	140
81689	233	9478.303082	136
81726	147	7295.045789	151
81696	28	4420.901705	89
81751	103	5879.181148	117
81731	65	6507.888695	112
81722	139	4392.405102	84
81748	111	13.81631151	1
81732	159	6777.670265	145
81752	10	9244.680467	151
81710	37	2885.15704	40
81699	261	1794.39025	41
81719	40	9516.425097	137
81722	268	4684.786236	105
81720	48	5720.815972	108
81755	27	7817.894167	105
81773	237	5247.004961	117
81715	114	5714.836117	88
81692	16	7232.019435	126
81702	38	5624.658673	114
81743	5	7262.013224	130
81734	164	6644.862778	124
81685	117	447.4424658	6
81712	119	4089.975117	65
81685	193	1040.892277	20
81766	8	9523.749276	156
81694	167	2515.603509	53
81717	184	5843.212396	117
81764	148	6375.062774	147
81717	38	4838.68987	100
81690	242	4013.341341	86
81707	206	8775.828574	118
81692	82	7867.119493	144
81716	4	8465.23018	129
81717	147	6277.095478	114
81711	183	5542.116359	105
81740	149	6305.049673	134
81687	2	5942.184947	98
81765	17	7907.745276	134
81735	24	1068.396157	21
81756	257	5057.767799	114
81720	136	5026.238053	89
81695	166	5136.270076	99
81741	161	6213.474343	130
81769	60	5134.729166	118
81680	55	23.95102428	2
81766	102	5343.549134	114
81743	74	7544.277819	130
81740	153	6536.475938	128
81707	60	4678.048153	84
81712	16	3368.614522	68
81698	163	7045.400786	128
81722	44	6145.3606	122
81715	94	5433.282553	102
81754	123	9854.783691	138
81713	114	6895.939173	103
81747	108	5248.512605	97
81671	259	11.42907248	1
81744	257	7087.189204	144
81749	58	5326.407236	81
81734	200	7510.790192	144
81765	95	5453.590656	109
81716	66	5766.135154	110
81735	134	1266.088793	30
81692	174	5000.600712	98
81769	216	7184.294097	137
81773	177	7216.952585	137
81746	232	6724.290414	112
81717	269	5379.713443	108
81763	56	7109.51734	131
81724	271	5246.50364	82
81686	226	3282.360184	65
81695	163	5093.551133	87
81756	94	5897.925499	120
81738	222	4721.974146	85
81763	119	7267.866269	139
81762	133	6958.227981	137
81765	76	7547.487998	142
81759	224	5055.071321	110
81698	124	4424.449173	88
81682	193	11.43220622	1
81706	187	3402.216109	74
81693	163	7296.654533	136
81687	30	6147.790816	101
81717	137	8527.485669	132
81745	235	4366.009855	101
81712	185	4465.052232	80
81775	214	7503.959032	131
81712	241	2965.894515	61
81747	26	5434.427427	91
81753	129	6853.770488	147
81690	138	6099.577245	123
81749	87	4560.170221	73
81763	107	6721.332018	116
81685	92	839.1405947	18
81697	23	9256.746289	140
81755	142	5405.483104	89
81756	149	6562.860186	141
81714	190	5853.047603	116
81721	42	6112.531606	116
81735	200	1828.751795	28
81696	52	4912.778362	85
81723	107	6767.44527	119
81750	95	5355.32549	110
81762	98	4745.282134	106
81770	241	5593.507208	121
81731	69	8899.813629	143
81727	63	2517.137904	43
81745	154	6936.375558	131
81745	31	6786.325072	125
81696	157	5073.816954	97
81695	212	4413.874178	81
81768	165	8789.475197	163
81763	120	6921.380578	117
81686	56	3873.667261	68
81747	238	3538.219294	76
81717	164	5927.057691	120
81765	13	10511.38019	167
81739	140	4794.448999	89
81715	122	5032.467537	97
81761	262	6982.22524	125
81766	50	6701.530524	125
81733	159	6947.636356	161
81748	84	25.71008826	2
81754	181	7301.521162	142
81707	135	4229.256782	65
81703	185	12.051465	1
81735	25	1474.271306	28
81732	245	4879.204427	97
81756	150	5943.825729	138
81764	117	5564.961177	112
81733	111	7581.75222	134
81752	83	11985.84159	172
81713	123	10136.14971	145
81738	86	5809.285687	93
81692	238	4716.69318	86
81711	192	5917.92436	112
81691	79	6021.450269	110
81702	117	4345.962046	83
81771	109	6707.522278	115
81762	46	10384.92126	155
81740	101	5320.345857	98
81723	254	6333.395876	117
81711	49	6055.864345	115
81759	178	8926.571363	187
81759	74	7300.830254	143
81737	144	7927.173812	158
81773	202	5631.420882	117
81733	131	6941.510612	124
81698	218	5186.866174	105
81769	263	6593.768069	132
81690	265	4631.334054	102
81738	169	6849.956556	123
81688	254	6452.102606	96
81678	76	15.89590025	1
81762	231	6238.62173	130
81712	20	4276.758011	75
81702	50	4843.673886	95
81752	78	8161.348895	130
81706	98	2110.440606	48
81671	13	166.9617811	2
81712	193	9857.295698	129
81756	146	6491.806108	143
81762	35	6994.502043	131
81711	56	7788.629335	143
81702	270	4012.806198	81
81717	265	6243.308195	108
81752	98	5475.283606	115
81693	147	7639.857378	144
81750	33	10349.2852	159
81719	166	7696.459243	152
81762	138	5072.159215	110
81701	119	137.6204726	3
81733	123	9660.961568	147
81694	92	2714.97593	55
81707	205	4411.644439	86
81687	258	3996.415582	69
81687	102	3792.074617	67
81736	261	5871.343291	111
81689	22	5985.986753	109
81768	252	7005.314079	140
81764	201	7472.152199	149
81734	161	4949.303049	113
81706	250	3124.942771	66
81686	33	5864.854421	92
81734	176	5831.82836	112
81705	13	11.35984098	1
81717	201	7080.048012	126
81686	225	4110.360278	83
81713	60	5769.527286	112
81691	185	7414.215771	134
81760	265	6641.036638	143
81713	27	10248.07844	152
81751	195	4599.569713	104
81720	270	5737.201479	97
81770	138	5807.203478	120
81771	103	6879.682559	136
81751	104	5803.005496	112
81713	222	4613.382755	102
81743	126	5219.777286	114
81770	209	7258.96957	130
81768	0	9545.151478	131
81715	30	6908.994523	118
81756	221	7709.741288	146
81716	5	7016.391954	130
81734	109	5832.857619	102
81768	199	7693.739167	133
81770	61	7426.510809	151
81767	36	6608.413557	140
81702	159	6028.436035	126
81721	186	5771.424979	106
81759	2	7884.361246	144
81685	258	694.3076807	14
81771	174	5395.267589	125
81716	203	5842.409222	102
81755	264	2919.208522	54
81746	200	7187.405862	137
81706	116	4033.796652	69
81716	3	7786.096956	131
81756	27	10310.32952	151
81774	244	6419.830236	133
81733	124	5995.123637	114
81730	184	5925.776265	125
81742	8	8536.564448	128
81757	205	6717.693263	146
81764	81	5470.231264	106
81723	109	7373.820468	124
81760	67	5649.689461	123
81765	190	7592.43461	146
81699	164	2536.117528	44
81720	259	6491.283149	108
81686	213	3821.642537	67
81731	123	7410.294009	109
81739	52	5775.007763	110
81747	168	4208.054236	86
81697	43	5161.796278	100
81741	229	6313.633461	118
81765	85	9324.472283	151
81736	131	6149.101751	98
81735	113	833.2386252	20
81698	200	7434.651259	135
81750	193	11527.32028	161
81743	223	6606.529182	141
81770	129	7514.468589	150
81760	153	7867.324867	146
81724	108	7137.738679	124
81722	11	7259.322894	128
81688	263	5959.364265	118
81774	67	5849.993315	127
81709	34	2679.100282	37
81749	3	5397.83017	91
81708	217	5660.456614	99
81721	82	9236.81775	138
81774	140	7944.66203	136
81686	207	3077.591814	70
81713	136	6123.170384	112
81750	221	6714.501937	125
81750	202	5530.731305	127
81765	67	7419.782829	148
81756	185	5476.298101	114
81713	183	3837.385959	78
81697	154	5592.751771	100
81706	109	3255.69893	52
81720	120	5296.999738	91
81686	48	3962.676372	80
81686	182	3490.761698	75
81719	133	6556.939132	121
81716	121	5455.007428	94
81771	119	7991.613606	160
81707	143	4694.606567	97
81764	25	6208.933393	126
81744	187	6082.280917	139
81766	161	7004.453991	149
81771	18	9088.336557	163
81687	18	5887.770442	99
81755	249	3354.862752	72
81694	99	3293.917917	50
81753	40	7761.022799	142
81744	49	5885.51472	134
81740	91	4685.897203	102
81688	125	3426.633904	87
81713	180	4721.414183	96
81743	155	7344.34167	141
81753	17	6988.939735	145
81685	73	736.837903	17
81694	166	2483.369563	43
81776	164	16.65218621	1
81721	47	5133.891702	105
81774	191	5343.581526	121
81730	181	5202.457903	102
81743	211	5424.897905	116
81771	118	5313.647093	123
81714	37	7149.831535	124
81669	27	17.6074459	1
81698	217	5976.091839	109
81745	127	6621.818979	130
81738	8	10564.76084	150
81735	220	1586.981216	32
81706	74	4172.529652	78
81752	106	6692.677713	122
81765	132	5747.022105	111
81740	76	6337.970353	129
81686	240	3775.898741	72
81766	110	9121.093973	130
81749	159	3351.197034	76
81715	96	6935.97332	109
81727	2	2858.294791	59
81772	268	6273.799726	128
81770	179	13813.6492	201
81760	112	7890.816648	145
81775	36	6369.04062	130
81770	232	7532.901095	143
81770	253	6107.225651	127
81709	170	1526.360458	30
81709	183	1930.88815	32
81716	217	6962.59736	114
81737	268	5282.342801	99
81716	256	5196.172279	113
81771	62	6810.272306	138
81687	60	5040.843672	100
81759	170	7254.015541	156
81758	248	6320.411603	126
81722	185	7279.003002	133
81773	99	8068.05479	136
81743	15	6725.549782	123
81709	159	1554.748135	32
81673	198	13.87350021	1
81694	72	4134.143369	57
81702	191	4875.082876	99
81740	215	4624.144064	99
81710	8	2043.473749	29
81726	112	6899.378367	132
81751	188	3077.969392	74
81762	24	7067.81161	139
81746	74	6073.201031	112
81757	140	8115.171584	132
81753	41	9123.777888	136
81736	55	11920.95379	154
81719	115	6085.965045	109
81698	20	6262.309162	114
81710	65	1489.819502	31
81747	234	5233.858419	98
81685	78	672.3177539	10
81714	169	7267.975645	132
81767	249	5994.079982	114
81732	127	5105.743929	100
81711	217	7693.553654	126
81753	177	6528.586463	129
81762	13	10735.15719	159
81747	169	4272.236376	88
81765	79	6233.013487	127
81706	105	3082.88798	57
81693	103	5997.763669	116
81716	151	5990.19402	112
81742	33	8292.613959	144
81703	82	29.21257911	1
81720	137	7792.683543	111
81751	258	4564.79084	99
81697	107	6904.470584	121
81731	91	5304.357248	113
81699	151	2739.244906	61
81765	144	7451.293996	151
81697	226	6190.427283	111
81707	198	4257.982641	87
81699	54	3027.652481	54
81757	161	5715.838625	131
81768	186	6743.98904	130
81706	96	3599.035021	57
81732	233	10402.61142	160
81727	259	2182.595152	48
81752	271	4744.213243	90
81720	227	5462.38814	97
81729	130	17.78918334	1
81730	63	5741.714237	119
81742	49	5893.932719	132
81774	263	5871.701541	127
81695	82	5554.328689	85
81742	68	11748.37031	415
81725	149	5682.413142	146
81707	255	3240.987802	77
81719	140	6755.71298	108
81699	61	3935.680151	47
81720	49	5305.895518	106
81726	133	4965.132869	96
81756	72	6148.408628	117
81749	0	4914.861113	62
81719	19	4430.868457	103
81730	195	4083.681904	97
81771	126	5926.414131	139
81739	229	4885.451574	102
81693	182	6747.901117	136
81767	255	5248.464691	110
81730	15	5615.669878	109
81691	84	6609.19332	126
81717	61	7380.162164	111
81750	142	8730.269621	164
81688	168	4287.316379	95
81740	163	5911.062405	125
81766	106	7102.369223	134
81694	39	3599.969844	69
81773	222	6044.697538	133
81763	263	5218.110733	109
81688	120	5655.912848	106
81712	47	4622.400304	92
81714	188	4602.863268	104
81757	74	6954.982198	126
81671	14	137.0017412	1
81769	246	9078.774029	150
81719	218	4643.604786	95
81704	47	18.53346247	1
81727	220	2999.955398	49
81713	153	6658.32205	147
81756	261	5405.087881	103
81723	53	6909.597797	122
81731	184	5074.897295	103
81723	223	6445.082354	114
81757	77	9177.547623	166
81725	174	5805.380228	126
81755	132	2537.104929	54
81702	97	9906.954402	122
81734	94	6015.031951	108
81772	78	7861.638733	148
81664	179	22.47699647	2
81739	54	6724.176585	116
81741	138	5330.132864	103
81731	139	5074.388115	95
81742	183	5595.618413	111
81756	48	5964.884231	122
81772	134	5964.441851	125
81734	46	7530.961723	129
81724	104	7171.852596	116
81714	100	7734.623309	103
81716	190	5235.066989	93
81693	252	6636.366382	115
81713	32	7603.702666	136
81741	187	5101.283582	116
81748	82	27.92052658	1
81736	178	5225.393771	107
81750	16	5812.384616	131
81723	213	6886.398961	127
81769	179	12727.64549	213
81670	82	109.1219774	1
81769	133	6013.149313	131
81772	13	11623.08705	183
81755	237	3991.269525	82
81719	111	5573.47642	106
81685	30	1235.984414	22
81743	136	5949.064077	104
81749	18	3104.989599	63
81743	99	7372.506787	135
81749	51	3949.098082	62
81772	62	6131.621193	128
81745	182	4985.240564	110
81731	254	6429.405035	130
81686	212	2757.885092	65
81727	110	3547.3011	44
81759	259	6964.142774	124
81735	213	959.5049084	20
81765	248	6708.936598	138
81719	240	6038.693765	103
81724	166	7150.17183	129
81697	168	6343.027914	127
81717	47	5840.704052	112
81713	167	7264.111305	113
81763	137	8603.072886	142
81768	161	6167.325791	133
81730	25	5070.006903	101
81691	114	7413.911933	120
81710	18	2224.511605	34
81691	36	6785.875302	109
81718	234	6872.578542	125
81740	35	7090.177845	140
81691	122	7571.757963	122
81749	97	7647.564492	91
81721	23	11756.48006	188
81749	176	4117.746267	74
81746	158	4769.613437	109
81754	111	8011.556263	143
81746	171	8328.087716	139
81775	84	5363.797287	113
81763	245	6094.832506	123
81767	148	4969.074971	122
81737	243	4771.755694	101
81728	220	12.12474546	1
81751	21	5844.933001	111
81662	219	11.92860814	1
81733	119	6899.068896	122
81746	156	6436.06979	142
81697	37	6126.490217	112
81671	231	10.54910117	1
81742	154	7657.481573	150
81724	52	6784.927815	126
81771	263	5650.84211	125
81739	43	4755.989976	92
81697	251	5232.757993	93
81759	195	5562.768892	115
81760	89	7139.184157	131
81717	241	6085.855057	115
81709	244	1338.044028	33
81675	83	53.38525502	1
81756	61	8107.503647	144
81737	99	7336.898231	124
81731	125	3064.916602	72
81699	64	2489.694644	51
81661	86	23.07178561	1
81697	93	7126.640187	101
81754	174	5169.025704	122
81688	167	5640.172952	109
81768	133	6090.873	126
81757	268	6549.722535	132
81698	50	7578.730885	123
81742	32	7783.040141	151
81760	17	8895.355893	151
81727	5	2478.530041	49
81760	240	6434.203983	126
81736	104	6049.680295	120
81738	44	6002.661344	116
81754	101	8957.533261	136
81735	21	999.9098228	22
81696	29	5230.11593	91
81688	138	5354.798372	98
81731	226	5691.227216	112
81736	24	5323.940399	103
81696	208	4191.443203	75
81711	222	5318.322464	107
81741	227	6776.591429	116
81721	238	6014.766657	108
81758	169	8922.229252	162
81742	131	7483.314143	130
81713	190	6865.351147	123
81762	116	6808.415369	127
81688	163	6819.207818	125
81697	131	6905.204101	114
81725	210	8030.589083	121
81714	115	5058.999727	91
81687	171	5312.294221	95
81750	87	6641.72916	113
81717	95	5323.049774	91
81737	108	6711.404801	119
81739	128	4776.260094	89
81768	138	7075.842315	144
81733	203	6433.146971	124
81722	194	8273.867253	130
81762	227	7897.07164	139
81745	114	5344.492006	89
81725	201	7863.505832	134
81718	127	7006.835904	115
81772	258	5244.022905	126
81747	42	4910.789099	82
81707	179	7801.422904	128
81726	101	9205.162268	142
81687	149	4647.589942	90
81762	166	6920.180722	140
81756	255	5802.002262	112
81733	166	7337.383667	152
81760	87	8895.671261	156
81736	185	5870.576709	112
81717	159	5962.537497	121
81689	138	4776.840586	102
81750	183	6240.156865	126
81713	17	7452.813772	124
81766	187	5407.523513	134
81725	156	7880.426675	153
81727	38	2365.458916	46
81768	169	6919.119484	139
81765	244	6594.760972	139
81763	265	6525.890942	129
81720	197	5595.238787	117
81759	268	4795.071097	100
81699	262	1629.778401	37
81674	78	13.45219684	1
81734	90	5916.009076	119
81706	48	2897.030385	55
81698	86	8205.276355	136
81723	153	7041.764545	133
81706	113	2791.820011	58
81712	184	4489.346682	82
81768	137	9255.537471	161
81740	217	5918.125927	129
81745	52	5232.752768	104
81755	228	3433.154654	70
81769	158	6983.040056	161
81762	215	6776.177286	125
81674	20	64.72352561	1
81707	18	5908.834808	102
81709	27	3153.188974	46
81732	210	6496.359453	111
81765	14	7592.403387	143
81720	232	5096.338834	88
81687	213	4564.122276	90
81761	20	6000.244817	116
81749	34	3842.206618	74
81745	259	6282.320045	123
81770	23	11023.1278	170
81769	212	7209.759225	137
81774	241	5994.525364	128
81671	66	17.82078536	1
81712	67	4388.878947	74
81702	14	4999.566162	90
81748	97	35.81275147	3
81762	99	7844.528874	126
81752	26	7277.250436	142
81712	31	4890.770787	76
81697	247	6886.128276	116
81715	266	8617.225541	140
81749	76	3889.975354	76
81705	224	46.38750312	1
81739	143	5779.801058	121
81713	24	6033.137939	118
81697	155	5353.558187	105
81714	151	7105.933964	126
81694	206	7550.811658	116
81742	18	7697.566891	136
81727	21	2010.760764	38
81749	64	4566.449322	82
81744	27	10023.2272	150
81698	170	6587.823718	137
81705	140	36.49071521	3
81762	151	8057.201989	157
81690	55	14049.47826	165
81716	207	6017.137555	120
81737	62	6079.829921	114
81771	17	8811.21961	172
81706	165	5698.29822	85
81715	7	5216.465182	117
81726	104	6028.600926	119
81718	71	5802.971842	126
81757	150	4814.213748	116
81717	26	7291.680402	122
81711	27	11463.42431	155
81766	150	6711.996454	146
81750	138	5651.095716	105
81662	132	24.00819871	1
81680	179	12.98139767	1
81738	164	6949.299055	129
81665	3	13.0138431	1
81688	93	6285.6549	112
81730	9	5950.307526	124
81726	203	6652.635755	117
81727	57	2092.069242	39
81740	42	5847.714433	114
81765	129	4991.279738	102
81712	248	3880.291739	74
81710	102	2416.600509	36
81722	62	5969.555831	106
81728	106	41.39196038	1
81722	102	5653.426186	109
81738	7	5292.309294	114
81755	156	4362.036424	82
81698	165	8845.491063	145
81688	267	4725.055548	91
81712	149	3259.951377	72
81746	182	5899.188607	120
81732	41	10408.53668	150
81760	243	5978.159923	114
81744	203	5199.962668	111
81770	193	12098.34523	161
81744	0	9242.345557	122
81692	239	3968.706825	96
81687	206	6748.56062	101
81740	152	6553.24161	139
81759	215	6343.429789	120
81710	221	2022.586546	38
81774	82	7926.199225	143
81747	114	7244.626667	114
81725	143	7920.214551	165
81697	189	4714.198881	99
81704	123	11.92162553	1
81721	97	10497.44951	143
81769	145	7186.57434	164
81769	86	8518.931159	139
81771	187	4699.395179	114
81757	125	3944.637057	104
81745	246	7821.097088	132
81714	6	9647.250027	139
81724	122	4391.614655	81
81748	55	22.39079589	2
81753	151	8775.422527	178
81720	19	4233.142096	86
81714	112	6078.335338	106
81747	265	4056.931605	82
81737	67	6504.183447	132
81712	11	6438.350601	97
81756	145	6398.082925	144
81763	244	6691.066165	125
81739	237	3872.851931	80
81752	84	6342.568761	128
81699	251	1564.681156	36
81691	248	7982.672088	137
81681	11	22.34306731	2
81752	205	6638.313577	143
81717	181	7389.185568	138
81701	33	142.0716049	3
81706	104	2892.454501	63
81739	81	5695.347899	107
81708	243	4871.375547	96
81697	8	9060.700875	134
81686	107	4530.901012	81
81748	183	14.39174355	1
81704	46	20.64869368	2
81744	73	7310.195874	139
81732	220	5627.558319	111
81704	253	10.69525703	1
81761	255	4707.838878	104
81689	246	6899.959096	106
81698	210	8213.483086	130
81738	13	10240.01799	137
81721	40	8812.913993	135
81710	137	1238.64347	28
81737	54	8002.536517	134
81685	76	682.9506767	12
81775	178	6468.636626	143
81747	188	3512.909176	70
81774	252	7075.546462	123
81699	96	3938.545107	59
81744	58	6448.43651	122
81723	152	7173.264137	148
81742	97	10435.36464	138
81687	62	5260.33836	101
81713	155	7468.95438	131
81766	95	7274.758928	128
81681	25	36.32120917	2
81731	116	7238.655731	126
81741	212	5394.427634	109
81734	257	5106.445536	114
81739	17	5833.711505	97
81705	168	30.48053397	1
81721	236	5845.559353	105
81745	25	6119.423333	104
81722	42	6550.633845	120
81671	25	52.56668859	1
81719	178	7148.03138	129
81709	234	1605.241303	28
81760	208	5509.68532	114
81762	204	9026.361534	178
81760	114	8495.665908	144
81688	215	5478.258387	104
81740	248	5465.336152	108
81768	253	6090.374509	122
81758	2	7418.850212	145
81767	8	8696.741142	145
81766	97	13875.84733	176
81746	27	12306.43735	167
81731	189	4463.401687	105
81751	10	5816.128751	120
81757	251	5187.180264	117
81733	191	4758.875904	114
81691	4	9615.451742	148
81766	209	6568.782489	119
81692	210	4912.679505	89
81725	6	7971.308478	131
81715	156	4957.458726	112
81760	219	7098.378875	130
81751	186	4190.579762	81
81711	83	10530.28275	154
81733	74	6970.158227	113
81677	166	13.74976678	1
81757	48	7269.543798	160
81735	35	1382.403885	30
81703	69	53.39431893	5
81748	99	23.64172371	1
81762	174	5706.711805	125
81761	31	6315.806119	120
81725	88	9540.692296	148
81713	126	4314.261977	87
81733	267	5776.38849	119
81723	64	7187.239117	126
81763	199	6515.836124	120
81705	174	32.18764595	1
81724	266	6943.569966	118
81762	187	5289.290893	122
81735	268	1189.152819	23
81770	46	8183.697547	151
81707	24	4319.169021	82
81687	207	3544.962812	76
81745	271	4552.875202	88
81687	72	5129.865772	88
81718	255	5698.743158	113
81750	4	9870.504219	159
81753	231	7338.737092	144
81746	63	6411.097475	126
81763	197	6248.825228	121
81744	138	4885.767943	95
81686	102	3111.116139	62
81740	108	7382.914135	123
81739	79	6373.559243	110
81774	271	5452.447965	107
81741	135	5416.690459	106
81755	15	3355.78178	60
81694	196	3000.390138	58
81720	244	4001.590563	78
81743	154	6495.316784	139
81735	30	1769.552214	28
81720	88	6663.58752	107
81769	220	6357.987662	133
81764	222	6360.091144	138
81689	270	4442.863332	89
81762	264	6486.585623	113
81738	234	5571.70243	122
81704	247	11.37620301	1
81755	63	3304.54305	63
81738	113	6016.07714	118
81707	199	5836.398121	91
81713	59	5754.280901	107
81712	222	3548.909821	74
81730	175	3593.625579	78
81769	72	6474.146836	122
81749	5	4001.752992	72
81758	182	4979.310271	103
81766	112	7725.434759	147
81685	126	783.8070648	15
81688	33	8369.40463	128
81742	66	5817.295438	131
81696	216	5495.047506	91
81709	178	2785.857088	50
81754	5	7100.799068	125
81747	252	3981.653231	75
81707	263	4561.787316	88
81707	116	3794.347725	69
81698	67	6359.539774	127
81753	218	4790.83899	109
81718	102	5291.81988	106
81710	187	1170.821516	21
81756	239	5698.670879	110
81694	157	3378.586291	63
81731	236	6129.705117	113
81769	257	5327.292678	108
81697	238	4980.552129	105
81743	48	5514.593646	122
81690	59	5251.678389	84
81702	37	7237.730287	123
81767	270	6594.022116	118
81749	175	3246.076892	74
81708	269	5260.790497	98
81712	56	4960.806158	83
81773	35	6570.247584	132
81758	53	7345.846828	125
81736	90	5058.093983	94
81697	159	7241.535734	134
81742	252	5629.033267	103
81666	258	10.12889681	1
81741	90	7710.74479	134
81695	228	4010.751774	77
81711	213	5661.173491	102
81690	117	6516.848487	112
81673	251	24.71037415	1
81766	190	5587.711398	112
81739	46	5050.212328	89
81718	92	4177.594084	95
81764	89	6974.12999	140
81752	93	6864.311101	125
81718	21	5608.499597	113
81697	268	5666.619998	107
81738	101	7691.680925	119
81721	223	5842.913599	112
81716	268	6098.848403	126
81690	169	7041.022671	125
81736	162	6272.11774	124
81722	32	7694.066033	133
81718	153	5963.175756	120
81687	31	6675.853967	108
81704	75	13.92318433	1
81752	188	5072.848695	127
81698	90	6936.419515	125
81746	46	10287.19002	163
81715	193	9855.676161	163
81733	95	7641.523792	135
81712	28	5888.972602	107
81743	203	6290.823417	139
81686	192	3602.840583	83
81756	99	7476.827814	137
81724	221	7638.962881	136
81737	98	4231.034068	93
81719	172	5216.716565	106
81765	203	7120.667316	136
81705	29	11.66836378	1
81746	84	6349.523	124
81666	97	13.62306418	1
81691	83	11575.23455	150
81760	29	8070.037943	140
81730	130	3964.363008	78
81724	142	8994.291741	150
81761	11	7359.356134	131
81688	228	4712.713461	101
81702	145	6014.595622	122
81757	164	6161.791163	132
81754	34	6523.518881	116
81764	88	10023.87559	162
81709	135	1500.461026	28
81761	182	5632.094537	114
81745	254	7562.480166	129
81715	155	5303.006923	96
81682	254	18.68287118	1
81750	245	4931.678586	113
81748	233	23.66438049	2
81726	229	6139.368584	113
81747	60	4543.785362	85
81721	118	4392.872944	95
81745	65	7260.067281	133
81744	18	7364.093204	135
81751	142	7577.113812	145
81701	114	209.0072069	2
81764	106	7259.065604	147
81716	94	5820.728805	94
81771	182	5904.581449	128
81772	58	9529.42592	162
81761	155	6665.4812	132
81699	75	4407.134883	60
81732	177	5434.894209	117
81689	113	4677.768411	86
81752	121	7351.287044	135
81698	102	7274.595563	130
81772	143	7441.977043	160
81771	199	7529.28762	140
81766	262	5250.779218	108
81679	83	10.49294257	1
81723	262	5762.160692	117
81727	125	1911.165604	45
81771	241	5914.858861	141
81749	108	3608.294775	73
81754	11	9398.013542	150
81750	267	4862.438605	103
81739	164	6048.881481	118
81723	93	8333.572618	120
81697	139	4550.976962	79
81702	24	5611.295127	108
81761	27	10847.3149	144
81671	201	10.08863832	1
81751	241	5057.400726	98
81772	23	10419.05702	176
81719	205	5908.476848	112
81741	73	7688.194692	138
81754	176	7161.275138	130
81747	43	3945.985684	89
81693	160	6782.77612	128
81689	95	5196.291824	80
81757	76	8809.127921	163
81714	267	6082.834424	115
81765	20	5719.086937	111
81693	113	6555.694149	128
81708	127	6088.454869	117
81716	152	5962.495874	114
81711	205	6784.50521	114
81744	82	6317.215668	115
81746	14	5945.702977	113
81694	257	2514.203486	52
81754	259	6092.20441	117
81717	2	7045.926007	126
81731	174	6166.151949	142
81742	146	5851.881327	133
81695	171	4897.008809	87
81758	16	6545.688517	137
81746	73	7722.650899	130
81733	29	6475.947832	124
81713	150	5315.398203	116
81669	206	10.23211737	1
81722	164	8141.554593	157
81766	162	8342.480723	159
81760	93	7198.554787	131
81727	173	2437.322882	46
81737	44	7150.581014	136
81693	21	5859.331475	108
81764	113	6046.082759	122
81768	121	8674.875948	145
81693	123	9883.034799	146
81725	5	7346.821204	130
81754	248	5112.550473	129
81727	253	2120.554962	35
81748	269	63.5054995	1
81733	251	4712.384192	98
81691	23	8726.761664	143
81709	180	1364.289766	29
81712	14	4260.623971	82
81762	20	5770.003794	109
81747	174	2017.056591	53
81770	205	5528.633367	122
81713	219	6679.72357	113
81745	187	5119.409057	136
81706	226	3212.416448	62
81673	95	15.2077755	1
81688	2	6792.469674	130
81717	75	7462.711566	121
81749	70	1999.856651	48
81756	135	5938.247077	118
81722	115	5826.904995	106
81731	42	6403.446495	119
81762	100	7043.284359	130
81726	154	7455.416051	143
81736	48	6465.773966	134
81719	22	6594.03065	131
81734	224	5544.553103	107
81756	90	5833.579468	111
81735	14	2126.345561	42
81701	214	83.29222704	1
81765	66	6435.611296	133
81710	250	1113.714893	19
81769	121	8786.752138	137
81772	101	9200.449878	145
81751	69	8283.407232	136
81725	99	8055.097435	117
81759	232	8697.414347	143
81707	72	5854.713502	96
81759	22	5478.059811	125
81764	229	5565.012708	119
81691	98	4254.2576	96
81771	95	7144.196123	118
81705	143	18.5175121	1
81709	88	2780.964648	44
81741	145	7297.683113	138
81759	146	6215.927002	128
81691	208	5361.411976	104
81776	183	12.98801118	1
81685	69	765.2956021	14
81753	251	5932.030761	128
81748	5	15.78296876	1
81748	23	11.04189666	1
81769	226	5822.721288	131
81746	190	6267.609321	122
81721	34	6755.667298	127
81704	261	15.41717857	1
81732	80	7030.912776	127
81724	78	7959.564728	128
81718	8	7520.400851	116
81725	106	6731.833546	138
81733	262	6195.110739	119
81744	136	6305.655601	125
81714	148	5181.681311	120
81746	159	6578.119321	131
81692	47	5377.746023	107
81747	136	4015.525782	69
81724	227	6652.772117	119
81697	254	6324.791279	102
81689	24	5483.825423	96
81758	101	7905.936222	139
81764	191	6459.897385	131
81750	55	12992.21549	176
81731	61	8178.317514	145
81717	143	7280.960737	153
81706	131	3368.020555	59
81763	98	5599.667731	110
81748	25	41.48192813	1
81735	26	2197.130105	33
81721	76	8066.730334	141
81694	270	3248.192802	54
81739	15	5100.333732	95
81690	65	5872.062985	114
81760	72	7842.603008	145
81755	190	2722.283432	52
81762	175	5921.0806	126
81718	98	4501.762869	95
81719	106	7376.359045	124
81762	254	9363.210548	152
81716	91	4801.181899	97
81746	270	5901.033989	113
81741	61	7256.715572	111
81741	197	5869.977667	125
81744	246	8656.152361	148
81760	43	7541.569587	146
81772	87	8649.741075	143
81757	69	9820.253113	160
81738	198	5418.808485	98
81690	132	5888.684229	116
81750	53	6502.916107	134
81763	180	5303.093278	118
81756	108	4814.108506	97
81714	229	6775.790133	125
81768	136	6002.370052	123
81677	260	11.6890371	1
81719	54	7640.33361	125
81731	167	6276.284237	125
81707	67	4119.18007	82
81771	227	7282.899245	137
81774	97	13640.1461	173
81717	220	6431.747861	134
81724	129	6541.185089	122
81723	189	5386.759501	112
81724	10	8154.173005	146
81731	92	4421.521986	102
81688	115	4349.941348	98
81701	257	130.2813189	3
81709	71	1277.127246	27
81736	213	4638.848259	106
81685	262	420.4913493	9
81692	184	6194.555093	107
81698	44	7070.980079	118
81723	117	6273.092399	104
81740	124	5382.584787	110
81685	168	779.760429	16
81704	113	10.50751119	1
81713	205	6412.971748	118
81770	87	9250.727797	174
81754	131	6431.127739	117
81721	190	5818.35025	115
81773	62	5916.968057	120
81708	37	7632.083355	113
81718	231	7281.134026	125
81717	179	12058.05346	167
81773	79	5003.479941	106
81694	223	2875.804836	57
81764	151	7522.849396	155
81693	125	4429.485105	99
81713	11	8295.586446	132
81754	18	6065.001898	117
81744	32	7193.786521	124
81752	22	6163.262058	133
81767	122	6347.928434	110
81697	66	4690.077301	91
81752	176	6604.156031	138
81686	15	4328.605431	80
81754	227	5918.672016	123
81771	239	6717.03852	132
81740	258	5336.975677	113
81770	58	8199.49223	132
81759	246	8115.754155	151
81725	36	6494.462977	121
81751	123	8903.413029	140
81732	66	5946.444485	124
81727	115	1746.783035	35
81693	245	5827.08639	101
81693	138	5130.840004	108
81731	266	8170.283685	144
81688	106	5754.232751	107
81764	242	3081.19701	84
81703	236	21.54441256	1
81760	140	8189.829574	151
81706	52	3298.972616	72
81752	163	6561.294332	152
81694	59	2672.781992	51
81688	195	4817.228607	112
81718	222	5296.237803	110
81736	58	6264.041623	115
81735	90	1538.601986	32
81688	5	8523.713695	152
81755	80	4223.876483	73
81719	69	9237.275041	152
81730	28	7138.509674	125
81757	135	5273.759603	110
81768	242	4060.350205	95
81717	27	10058.22994	143
81736	145	5773.992467	127
81681	257	62.01240557	4
81717	15	5050.331126	97
81720	180	4961.15404	93
81750	12	9434.492972	156
81708	261	4797.833744	92
81760	63	6550.803739	120
81761	100	7482.332699	130
81750	110	11727.49745	149
81687	129	4156.263887	81
81747	79	4163.049242	80
81766	149	6271.152664	142
81702	55	8907.191825	135
81705	60	56.84710935	1
81711	267	5666.811375	125
81766	56	7526.562037	137
81697	157	6728.070916	127
81705	243	24.85201702	1
81694	31	3298.248306	56
81711	1	11310.24372	164
81775	28	8947.680882	167
81766	31	6336.679642	136
81708	169	5479.857116	94
81749	164	3518.902691	65
81728	32	91.32456058	1
81762	248	7719.281938	145
81726	265	5592.376281	119
81697	196	6978.172413	121
81731	179	11962.70902	174
81747	219	4675.285023	78
81692	109	7225.403305	120
81743	90	6005.559453	127
81687	107	5686.146105	95
81730	62	5861.81386	119
81721	15	7705.478657	128
81757	256	7645.399408	160
81738	177	6961.816817	135
81717	45	8692.597108	129
81707	261	4500.105662	77
81746	94	6891.93835	122
81712	8	6715.206813	106
81774	76	8242.344887	143
81686	49	4232.418828	85
81755	178	4488.011065	81
81735	2	1958.19811	35
81732	150	5927.391198	127
81742	119	6895.728042	123
81735	193	3460.269277	48
81707	125	2399.314368	62
81699	257	2638.748356	48
81716	210	7946.997979	131
81678	29	11.21185159	1
81764	79	6629.753356	114
81693	251	6537.773196	123
81746	233	9414.724003	156
81708	58	7113.402402	110
81769	192	7843.40801	154
81770	105	7191.267195	142
81754	62	6301.521859	131
81773	230	6011.750351	112
81722	260	10613.89746	153
81755	77	4121.756946	80
81738	173	6229.586994	119
81774	138	4901.959003	119
81713	33	8111.375215	139
81747	46	6375.953201	113
81721	28	8077.666637	133
81765	45	9963.717095	162
81689	100	6462.183594	101
81743	109	7452.313283	128
81739	80	6454.355817	114
81717	76	7257.369679	108
81730	10	7800.859041	123
81754	60	6812.888701	137
81715	64	5540.267678	100
81757	84	6754.896557	128
81727	126	1783.445448	34
81694	54	2969.792136	57
81759	255	4698.424414	108
81775	165	8715.464596	156
81722	120	6817.262434	118
81705	267	27.99438371	1
81688	56	6050.476023	103
81696	156	5575.372375	108
81751	38	4306.162583	95
81775	136	6609.359458	132
81739	220	5320.346142	112
81723	253	5631.360402	106
81692	177	6390.083827	130
81717	263	6257.465076	123
81690	244	6345.334564	115
81733	18	7485.330916	126
81697	111	6907.025206	115
81704	27	89.17225711	3
81757	198	6305.353548	129
81685	42	754.545091	13
81697	124	4390.720156	86
81751	35	5499.098475	98
81713	233	10625.02484	162
81750	64	7153.329436	135
81748	151	49.11279834	1
81756	154	7138.218979	142
81721	48	6484.585665	121
81767	124	5426.892209	103
81758	15	6671.530767	111
81698	162	6464.983983	130
81765	219	5429.186564	104
81739	149	5685.040014	120
81763	161	6266.96483	139
81685	20	705.5827899	15
81752	167	7039.182523	153
81772	115	5906.512813	123
81775	94	6152.904724	127
81754	150	6012.818274	139
81729	78	22.64622444	1
81750	181	5801.94712	116
81693	28	8110.975934	142
81693	31	8165.201401	139
81698	35	8697.086889	138
81752	20	6734.350149	146
81775	260	10024.10684	145
81742	155	6093.459322	128
81692	124	4044.541209	82
81686	64	4187.440659	84
81711	26	8136.453694	135
81716	89	6084.875557	114
81773	113	5851.716783	117
81732	228	4938.403614	114
81757	267	7106.830278	132
81691	99	7610.072763	116
81705	125	75.56541896	2
81772	82	8392.615061	141
81760	75	9085.543777	144
81754	267	5867.298001	120
81715	212	4932.913696	91
81740	155	6533.121483	123
81760	249	6454.772184	135
81699	182	2016.679364	54
81739	68	9254.006487	348
81742	250	5012.718791	102
81702	256	4805.181191	100
81769	65	6921.401855	124
81691	187	5698.237901	113
81746	132	6069.521553	113
81766	271	5323.624134	104
81663	96	27.91360699	1
81740	113	4945.239731	100
81732	56	6636.60242	122
81731	135	5531.858485	110
81764	104	6370.235081	120
81717	29	6591.744449	116
81716	41	11976.775	176
81717	246	8845.693847	143
81711	55	15698.28394	197
81760	215	6809.577817	129
81758	196	6125.743399	127
81726	177	7379.501245	140
81690	89	6974.54308	121
81727	230	2948.41664	46
81676	119	51.2443258	2
81726	65	7351.563542	133
81737	189	4427.220445	107
81718	58	6988.565677	104
81715	210	5835.536797	105
81760	55	15112.52192	206
81727	250	1691.854906	29
81774	250	6795.116652	143
81727	262	2332.929217	48
81742	113	5416.961152	107
81739	254	5240.663312	95
81736	135	5406.626617	99
81756	73	7692.058473	125
81761	203	6694.131349	117
81743	107	6635.702704	124
81698	97	15164.99603	164
81700	260	14.39089549	1
81695	261	4055.778924	71
81763	84	6398.586155	122
81749	53	4623.433972	77
81774	251	6573.727497	136
81739	172	6177.988661	112
81770	37	9788.804723	166
81712	257	4142.510948	71
81691	214	6608.244816	119
81691	9	6471.288116	124
81730	185	5075.854974	108
81758	116	5852.452784	105
81719	67	6417.402854	119
81712	224	3542.235672	75
81731	150	5382.085331	128
81736	53	5682.083364	112
81750	11	8922.582522	149
81712	36	4651.146024	79
81685	100	292.6990486	10
81753	4	9108.316737	162
81706	261	3370.672537	68
81734	28	5240.958449	109
81691	165	10267.21643	155
81721	98	4969.674536	98
81723	226	6897.149629	130
81746	10	9594.222786	161
81762	62	6678.389603	137
81747	242	2858.210347	63
81691	67	7108.190477	130
81770	201	6227.440401	133
81698	62	5234.437418	107
81718	19	4907.051796	104
81742	204	7274.613206	144
81714	241	4838.89035	96
81767	207	5917.774395	126
81714	3	9736.856529	146
81690	204	8085.967418	144
81717	238	5764.508261	116
81751	15	6089.425426	120
81749	123	4900.256174	77
81756	93	8140.952067	139
81761	51	6270.431733	117
81741	149	9054.364685	178
81702	42	5813.439793	119
81717	266	7724.641558	116
81692	9	7200.60982	133
81745	108	5472.112314	105
81732	192	5089.842819	116
81753	105	6371.255466	126
81772	227	6183.129062	123
81707	113	4685.560044	80
81686	248	4759.644114	82
81746	21	5920.222311	129
81775	252	7105.868045	123
81717	21	5636.783641	102
81769	259	6706.412831	138
81757	44	6562.771367	126
81752	29	7817.086144	140
81756	222	6072.849738	136
81744	78	6051.773103	102
81750	14	7260.208692	131
81760	167	8520.134864	158
81753	179	10907.24207	176
81724	229	6028.757443	119
81767	191	5611.237014	121
81715	108	5561.350423	100
81756	41	9690.892729	142
81766	171	7143.387906	146
81742	245	5946.721106	118
81692	85	7064.99707	114
81760	127	9201.566272	164
81768	15	6744.578044	152
81764	58	8192.022232	142
81694	139	2073.344194	36
81758	31	7185.484188	136
81690	39	4062.230177	86
81775	88	9007.061131	144
81761	65	8265.164256	161
81689	110	10729.7766	134
81698	130	5052.704438	94
81739	45	4960.07955	89
81771	218	5952.733736	113
81765	259	7180.701113	138
81732	59	6400.59308	118
81710	95	1426.088149	28
81761	186	5594.844601	117
81705	131	109.2351606	4
81689	230	6174.437746	122
81686	88	6540.972439	95
81738	211	5362.743842	105
81731	30	6144.811663	123
81773	156	8419.764131	160
81707	153	5239.858912	96
81750	132	5360.485401	120
81759	241	5349.654432	120
81724	130	5882.99553	109
81741	70	5600.052297	108
81736	205	4945.241229	93
81732	267	6182.004188	132
81709	198	2121.281047	41
81697	21	7087.561685	105
81732	218	5341.38654	116
81690	160	5329.6646	122
81761	78	5431.209745	98
81774	30	8399.91898	158
81723	241	5277.108522	93
81723	179	13891.48826	199
81750	102	5914.3149	122
81733	161	7415.964607	139
81723	174	4054.027266	91
81741	34	6028.211425	124
81685	266	672.5574987	14
81736	161	6209.968145	128
81723	221	8073.335439	139
81676	216	17.70872301	1
81692	173	5982.167719	102
81744	50	5792.250746	114
81767	184	6586.238605	122
81747	192	4375.747815	89
81678	211	11.33900942	1
81707	136	3943.698096	67
81763	85	6948.700348	125
81743	220	6415.88313	136
81750	154	6467.33838	145
81775	153	8304.694464	168
81720	154	4673.135023	98
81699	12	4142.841491	56
81729	94	11.18889977	1
81761	56	7848.202663	144
81713	96	6568.316044	109
81711	221	6845.681655	131
81732	169	7059.49217	136
81723	28	7211.322623	126
81724	137	6360.731248	104
81689	122	6155.39292	104
81723	177	6927.729841	122
81733	78	6852.659459	129
81719	70	6200.012076	115
81723	234	5753.12999	108
81756	59	8054.406226	141
81774	25	8582.000918	166
81703	55	34.81490907	3
81699	165	2925.948432	50
81752	258	5428.711968	130
81736	127	7513.953049	142
81701	217	57.4910007	1
81770	151	6881.450965	148
81715	1	9558.393054	148
81771	40	6570.389888	125
81746	254	6000.237277	109
81772	150	6427.446464	140
81685	149	593.6035548	16
81750	85	8638.767163	144
81770	173	6898.262725	138
81669	179	10.03718666	1
81732	38	5262.958878	118
81741	78	6948.14659	120
81718	51	6692.509685	122
81711	153	7666.329637	145
81747	213	3683.367153	75
81718	201	7350.266802	135
81764	173	6871.432127	130
81740	236	5410.257166	91
81688	38	4368.922771	83
81708	49	7326.61228	133
81742	266	8023.462999	127
81685	14	640.4676514	12
81725	144	8133.664844	147
81696	116	3865.350496	79
81771	74	7272.615939	151
81678	110	10.34588936	1
81723	211	4678.721309	104
81696	184	5590.104963	103
81738	25	7011.046313	125
81753	13	12221.52068	191
81691	2	7276.872059	133
81708	200	7093.363965	126
81739	33	8365.410386	124
81774	234	5311.018353	110
81726	16	5740.190309	123
81724	33	8283.796202	139
81766	140	7438.075689	108
81726	53	7414.134586	131
81688	35	5853.932528	104
81750	20	7029.970249	159
81696	130	4809.933763	92
81766	82	7171.322141	122
81762	262	6245.438086	123
81753	86	7827.035063	135
81685	15	544.6365108	12
81773	136	5201.565585	98
81773	37	8112.594989	144
81711	219	7712.581422	127
81730	72	6391.957221	117
81751	244	5336.017169	110
81732	145	6200.328972	147
81747	210	4397.209822	72
81691	180	4233.302396	95
81722	148	6346.751488	139
81696	240	3847.596515	76
81739	225	4389.533928	91
81689	261	4169.884202	88
81772	264	6341.746221	127
81712	125	2162.500226	58
81762	178	6888.06923	136
81765	4	10278.23617	145
81766	197	5740.700014	134
81671	51	25.58491032	1
81685	156	474.1274984	9
81713	84	5718.281185	101
81698	229	5993.722398	112
81754	233	11660.82805	172
81714	12	7646.726085	131
81713	22	5274.35113	100
81752	43	6755.839442	129
81685	53	800.0713355	14
81708	184	6142.390144	118
81765	52	7003.900587	140
81773	69	8324.318027	137
81727	229	2464.654832	43
81766	117	6751.707609	124
81774	243	6253.795793	131
81677	1	32.01477982	1
81685	195	274.3418443	11
81715	74	5652.88061	106
81694	169	3155.637737	55
81724	112	5211.023925	92
81745	157	6532.083999	132
81768	99	7359.650723	142
81738	89	4674.19461	90
81759	201	6894.393427	123
81691	147	7088.10149	119
81717	91	5702.193619	111
81752	265	5442.129564	111
81725	103	7200.76075	134
81745	89	5877.979493	119
81719	55	13596.33572	183
81771	224	6206.590027	129
81757	223	7156.76055	135
81714	57	5984.907697	115
81698	95	5616.029147	106
81712	64	4570.81092	71
81712	77	7675.436705	110
81697	175	5756.120742	111
81741	10	8229.653662	139
81710	4	1149.637467	22
81706	189	2681.043787	58
81693	184	7095.491201	125
81750	261	4628.141336	81
81697	104	6487.861746	96
81764	71	4064.410191	94
81771	200	7185.747221	146
81750	222	5076.411258	120
81718	108	6797.185086	121
81726	230	6622.320384	119
81749	30	4143.738398	75
81687	73	5020.834268	93
81750	229	5744.102153	124
81708	118	4098.028724	91
81775	196	6977.924795	140
81702	48	5127.359488	101
81694	20	3239.880685	55
81704	257	42.04863124	2
81716	48	5868.99417	115
81698	254	7660.549305	125
81765	6	10377.81166	175
81672	249	11.02408425	1
81752	269	6093.527462	123
81706	188	2683.39506	66
81764	197	6511.563594	139
81751	25	5259.068763	109
81727	206	5324.58071	106
81739	145	4774.357484	114
81702	133	5463.580715	97
81704	96	12.68479695	1
81741	137	7379.167508	132
81737	80	6284.946628	128
81727	182	3068.347451	58
81757	61	7143.375685	125
81723	150	6544.547733	128
81731	201	6433.024594	119
81727	11	3055.535745	52
81716	84	6697.534674	121
81753	16	5818.375719	125
81694	127	3578.623208	68
81742	55	10824.32943	162
81763	148	6247.470788	136
81732	265	5369.377839	109
81731	12	8652.323437	125
81662	239	23.58723422	1
81706	103	4286.861238	69
81695	127	4529.094918	87
81774	270	5499.748066	114
81714	210	7687.787484	126
81686	19	2644.03636	69
81716	243	5499.21739	103
81729	33	10.40401778	1
81735	217	535.4374495	12
81696	79	6117.066582	109
81711	149	6820.615812	130
81736	43	5491.39678	107
81697	60	6980.316275	125
81772	57	8242.612514	161
81727	48	2814.859415	54
81720	157	5144.463371	113
81754	199	6488.904365	124
81696	260	6375.783864	95
81771	172	7544.554301	136
81755	20	2957.520389	61
81708	167	4603.110484	100
81762	188	4752.864749	115
81737	60	7067.063996	129
81696	129	4993.652272	94
81718	104	6540.848944	107
81770	261	6792.188311	130
81754	223	7667.491745	129
81730	144	6902.645779	144
81759	19	5253.343621	123
81725	177	6927.1419	136
81759	124	6251.340445	127
81721	133	5241.404575	92
81709	20	1819.189557	33
81739	76	6169.165138	101
81706	270	2430.891097	52
81739	39	4428.771621	100
81753	250	6403.580279	128
81725	163	5608.648251	113
81722	5	7407.252988	144
81767	228	6171.646666	131
81720	66	5476.862036	100
81752	199	9041.084838	163
81713	232	8114.416224	131
81740	203	6555.936026	143
81696	58	7191.818183	105
81706	260	5309.992515	72
81720	258	5544.074514	111
81692	194	6297.062369	120
81760	68	12121.1342	460
81743	133	6388.244637	121
81726	31	7670.003034	140
81753	153	7488.103626	146
81691	33	9096.687779	141
81752	159	8504.716517	186
81749	47	3679.730883	85
81753	229	6385.947874	136
81735	241	1308.744692	23
81716	249	7106.644628	128
81709	239	2471.267902	39
81695	200	3350.664691	64
81734	138	6022.457045	111
81745	95	7667.315212	130
81671	33	133.8555153	1
81754	190	6531.268557	122
81773	244	5516.627535	118
81755	196	3891.677207	81
81686	69	5979.890275	91
81737	165	9138.366375	172
81714	20	6292.79086	117
81756	103	6740.89748	130
81685	57	655.6232566	14
81716	204	6126.609676	119
81764	150	6741.59893	147
81693	29	6561.731355	112
81702	238	3618.567012	75
81685	7	520.8076299	11
81760	82	9750.841277	168
81758	184	5466.571131	114
81745	79	5383.695179	106
81674	85	18.22587492	1
81731	122	5243.112271	101
81771	8	9137.107478	143
81763	125	4700.544355	101
81695	93	5377.415109	81
81713	50	5878.527048	115
81734	160	5133.850708	119
81725	159	9372.311584	164
81764	246	9213.72049	152
81753	199	8025.367015	142
81726	74	6718.219957	115
81665	193	10.50348643	1
81698	82	7799.934145	131
81710	94	1741.673277	25
81759	180	6636.149889	139
81770	154	6863.504792	164
81768	55	13671.52257	178
81732	72	6034.053529	108
81767	174	4746.111163	119
81771	65	7928.291369	147
81732	63	5317.010464	118
81758	90	6163.206248	119
81696	3	7486.434273	126
81706	137	4708.765137	81
81697	13	9072.968521	127
81719	59	6735.354215	116
81698	233	9294.650689	138
81766	226	5925.976584	129
81773	140	6234.313944	109
81746	128	5306.394956	103
81721	207	6733.020306	128
81722	54	5986.820386	112
81737	271	4157.974723	80
81769	271	5777.988466	108
81762	12	9393.832638	159
81724	96	7827.993598	125
81685	229	569.1152995	11
81733	147	7116.860035	148
81728	197	10.16375728	1
81770	81	7400.357247	138
81702	251	3451.170655	84
81752	195	5572.064212	131
81740	77	7535.320628	121
81672	179	202.052935	2
81741	52	5981.026655	121
81716	253	4737.022866	94
81687	29	6245.475887	109
81747	45	5818.526399	89
81739	208	3601.274453	82
81704	108	59.71803331	3
81721	148	6107.913455	128
81687	158	3878.10632	92
81760	71	5377.155052	128
81701	137	187.8409665	4
81764	241	4665.00665	99
81675	134	10.10452866	1
81750	226	5799.468906	120
81706	69	6088.130233	79
81766	169	6754.033883	123
81771	61	9708.958209	168
81719	107	6498.53526	113
81699	85	3381.089635	51
81764	210	7694.45384	133
81749	126	3371.433134	73
81739	213	4569.034527	88
81744	9	7037.45505	133
81724	113	5036.9678	94
81767	200	7580.988551	155
81766	270	6532.215963	131
81734	35	7844.796815	140
81718	186	5880.995819	100
81756	269	5558.107021	116
81762	37	8914.175369	151
81751	235	5383.016868	119
81716	248	6743.280828	131
81708	182	5304.974457	103
81724	257	5343.231563	100
81760	88	10365.64101	155
81757	104	6745.957744	114
81762	181	6701.200764	135
81686	257	3447.345349	65
81734	96	7719.986254	138
81719	91	6385.196382	121
81739	191	4254.756645	91
81749	42	3027.684029	71
81760	149	6772.398637	148
81763	10	8040.826805	144
81764	52	6621.030028	137
81731	191	5392.988873	123
81683	198	48.27279921	1
81764	0	10033.48189	131
81761	112	5605.654991	100
81764	143	7034.884758	147
81771	259	6814.314835	135
81764	78	6909.572502	116
81739	108	4622.080766	90
81764	123	11769.82343	166
81754	168	6028.85916	127
81720	76	5023.375362	94
81746	183	5888.536149	128
81696	268	5517.516175	102
81697	128	4214.67931	95
81766	143	6776.871261	155
81702	114	6498.438774	104
81718	266	7382.382963	122
81721	1	8964.915945	142
81692	51	7885.085025	134
81735	204	602.4981395	17
81751	91	5098.017068	108
81714	110	8911.714301	113
81732	173	6740.229926	132
81767	70	5723.939776	117
81753	35	7330.321416	139
81723	147	7087.923295	129
81691	89	6032.141408	109
81749	206	6419.660569	123
81741	57	6003.416722	121
81690	51	7839.032913	130
81727	121	3495.308352	49
81698	18	6858.805429	121
81761	29	6810.286664	123
81743	18	6415.224062	129
81753	22	5712.475911	128
81740	160	5961.379131	123
81720	178	5883.706972	101
81754	193	12594.41999	186
81741	134	6486.569171	109
81756	128	5815.723497	117
81731	25	6734.246506	130
81751	68	8456.64269	311
81726	227	7412.295215	138
81686	16	3736.03866	80
81737	72	6088.593625	125
81733	84	5613.134406	105
81752	216	7982.909967	152
81762	164	6369.132025	132
81690	101	9525.713458	138
81717	81	6763.905697	124
81711	139	5056.048022	87
81746	141	8277.767716	149
81744	235	5610.513924	111
81768	87	7916.447513	139
81739	186	6112.704368	107
81709	237	1654.880888	30
81697	3	7812.186936	132
81757	86	8659.803699	140
81736	153	6508.508139	132
81760	124	5257.028281	110
81702	269	4408.884601	95
81703	151	14.59657363	1
81757	137	9426.229538	148
81669	193	52.61766989	4
81716	129	5669.144876	101
81690	109	7073.320856	108
81710	146	1267.367744	28
81770	202	6598.774881	122
81741	245	4735.736238	99
81766	92	4403.75475	99
81732	143	6067.998257	142
81762	162	7716.054326	133
81683	260	10.01625616	1
81713	201	5415.039613	103
81706	202	2961.894778	56
81723	34	6805.568164	118
81771	45	9775.753957	157
81769	235	6188.690145	124
81685	26	877.3277083	16
81707	214	4043.497738	81
81755	179	7103.210138	122
81733	225	6209.950326	131
81773	103	6078.8781	122
81706	22	3225.347473	61
81697	57	6529.455608	121
81762	65	7821.709718	143
81685	1	898.7085358	21
81743	218	4352.817909	90
81692	125	3041.958192	74
81687	186	4104.339586	80
81735	71	1069.903709	25
81744	129	5707.591018	122
81696	178	4960.328904	101
81699	147	3659.662682	63
81735	18	1747.342002	28
81746	133	6443.698718	123
81744	201	7488.064074	151
81726	54	7294.103331	142
81718	84	6661.720803	130
81711	125	4723.646407	94
81745	78	5801.804128	115
81699	50	3410.288178	59
81749	139	2705.795351	48
81774	153	8445.014034	152
81702	137	7319.240172	127
81719	63	7175.687726	127
81764	227	6430.063719	122
81704	52	42.71714841	1
81716	62	7632.96151	147
81715	16	6030.583065	122
81755	72	3756.650449	70
81714	64	7523.227337	127
81734	233	11508.85925	151
81718	95	6333.266411	108
81772	206	13322.15354	207
81771	69	8983.858238	160
81685	252	677.0112223	11
81699	89	2543.75743	41
81756	235	5593.682638	123
81755	165	5479.253891	104
81750	179	10772.75207	187
81745	225	5492.788939	113
81757	265	5484.952312	125
81741	74	7125.92559	129
81720	174	5240.739359	110
81768	160	5703.57312	130
81757	94	6582.159215	124
81726	205	6061.021084	126
81769	161	8004.88961	171
81774	131	8166.888761	143
81706	112	3446.338111	64
81693	126	6860.80074	126
81713	237	4912.217429	99
81732	25	6429.16504	122
81689	131	4419.764296	76
81712	76	5701.623939	103
81710	139	1391.742277	29
81691	82	7471.68171	119
81749	211	3018.103673	66
81770	122	7247.775843	126
81762	107	7227.165816	136
81690	6	8398.628059	147
81742	69	10268.46137	146
81708	21	6036.641518	121
81731	202	4443.952418	96
81732	241	4792.055188	90
81696	93	7001.57737	112
81722	66	4637.875353	92
81685	141	927.3400775	17
81702	132	4177.096961	83
81741	196	7214.990884	126
81751	218	4230.4141	88
81728	48	10.39315605	1
81742	9	5696.839247	114
81718	10	7652.427559	120
81705	74	61.6296001	2
81749	201	3184.110353	74
81693	67	5458.749451	111
81690	94	5448.339645	94
81718	4	8413.214288	135
81757	143	6654.868651	154
81733	15	6714.977971	132
81731	208	5317.082382	105
81692	199	6332.963116	117
81702	204	6912.502038	120
81695	54	5642.856144	86
81733	93	9529.366283	142
81771	166	8577.154	172
81733	45	9491.962838	158
81719	86	8619.46861	133
81662	162	44.08581395	1
81728	91	28.35753707	1
81743	65	7479.677246	146
81710	248	1172.91166	23
81715	261	6215.534009	99
81768	215	6387.416475	126
81744	111	6344.807909	117
81744	170	7086.905038	143
81688	140	6592.180265	108
81695	238	3478.863922	69
81749	77	4747.966838	83
81692	1	8628.405666	142
81743	224	7204.237603	139
81739	50	4495.118567	90
81691	264	6498.237347	120
81752	152	8255.61607	171
81695	20	3166.16097	64
81715	95	6289.912131	105
81699	196	2570.234136	48
81733	85	6703.612381	124
81770	263	6741.225897	122
81674	75	10.68709611	1
81729	199	11.48430672	1
81759	85	6972.263389	123
81734	71	5595.848299	103
81724	46	7323.092385	127
81723	192	6570.264103	123
81722	87	6901.270305	121
81739	187	4587.667545	117
81712	21	3957.172932	79
81726	167	7286.168018	150
81724	220	5133.617484	97
81691	64	8527.950915	145
81719	146	6437.66851	130
81676	218	10.93709426	1
81759	196	6372.678882	124
81718	215	5099.403481	100
81742	110	10372.12019	139
81711	177	7633.213349	144
81771	41	9824.184773	157
81757	222	5232.417278	122
81741	267	6042.179697	121
81741	48	6286.505532	136
81708	179	11488.80013	158
81721	159	7837.889328	154
81685	196	312.3798127	7
81702	16	4571.131695	96
81726	216	6307.950432	109
81725	7	5531.004677	118
81714	23	8714.398887	134
81753	262	5495.381839	120
81761	217	5932.282771	111
81707	82	6390.64202	104
81707	174	2921.647747	70
81676	260	13.34592324	1
81757	18	8248.797482	144
81775	131	6983.901569	110
81717	89	6257.991738	119
81712	69	5623.108917	81
81760	141	11061.47208	200
81686	268	2718.49157	65
81746	262	4665.17484	99
81693	91	8847.910343	349
81692	168	5934.89237	126
81752	115	7162.42435	139
81688	178	6756.612057	129
81692	75	8103.311065	123
81727	159	2496.613006	49
81681	64	22.98026963	1
81696	175	5176.306814	104
81759	144	7414.672474	159
81709	185	2137.479526	39
81671	181	124.7277571	1
81710	46	2444.703525	37
81696	153	5641.873423	102
81726	220	6474.727965	124
81759	35	6439.428772	120
81767	237	5122.330451	109
81705	208	132.373505	3
81710	207	1561.496329	35
81726	113	6549.977236	115
81765	42	8062.574885	159
81756	245	5783.68216	112
81754	30	7777.838999	143
81752	97	12013.41259	174
81747	135	4057.083777	76
81731	27	9627.088764	152
81767	134	6144.169348	122
81774	86	6481.501658	114
81686	22	4490.069249	83
81743	268	4781.278133	93
81697	187	4919.557585	103
81730	234	4610.246678	94
81697	85	7649.032826	133
81741	191	5172.104204	122
81698	176	7578.706212	150
81762	139	3426.151632	73
81711	87	7778.996192	131
81694	265	2362.67965	47
81699	234	2376.090306	47
81686	217	3750.222038	69
81699	111	2527.397905	51
81752	174	5193.183135	120
81771	202	5945.256976	130
81701	192	122.1261935	3
81738	109	7570.107074	120
81775	266	9010.754758	167
81766	47	5748.640908	126
81712	268	3707.004126	67
81763	216	6420.405166	123
81728	16	16.42694986	1
81708	115	4022.41263	77
81730	226	5742.034431	115
81737	101	9355.984008	144
81758	149	6082.324766	157
81744	70	6320.876034	129
81761	119	5763.553743	107
81728	55	26.30603387	2
81703	220	11.42136511	1
81745	67	5558.390568	122
81696	69	6712.60688	111
81714	56	6733.675817	123
81733	141	8035.965361	164
81754	201	6916.200577	128
81719	16	7475.889959	132
81692	151	7746.132858	153
81722	204	5534.958463	121
81749	66	2820.958555	60
81723	159	6447.732428	135
81686	157	3675.330514	79
81689	77	8422.825575	117
81746	223	7427.882745	144
81722	77	7886.962216	122
81663	104	14.31337758	1
81720	207	4201.147893	96
81747	153	4790.994605	88
81733	233	9947.977701	149
81671	10	100.1753026	1
81695	225	5218.473367	96
81772	83	9091.368458	157
81688	199	7286.085665	120
81771	209	6826.671345	126
81723	156	6085.499219	126
81766	40	7537.26233	122
81709	116	1538.243183	30
81763	99	7687.83181	132
81699	269	2378.896155	44
81702	253	3977.252065	96
81734	217	5616.707217	115
81756	197	5909.216384	122
81713	7	4845.50126	99
81758	255	4679.50187	107
81702	7	5115.434154	109
81693	240	7014.101022	126
81755	159	3877.553327	86
81768	54	6682.137173	119
81724	165	8333.967464	144
81750	219	5814.206933	109
81736	50	4992.689855	103
81774	91	6718.885887	130
81707	209	5171.04771	92
81732	118	3671.776626	81
81775	170	6163.083097	137
81697	209	5649.92292	101
81766	52	5387.069986	119
81757	257	6132.146138	138
81759	150	5175.405398	114
81766	239	5082.470733	103
81759	265	6968.681529	142
81724	127	8122.476961	134
81711	198	6400.472436	120
81729	112	96.74285266	1
81715	176	7571.726036	140
81734	61	6377.139168	121
81766	228	4827.932896	116
81725	9	7121.277901	143
81702	9	5759.40661	111
81719	101	9408.671801	141
81759	43	7121.514096	125
81704	249	10.20720832	1
81671	188	52.22742663	1
81771	101	9223.992591	141
81758	61	6506.706641	123
81769	236	5713.000491	99
81744	232	6141.633545	120
81695	217	4029.42371	78
81724	157	7000.443639	138
81729	53	48.67254171	1
81669	55	22.63739747	2
81724	217	5478.645309	112
81727	85	2781.437984	53
81714	144	6801.334254	134
81733	216	7285.224181	119
81685	2	536.2595093	11
81734	220	5720.988551	115
81715	51	5609.530403	103
81722	203	5292.365719	97
81764	155	7154.783575	148
81736	245	5315.90942	103
81741	96	7601.174361	127
81734	104	7087.478494	123
81736	240	6010.777998	110
81699	127	2345.290262	44
81721	107	7412.663343	118
81724	209	4273.352557	87
81706	53	4882.011501	81
81771	188	4703.734706	122
81722	189	4122.718556	94
81694	240	3137.068249	59
81737	128	8136.751241	143
81733	92	5566.979091	114
81757	178	7947.000433	162
81721	135	5739.66083	98
81755	191	2651.831421	57
81710	63	1521.962014	24
81687	64	5069.016401	95
81719	130	5240.783367	98
81726	267	5847.981803	111
81718	11	8052.43822	131
81723	126	5693.704787	113
81765	128	4468.304726	100
81711	61	8095.890373	132
81753	164	6989.221732	139
81753	159	6534.397745	138
81735	225	1183.845371	27
81724	97	13215.79396	161
81747	186	4487.113847	88
81702	140	6688.937251	101
81769	44	8380.670144	157
81720	59	5781.348188	105
81756	44	7393.325163	139
81768	152	8115.299331	161
81735	130	1238.486316	20
81750	196	6679.370644	129
81747	7	4111.146461	81
81724	203	6860.632048	111
81743	130	5469.751608	111
81710	6	2054.585469	29
81732	140	6854.727331	126
81750	146	5779.287661	131
81699	116	3182.021021	49
81712	86	4898.541552	73
81732	187	4096.764605	97
81771	72	7843.447843	143
81730	16	5675.786975	109
81735	138	1720.372254	31
81757	127	8504.163835	156
81763	267	5387.708816	104
81689	68	7110.463488	113
81768	23	7915.301186	147
81690	249	4965.466392	96
81774	93	7450.135036	122
81696	102	4464.120786	80
81691	241	5607.873915	106
81690	184	6515.114004	117
81732	199	7306.376419	147
81698	129	4866.835267	88
81752	25	8249.548528	134
81721	201	4844.933297	110
81770	63	7569.645166	142
81730	36	4921.937847	91
81769	181	6584.662636	139
81760	269	5990.85511	140
81674	135	12.61593592	1
81715	125	2396.285597	65
81743	175	5672.778707	127
81774	68	9432.356509	301
81737	191	4903.878605	109
81768	129	6824.420962	145
81709	58	2624.313274	45
81732	109	7178.22009	122
81725	23	9050.416983	152
81737	106	7499.373297	132
81732	184	7124.135864	127
81757	196	6418.74197	131
81698	133	7232.960967	115
81773	151	7079.329584	148
81676	185	12.00702518	1
81740	252	6102.965666	107
81737	1	9424.640297	147
81716	137	7306.106469	122
81711	184	5372.333018	103
81770	107	8316.069483	150
81768	245	6436.251098	133
81765	113	7365.422011	137
81697	198	5945.86075	116
81713	268	4345.25677	81
81689	239	3772.039816	80
81693	36	8085.00831	131
81741	115	5678.425765	113
81685	169	877.0726791	13
81768	56	7674.769047	145
81686	247	4173.727857	74
81722	107	7359.071222	114
81713	26	6940.995534	130
81773	236	5375.446893	104
81697	227	5419.233408	111
81762	111	6863.066372	125
81665	170	36.68635001	1
81745	222	4821.542389	115
81725	209	6544.175523	122
81737	39	6262.304798	131
81723	200	8537.285524	155
81765	21	6536.664601	130
81733	82	6710.224275	120
81723	123	9321.486228	152
81759	113	5963.742657	108
81711	92	4755.270669	100
81709	157	1354.654572	29
81705	49	50.69897296	1
81711	218	6768.54111	121
81771	66	6334.121848	132
81775	187	5712.998136	125
81741	271	4258.253233	74
81723	265	6017.713629	119
81683	81	65.71164794	2
81695	197	4255.951112	80
81698	7	6177.55147	132
81733	143	8226.743433	168
81755	138	2934.366996	67
81734	8	10805.07087	169
81699	173	2915.180346	44
81768	162	7394.558248	151
81768	229	6539.958607	137
81695	154	5363.396056	116
81768	25	7138.014903	139
81773	195	5229.9479	121
81772	102	5717.034271	124
81686	85	4174.708031	75
81741	152	5988.325151	135
81752	224	6049.912706	127
81711	187	4644.105459	92
81732	79	6914.839811	130
81772	242	5117.016004	111
81771	54	7707.653791	134
81721	32	7138.388637	132
81733	60	6743.101479	130
81712	219	3985.623755	77
81713	36	8132.734283	132
81772	243	6539.799465	124
81718	211	4490.360387	111
81757	113	5227.777366	112
81699	137	2883.72934	44
81744	268	4950.148423	95
81774	130	7903.96893	148
81703	193	125.0188648	11
81697	257	5976.738509	116
81758	20	5419.920227	112
81716	205	6098.350859	108
81715	67	5907.053928	110
81749	54	3971.858596	67
81743	161	6597.118775	147
81758	106	6306.54276	132
81753	56	8633.680999	160
81715	173	5529.441339	106
81732	57	5095.901246	107
81664	5	10.29551899	1
81732	261	4861.107886	93
81687	69	6694.839269	95
81707	9	4509.247445	91
81765	206	14255.59567	223
81721	194	5699.054815	110
81734	120	7015.414127	115
81760	175	6597.467954	145
81707	46	6887.066955	119
81697	173	6782.62448	121
81747	189	3728.346045	89
81763	262	6122.533794	121
81760	11	11257.20317	177
81756	232	6642.946259	112
81687	271	3638.315266	65
81766	264	5996.87095	110
81719	253	6200.217692	107
81752	236	6309.834508	114
81757	11	10329.28444	154
81770	11	9825.7687	166
81721	19	5262.458812	97
81756	248	5342.356351	117
81693	193	13158.61677	176
81702	40	5712.19029	99
81747	78	3774.840619	76
81722	55	12743.14861	155
81690	122	5245.115175	103
81736	28	6911.142984	119
81730	246	8960.801307	144
81704	233	32.12628828	3
81691	199	6936.297641	115
81775	60	5537.574326	122
81742	116	6191.192137	106
81759	37	7423.340123	131
81719	179	12245.53784	184
81746	211	4601.375874	91
81766	32	7702.19889	144
81736	19	3927.384025	91
81750	235	6327.179683	131
81735	41	1888.244496	28
81716	118	4295.198522	90
81746	61	7726.799028	131
81761	43	6365.185768	133
81712	209	5407.790328	89
81738	218	4863.748683	98
81763	22	6589.276835	116
81740	171	6809.67706	129
81710	133	1822.849678	28
81699	150	2676.416197	59
81710	253	1106.558364	24
81765	234	5421.460593	114
81768	168	6164.620624	137
81769	188	4773.471253	117
81706	110	5513.051076	78
81755	148	3906.889472	82
81758	54	6114.298271	126
81717	157	5655.382459	128
81747	111	4979.28845	93
81706	232	2773.598899	48
81746	50	6267.545013	133
81711	246	8189.658385	132
81759	25	7938.367975	147
81764	225	6550.041195	129
81716	18	6951.982486	118
81717	16	5995.157797	105
81760	238	8244.535477	145
81695	149	6408.026122	118
81737	167	8073.961678	152
81768	18	8365.191609	145
81761	223	6757.978121	128
81725	54	7506.686042	126
81738	160	5387.223645	131
81758	109	7144.394985	144
81737	249	7906.364917	152
81767	217	7137.758108	136
81715	154	4957.733066	103
81756	39	7556.347964	142
81696	88	6306.503559	97
81688	219	4953.104309	90
81768	59	7358.749673	137
81696	45	7665.194939	116
81758	215	5427.88828	116
81771	196	6739.544028	128
81732	262	4931.881245	107
81714	246	7428.568276	125
81693	214	7743.305496	126
81727	55	4767.979079	61
81734	232	7191.017442	125
81762	59	8804.914761	144
81726	131	6090.392197	110
81722	85	9005.476589	135
81756	162	7147.156681	148
81754	126	4746.029153	108
81760	19	6036.868165	140
81723	102	5487.321886	106
81731	157	5859.492252	134
81720	45	9019.139583	132
81736	181	6791.825068	129
81696	59	3891.533826	70
81745	191	4908.200862	117
81716	111	5902.25807	107
81718	235	6307.848477	114
81723	22	7316.248913	124
81755	255	2193.423771	43
81735	221	1745.654348	31
81751	96	5586.943947	106
81768	250	6647.510317	132
81750	24	6426.883961	132
81713	197	5344.56318	111
81697	265	4633.834011	92
81772	215	6805.042765	137
81761	229	5623.526073	111
81715	9	5770.7072	116
81715	46	7986.225906	126
81752	214	7805.635704	144
81710	185	1810.683441	31
81729	263	17.87241241	1
81766	204	7967.521364	154
81671	134	16.57878054	1
81753	254	7535.134913	131
81729	129	18.7575123	1
81742	111	5271.234371	102
81735	174	1062.566015	24
81771	189	5524.207561	125
81727	201	2749.175262	48
81694	204	4331.910934	75
81766	17	8170.468114	141
81708	235	4411.654957	97
81749	187	2685.429258	72
81758	162	7847.548287	161
81702	44	6162.44021	119
81713	102	4175.91666	89
81685	110	1126.15031	16
81767	140	6955.960367	115
81743	39	7020.767277	142
81743	103	6467.323255	114
81709	152	2284.418187	39
81741	4	8314.455912	145
81724	123	6114.943667	102
81752	139	4828.114303	88
81711	178	8036.198195	139
81754	115	6168.405561	116
81774	237	5998.137746	122
81696	37	6963.002518	108
81699	76	3365.502843	56
81737	78	7560.116519	128
81703	128	52.20479535	3
81772	195	5984.51303	130
81711	62	7564.640622	137
81756	271	5478.648553	98
81711	240	5352.661656	99
81715	262	5480.645976	105
81712	237	3404.176176	70
81726	185	6414.978079	120
81759	226	5372.002857	118
81751	9	4882.029737	109
81686	46	5783.171859	86
81732	27	10731.30857	163
81762	144	6809.3431	144
81708	240	4717.205704	94
81740	33	7492.986673	123
81736	218	5186.061666	107
81692	263	5110.247724	100
81761	110	11847.08717	158
81747	241	3647.538274	73
81722	191	5041.085114	102
81724	195	5055.389164	108
81705	41	178.8103273	3
81760	84	6969.713551	135
81731	205	6331.652662	131
81693	118	5164.136305	106
81764	199	7152.246117	133
81702	168	4776.220257	104
81730	95	6198.428616	107
81727	124	2519.864787	48
81740	48	7246.132613	152
81725	56	7330.432182	121
81698	232	5889.311885	100
81760	263	5813.167085	124
81689	125	3800.972496	80
81729	92	14.18024387	1
81745	103	6099.189459	112
81756	262	5347.62376	105
81755	252	3855.018719	74
81759	81	7635.075442	145
81744	139	4152.827832	79
81716	183	5976.805766	119
81767	48	7248.724929	153
81696	214	5963.165468	91
81679	12	18.52167713	1
81767	155	6522.250129	135
81765	118	4692.146853	112
81742	199	6943.079642	127
81753	167	6917.795879	136
81772	188	4477.219888	112
81727	162	3635.487306	59
81710	166	1597.354879	31
81736	66	4985.027206	102
81759	27	11076.37539	176
81719	221	6903.570509	135
81757	78	7432.716542	138
81767	88	9190.766303	141
81691	45	7407.915348	112
81725	87	8217.841838	132
81747	98	2765.580155	59
81707	118	3091.53724	71
81691	130	5945.547622	113
81769	243	6200.018672	122
81734	38	5626.474286	115
81721	105	4530.689275	93
81755	62	3200.299139	66
81705	161	70.99425426	2
81695	140	5370.799106	86
81766	41	8651.121371	130
81746	241	4888.503984	105
81758	176	6324.946216	127
81696	42	7564.642299	125
81732	71	3780.586459	84
81755	106	4315.454592	86
81712	242	2285.334676	54
81754	50	6579.626265	131
81732	65	7519.922621	140
81733	59	7372.394911	134
81759	84	5434.396966	117
81771	261	6395.349129	129
81693	48	6832.452747	120
81749	225	4554.772207	76
81749	213	3412.931063	72
81772	55	15475.06402	208
81739	156	6070.612791	127
81763	168	6173.23773	141
81719	196	7760.785443	132
81697	138	5565.985172	104
81743	83	9524.62373	141
81765	233	12082.23924	175
81691	18	8651.551817	135
81765	46	10755.07198	167
81745	123	8320.922229	138
81694	151	4156.8351	75
81694	248	3302.156539	58
81744	81	5924.77612	113
81740	271	4989.774493	92
81760	212	8107.36231	158
81752	81	6905.636702	131
81707	66	3523.53755	77
81699	185	2665.586664	48
81749	173	2930.479894	62
81669	121	15.27631227	1
81691	100	4813.675347	96
81746	1	8322.689348	134
81749	69	4208.519274	61
81702	223	4655.641506	97
81715	40	6229.382455	112
81698	177	7051.91746	116
81697	263	5396.946144	102
81688	102	5152.945176	114
81703	213	19.91521647	1
81733	263	6295.444806	126
81716	63	7353.747126	133
81719	12	9649.327261	139
81759	197	6042.260227	132
81724	189	5825.057773	126
81749	6	3835.757928	76
81750	164	7199.804177	153
81724	128	6857.923911	126
81755	202	2844.559661	53
81702	250	4281.339221	90
81711	227	7110.122719	124
81725	26	9193.12641	144
81740	40	7640.522119	130
81718	224	5513.874279	107
81719	155	6186.238624	121
81698	114	6749.95557	112
81765	12	8400.07912	142
81731	268	4704.986667	102
81760	186	7068.278188	147
81709	72	2039.295047	35
81751	231	4789.44187	94
81727	58	2731.205401	47
81758	81	6806.558706	138
81708	195	5453.567837	111
81694	131	3463.415676	53
81669	135	19.47548851	1
81721	20	6636.496152	116
81766	123	11449.37359	168
81768	10	8210.370498	149
81712	82	4485.895212	79
81707	160	5496.723519	106
81707	228	4226.44823	81
81686	265	3925.695792	86
81686	259	3855.90223	70
81773	245	5927.073449	123
81722	176	6642.701684	123
81739	121	4540.480638	85
81711	136	7132.135216	126
81734	271	4389.976578	78
81712	118	2926.609135	65
81731	166	6809.298012	137
81696	134	5944.167912	98
81696	14	4921.183698	86
81694	47	3520.369258	59
81734	185	5791.266568	122
81736	100	5476.385459	100
81715	61	6233.914746	118
81696	267	5486.822691	98
81713	251	4309.755336	91
81757	9	6774.053026	143
81731	67	5423.264138	109
81730	230	6153.529887	113
81698	92	6679.904045	126
81771	85	7961.549602	127
81690	88	8246.036039	133
81723	14	8513.915001	140
81739	173	5094.089058	106
81755	12	5979.392251	100
81720	12	7066.42008	112
81696	75	5204.930772	79
81685	226	376.7233657	12
81725	219	7476.823446	127
81738	257	4189.19142	93
81716	103	7364.082854	132
81740	190	6471.560101	123
81721	166	6716.036736	118
81740	242	4641.638104	98
81721	108	7047.144139	116
81702	143	6475.465507	131
81716	36	5752.039188	110
81702	263	5060.480233	102
81706	60	3531.614493	72
81709	200	1876.109064	38
81711	71	6255.07339	121
81696	44	5740.929169	98
81692	171	6622.578404	131
81703	105	11.89166335	1
81713	166	6665.520681	136
81710	75	2478.604763	35
81698	76	7613.902363	123
81743	122	5392.941699	115
81689	186	5293.815018	88
81763	74	6240.060954	130
81774	32	6828.564452	140
81751	147	6128.909803	137
81709	225	1949.277024	37
81725	82	6471.545779	121
81695	27	8640.055151	124
81730	151	6863.562953	122
81757	168	6494.894153	152
81751	41	7354.59991	111
81717	180	5851.981173	124
81731	121	6189.553484	103
81691	77	9092.765423	124
81740	237	5073.818345	101
81706	195	2976.748282	64
81741	230	7097.220426	126
81764	216	5633.027663	113
81719	148	6339.028395	126
81744	6	9153.743618	155
81720	40	6254.673193	112
81767	159	6598.776293	143
81750	27	12256.59282	183
81765	30	8316.252719	144
81714	257	5891.905108	114
81740	11	11253.16178	166
81721	83	10897.24295	145
81756	100	6707.663094	130
81771	217	5943.325486	113
81714	103	7188.128079	108
81738	16	5775.93912	119
81730	131	5403.06901	91
81736	47	6483.30503	109
81696	6	6227.416132	97
81717	57	6549.196795	123
81715	32	7729.22595	144
81717	37	7812.319901	119
81662	16	17.36278472	1
81706	86	3001.973323	54
81716	266	6929.777664	129
81727	75	3841.775415	55
81721	226	5845.029283	102
81719	262	4958.750181	103
81712	40	5050.234503	74
81736	152	7210.000299	129
81763	150	5988.674907	127
81769	103	9353.781726	164
81665	102	15.80053826	1
81767	165	7577.948431	131
81706	29	4055.832479	62
81749	208	3595.730973	79
81761	196	5413.232122	102
81741	47	6132.418966	113
81773	76	7356.712849	125
81695	219	4578.485142	89
81713	113	5553.221866	104
81736	148	6197.238008	137
81717	239	5643.65815	108
81768	114	7742.65974	134
81734	175	5377.936508	117
81725	185	6589.063409	134
81756	270	5612.494216	110
81749	235	3941.11688	80
81725	62	6557.72863	123
81697	45	7677.626779	105
81727	97	5428.851276	64
81736	158	5443.161825	129
81756	216	6636.882439	124
81730	206	11773.58935	172
81746	115	5482.096957	112
81735	34	1637.887165	32
81740	133	5707.375443	116
81766	205	5271.423456	123
81721	112	6272.107942	113
81749	146	3111.830212	74
81761	108	6432.582108	125
81750	271	4865.833585	93
81774	172	7850.408835	144
81744	7	5632.209145	130
81761	63	5860.133043	113
81691	230	6225.322794	109
81730	69	8273.63274	129
81726	85	7535.262005	132
81664	55	10.79153207	1
81769	204	8043.048164	164
81725	132	5573.842417	102
81727	113	2904.015517	48
81734	110	10150.57383	139
81715	157	6636.46519	131
81754	139	4589.149231	82
81741	150	6110.272774	129
81750	198	6365.754333	124
81705	128	102.1008519	2
81734	215	5976.118635	107
81666	131	28.21512847	1
81744	236	5530.476683	108
81756	134	7322.072202	127
81744	243	6830.122236	126
81731	36	5428.576291	113
81686	216	2938.478044	55
81736	234	3986.375276	87
81696	173	5068.174757	91
81727	165	4221.602745	72
81686	199	6411.943895	106
81721	103	6055.736798	115
81689	207	4087.185042	88
81743	91	6166.483542	112
81699	4	4074.621641	58
81692	230	6333.810818	113
81699	68	2829.702767	51
81752	113	5973.851681	112
81702	167	6209.266495	111
81697	150	5652.668503	106
81724	263	6258.507907	119
81722	196	5925.036409	119
81738	249	5381.850914	108
81720	26	6143.755943	113
81705	52	17.96905834	1
81769	242	4778.161168	114
81688	211	4500.741594	105
81762	206	13810.298	231
81744	34	6828.36002	126
81749	75	4677.082034	78
81750	21	7138.27432	140
81727	73	3623.495034	65
81752	48	7841.254306	149
81708	61	5908.596323	102
81694	155	3117.401601	61
81695	16	4078.314551	77
81726	244	6390.597367	116
81731	118	5515.700954	116
81749	114	4469.565141	76
81744	215	4906.081019	99
81699	201	3414.523407	58
81708	137	6818.795729	115
81687	156	5389.800852	100
81761	114	6671.077484	111
81720	128	5423.122808	103
81664	243	24.07621575	1
81718	68	6868.166605	118
81738	189	6649.565049	135
81696	151	6601.044194	116
81732	130	5793.481391	114
81744	135	7396.196003	150
81756	198	7127.713524	141
81765	209	7726.559854	143
81697	244	5899.377956	112
81714	15	5670.688895	112
81738	28	7313.562927	134
81774	224	6196.665887	134
81737	265	5871.342855	112
81694	197	2177.233202	48
81706	129	3076.167066	71
81685	98	555.2565249	15
81770	176	9108.224508	171
81712	120	4945.356917	78
81773	224	6372.796451	134
81770	120	7672.823379	130
81732	54	7531.637185	128
81707	51	4833.396514	92
81729	62	16.46415555	1
81740	228	4378.046458	100
81718	151	7217.429616	131
81739	200	6145.6237	120
81757	17	7229.511781	130
81738	135	5504.474337	103
81696	20	4411.328742	77
81750	29	8095.813842	140
81691	191	5571.063507	114
81688	225	5105.091799	117
81692	100	5750.205077	105
81722	9	6825.207071	135
81718	53	6592.771944	120
81755	243	4040.070198	81
81708	256	4797.550093	100
81763	69	9931.307118	149
81717	52	5710.234596	121
81764	265	5902.024816	115
81757	240	5051.367007	106
81727	66	2119.843486	41
81715	77	7973.247474	128
81753	244	6181.971071	122
81697	158	5566.386695	124
81690	222	6401.96381	125
81735	235	1477.352521	32
81774	260	12245.73728	185
81731	90	4891.937919	113
81749	223	4060.749189	81
81699	99	3134.113702	51
81695	11	6657.618139	106
81734	82	6584.783268	121
81774	229	6410.001555	143
81696	229	4298.684865	89
81771	29	10019.92625	175
81771	88	10104.74411	180
81768	112	6522.587241	121
81677	93	43.96093187	1
81692	181	6145.908978	120
81772	119	8596.442811	165
81689	163	7147.932297	126
81693	271	5130.629845	83
81740	162	6506.991311	137
81747	103	4954.794309	93
81711	203	5848.778139	103
81689	201	5369.410626	86
81738	206	13101.84367	210
81734	136	6277.37764	113
81719	174	4914.574122	100
81768	74	6696.248449	138
81721	110	10399.86979	127
81757	109	6570.635446	123
81726	187	6559.910045	139
81754	186	4656.947844	100
81765	146	7161.959833	169
81690	267	5103.114232	106
81740	16	5896.221022	121
81730	0	8814.059209	115
81713	211	4766.631236	108
81755	109	4174.183511	62
81733	208	5311.010195	110
81698	70	6395.488458	123
81739	234	4861.905863	97
81704	159	27.57341414	1
81718	159	6122.113486	119
81724	210	5423.826936	101
81744	83	8554.133183	140
81772	186	6135.837326	119
81753	171	6618.750436	132
81750	59	6768.169729	131
81742	107	6273.5066	117
81685	121	1470.635525	21
81717	44	6048.335652	121
81686	41	7611.728778	102
81763	195	4876.083777	100
81739	178	5589.718599	118
81705	5	81.85473082	1
81719	98	5622.954033	103
81705	12	167.8160139	3
81763	184	5764.598722	111
81663	69	23.18025933	2
81721	17	7399.863174	138
81755	225	3391.672115	70
81768	233	10903.1908	172
81738	111	6262.104339	124
81758	89	6513.712189	123
81712	154	4601.121101	86
81771	138	5460.081583	114
81760	187	5381.757184	134
81670	205	10.57991262	1
81725	246	7565.219422	131
81713	73	6182.330811	108
81775	79	5922.189626	120
81695	226	4088.611118	73
81688	134	5894.19295	99
81738	147	7144.682475	151
81751	60	5099.388375	113
81723	210	7391.421822	122
81717	191	5293.679488	100
81736	114	5234.583233	103
81761	218	5179.665744	103
81756	193	9282.46664	145
81714	73	8259.917937	136
81688	216	4815.311886	101
81689	57	6407.12387	110
81710	262	1375.442703	28
81764	12	8516.020466	155
81749	219	4230.828169	71
81694	29	3898.995665	63
81699	162	2426.15096	41
81772	63	5494.263646	119
81691	62	6431.701025	110
81771	269	6191.833405	134
81755	46	4987.207227	81
81734	101	7178.099094	119
81696	220	4166.574589	80
81754	83	12133.49542	160
81739	24	5346.218406	97
81706	157	3179.939925	78
81740	147	7444.826207	145
81690	56	6779.532152	124
81706	168	3210.781353	76
81708	136	6419.857205	108
81739	67	4849.409048	99
81713	194	6908.873505	126
81731	96	7790.219085	136
81754	212	6652.222349	128
81771	59	8981.879361	149
81749	241	3490.463128	62
81752	124	5039.75092	103
81745	97	11239.88583	152
81708	80	6180.888699	101
81692	159	6630.014327	136
81737	85	6768.642412	124
81746	148	6209.172634	137
81686	178	4396.487895	95
81708	40	7561.959122	123
81686	111	3456.337625	66
81690	199	7542.257208	129
81709	79	2248.018984	34
81716	172	5968.843182	121
81747	66	4356.030148	90
81727	190	2588.338906	54
81686	233	6651.927493	92
81755	13	7373.490027	109
81754	160	5773.014096	131
81730	207	5251.879785	118
81714	113	5266.682036	103
81713	100	6070.483636	107
81755	31	3705.475452	70
81770	269	5499.487053	112
81772	40	7572.313194	134
81734	108	6184.156529	114
81687	259	4592.426707	85
81696	221	5578.808187	96
81691	179	10501.03917	157
81719	206	13736.87165	219
81696	182	3720.187867	74
81716	171	6603.295909	104
81674	193	10.07468781	1
81725	225	6612.616487	129
81690	68	6052.952752	118
81751	125	3362.631058	78
81767	137	8929.929426	153
81764	135	6497.608213	125
81722	7	5214.373293	114
81756	179	13309.86811	212
81695	227	4068.638981	69
81766	253	5560.124064	113
81757	197	4945.228953	110
81753	212	6085.12616	111
81752	39	7641.685767	154
81774	21	7456.69882	150
81731	190	5541.703918	113
81743	96	8442.929517	148
81734	149	6723.961592	143
81706	249	3674.300961	72
81690	220	6471.841558	123
81688	72	7230.882854	123
81724	226	6302.27636	119
81765	23	9493.43616	166
81710	143	1942.154021	37
81763	185	5217.678268	103
81754	104	5300.164764	119
81666	123	13.7308771	1
81736	172	4309.653786	91
81752	225	6779.168814	136
81770	89	7798.643471	143
81743	263	5803.781799	123
81722	188	3727.135487	91
81737	158	5708.992655	124
81689	44	6618.558011	122
81699	174	1542.54443	35
81742	105	5006.417037	103
81769	56	5026.716308	100
81701	44	145.1754523	2
81767	79	6678.408575	125
81769	219	6324.90142	121
81746	255	4134.368706	103
81708	152	6132.000013	128
81733	254	6990.623459	117
81750	259	5578.114228	125
81731	16	6605.311971	131
81772	73	8240.474351	145
81717	115	5549.679432	102
81751	49	4736.913399	106
81758	139	4307.183546	87
81768	4	9211.647425	157
81763	47	5978.116857	134
81687	124	3749.381271	74
81739	195	4241.207082	95
81739	161	5502.849338	108
81692	208	5593.788214	109
81751	24	4752.497505	94
81750	52	7532.881782	156
81727	32	2480.105556	46
81763	198	5448.538849	128
81764	94	5626.183181	113
81741	124	4882.56568	98
81687	191	4539.394576	109
81687	172	4188.619181	98
81736	94	5376.707721	99
81709	263	1982.83366	36
81726	34	8075.619333	137
81694	238	3810.410141	68
81724	258	5352.51084	116
81711	147	7038.690556	133
81726	98	4371.896733	102
81698	6	10195.04246	155
81754	58	8322.104394	132
81760	261	6396.987726	129
81718	32	6455.613502	120
81722	6	9397.090016	149
81698	161	5872.646771	110
81695	255	4413.905517	92
81766	9	6891.713179	137
81743	64	6992.114633	125
81725	53	6869.605632	123
81757	47	6762.264	135
81762	163	6954.944237	143
81749	68	5553.792038	257
81741	224	5248.798938	113
81742	71	4762.490067	98
81723	149	5744.331874	120
81749	106	3580.267184	75
81750	257	5444.091648	110
81713	53	5622.42277	101
81764	101	9592.697421	152
81766	10	9146.439395	164
81711	254	7272.202154	129
81760	225	6576.994709	144
81769	247	5254.595602	122
81710	135	1364.024526	22
81709	94	1313.522298	24
81761	265	6068.314306	117
81772	41	10235.93338	133
81737	94	7242.913435	127
81730	21	7821.541746	146
81713	72	6227.725509	115
81696	13	7990.416255	119
81725	128	5380.009958	110
81721	14	6820.891303	127
81751	149	5345.914619	127
81742	238	6344.219288	133
81747	74	3749.679973	69
81707	68	4833.158843	86
81697	88	7148.525306	124
81728	210	58.2815909	1
81729	249	40.24645747	1
81775	256	5833.384989	121
81772	225	5731.648181	119
81721	147	7651.797476	161
81692	66	5448.689168	104
81712	83	7159.798341	93
81720	7	4918.986752	90
81770	198	6623.279157	128
81718	7	5185.614926	103
81762	48	8456.655885	174
81759	36	5951.176361	118
81725	228	5206.678597	109
81730	35	5413.146238	112
81706	233	5055.671466	69
81698	167	7109.108421	123
81712	220	3947.807813	81
81702	207	5489.879884	112
81752	140	7038.359054	131
81743	270	5361.476246	106
81719	78	6685.025955	118
81744	165	7846.880672	133
81672	38	28.49498156	1
81735	117	1231.796549	19
81774	246	8360.150203	162
81763	67	5543.781772	107
81749	125	2758.29303	63
81753	141	7018.438891	140
81756	67	6964.107768	130
81774	101	9481.756373	156
81707	1	7664.334317	122
81722	178	7605.354154	144
81755	117	4163.99584	70
81695	256	5204.031219	90
81772	112	6838.562574	123
81722	118	4780.256926	102
81749	8	4234.279403	83
81696	186	5033.515665	91
81706	79	2977.997583	56
81742	61	7972.158588	155
81753	28	6866.806158	125
81705	255	16.01964797	1
81743	6	9425.405786	169
81687	112	3678.152902	74
81743	212	7367.86261	143
81693	14	6346.569988	118
81716	252	5572.86569	94
81711	77	8122.044229	131
81727	211	2510.779162	49
81771	9	6450.533264	131
81687	142	6370.403078	115
81680	266	11.72001601	1
81728	92	148.9221302	4
81774	248	7680.596301	145
81774	144	7135.908416	150
81773	233	10384.16954	161
81774	38	7191.341557	163
81736	258	4318.770295	98
81743	88	9310.243274	151
81689	175	5868.583306	108
81775	132	4685.884842	104
81749	190	2224.646491	54
81701	147	80.9052093	1
81735	218	511.9742536	12
81774	184	5505.569738	117
81713	208	5607.609823	105
81740	145	6913.638155	142
81722	264	5412.240642	102
81749	91	3334.70581	68
81693	62	6562.123922	123
81754	67	6617.147785	136
81733	10	8484.341222	137
81763	190	7544.064288	146
81735	244	834.4308461	20
81709	145	1924.658421	40
81757	54	7411.05593	149
81720	200	6849.965831	127
81702	94	5362.147709	105
81773	110	13118.07499	161
81751	52	4262.919601	95
81755	223	3027.705341	66
81769	202	5951.141905	133
81738	121	6466.85938	109
81727	90	2501.948365	38
81767	24	5650.584505	115
81741	162	5977.430635	131
81708	204	6575.512791	111
81752	261	5881.480022	111
81692	88	7792.696971	123
81725	262	5973.321951	114
81758	17	7264.581989	127
81692	189	4712.713097	92
81752	100	7499.659607	139
81774	42	7113.551194	145
81765	188	5401.039746	136
81677	106	11.76946892	1
81692	103	6064.65161	102
81695	263	3842.929389	79
81717	218	5324.508599	107
81712	165	4469.275608	84
81747	56	3838.797701	80
81756	182	6177.960836	128
81699	104	2593.29223	44
81695	108	4946.120445	90
81690	77	8358.665815	135
81690	130	5410.376784	108
81738	271	4578.856687	81
81707	3	6752.039444	117
81771	123	10472.573	149
81729	193	143.1360192	13
81712	108	5294.339226	77
81764	66	4425.742404	103
81732	124	4408.016862	85
81764	76	7631.091916	138
81733	53	7215.853235	139
81713	135	6303.703746	117
81695	148	4538.631698	101
81688	240	5088.866705	92
81742	124	5254.685963	94
81715	214	5420.079023	101
81765	19	5603.446385	121
81748	247	33.30340893	2
81706	41	5836.932948	85
81726	68	7376.541819	133
81775	47	7136.646204	138
81688	69	7319.662105	116
81706	95	3460.518245	57
81687	269	3595.791891	74
81709	137	3487.138324	45
81686	251	2861.624232	60
81760	74	7245.683509	134
81666	108	86.58033208	1
81726	83	12132.88836	175
81769	17	8715.017286	148
81687	183	4558.20991	93
81753	172	5724.854186	120
81757	12	9032.152824	157
81717	64	8058.029777	129
81736	232	6527.892571	118
81702	165	7297.035776	122
81774	182	5900.547399	135
81753	196	6861.395914	137
81757	1	10183.21985	171
81742	140	7575.894302	125
81691	20	5301.607883	94
81755	181	3876.389509	71
81761	19	4622.767008	107
81726	152	6719.43702	122
81704	268	12.82434094	1
81692	110	12143.40777	159
81719	170	5974.083109	122
81774	73	7591.009341	145
81754	142	7491.50994	142
81703	3	110.5073071	2
81768	238	6173.492891	118
81738	62	5843.226567	111
81691	134	5819.539626	109
81696	190	4917.196064	87
81721	258	5403.088057	99
81720	185	6345.192747	101
81768	123	9444.854455	163
81731	212	5539.461788	107
81771	11	9471.90766	161
81708	31	6103.281096	106
81754	209	4774.240049	94
81723	216	5282.992474	104
81767	13	11537.94061	165
81687	260	6714.467326	106
81719	102	5552.209006	104
81755	146	3510.596662	70
81686	198	5162.293126	99
81767	81	7689.667724	133
81756	192	5615.842362	115
81756	84	6449.767551	126
81709	213	2663.894093	41
81725	235	5569.323971	114
81724	55	10609.26597	147
81720	20	5162.48256	98
81723	118	4936.427966	106
81705	242	28.82235687	1
81693	181	8013.601513	125
81773	27	11755.41995	183
81731	240	6446.450555	121
81750	195	5106.801723	112
81722	247	6879.167458	119
81739	23	8123.170377	132
81769	100	7462.289573	139
81731	225	6474.341063	125
81714	223	6612.128176	119
81758	179	14489.33959	200
81773	267	4598.644008	111
81763	163	7125.733642	140
81766	58	8900.445607	145
81708	263	5731.19321	104
81734	263	6261.057364	133
81774	202	5541.467818	113
81741	200	7405.835115	145
81775	154	6254.769481	146
81749	148	3738.289359	83
81699	119	2862.005048	52
81688	194	7075.998407	116
81756	114	6888.611901	123
81698	253	6817.349569	117
81709	42	2013.433096	38
81697	4	7436.330673	127
81718	93	7232.368952	101
81697	176	7436.521024	131
81753	147	6276.38749	128
81692	158	6009.04606	137
81716	219	8356.287862	141
81685	3	529.4078053	12
81696	150	4476.263234	99
81752	197	7469.353146	153
81719	28	7726.411602	145
81720	106	5171.548215	89
81709	238	2206.675943	41
81757	158	6393.089728	138
81744	90	6751.251599	124
81741	50	7341.410462	139
81736	39	6626.568163	124
81681	123	44.89595907	2
81745	21	5275.837928	114
81728	100	10.16877002	1
81721	68	6694.261028	118
81687	238	5235.982021	93
81726	50	6546.976573	115
81774	92	4693.046927	120
81687	175	4966.160622	98
81707	164	4593.254673	89
81667	248	30.42408623	1
81693	232	8391.556714	119
81770	183	6926.366893	150
81700	33	13.66317193	1
81687	261	4220.02622	88
81687	97	8499.937128	106
81723	163	7965.566017	146
81775	217	6620.935173	138
81755	253	3099.211476	61
81736	248	6994.934237	126
81733	46	9174.480684	141
81694	132	2642.45508	52
81774	256	7679.085769	161
81730	235	5107.552355	101
81760	164	8006.164345	166
81773	261	5122.886777	110
81692	71	5895.245513	121
81699	194	3353.223443	56
81671	200	19.97032746	1
81747	220	3971.723577	85
81770	28	7322.804484	124
81726	10	8593.23518	152
81741	199	7248.455339	135
81716	138	4706.872893	103
81746	40	8978.964003	152
81686	113	5086.890724	96
81750	263	6175.051881	126
81736	88	7086.409635	112
81765	130	6165.772821	120
81774	53	8881.703405	162
81774	205	6069.009094	144
81757	214	6732.274607	127
81723	32	6743.638077	118
81693	0	9628.610929	121
81765	97	12674.94577	166
81740	208	5560.539301	115
81770	60	6715.879665	140
81771	258	5346.214401	127
81745	27	11319.3167	168
81742	231	5782.692258	106
81695	248	5935.310007	106
81708	160	5707.893521	118
81688	223	5276.663324	106
81666	185	10.67220936	1
81730	100	7100.00788	115
81774	178	7216.856308	149
81769	168	7308.81687	160
81672	11	12.54430932	1
81765	257	5769.970308	115
81774	258	6141.974371	134
81702	87	6921.273465	109
81707	53	4936.068348	91
81764	162	6762.269947	147
81757	271	5447.439872	102
81701	112	155.2177189	3
81706	151	3303.407798	63
81764	261	3981.769042	88
81699	13	3997.754988	59
81770	92	4472.674431	102
81695	18	3965.553779	76
81673	144	14.29073347	1
81768	174	5568.968043	145
81768	117	6248.857508	107
81715	37	6566.10372	116
81722	180	7618.332849	147
81720	38	4974.738996	101
81742	264	7051.186758	120
81742	25	5901.422903	116
81774	60	6649.548154	135
81699	118	2402.534465	46
81690	153	5643.023848	110
81739	12	7151.686257	119
81739	97	10191.30006	131
81750	200	8412.066731	149
81699	45	3538.609185	56
81752	151	7609.372657	153
81711	8	8561.926028	129
81698	265	4819.11875	102
81713	187	5294.116725	112
81774	70	5471.869114	114
81692	235	4397.555367	92
81753	51	7005.789499	121
81743	80	5685.754774	119
81756	160	7021.447593	149
81692	216	7727.230841	122
81689	171	6394.056007	109
81721	187	4828.381129	97
81695	230	4887.953701	96
81720	228	4208.34212	90
81720	162	6685.601115	120
81701	249	80.676943	1
81718	41	12150.42	147
81737	203	6460.825263	123
81682	149	16.09609044	1
81762	124	4920.177727	87
81763	66	5078.263033	109
81749	74	3901.98337	80
81735	169	1739.237348	36
81767	108	6973.716627	134
81708	124	3828.866697	72
81734	79	6139.385867	130
81719	58	5819.409351	104
81685	269	998.2614501	23
81703	83	35.95870416	3
81705	212	67.93179933	1
81774	175	5352.646367	106
81689	154	6405.304061	119
81747	184	5462.351899	104
81715	138	4174.689155	78
81738	21	7365.997603	143
81750	236	5942.024343	116
81663	193	32.87873343	3
81721	170	5781.9809	115
81703	135	86.07620796	4
81752	85	8062.869449	145
81719	161	6936.666904	135
81711	114	8319.290857	125
81716	226	5361.452198	108
81733	234	5643.769311	106
81762	42	7295.915447	133
81713	71	4837.907305	94
81688	61	6876.74288	122
81731	232	7621.392381	143
81709	270	1479.893346	26
81692	241	4874.992149	96
81736	133	5060.578759	100
81754	180	7065.765047	142
81727	244	1671.971253	41
81757	29	8506.481507	165
81716	179	12866.44845	189
81746	189	5462.22162	125
81754	183	6067.789557	130
81744	255	5734.791011	114
81765	256	5420.906745	120
81766	156	7939.213191	156
81741	72	6208.644911	111
81725	94	6138.063372	116
81738	192	6251.8461	120
81698	127	8348.881756	137
81722	158	6632.953959	130
81694	79	3234.299046	61
81735	172	1800.373361	39
81699	0	2724.919714	45
81755	140	4131.467603	66
81707	202	3971.231226	87
81689	181	5588.288205	105
81717	1	7411.189295	138
81746	116	6122.888053	114
81755	41	3275.61976	56
81701	246	72.30581757	2
81688	11	8161.732922	127
81722	114	8181.384341	119
81761	7	5027.924439	116
81701	256	101.3206371	2
81681	171	17.06201391	1
81723	206	9756.907297	180
81768	22	6680.401367	121
81751	156	5442.377998	120
81707	43	5561.1512	96
81774	44	7239.645138	143
81764	220	6800.376678	134
81737	118	4991.670996	113
81752	183	6915.491052	130
81710	10	2813.782852	43
81766	93	7131.53663	124
81767	206	10275.95577	195
81726	11	7894.553626	140
81768	167	7413.529602	157
81757	83	11170.15466	158
81716	174	3550.055852	97
81717	189	5685.282468	121
81769	196	6966.109253	141
81747	225	4450.008067	90
81695	0	5958.037803	73
81698	61	8003.353426	116
81713	105	5095.908494	107
81690	268	5932.276231	104
81711	124	5976.917405	106
81694	78	3434.17697	65
81759	39	6498.415447	122
81687	254	4830.367174	92
81765	7	6364.072263	154
81738	56	6521.686554	124
81716	56	6692.944477	116
81711	108	5987.319123	119
81731	133	4934.745487	103
81754	40	6879.725377	130
81753	27	9832.327102	160
81747	132	3147.774371	69
81672	55	12.15956689	1
81766	141	8025.915307	167
81693	178	6535.261316	122
81685	165	626.1942652	10
81745	137	7634.445505	132
81711	9	5770.092482	109
81707	14	4790.854662	90
81696	243	5456.990345	96
81719	32	7114.642114	138
81695	152	4824.82233	100
81743	228	5211.266485	115
81711	140	7839.151435	132
81690	83	10624.9164	150
81694	256	2968.077897	61
81705	167	109.9877205	2
81773	26	8972.422381	172
81754	35	5884.384846	124
81699	117	2857.874511	48
81695	260	6810.611958	107
81762	126	6123.163277	114
81773	255	5856.51318	124
81743	92	4075.121972	96
81724	56	6336.533118	104
81768	16	6719.345512	135
81741	198	6316.159676	118
81686	75	5822.721993	102
81685	138	414.4140588	10
81757	111	6487.526769	131
81766	16	6131.814106	125
81743	198	6147.545441	118
81686	223	5181.198835	95
81717	7	5653.996776	120
81708	168	5221.54115	97
81738	115	5517.724571	103
81744	174	4639.823902	101
81747	166	5826.035311	115
81758	64	6012.024408	120
81699	79	2762.775036	40
81690	255	5350.910533	104
81712	207	4617.880039	104
81738	123	10399.23397	153
81771	159	7190.331851	159
81685	102	472.0342797	10
81708	113	4977.577831	90
81696	224	4102.533972	76
81736	138	5919.739756	114
81767	98	4986.845695	110
81724	83	7938.055295	127
81757	49	7085.737493	150
81704	229	11.62691093	1
81707	48	5861.757956	104
81699	160	1853.932255	39
81738	182	5952.827988	114
81747	17	4693.409923	86
81754	112	7942.101014	142
81749	93	4813.629095	83
81699	256	2901.874739	53
81768	208	6016.205155	125
81769	136	6741.051157	127
81764	26	7269.581222	138
81693	194	6085.292425	113
81744	241	4157.06857	85
81773	168	6408.570484	134
81763	34	5778.592381	125
81714	271	4730.077858	85
81772	48	6589.139083	146
81714	62	4678.315938	90
81724	84	5056.098022	102
81763	72	8055.940268	143
81702	1	9095.025499	142
81697	73	7073.583305	105
81714	143	5993.328179	130
81702	175	4860.478077	104
81710	192	1763.417419	27
81702	158	5740.549123	126
81774	95	7251.662767	132
81752	237	6069.994639	131
81725	188	4535.907918	115
81763	7	6414.145687	131
81729	250	43.89406609	2
81719	167	7206.430329	134
81765	61	7959.068223	150
81771	152	6964.574004	147
81716	262	4395.230313	88
81689	161	5141.816817	112
81735	269	1296.719134	30
81691	56	6404.022692	113
81748	68	1470.43238	135
81691	35	6956.190895	127
81694	150	2972.026203	63
81771	175	6334.191456	137
81689	153	6694.893577	133
81726	166	8856.38489	151
81775	161	6793.100631	152
81740	246	8566.441805	141
81707	271	3612.518338	68
81748	226	14.92414367	1
81718	57	4875.027194	98
81688	259	6765.286584	122
81735	166	1936.917094	26
81751	239	3707.219306	84
81771	84	5004.06883	119
81726	232	7444.681068	132
81773	64	7698.601146	145
81703	235	10.63362733	1
81719	50	6425.03298	120
81713	128	5868.979064	107
81694	75	4062.329068	71
81739	134	5597.942059	103
81752	223	6159.177308	131
81772	47	6228.003793	129
81759	89	5488.81425	110
81738	256	5325.374558	108
81769	16	8017.454452	158
81693	13	10239.37256	160
81737	117	5629.15543	109
81753	84	6584.317608	124
81729	87	10.52541647	1
81695	194	3863.006453	64
81721	206	13624.53923	191
81696	169	5237.785763	105
81734	103	6746.494631	120
81707	158	4576.954505	105
81761	97	10989.04188	138
81733	3	8968.183757	157
81687	63	4449.513614	90
81666	226	14.08638617	1
81716	181	4413.079871	99
81741	85	7134.523125	124
81723	188	4222.875598	97
81706	180	3712.407005	78
81750	89	6035.804785	118
81754	208	4351.273476	97
81694	163	3295.263807	59
81711	255	5070.673832	109
81747	117	4257.053381	76
81705	175	38.11493595	1
81715	6	8007.014625	124
81696	226	4523.286861	84
81730	183	6228.150252	122
81708	23	8504.818066	127
81770	21	6965.778939	128
81709	115	1392.124933	26
81707	112	4920.433709	94
81775	108	6495.539365	126
81707	36	4543.532505	86
81755	129	2789.387644	71
81702	41	8667.707757	115
81769	155	7499.822165	149
81685	113	1128.809894	23
81716	42	7666.069978	144
81708	186	4737.440939	100
81709	203	1370.639437	31
81757	189	5842.892631	140
81685	65	604.8421402	12
81731	270	5761.418208	111
81714	69	9541.74743	132
81734	148	6390.373001	146
81769	260	9721.830396	135
81751	13	8324.57857	126
81713	257	4117.393499	76
81749	115	3478.329288	65
81686	147	3976.932696	83
81698	208	5679.16645	101
81739	257	4307.804499	88
81772	155	6752.644242	144
81775	213	5571.910018	114
81738	124	5905.249045	112
81774	181	7205.126484	158
81718	268	5460.136549	110
81774	108	6659.453463	133
81769	32	9093.42106	174
81727	98	1365.52337	28
81774	145	6235.504779	147
81711	80	8262.981688	146
81709	124	1155.761188	24
81745	165	7463.294788	152
81717	253	4984.080852	93
81688	96	6636.756647	108
81722	181	8124.521309	159
81737	228	6277.141668	139
81750	205	5566.975863	121
81744	166	7004.044157	126
81709	76	1716.329162	30
81685	183	765.485657	15
81744	196	7152.934715	132
81714	49	5594.244749	117
81726	5	8033.615151	141
81728	239	10.61265963	1
81735	51	1747.003878	30
81704	195	11.30473425	1
81691	222	5622.127319	108
81755	232	4084.48808	74
81758	183	4322.465267	104
81769	2	6928.783066	143
81723	176	6170.617179	122
81687	133	5425.714603	87
81715	76	6662.338935	111
81753	118	5366.745702	122
81698	42	7630.579921	129
81757	153	7698.493173	162
81728	258	72.22027042	2
81694	138	2410.48522	49
81693	202	6407.074839	130
81721	84	4735.411374	97
81713	58	7211.602394	113
81767	226	6671.363227	127
81694	149	3873.005553	71
81734	140	6609.659108	120
81769	94	6292.173257	118
81732	268	4946.274718	105
81678	143	11.97953541	1
81685	94	514.1546817	12
81731	192	6579.626611	135
81745	80	7053.80799	121
81727	43	2676.861681	49
81671	173	93.83016129	1
81671	55	20.72786853	2
81750	92	4296.116408	104
81741	100	6766.660819	125
81745	22	5002.352762	116
81714	42	6201.50972	114
81690	100	6388.277924	114
81685	215	699.450972	15
81691	204	7262.40949	128
81729	204	12.67356551	1
81731	77	8226.047409	133
81707	229	3831.667722	79
81744	95	7002.316685	132
81701	47	10.71406612	1
81673	55	37.41109422	3
81701	271	155.8509381	3
81710	22	1385.115182	31
81685	241	944.0438363	15
81775	24	6462.072007	127
81773	109	7236.850181	136
81768	105	6317.976403	130
81733	98	4507.322221	103
81772	167	7957.031747	181
81717	135	6913.036868	115
81746	13	11210.27241	162
81710	136	1054.432073	20
81688	97	11530.69609	152
81751	212	4643.057193	91
81712	217	3685.680795	68
81721	9	5545.201519	100
81749	72	2830.235499	66
81764	218	5646.836657	116
81686	136	4457.316629	80
81727	129	2660.893268	59
81772	185	7000.244506	134
81706	235	2718.574428	55
81706	101	5024.762716	84
81752	58	9627.965818	166
81711	105	5970.938784	114
81754	240	5815.388649	121
81744	155	7249.4281	148
81742	168	6108.858551	121
81745	256	5162.079356	109
81713	21	6560.015025	119
81698	109	7729.892246	127
81687	154	5089.16462	106
81698	63	5219.757335	108
81729	89	14.10863316	1
81715	147	6341.597845	124
81707	243	5131.89223	90
81764	30	7924.950475	149
81689	139	3730.868461	71
81701	189	58.18346309	2
81743	222	6004.730726	122
81709	173	1702.627646	43
81736	163	5400.664469	112
81763	83	10286.31439	152
81713	23	8126.768847	138
81767	248	6294.074374	125
81705	51	10.37261427	1
81775	14	7077.407181	138
81758	238	5867.858355	120
81686	8	6132.889062	100
81724	30	5887.595762	110
81739	111	5881.606648	98
81769	25	7091.66843	135
81714	50	4795.263104	87
81759	238	5325.268219	114
81729	219	20.46602752	1
81689	52	6153.231218	118
81691	198	5213.22341	103
81720	28	5890.089555	104
81717	215	6296.903629	112
81735	102	1277.283252	28
81740	199	7311.246006	135
81698	36	7858.634945	147
81749	157	2363.864477	68
81738	184	6539.902656	140
81738	4	9097.741474	139
81749	188	2416.347361	66
81711	258	6184.484433	112
81683	93	23.81874779	1
81715	107	5606.142855	89
81703	179	10.00812074	1
81736	169	5707.194869	118
81697	70	4550.874762	98
81669	232	46.83602386	1
81734	241	6596.427641	127
81769	64	6756.494148	124
81743	258	5965.043367	118
81689	213	5299.948576	104
81690	161	6713.45761	130
81735	156	1344.995749	31
81747	246	6592.084589	102
81746	28	6694.695875	122
81759	252	6314.488842	123
81699	62	2111.882674	39
81767	173	5529.940256	111
81724	237	4498.537303	95
81746	117	6423.428042	111
81745	260	9501.615597	149
81761	169	5814.448632	122
81698	43	6613.684089	126
81764	217	5648.283214	119
81740	238	5264.045309	117
81722	125	4341.102923	102
81770	139	4831.338757	90
81732	69	8188.269535	128
81702	266	6414.372047	110
81714	92	4230.878428	92
81726	36	7095.358297	145
81724	171	6037.728641	118
81702	234	5427.149922	106
81708	164	6424.381094	115
81687	210	5995.187971	95
81734	75	7659.026162	122
81709	220	2451.844936	43
81689	204	6362.146705	106
81751	56	4955.568528	95
81736	102	5935.879407	113
81736	52	5360.736652	111
81759	77	9608.796318	151
81711	7	5120.214995	109
81754	51	7251.270202	139
81713	4	9380.91523	140
81763	62	5944.846497	125
81739	47	4485.961805	94
81732	40	8260.403216	151
81736	179	11010.90502	173
81771	53	7207.904315	134
81750	106	7093.201844	138
81764	208	6461.928514	133
81699	38	2943.527967	55
81738	2	6585.769108	126
81705	68	25.88969147	1
81775	126	5141.692281	106
81718	16	6265.801469	122
81708	38	5641.786204	112
81764	240	5982.536763	115
81773	28	9515.99169	172
81699	219	3706.973199	63
81742	214	6287.58785	103
81764	37	7522.311689	137
81740	178	7065.317708	132
81690	118	4325.799256	99
81695	67	4739.371323	87
81709	109	2284.870137	39
81687	141	6584.168828	111
81773	271	5651.497319	114
81750	36	6391.620863	121
81756	138	6506.373772	127
81701	184	45.38434761	2
81753	122	7051.887324	117
81706	78	3469.166764	64
81712	96	5135.670884	80
81768	95	8049.423219	144
81735	146	1455.564657	33
81739	150	4584.929144	91
81736	137	7659.245033	119
81686	161	3779.584468	75
81707	253	3424.047361	67
81774	185	5691.878058	116
81689	149	5776.298319	119
81763	90	5205.374515	102
81750	166	7947.765935	150
81687	119	5375.797988	95
81716	70	5135.516572	101
81718	206	12627.08201	192
81694	172	2606.044416	60
81757	136	6291.1857	115
81736	175	3866.627538	88
81753	63	5989.308072	122
81733	219	6856.229371	124
81690	102	6484.398785	112
81687	168	5057.935549	102
81721	58	8798.635915	139
81741	163	6746.13512	141
81753	230	6862.400065	136
81726	262	5942.880285	115
81689	111	6950.051793	107
81664	261	35.79456681	1
81703	113	72.38998668	1
81723	91	5077.539634	108
81719	14	8063.985957	128
81685	31	1305.772027	25
81731	223	6325.396186	122
81759	102	7477.358285	141
81763	32	5821.684736	119
81732	139	4886.104094	95
81765	123	9044.935374	145
81710	80	1273.816534	26
81709	122	1689.773431	29
81686	228	4130.737058	79
81753	217	6141.988997	122
81673	100	67.46501115	1
81692	74	6463.466468	104
81710	127	1309.039112	26
81663	23	38.02309144	2
81750	254	8583.26894	152
81693	269	5799.057861	107
81730	81	6530.212839	112
81716	221	7214.189987	138
81717	118	4603.35552	104
81775	62	5787.037719	121
81696	209	4543.72407	89
81740	71	4835.356694	104
81698	117	6382.772257	112
81762	170	7277.289591	144
81774	245	6447.692139	140
81709	212	2463.448132	35
81705	124	22.00007569	1
81720	187	3496.685265	81
81708	134	6156.047354	96
81687	120	5723.344557	102
81741	26	7108.835985	133
81716	141	7234.946669	127
81701	183	72.01560964	1
81769	116	6871.618961	140
81761	6	7735.385116	133
81769	13	10940.96659	146
81741	49	7393.117437	146
81720	109	4550.363558	72
81724	40	8234.324355	129
81687	228	4989.315682	94
81763	206	13230.44148	228
81697	230	6173.147261	107
81740	116	5287.310456	96
81714	249	5894.5467	119
81725	20	6216.867494	129
81770	262	5726.828531	123
81725	260	10855.87006	157
81708	153	6494.251423	129
81720	114	6518.638813	102
81752	89	7196.780878	131
81731	19	5272.190883	129
81687	82	5326.849358	88
81732	270	5981.462731	111
81737	226	5116.492759	105
81690	163	5622.655496	123
81760	10	10345.89901	202
81743	53	7162.286851	141
81746	68	12530.89885	482
81719	29	8895.995385	153
81706	97	4358.950619	70
81742	143	7136.730128	134
81689	69	7732.650259	125
81707	260	7907.243917	98
81762	21	6366.433219	141
81775	208	4711.311608	115
81731	172	7699.470921	144
81753	79	7400.028913	138
81674	52	15.22402104	1
81698	186	6133.171504	111
81717	244	6169.400013	101
81719	2	6637.651211	123
81674	21	51.22605131	1
81716	22	5611.085441	116
81689	256	7083.248134	126
81713	98	4757.274648	100
81702	81	4910.610968	95
81705	247	84.28598808	2
81667	83	23.17488909	1
81744	263	4278.687723	90
81769	157	7466.199858	163
81676	147	23.06176523	1
81718	62	5745.92752	110
81757	213	5877.035508	114
81715	229	5677.002318	104
81710	145	1364.089131	31
81690	71	4662.781529	102
81767	120	8362.392545	154
81739	130	4074.22424	81
81727	242	1571.863747	34
81755	216	3882.404211	67
81697	133	5120.223904	100
81708	270	4810.622415	96
81772	226	6119.910002	130
81709	113	1876.035304	44
81712	49	4763.669727	101
81743	239	5161.681928	109
81732	122	5620.155034	99
81774	218	6377.331125	132
81741	42	7761.008164	141
81695	45	5689.16374	94
81688	64	6162.271662	108
81720	53	5995.791124	115
81772	60	7508.66397	145
81718	0	8776.350601	117
81721	122	6837.696712	112
81746	121	6327.350138	121
81773	232	6016.42882	122
81720	23	8981.05284	150
81696	254	5073.168411	93
81731	188	4597.759045	108
81740	135	5728.582522	110
81710	109	1074.1596	20
81688	214	6222.850519	123
81767	250	4708.836604	113
81709	47	1943.828078	29
81701	237	263.7983047	3
81726	69	10189.71671	162
81769	111	6888.283714	120
81720	8	6278.63321	94
81695	52	3675.499291	70
81740	169	7399.409488	135
81694	146	2948.829834	61
81721	150	5226.557264	111
81734	100	6581.987777	111
81697	222	4379.928651	89
81714	85	7246.801043	114
81760	9	7448.064549	153
81752	215	6787.880886	134
81767	262	6227.594269	127
81758	82	7577.445383	129
81769	54	6187.011154	131
81727	185	2614.236583	53
81698	22	6885.53791	126
81746	53	7676.106766	146
81687	91	3476.567823	76
81713	106	5712.649014	104
81772	151	7794.744102	150
81702	45	6640.349575	117
81719	171	7094.378672	114
81698	141	9252.083246	160
81754	236	5410.509668	101
81757	231	7323.84342	149
81764	80	5736.962056	121
81717	243	6448.066871	115
81713	174	4959.609847	113
81730	52	4685.256105	103
81696	211	3743.309962	82
81722	156	6193.339646	137
81699	161	1913.829468	39
81730	96	6167.494059	110
81718	29	7581.374716	124
81705	155	81.0427477	2
81769	164	9010.014583	166
81738	178	6561.419571	134
81750	107	8283.653887	145
81695	151	6187.511173	111
81740	265	5205.16231	103
81763	220	5745.237462	113
81732	174	4403.70523	120
81725	147	6319.847407	139
81764	149	7174.967608	158
81752	132	6184.17978	129
81756	228	5331.049392	121
81735	205	949.0475083	21
81702	64	5836.847455	113
81772	189	5131.116755	120
81714	107	7626.907696	112
81751	225	4736.434898	101
81754	184	6307.506543	127
81673	261	11.93549933	1
81695	99	5028.347395	92
81714	38	4797.664321	102
81739	136	4269.049841	93
81715	115	4869.844502	88
81690	47	6012.75447	109
81768	79	8843.06647	174
81746	0	8611.581924	114
81747	44	4917.545787	88
81732	144	7260.689446	155
81717	10	8567.405903	146
81697	125	3199.776435	82
81709	50	1648.855111	30
81751	171	7098.579948	124
81769	117	6809.893031	131
81721	268	5459.866673	105
81746	34	6886.334187	140
81763	247	7022.231745	127
81712	62	3338.745483	70
81722	258	5771.611842	123
81683	55	10.38515873	1
81710	141	1638.251684	34
81715	38	4843.648979	91
81730	121	5474.209649	96
81692	52	6420.994197	129
81770	132	6504.73005	121
81717	121	7489.154951	114
81695	80	4096.176846	74
81723	89	5610.307852	104
81752	201	7947.568813	160
81740	78	7037.383602	125
81724	69	8690.307119	132
81725	18	8366.416282	146
81687	224	4420.323991	77
81706	83	4611.43545	81
81752	110	13786.92126	174
81769	269	6313.316647	129
81731	215	6210.820302	127
81710	29	2220.202829	26
81756	254	7231.175948	122
81745	172	6992.382798	122
81727	39	2694.76394	48
81751	39	4406.141392	91
81765	78	8454.438423	139
81770	62	6853.303825	133
81708	26	7359.909226	120
81740	94	6446.200773	114
81743	116	5677.956299	101
81751	61	6170.023763	118
81740	2	7575.377172	144
81738	190	7677.215647	137
81737	129	6508.404712	128
81720	89	5583.678089	91
81706	14	3914.209637	74
81753	142	8802.179084	165
81749	231	3998.623192	72
81745	270	6286.424946	120
81693	213	6034.843996	115
81691	118	4266.690255	94
81695	214	4542.471417	77
81742	56	7253.107445	125
81742	99	7637.146977	130
81751	262	4333.727175	88
81765	116	6807.623655	141
81715	159	7540.901819	142
81671	7	82.16983922	1
81730	261	4707.841863	95
81696	36	5541.347661	101
81690	107	5957.537226	112
81760	79	7434.526404	137
81689	160	4774.744095	109
81707	124	3296.31248	65
81686	30	4428.94763	83
81744	181	5829.783603	119
81771	4	10003.10057	175
81755	35	4743.266514	83
81773	90	6384.533028	117
81698	225	8294.787418	154
81734	43	7015.156898	136
81772	76	7671.882682	132
81702	239	3546.320106	78
81716	170	6395.133335	133
81718	250	4423.204427	78
81775	140	5569.521375	104
81692	68	6425.076127	111
81775	114	7566.825888	135
81716	8	10368.20371	143
81713	124	5395.986107	102
81707	203	4424.875905	83
81713	184	4105.603997	84
81693	171	7969.156414	144
81708	101	7541.485918	122
81737	6	9889.192151	142
81739	57	6010.318467	118
81766	101	9070.867543	140
81734	243	6769.258806	139
81775	122	6985.915301	128
81687	179	8764.972493	136
81692	231	6614.677091	117
81774	96	9904.064884	169
81749	158	3046.957085	63
81721	235	4203.561694	98
81775	44	7453.425181	164
81708	109	5594.533534	93
81774	54	8262.833274	144
81753	82	7747.892621	147
81776	134	12.79786544	1
81765	262	5843.762638	111
81751	167	5437.885679	109
81769	144	7661.370883	158
81708	66	5129.203297	99
81714	270	4948.575405	102
81723	229	6385.656788	122
81775	200	7740.805664	153
81754	264	6564.265985	121
81708	229	4355.93305	81
81740	8	9171.014902	141
81759	58	9113.703648	151
81723	50	6279.624021	122
81702	151	6351.420655	120
81731	55	11013.55001	160
81754	148	5428.19231	132
81714	222	5405.003962	116
81754	177	5850.194119	112
81720	81	6245.203293	105
81735	122	1262.803147	25
81715	216	6568.436025	119
81736	16	5912.336778	126
81706	28	3455.758162	62
81717	229	6055.826286	122
81751	189	3998.734979	84
81731	164	5720.33792	115
81693	60	6367.331251	111
81758	59	6310.931342	118
81771	133	6479.296482	127
81687	265	3925.555684	88
81766	130	6020.186637	115
81775	221	7163.36188	136
81755	210	4415.063159	68
81723	137	8359.533549	147
81690	112	6889.664741	119
81758	263	5360.361382	101
81738	116	4402.197433	87
81758	226	6344.498192	131
81725	131	7208.361494	119
81709	97	3169.694298	39
81733	136	4478.47856	90
81711	202	5104.171334	103
81720	204	6271.614015	114
81766	211	5252.098413	115
81775	212	6446.449839	132
81690	125	3032.893636	79
81756	178	8575.312369	161
81775	257	4609.355393	106
81745	144	6733.748259	155
81694	182	2788.31818	56
81775	223	7562.590283	154
81753	228	5853.913899	137
81748	136	33.84800873	1
81775	19	6017.674645	132
81697	213	5013.497139	82
81755	61	4181.305373	73
81743	202	5286.704064	108
81713	238	5180.176532	95
81754	133	5600.699307	103
81764	188	5079.184325	119
81718	208	4678.423799	92
81768	7	5952.371404	131
81744	252	5250.024497	106
81735	83	2165.353587	37
81731	154	6549.974556	128
81719	228	6122.202908	120
81732	58	6908.873069	109
81739	230	5112.708663	101
81685	120	649.1095126	15
81752	138	5466.66387	127
81730	60	6200.046549	106
81699	226	2489.474002	43
81753	240	6356.616736	133
81758	22	6222.560362	125
81732	164	6652.630297	136
81765	266	6465.867181	115
81685	147	791.9231346	19
81738	207	5947.169092	118
81755	85	4696.237496	79
81685	240	828.3420974	17
81725	116	5898.680462	105
81708	87	7606.148442	125
81698	219	6958.436271	106
81775	199	6572.937902	130
81701	250	24.77035323	2
81692	117	5362.112476	101
81694	95	3152.221713	54
81761	244	5800.450973	108
81765	140	8576.06174	143
81715	87	7825.354867	118
81712	129	4515.68418	87
81743	157	6712.460128	137
81734	212	6377.125086	132
81749	29	4751.636871	71
81757	6	8792.389925	147
81742	40	8296.816058	139
81711	46	9271.411084	142
81698	1	9228.112468	139
81763	11	8651.323798	145
81715	231	5710.661337	109
81775	180	5778.83824	132
81732	134	5945.061438	99
81717	198	7076.126149	138
81775	184	7714.642733	141
81709	154	2054.428999	44
81759	91	5001.281091	94
81708	111	5565.569575	101
81709	253	1564.005883	27
81708	238	5412.427999	109
81712	32	4244.683357	80
81714	239	4715.112885	90
81740	131	5840.107996	108
81775	27	12211.79678	182
81702	46	7664.03328	119
81705	177	42.87801457	1
81753	132	6428.479242	124
81718	264	6261.738306	102
81740	14	7048.194226	124
81765	24	7127.820793	135
81761	166	6726.016372	134
81728	259	143.0406116	2
81678	100	21.58522892	1
81740	58	6958.856587	126
81693	92	5505.435131	119
81727	70	2131.665399	42
81725	121	6172.864172	105
81686	167	5083.359774	90
81690	25	6710.094484	124
81775	43	7046.54745	144
81747	226	4541.740501	78
81691	260	10742.71904	152
81770	19	5602.421403	116
81722	63	5840.230469	114
81699	113	2909.523166	48
81763	30	6729.205702	126
81723	80	5461.688102	99
81747	140	5312.31644	73
81718	55	9866.4394	143
81758	11	9249.648184	145
81724	57	5139.606074	106
81762	224	6154.583987	132
81686	196	3397.990807	70
81740	96	7149.877368	132
81723	268	5270.509604	110
81706	121	2141.804281	47
81729	38	14.40484304	1
81749	138	3139.39356	60
81768	110	11117.36616	155
81772	174	5058.463106	115
81689	214	7672.504361	113
81702	212	6345.246141	102
81732	19	3061.905514	80
81696	191	4252.42124	90
81698	145	7129.866782	147
81687	140	5094.354578	83
81695	107	4871.135301	84
81697	121	5590.059396	97
81709	21	2484.488944	39
81700	120	110.1599725	2
81670	243	125.3522989	1
81697	144	5930.767	119
81749	96	3513.022701	70
81758	185	5154.163451	110
81776	91	18.70449805	1
81696	179	10373.03784	148
81715	222	5157.560641	102
81707	177	3927.350314	83
81725	162	6159.412747	116
81736	113	5330.208758	102
81756	85	7610.753644	140
81720	251	4997.056072	88
81753	83	12572.90235	172
81686	250	3502.113473	73
81771	260	11091.97858	169
81685	140	848.89891	17
81744	175	5350.775134	113
81719	104	5608.38126	104
81716	154	5843.376017	127
81735	20	892.9474123	24
81773	56	7256.918791	136
81755	123	5094.183611	83
81696	55	9089.203409	114
81742	180	6228.639542	123
81686	239	2543.680631	61
81671	21	97.78679429	1
81762	95	7477.389029	131
81705	138	110.0795031	3
81766	249	5422.724038	111
81727	87	2773.683038	49
81765	1	8282.664865	158
81749	45	5607.519885	93
81687	132	4462.817113	87
81775	115	5443.372191	101
81698	100	8079.999315	128
81712	270	4398.821823	81
81773	134	8735.265001	151
81719	80	7181.287575	117
81760	90	6141.00754	122
81724	192	6251.451657	118
81767	151	6726.157946	148
81775	230	6529.856553	124
81726	111	7195.658761	122
81719	156	5608.437552	125
81687	109	5739.185228	87
81695	33	4416.971762	76
81701	19	38.98808779	1
81736	265	6361.092543	125
81723	24	5412.601151	109
81754	9	5224.110051	108
81715	203	5393.140071	105
81767	127	7140.436215	139
81686	166	6072.551514	99
81756	268	5462.299297	101
81697	44	5432.305357	98
81692	32	6214.322507	127
81749	154	3935.02097	81
81770	223	7627.224273	156
81735	123	1800.119978	35
81713	140	7423.2052	120
81738	251	5013.791735	97
81743	158	6520.529859	138
81712	196	4813.953963	86
81775	121	7271.394368	144
81685	63	388.4440706	9
81749	31	4121.548641	74
81722	165	9492.586486	152
81731	54	8560.813702	133
81704	107	24.39567105	1
81669	126	36.75643852	1
81761	15	7309.68867	130
81773	242	3809.335467	92
81760	193	13124.47488	187
81746	184	6956.964517	131
81698	190	6657.00082	131
81774	151	6875.745651	159
81718	158	5870.884869	107
81689	237	4696.288527	104
81694	123	3495.649338	64
81691	13	9615.559819	138
81738	212	5903.332617	123
81720	140	6823.21333	104
81774	158	6574.477632	146
81768	201	7523.238933	132
81769	33	10074.22856	175
81685	234	487.1651765	12
81711	269	6250.775593	121
81768	38	7018.203455	140
81690	36	6187.881223	113
81709	93	1064.926146	22
81748	162	18.51150156	1
81676	34	99.86670747	1
81752	268	5985.45736	126
81716	271	4518.917872	85
81726	121	6174.892691	111
81766	89	7056.614636	123
81775	169	7721.462278	155
81690	137	9873.880398	146
81698	231	5998.068826	117
81757	132	5599.733465	116
81695	252	4226.459229	76
81703	97	46.54368748	3
81745	155	5840.410377	125
81709	162	1655.581048	33
81713	118	4268.028948	89
81697	1	10456.96241	156
81688	233	12145.67127	158
81707	84	3505.765204	72
81767	51	8104.236989	143
81731	109	8526.875558	144
81738	114	7667.632775	129
81742	13	10168.76427	162
81724	133	5033.969309	95
81716	2	6280.028685	117
81690	95	6535.427558	116
81717	267	5343.350836	101
81671	146	15.37584607	1
81754	44	6332.475685	121
81769	3	10295.56773	164
81728	89	95.97407657	1
81702	160	4715.844891	103
81680	79	31.61344536	1
81721	26	8217.733067	142
81723	71	5825.269906	126
81713	133	5230.653967	92
81697	42	6073.487446	113
81734	69	8250.390354	133
81742	36	5237.362875	104
81698	244	6228.278569	114
81677	56	49.73196295	2
81725	269	6774.802947	122
81665	123	12.14417645	1
81767	247	7579.641622	146
81766	173	7344.732836	143
81697	119	6479.437137	111
81742	182	6342.293828	134
81736	186	5356.848738	106
81694	111	4160.893994	69
81726	73	8566.971769	145
81693	263	5707.887575	109
81774	228	5182.388335	121
81693	11	10890.03739	158
81696	210	5988.448216	90
81725	49	7222.600359	157
81723	260	9374.680352	129
81743	33	7729.954259	136
81760	235	6931.328931	144
81710	125	846.3897872	21
81736	83	9405.364941	131
81725	191	4916.598252	112
81723	185	6144.424781	125
81750	169	7516.257504	141
81734	152	6848.572811	130
81757	101	8871.517838	152
81721	94	5007.276216	91
81684	195	11.72254446	1
81726	174	5148.453305	120
81728	33	138.1471383	1
81726	41	11789.39132	171
81763	186	5554.110749	113
81724	240	5081.616597	101
81761	28	6651.188133	120
81700	206	23.5110986	2
81701	30	110.4923852	2
81740	36	7053.782107	140
81761	234	5377.767204	100
81744	144	6845.51662	141
81710	202	1989.634677	34
81745	181	6111.004864	124
81752	191	4762.305028	104
81759	235	5886.91594	114
81740	64	6740.800315	124
81773	264	5836.465485	120
81696	192	5419.476989	97
81715	109	5623.853208	92
81770	218	4952.414558	109
81775	104	7252.483837	135
81702	248	4967.771639	101
81687	146	4627.039918	99
81718	251	4347.392687	80
81688	162	6134.616255	110
81762	67	6155.025758	132
81756	19	5766.141701	128
81761	163	7167.439953	146
81688	212	5814.458727	104
81741	5	7872.689146	137
81685	96	468.6499702	9
81751	233	9940.632594	138
81744	253	5095.999305	101
81757	120	6994.860448	114
81717	31	7331.442628	136
81686	42	5307.370163	93
81720	85	5669.579011	99
81702	120	6289.057727	110
81691	234	6084.040155	126
81774	190	6398.839039	140
81768	49	6721.10008	148
81715	177	6500.135655	131
81732	28	6728.755389	122
81720	51	5995.840366	105
81701	76	117.7259272	2
81740	93	7515.709116	125
81717	8	8968.978541	138
81775	261	5691.770728	118
81725	98	4652.92352	100
81710	261	1635.024337	29
81716	33	7461.639775	125
81751	81	5852.014181	116
81762	245	5344.738911	123
81730	138	5445.403073	99
81695	74	4345.441223	83
81748	224	12.95927583	1
81687	159	6481.150949	111
81765	166	6839.801084	145
81726	198	6088.068878	126
81732	146	6279.967646	131
81744	249	6771.693935	132
81688	150	5354.996752	114
81734	139	4385.099902	87
81736	61	5170.291202	96
81768	157	4894.870673	118
81715	75	7530.464065	115
81756	225	6904.348917	139
81770	235	5201.958296	109
81736	77	6053.733362	101
81751	88	8064.604006	139
81737	205	6136.210443	115
81745	124	4417.144866	90
81748	21	30.2798312	1
81704	170	11.04595381	1
81735	132	1403.97088	28
81767	72	6579.679973	110
81706	55	5287.113262	85
81749	151	4028.177553	77
81761	149	5263.643132	129
81765	98	5343.749203	119
81725	164	6806.329968	134
81774	262	6041.077025	131
81715	116	5938.385028	95
81703	136	58.80934874	2
81713	132	4668.447965	87
81749	181	3112.947118	62
81730	89	5569.201025	101
81675	263	70.70368901	1
81702	54	5480.152509	99
81739	158	4837.739675	109
81696	51	6506.34256	101
81720	144	6167.263689	120
81762	93	9737.738469	165
81725	30	9078.482588	164
81746	212	5654.931698	114
81717	206	12177.87695	172
81696	64	7213.065003	116
81756	139	4680.094735	95
81745	36	5175.509763	104
81765	134	6264.222868	118
81753	158	5356.779699	127
81755	99	3533.071302	62
81732	190	4304.049162	92
81686	256	3631.27704	72
81762	55	12453.50342	171
81738	81	7090.741475	120
81699	222	2523.4559	50
81696	89	4806.238111	84
81775	259	6063.310387	133
81751	254	7098.014087	126
81708	221	6858.611781	121
81712	211	4229.004135	79
81767	212	6467.953564	124
81747	146	3386.456852	92
81710	90	1024.504584	16
81750	144	7834.441532	160
81759	229	5990.426831	130
81758	143	6385.661672	140
81737	96	7656.170791	123
81745	241	5967.911785	120
81759	177	9088.534925	167
81705	127	35.95031494	1
81745	19	4849.40131	107
81720	247	6946.908667	108
81723	198	6531.995347	134
81762	117	7577.200741	137
81701	270	100.0375845	1
81759	29	7900.498557	155
81699	229	2436.965217	42
81726	136	6347.121934	127
81696	135	6442.750702	106
81738	71	4582.252964	107
81713	75	7969.885627	130
81774	247	7151.624237	145
81731	216	6313.878233	132
81689	121	7132.230683	111
81699	83	4091.352937	67
81686	52	3540.614492	77
81672	43	14.75336877	1
81705	166	14.17100089	1
81763	153	8868.928975	162
81743	8	9942.092229	153
81737	245	6268.462864	117
81754	69	8074.870938	128
81690	134	6595.548108	116
81768	36	6063.110022	122
81766	251	6081.003802	103
81738	120	5694.254874	91
81761	71	4787.46515	105
81687	126	4563.336984	89
81710	113	2046.148866	36
81751	166	5471.947158	120
81702	211	4993.431612	107
81669	101	22.41300966	1
81762	142	9418.648806	172
81773	54	8380.73029	144
81734	134	6680.742277	132
81756	144	7124.3177	139
81717	166	7843.875351	141
81700	141	19.80167842	1
81771	111	7028.976	130
81743	190	6349.756347	128
81767	78	7659.237665	128
81693	34	6012.207645	110
81756	136	6114.890661	120
81753	156	6104.752732	138
81724	186	5755.846669	115
81729	31	11.32869192	1
81710	110	2146.111698	35
81745	45	9962.87494	150
81756	0	9601.109516	106
81717	56	6657.489295	118
81734	157	6837.964836	133
81737	252	6900.664447	122
81754	53	7243.499912	122
81742	268	5459.480723	111
81763	239	6239.337497	114
81719	118	4532.97824	106
81699	59	2830.899819	45
81755	270	3469.981856	81
81745	176	6144.548598	126
81746	204	8241.554865	145
81749	102	3327.391796	66
81694	148	3272.375805	73
81763	88	7494.911247	117
81746	179	13377.90206	198
81743	156	6626.556402	141
81765	204	8079.118628	158
81770	2	7579.91819	154
81732	249	6131.545142	127
81750	161	7337.756597	152
81740	268	5490.402597	109
81710	114	2608.487914	36
81741	244	4497.800249	92
81690	62	6292.604821	115
81750	5	7404.30219	128
81727	263	2586.304392	49
81686	20	3461.959201	69
81702	186	4176.519702	89
81768	130	7086.828862	143
81689	106	6134.834053	107
81755	51	4027.039926	81
81755	5	3999.18481	73
81674	1	10.10576376	1
81771	134	7937.154972	144
81685	204	62.72064022	1
81727	194	3351.606618	54
81757	95	6697.306585	115
81737	229	7139.681373	143
81725	64	7505.531919	126
81767	45	8452.489062	142
81751	1	9078.929625	149
81750	206	10346.74778	186
81749	155	4722.418186	95
81748	50	10.95602948	1
81755	169	3191.604376	60
81760	247	7235.419914	143
81720	213	5413.028896	103
81712	124	3634.723255	70
81767	76	7135.689094	135
81702	20	4962.825758	95
81698	257	5885.625218	124
81727	111	2222.858798	32
81726	67	5675.880712	103
81759	71	5740.254508	132
81739	83	7280.13075	113
81751	263	3574.67724	79
81775	222	5722.708989	133
81735	22	971.6497344	19
81719	182	6687.351995	125
81702	107	6843.665016	113
81723	42	6284.011239	123
81749	179	5681.421148	90
81693	133	6058.501913	105
81741	147	6483.644941	142
81735	143	1343.634587	29
81731	87	7138.661493	122
81687	219	5136.449203	86
81693	83	12071.86791	178
81725	8	10405.31118	162
81754	258	5588.715038	125
81773	93	7158.09657	123
81737	155	7686.936554	131
81729	178	18.6352479	1
81695	119	5346.426682	88
81695	135	3809.462765	68
81757	187	5763.421434	133
81713	253	4953.161762	95
81720	30	7597.547412	136
81753	111	8576.328401	157
81749	36	2857.635837	54
81761	257	6056.733464	117
81746	119	5844.742113	123
81747	176	3979.189165	87
81689	101	7055.414267	111
81729	68	2007.020899	184
81737	121	7906.558294	131
81743	178	6748.406129	140
81686	155	4653.860398	96
81726	261	6409.333395	124
81758	203	6688.418769	122
81765	107	7345.65796	125
81759	242	4346.315333	108
81744	98	3912.795621	85
81743	46	6614.919826	113
81764	54	7499.440913	139
81750	117	6355.699228	117
81755	250	2366.051923	55
81706	19	2922.712613	65
81775	235	4909.229318	109
81749	229	3238.880916	61
81764	105	6005.998479	127
81727	214	3633.361086	61
81685	201	670.7058636	12
81698	171	7622.179459	139
81718	135	7299.709192	119
81749	203	3513.457793	82
81741	45	8423.753961	135
81717	168	6553.99009	143
81760	232	8144.361701	152
81758	27	11436.21665	179
81752	244	5637.640985	119
81713	216	6409.696646	103
81692	139	3633.28204	70
81698	52	6342.706078	108
81706	62	2836.26612	62
81729	69	46.95879268	4
81719	190	5867.21182	124
81733	24	6446.502145	130
81690	238	6024.330429	105
81726	38	6290.105419	121
81732	7	4927.43766	108
81757	253	5427.809169	107
81751	161	5470.74679	127
81744	244	5545.276818	109
81753	74	6228.344706	132
81763	189	4864.669865	112
81756	158	7481.928134	155
81724	140	6840.29362	102
81722	202	5298.484292	108
81772	104	7529.17005	136
81699	190	2350.48303	46
81773	97	11482.63882	152
81706	99	4530.345141	72
81732	52	6280.710566	118
81737	92	5177.660503	111
81772	233	15118.17657	212
81688	247	5212.559919	105
81671	65	12.30894071	1
81690	98	4227.847548	95
81705	64	83.75296154	2
81720	16	5200.185101	93
81695	208	4065.665837	80
81759	161	6073.98323	134
81755	134	3072.671822	57
81690	240	7004.120832	117
81747	8	5315.30518	90
81742	215	5315.573661	107
81747	178	4825.990973	98
81745	243	5817.077521	116
81691	217	5975.317385	105
81757	183	6705.416667	137
81686	190	4148.514357	89
81760	230	7108.098565	158
81775	188	5255.769503	129
81757	195	5173.026292	129
81772	72	7912.352638	144
81727	187	2623.894334	49
81696	166	5801.59675	104
81721	123	7920.173201	122
81721	181	6156.320793	119
81747	270	3357.922173	74
81745	13	9046.169242	150
81763	41	11203.42504	160
81740	204	7923.253271	149
81743	132	5960.992853	125
81769	84	6825.753262	140
81719	134	7649.068818	123
81771	265	7241.009851	142
81726	126	4858.22678	106
81717	136	6090.588132	111
81775	123	10169.6191	154
81692	116	5546.071309	108
81759	136	6248.063376	117
81739	95	5824.197463	101
81749	40	4515.07969	78
81764	137	8836.386405	147
81715	93	6612.588669	94
81760	233	13705.09839	195
81735	136	1526.892176	21
81767	64	8453.041433	154
81671	102	28.99019925	1
81725	222	5406.361987	110
81754	219	7056.400865	131
81748	161	33.81154242	2
81731	249	5943.385862	115
81710	47	1734.452679	32
81735	159	1492.206869	31
81728	30	93.11716957	1
81741	216	5868.314453	126
81727	54	3368.224164	57
81724	119	7144.949515	112
81757	53	8331.325535	156
81704	155	13.52238976	1
81747	58	5017.524026	93
81755	81	3708.526961	73
81768	62	7476.202944	148
81719	149	6870.61188	126
81759	207	5799.473411	134
81706	135	3634.849059	66
81697	211	3800.097789	78
81739	49	5218.13891	102
81710	191	1095.645389	21
81767	163	5898.793428	126
81741	155	8054.023839	149
81743	125	3995.700381	97
81764	138	6069.450353	125
81730	168	5729.668124	117
81703	0	25.06319246	1
81688	26	6072.713589	113
81733	181	6590.805778	133
81775	173	6979.91891	137
81761	52	4858.59414	107
81740	38	5636.075324	115
81760	94	5807.873857	108
81746	9	5799.64588	125
81747	120	3513.021186	70
81703	134	28.6819171	2
81726	70	6713.04475	130
81775	72	6712.536289	121
81733	224	5819.569036	117
81736	5	6598.672673	118
81721	54	6516.712671	124
81715	48	6304.74923	119
81734	153	7635.494445	153
81712	239	2716.737678	61
81694	90	2980.758083	50
81730	46	8138.503198	137
81737	36	5227.069853	99
81774	149	6368.887735	133
81756	101	9445.359758	146
81688	191	4373.838179	95
81737	180	6229.845903	136
81696	17	6082.723076	106
81692	154	6847.903723	145
81731	183	5254.336829	112
81751	251	3680.371524	81
81711	39	7622.556906	140
81693	78	7799.935387	126
81731	95	6683.581425	122
81701	202	34.21816072	1
81699	112	3525.468158	50
81698	80	6763.800344	122
81693	195	5505.338095	102
81769	249	6170.845767	128
81772	50	6538.155783	126
81755	229	3910.086281	78
81730	66	4424.335169	99
81711	99	7858.610163	115
81710	112	1892.336356	34
81771	68	10490.91305	356
81699	154	3104.133537	54
81701	120	19.73075859	1
81730	80	5675.250092	113
81718	25	6755.594406	127
81773	157	6948.364323	147
81755	100	3266.344805	67
81666	0	81.79487802	1
81759	83	11268.24223	166
81774	162	8790.333359	166
81775	193	11320.7716	152
81719	10	8322.872265	139
81707	85	3952.009712	74
81747	261	4674.824803	86
81715	255	4331.241799	94
81744	225	4943.606905	95
81701	158	11.17192511	1
81688	27	9054.434861	123
81768	212	5586.247973	124
81764	159	7111.519124	149
81689	208	4052.751923	75
81684	111	58.36921999	1
81741	252	5160.665799	100
81766	157	6426.968041	137
81761	67	5102.466511	107
81705	77	34.51016556	1
81725	137	8927.522884	143
81750	120	7047.448427	113
81774	109	5660.604388	116
81718	117	7653.968964	131
81717	30	7007.097849	129
81732	106	5843.400785	118
81705	122	24.97778045	2
81713	242	3516.189523	87
81761	139	4121.737252	77
81693	180	5422.566033	102
81764	47	6334.990997	112
81768	80	9651.30306	180
81725	110	11025.76043	144
81764	4	8391.944478	146
81726	208	6505.482252	122
81710	30	1921.102653	30
81717	221	7505.520677	132
81756	34	6822.469267	132
81748	140	15.21820061	1
81744	43	6291.524798	127
81772	220	5530.83799	120
81706	217	3254.213926	60
81705	217	127.4651421	1
81696	180	5505.943758	101
81685	77	700.0796798	17
81750	139	4567.7905	87
81730	76	5949.085581	109
81767	246	10553.67627	185
81687	7	3779.831283	79
81713	62	6203.907176	109
81721	104	5538.080303	94
81732	70	4212.222183	95
81733	193	10313.36848	171
81706	251	3469.54696	66
81697	7	5745.352442	101
81749	27	7010.830739	91
81762	78	8698.980208	147
81732	128	4696.195421	98
81775	87	7317.133207	139
81712	26	5816.273854	96
81771	115	6145.789722	129
81755	119	3097.867784	65
81725	154	5997.283154	136
81699	3	3205.039076	52
81726	140	7989.487595	129
81747	13	8092.87288	125
81698	268	5788.533642	116
81736	107	5748.252055	107
81670	77	11.09539798	1
81733	68	9860.867433	368
81775	150	6677.172989	156
81721	154	6147.693648	128
81775	191	4508.249216	109
81717	240	6002.851889	111
81716	99	6813.641088	107
81752	221	6826.287687	123
81756	249	5114.827782	100
81690	253	5719.882488	99
81727	101	3357.091879	58
81711	11	8848.78453	129
81694	133	2914.898728	54
81763	39	6698.487105	144
81713	51	6488.009753	115
81724	193	11934.03094	181
81770	159	7121.522916	158
81763	134	6371.957265	124
81712	94	5362.653499	88
81767	71	4864.775235	107
81767	252	5693.427534	113
81698	24	7038.792182	128
81741	261	5178.00094	110
81702	156	5844.233825	119
81717	79	6383.847139	116
81772	69	8641.941202	151
81744	124	4993.070305	106
81721	191	5996.756715	122
81739	209	5183.977432	93
81760	66	4416.709869	102
81736	117	5145.531296	98
81751	58	6658.992968	119
81730	233	10043.21667	133
81707	107	4414.124396	87
81693	32	7269.104434	118
81740	112	6403.746987	108
81685	97	1292.520389	18
81762	211	5512.869101	107
81706	64	2469.046211	58
81715	167	6548.084327	136
81750	252	5782.245703	111
81698	85	9129.160663	131
81761	22	6039.781969	129
81716	195	4783.517657	102
81693	1	9537.884607	139
81758	126	5805.129503	122
81759	10	10431.77599	170
81760	182	7486.13884	160
81725	81	6227.990561	115
81738	219	6356.275868	105
81759	160	5832.722407	133
81704	85	11.12048459	1
81733	88	9807.865288	153
81725	58	9589.556577	148
81694	89	2175.980227	41
81721	263	6007.461314	111
81735	100	1742.924286	24
81709	247	1022.553577	28
81764	20	6801.645769	151
81739	189	3959.53182	92
81720	221	6623.011606	123
81715	2	6140.118821	121
81709	66	1747.26866	40
81753	71	5180.305191	115
81690	119	7667.983714	121
81775	143	5983.904335	127
81720	2	5718.571842	108
81698	111	7933.020623	131
81761	98	5199.050622	108
81746	79	7415.971487	142
81708	36	5831.354885	109
81725	133	5844.397439	106
81727	192	2408.595909	41
81710	195	965.8069951	23
81744	126	6672.058292	127
81708	15	5814.591466	111
81772	214	8539.144758	154
81740	110	10197.21252	150
81752	30	8321.899638	141
81716	31	7769.30084	136
81741	118	4308.251926	99
81744	33	7938.460808	127
81765	44	8344.780294	150
81701	149	113.3056162	3
81685	251	449.4869525	10
81722	135	5497.463031	100
81698	262	7648.493779	137
81705	39	224.0516831	4
81733	49	5760.280782	117
81734	52	6160.148726	121
81771	132	6520.448246	122
81711	230	7446.397487	124
81740	233	12526.44331	161
81687	251	2835.924026	56
81688	88	7556.198854	122
81721	51	7030.489476	115
81770	142	9123.81595	169
81750	71	4524.205905	106
81771	60	7856.571187	162
81752	148	5355.553213	130
81726	189	5531.926713	110
81664	211	27.36096739	1
81757	177	7424.583868	148
81714	202	5295.825119	110
81775	175	5757.786349	126
81760	116	7836.928176	152
81734	13	9886.701218	149
81773	250	5731.498317	121
81724	161	6420.911721	114
81761	168	5670.074713	123
81760	130	7193.768109	146
81699	44	2886.602234	55
81774	161	6902.337371	154
81775	83	10304.39059	160
81722	255	5635.336234	112
81686	79	4396.172783	79
81686	184	3713.717213	81
81706	127	4730.809605	79
81752	232	8062.047843	145
81693	134	5896.550124	110
81740	106	5542.037685	101
81756	98	4727.114293	101
81771	243	6466.677718	128
81710	233	2613.894616	39
81753	268	5638.902922	116
81706	88	5343.590584	71
81771	254	7628.477253	133
81693	56	6654.758101	119
81762	104	6784.94191	118
81725	254	7219.876814	125
81711	209	6070.434384	106
81749	222	3058.269167	63
81710	240	1306.744412	21
81723	76	6173.274721	95
81701	87	10.90414739	1
81724	234	5155.915409	96
81760	26	9259.706466	158
81726	40	12179.49384	175
81756	109	5210.450864	109
81760	51	9599.056397	170
81724	167	6634.827345	132
81768	182	6792.379944	130
81764	255	4841.865141	101
81727	205	1951.250153	46
81725	32	8342.793977	151
81677	179	10.03020719	1
81754	162	6711.456792	139
81708	194	6263.131225	114
81711	145	7030.078591	148
81712	142	4834.799755	100
81694	114	3143.253684	53
81713	267	4746.61451	107
81712	46	6360.808489	93
81740	198	6385.781747	119
81705	86	139.6220679	3
81747	216	4879.20704	94
81682	222	24.86335029	2
81762	155	7214.109932	137
81682	125	10.56128612	1
81762	81	6964.54594	136
81746	252	5654.660178	97
81698	158	5649.161368	125
81736	149	5691.844244	120
81744	66	5420.780953	113
81730	47	5022.515226	116
81718	82	7363.042356	131
81771	150	6316.587474	142
81754	198	6077.296824	112
81758	163	7553.539656	152
81737	266	7960.69104	146
81677	182	14.87960167	1
81674	134	19.27471699	1
81707	8	6622.765057	102
81768	93	10269.3888	151
81742	227	5074.360682	107
81726	153	8130.223157	147
81769	58	7178.778948	122
81754	55	10590.15685	150
81747	200	5095.750256	106
81731	155	6100.251712	138
81744	44	6760.470243	127
81772	246	9030.466425	164
81722	143	7283.661228	141
81748	121	29.41982714	2
81759	47	6765.435856	137
81766	244	5069.940894	109
81699	35	3028.674306	46
81725	232	8070.354622	136
81718	114	8056.022168	124
81720	102	4320.121216	83
81703	4	12.30216841	1
81719	259	6167.592877	110
81742	139	4926.400026	94
81741	241	4951.692575	103
81775	103	7856.613007	148
81684	121	19.40599017	1
81772	90	5350.161328	118
81732	235	4796.1255	108
81701	13	55.8738067	2
81716	113	5377.548543	102
81698	81	8039.847519	130
81767	102	5693.49019	122
81689	118	4111.566546	82
81732	15	5137.986932	101
81689	219	6581.009557	103
81719	151	8252.139881	137
81753	193	12322.1369	183
81760	81	8265.387042	157
81755	230	3324.611266	65
81758	119	6749.774279	131
81719	150	6141.141772	137
81714	17	5520.573471	106
81752	204	9255.720636	172
81757	247	7747.295861	152
81773	198	6119.551106	126
81700	137	30.30435554	2
81766	179	10827.66188	171
81720	192	4571.087889	87
81722	15	5926.726718	116
81685	200	19.11879992	1
81705	134	105.104532	2
81705	232	35.60268811	1
81746	260	10008.45934	139
81697	116	6330.657457	107
81733	72	6655.901699	124
81721	33	9195.613005	144
81698	12	8321.718094	134
81732	186	4885.507145	98
81771	21	7162.605748	144
81698	230	6888.130419	122
81698	174	4366.023814	103
81755	195	2780.391904	62
81751	120	4525.735544	82
81764	233	11518.30239	180
81719	185	6784.340367	122
81726	61	8384.342709	141
81750	147	6293.768081	140
81772	6	10197.23841	165
81709	215	1655.997892	32
81699	73	3848.783864	60
81690	144	6131.804225	136
81707	256	4098.433161	84
81743	226	7138.355355	123
81714	2	5814.132046	117
81744	158	5562.801966	125
81697	166	7919.037877	135
81732	13	9338.594416	142
81769	176	6612.56838	127
81746	69	8338.291467	137
81740	226	3824.629246	86
81755	187	2703.794114	69
81701	238	264.7081473	5
81759	4	8173.374998	134
81721	220	6016.062247	123
81741	233	11398.22945	166
81719	232	8006.375483	133
81762	83	11773.45681	169
81744	168	6661.428323	141
81740	70	4081.191725	103
81693	242	4624.066739	95
81712	44	3945.301335	68
81738	252	4397.217546	89
81736	111	5237.963191	99
81776	136	10.2271246	1
81774	148	5472.289914	122
81775	242	4882.6815	116
81707	22	4319.465769	88
81774	268	5326.814121	117
81759	11	11523.79952	179
81712	138	3390.404247	68
81676	118	18.07670949	1
81739	31	5504.359445	101
81727	138	1713.267636	39
81774	206	12780.42893	205
81727	42	2134.418352	41
81774	221	6383.134715	125
81710	39	1173.661934	26
81772	194	7115.34044	142
81720	254	7314.023446	119
81758	232	7381.462314	137
81773	101	8908.291073	149
81711	175	6552.175284	115
81763	229	4833.992169	103
81727	167	2797.154174	55
81727	183	2264.753937	50
81768	106	7162.223678	139
81692	92	4847.362336	95
81730	140	6180.423883	104
81725	38	5965.118967	124
81746	103	7995.968382	145
81730	243	5699.410583	107
81743	189	6859.821002	147
81775	65	6901.575763	135
81759	46	10766.37669	170
81702	197	3868.288192	86
81699	55	4843.805406	78
81688	28	6275.130877	107
81717	99	5687.235961	102
81708	135	6039.298183	97
81731	68	9106.873662	326
81737	64	7647.408008	126
81726	0	11242.81172	144
81690	90	5717.168097	105
81725	184	6483.962365	134
81757	7	5270.41553	116
81744	220	7485.640595	143
81693	79	8049.494598	133
81767	160	6629.849794	142
81718	119	7647.867194	132
81744	223	7726.006886	145
81698	94	7201.765508	126
81694	205	2828.811525	63
81724	206	8373.876456	154
81751	109	5980.25939	106
81743	253	5829.091837	122
81737	142	8936.652407	172
81737	171	6702.295947	135
81740	80	5830.231819	114
81712	256	4545.36462	76
81764	64	6625.805034	126
81702	179	11175.96405	171
81754	27	10968.42628	165
81739	174	3578.481158	86
81694	93	4346.237185	65
81723	49	6675.877914	138
81762	7	6142.289165	127
81762	113	5687.684489	107
81717	148	5237.234851	108
81696	177	5475.353685	90
81740	144	6323.448397	150
81775	81	6128.118089	123
81688	133	5045.492262	107
81703	127	74.37901532	2
81743	82	7009.175024	109
81686	73	6339.414717	101
81756	111	7527.354602	127
81707	56	4704.499288	85
81775	151	9070.412232	172
81675	3	14.48910057	1
81733	42	6083.455299	131
81731	124	4488.102156	94
81712	236	3803.718709	71
81749	166	3043.00222	69
81688	21	6469.082863	123
81768	221	9002.925983	159
81713	156	6228.702404	134
81709	128	1923.184613	36
81714	194	5927.411589	106
81739	51	6491.889557	111
81735	198	1707.172113	31
81690	0	8811.385815	110
81689	179	11290.42906	153
81674	19	89.7531455	2
81771	156	7474.13023	153
81711	181	6644.89845	129
81738	244	5426.253236	109
81673	238	10.55787365	1
81743	68	10643.76237	383
81768	2	9399.659803	164
81739	14	4999.407162	98
81701	234	211.2976578	3
81774	212	6082.416179	121
81742	100	6286.053236	110
81762	153	6804.916783	136
81693	27	13255.46208	178
81740	10	11145.28271	168
81717	23	9972.50179	166
81723	267	4964.826792	108
81753	20	6537.710093	129
81696	270	5530.914814	102
81774	154	7543.850703	156
81699	186	2655.395151	48
81734	25	6102.671466	117
81730	182	5676.395705	120
81688	252	5721.421449	103
81762	263	5581.159268	119
81774	165	10296.68533	172
81736	249	6123.001238	129
81764	203	7909.165784	153
81746	258	5959.962815	122
81730	8	8062.110399	128
81773	107	7425.047285	124
81703	27	47.05691921	4
81722	122	6440.229214	114
81747	269	2868.740393	72
81698	4	8665.605485	156
81728	261	75.50477893	1
81763	75	8938.99871	138
81714	52	5562.230335	108
81719	39	5806.901733	115
81770	192	6236.570697	119
81772	59	7220.504282	139
81691	39	5440.675858	103
81721	4	8756.114009	134
81696	237	5411.732147	101
81718	170	4928.389553	102
81729	133	12.26686396	1
81739	239	5009.861974	104
81696	198	4455.862905	89
81709	176	2950.496431	46
81705	179	112.5232138	8
81699	255	2828.845206	58
81705	69	168.837788	3
81741	259	6123.994275	122
81698	55	11228.32103	160
81724	255	5542.055794	115
81694	33	4199.72005	60
81709	175	1820.267065	36
81710	251	970.5303088	20
81699	98	2028.072571	42
81762	200	6873.360116	132
81706	107	3961.436418	66
81726	138	5627.022715	108
81702	146	5340.991829	122
81727	202	2297.73385	52
81698	39	5603.840645	111
81699	24	2889.659302	55
81731	79	4891.334084	110
81687	84	5333.509978	98
81772	7	5739.299712	122
81702	200	7016.795515	131
81734	238	5915.650962	121
81775	204	7472.311809	154
81753	133	6175.527098	124
81742	137	7395.223844	130
81769	48	6272.671675	144
81739	211	4123.932077	77
81722	175	5445.790785	102
81737	208	5900.378745	117
81755	96	3408.410998	54
81704	104	23.3653155	1
81724	155	5907.309961	119
81699	70	3073.11133	57
81762	239	6250.879195	120
81743	78	8360.743908	138
81751	265	5054.436139	103
81765	34	7978.698531	144
81769	105	6348.827997	134
81726	56	7841.275685	133
81685	267	899.9127325	16
81710	246	1792.062752	33
81765	245	6577.163504	132
81775	1	9988.014866	160
81742	179	11635.99283	191
81703	12	11.23814163	1
81692	105	6094.67601	105
81751	28	5757.515509	109
81732	116	5168.850595	89
81699	21	2688.151871	47
81757	14	7067.250768	127
81715	10	8850.183312	149
81742	121	7214.317133	132
81709	7	1744.294609	33
81707	201	5124.338681	91
81774	22	7396.632045	162
81733	247	6349.28287	115
81715	5	6953.418707	142
81686	27	7115.388807	98
81701	201	117.6642405	1
81749	143	4150.626539	88
81696	65	5713.73006	103
81689	202	5072.11316	94
81757	151	7181.166542	140
81665	134	16.72654946	1
81720	189	4915.512019	102
81746	126	5374.588842	108
81752	32	7815.763042	146
81755	259	3254.020728	64
81705	102	201.6789866	2
81690	97	12521.65906	154
81725	52	5763.652092	106
81761	151	7547.155186	147
81766	26	9361.594933	169
81749	147	3764.145298	77
81769	71	4362.686839	104
81697	50	6709.05978	111
81751	132	4963.656142	102
81715	17	6261.071519	110
81746	70	5446.172072	109
81689	116	5910.453963	105
81748	96	11.15756548	1
81761	84	6784.638635	127
81738	112	7398.322362	128
81757	46	7716.46991	134
81715	90	6092.785516	112
81698	2	7749.017147	137
81701	25	65.18440271	2
81692	60	7354.503512	129
81690	64	6747.718422	112
81702	49	4891.401234	98
81721	27	11470.2904	172
81775	218	7253.70885	146
81719	95	7002.104723	111
81718	22	6857.379792	119
81664	13	11.77496995	1
81721	7	6039.118042	117
81773	130	6522.03541	133
81698	201	7088.234713	126
81744	42	6715.942298	125
81764	243	5957.505792	119
81746	87	7746.920905	131
81692	30	6603.33303	116
81763	264	6892.428926	123
81707	40	5038.270496	74
81756	140	8461.066574	135
81770	207	6534.800475	149
81751	111	5434.798862	97
81726	156	7140.352486	152
81696	168	5225.34737	104
81742	35	6114.606438	120
81693	200	10221.78789	162
81711	88	8668.173637	128
81736	120	5451.00979	102
81715	97	9879.877529	132
81772	33	9340.22952	154
81707	175	3593.577116	75
81731	128	6450.141956	109
81733	204	6409.95268	125
81756	217	5584.255314	119
81737	69	10717.33036	163
81717	145	6876.231253	130
81711	132	5893.098662	109
81695	130	3977.063025	77
81735	242	815.012496	15
81731	81	6559.553648	124
81772	181	7368.07608	152
81730	169	7569.808112	137
81720	117	5636.293006	94
81759	143	7217.301783	148
81747	150	3538.590753	77
81759	76	8301.813306	151
81695	22	3188.912884	63
81755	135	2929.521918	55
81707	110	8232.520005	112
81750	109	7645.349147	132
81667	179	19.52068361	1
81724	153	6020.442748	120
81725	17	9323.595938	155
81773	135	6884.958488	126
81708	100	6623.428276	108
81693	16	6471.082819	113
81690	148	5625.891891	123
81743	75	7323.873128	132
81761	77	7021.195394	126
81720	151	5499.618066	90
81692	5	8949.839088	158
81751	40	6568.469079	108
81724	14	5744.953678	100
81741	92	5152.764695	108
81745	247	6834.361061	129
81726	78	8275.402884	134
81752	143	6364.028516	138
81710	196	1287.655668	26
81765	249	6737.256126	124
81758	47	5535.14897	108
81732	119	6455.182611	121
81740	173	5841.958475	118
81742	130	7010.023886	133
81719	194	6954.969664	129
81706	236	3197.110676	60
81690	22	4749.059912	97
81773	181	5558.353842	119
81756	172	6982.304368	133
81702	220	6301.751909	120
81711	138	5121.131301	102
81775	157	6621.704671	149
81727	171	3286.237129	62
81733	62	6607.035299	130
81749	65	4168.223269	86
81721	178	8327.297054	152
81699	23	4161.833873	68
81706	68	4262.741358	76
81704	231	65.91268576	1
81721	31	7124.098945	122
81698	135	6020.373897	118
81692	219	6049.220819	110
81754	116	5008.827152	96
81739	244	3373.797146	70
81717	208	5850.080445	117
81725	150	5585.751207	129
81767	116	7600.987001	126
81739	59	4558.70203	93
81746	2	7334.920431	140
81688	217	4655.420975	90
81770	238	5735.442135	120
81735	229	1034.847995	28
81732	256	6254.537823	115
81709	23	2174.146897	37
81719	222	5691.83161	108
81736	78	6147.83692	108
81712	215	3727.642359	66
81686	119	4160.134005	76
81707	70	4322.424819	81
81749	101	4541.776826	78
81770	156	6585.16793	146
81755	224	2406.556155	60
81725	25	8311.875132	148
81765	36	7326.426871	143
81737	270	5934.071845	106
81775	162	7356.094919	150
81735	173	1634.463761	32
81765	243	5694.707747	122
81752	186	7422.369304	152
81762	41	11171.28539	169
81725	40	8066.658219	146
81699	168	2706.997825	51
81734	36	6404.684214	124
81745	98	3968.338403	89
81701	196	141.9900544	1
81766	223	6311.935258	125
81759	250	4929.584376	104
81720	245	4346.668195	81
81740	26	6213.775365	117
81771	48	7714.701804	163
81753	138	5670.482144	111
81733	148	6100.468148	137
81722	98	4309.337956	84
81720	115	5156.261759	106
81739	236	4529.929557	78
81727	136	1869.155031	35
81726	12	9998.052824	144
81697	210	6543.859171	98
81734	223	5862.697516	107
81704	221	10.30941136	1
81728	20	13.57545328	1
81750	32	7867.28913	145
81712	109	4209.526904	75
81738	200	6518.240507	125
81697	147	7384.207375	148
81695	266	6563.206733	104
81691	168	5846.129783	128
81748	259	42.90595401	2
81722	149	7014.747133	137
81753	198	5606.829669	111
81741	86	7650.214495	123
81702	182	5285.931065	117
81719	248	6670.380095	122
81731	170	7133.220488	149
81716	197	6241.937129	129
81756	92	3853.922377	94
81740	6	8521.060688	146
81716	234	5103.253149	106
81727	204	2161.905901	45
81719	199	6628.555761	114
81711	234	6379.953605	113
81761	17	7506.219193	133
81742	77	9261.157529	153
81692	13	9980.42481	143
81732	31	6791.471284	133
81678	127	23.40959197	1
81712	183	4686.480472	85
81754	74	6493.526501	129
81756	218	5482.593488	119
81761	161	6769.652009	154
81712	24	2692.614856	58
81711	169	9316.524436	158
81741	177	6602.131479	130
81733	83	9506.071476	146
81731	241	5251.971878	110
81720	223	6405.488868	130
81713	137	8675.374315	141
81742	6	8142.625475	125
81757	15	6500.6489	127
81711	98	4109.360246	84
81742	240	5626.890919	109
81750	34	6964.89862	146
81686	138	3407.98144	78
81690	115	5717.35264	104
81756	208	4733.366726	113
81737	29	8503.207752	149
81720	240	5121.987547	98
81747	142	4626.436982	88
81769	109	7843.286999	123
81764	140	7246.128177	122
81741	95	6950.944015	118
81742	249	5741.788391	114
81775	195	4933.786421	110
81737	206	13180.07817	205
81690	196	6214.533203	113
81741	178	6477.71751	125
81717	60	5897.560834	116
81712	210	5464.350172	86
81723	41	10537.30455	146
81691	247	7584.616971	135
81722	198	5928.451325	116
81776	253	17.42512382	1
81719	211	5213.389901	103
81713	94	5891.678827	106
81719	85	7584.541359	128
81720	52	5633.383509	104
81732	201	7580.680165	137
81716	178	6530.645204	131
81685	67	336.6126834	9
81717	200	8631.361877	166
81775	182	5819.534041	119
81699	31	3517.995427	59
81702	104	6536.801729	118
81742	255	4756.007867	111
81741	243	5496.03652	109
81733	137	7666.966926	120
81705	0	110.3360921	2
81672	130	20.83502712	1
81741	246	8448.862147	140
81770	252	5805.265504	113
81753	221	7172.376561	129
81701	26	150.7934472	2
81693	142	8479.554868	150
81717	131	6948.687149	109
81741	146	5521.345376	137
81722	111	7560.926144	138
81767	53	7924.262223	142
81694	68	3809.333424	59
81693	165	10591.95548	157
81669	78	19.68446115	1
81705	210	85.27375296	2
81731	171	6953.536554	142
81697	72	6977.101267	115
81692	252	5727.216318	101
81766	175	6459.449773	127
81691	244	5642.997231	107
81707	20	5194.664145	93
81752	137	8887.494205	149
81723	2	7117.56985	135
81753	115	5001.736574	103
81763	16	5434.124079	113
81737	147	9162.812923	172
81732	50	5889.843373	119
81751	32	6728.933012	131
81702	31	5980.503701	119
81773	214	6181.881955	118
81721	129	6187.208298	122
81733	265	7487.784745	148
81740	170	6673.568368	125
81737	197	6549.475616	141
81768	115	6119.732671	126
81726	254	8227.39868	128
81717	150	5345.394192	112
81671	192	79.15266867	1
81727	261	2612.202351	48
81692	28	7492.368287	129
81687	268	3819.535724	76
81699	30	3289.239053	60
81721	211	6556.563629	117
81727	257	2313.845244	42
81706	150	2603.484821	67
81685	219	998.4132416	16
81765	121	7969.738537	138
81715	246	7687.297505	115
81761	189	5071.653572	114
81714	74	7310.964008	130
81744	100	6029.807588	112
81687	135	5176.142439	85
81715	183	4174.913728	97
81726	238	5376.939125	114
81713	229	6298.514187	110
81663	179	33.4844872	3
81718	137	8790.045257	120
81744	195	5291.137678	112
81725	90	6665.743231	121
81727	91	2164.187339	43
81767	73	6312.131528	117
81698	194	8205.095186	139
81690	58	6627.680789	110
81737	114	6937.424242	127
81739	243	3940.176202	82
81768	189	6126.008864	137
81716	227	5818.4148	108
81759	8	10106.28821	159
81751	151	6483.119288	142
81702	134	6605.182533	115
81689	49	6223.994905	118
81701	131	17.18621342	1
81693	74	6438.390594	118
81698	49	6400.575232	128
81690	57	6172.735359	120
81690	34	5705.261525	104
81718	113	6334.516213	113
81741	269	4866.991456	96
81758	161	6381.681036	154
81716	166	6697.872977	118
81727	131	3720.858541	59
81695	110	8253.556096	116
81758	171	6603.118485	136
81695	29	6020.695477	105
81676	31	15.3194905	1
81745	116	6302.844868	129
81766	180	5067.648153	114
81710	259	1536.733024	28
81747	195	2889.840761	63
81710	120	2065.614849	33
81764	157	5511.394956	118
81763	73	8470.387586	142
81693	177	6569.296157	125
81726	117	7187.641331	129
81753	232	7146.911837	140
81773	22	5508.933034	123
81686	23	4611.656455	92
81697	46	6737.881581	98
81711	165	10626.22128	166
81751	113	5068.34929	98
81775	238	6717.296078	134
81765	50	7085.791128	145
81735	118	740.1823632	17
81766	238	6535.207554	119
81757	66	5582.573902	115
81686	211	2977.335716	62
81718	241	6068.554886	111
81694	1	4091.269782	66
81730	223	6000.181011	123
81716	45	6963.769255	120
81708	33	6604.417375	105
81723	96	6701.365107	116
81708	266	6982.42009	106
81711	150	6430.451008	136
81774	50	7152.975554	135
81721	264	5966.45346	108
81732	8	7409.078687	131
81706	106	3669.188809	62
81685	228	754.6373959	11
81747	204	4510.011008	81
81768	144	7093.730714	161
81710	107	1636.752896	25
81746	220	5845.578441	114
81685	18	1005.711281	16
81686	96	5347.672667	85
81763	78	6102.969428	118
81742	167	7069.66772	149
81764	1	9395.202149	157
81761	266	5459.220504	101
81710	48	1375.923694	27
81768	143	7245.303282	165
81686	31	5060.880118	88
81720	17	6625.195483	114
81765	27	11629.54296	175
81737	236	6639.203587	112
81720	60	5127.11756	98
81694	268	2722.014091	54
81700	55	21.34424652	2
81740	67	4830.064866	101
81746	58	6937.921152	128
81762	30	8338.272178	149
81756	18	7278.596035	141
81711	96	7368.074447	112
81734	141	7931.62749	155
81690	21	5613.228542	104
81771	46	9943.796235	160
81694	106	2799.326199	59
81744	185	6853.509526	127
81765	213	5503.875666	106
81691	27	10421.6616	145
81757	129	7481.969	145
81775	206	10964.20837	186
81709	74	1971.91931	36
81709	267	1947.706031	38
81694	191	3177.247486	64
81752	264	5777.584012	116
81746	176	7472.661844	145
81698	23	10693.66847	175
81691	183	6541.746942	125
81716	101	7639.529922	130
81712	169	4877.37175	87
81764	100	7777.012382	127
81697	142	7715.623091	135
81743	144	5605.751247	112
81763	205	6837.820064	143
81699	259	3161.691827	54
81743	97	13646.05698	175
81742	129	7161.049568	129
81696	4	7871.584998	107
81770	130	6269.171277	129
81749	263	3162.413646	66
81701	125	119.1558268	1
81739	218	4228.433548	85
81690	178	6253.12338	120
81738	3	8687.807884	136
81764	114	7947.987571	134
81738	87	7813.011362	119
81730	122	4960.081815	91
81689	5	6405.385893	110
81696	97	8495.686744	110
81717	90	5418.223327	111
81724	105	5560.119696	105
81692	121	4585.107775	80
81767	185	5870.790533	130
81745	175	6272.897039	125
81716	182	5411.75344	95
81761	256	5211.268192	115
81732	0	9438.977815	126
81703	260	10.10626548	1
81693	132	5750.620861	107
81740	221	6684.984092	134
81728	45	131.7267005	1
81687	220	4562.682222	84
81710	66	1337.777593	29
81766	227	6749.685668	114
81741	185	5977.913273	131
81688	222	4988.111525	99
81747	227	4821.124933	96
81687	118	2980.849601	65
81694	244	2337.001985	48
81693	183	6886.693184	127
81733	237	5341.239543	109
81744	269	4039.473008	96
81772	116	5788.790621	111
81729	265	14.07264021	1
81720	211	4233.717221	91
81706	1	5213.118316	66
81776	120	12.73195628	1
81751	47	4664.356017	96
81743	150	5383.931119	127
81713	160	5321.981323	119
81726	91	6541.845723	117
81710	194	1793.089176	28
81746	29	7808.966211	138
81687	244	4186.476684	74
81756	83	10512.96963	169
81742	149	7697.669099	168
81727	175	2411.491546	47
81708	210	6261.985229	118
81717	188	5015.21172	121
81762	222	6613.872424	128
81775	75	7973.441432	127
81770	227	7442.015973	137
81719	122	5815.94623	99
81757	52	6646.115739	132
81742	142	8774.433352	156
81721	44	6038.995023	118
81664	116	23.34651089	2
81703	170	78.35717488	1
81774	214	7198.604353	141
81725	249	6255.968538	118
81771	252	5867.074161	115
81723	21	6193.871473	117
81725	22	5224.767657	105
81721	96	7687.210324	115
81740	142	8414.925405	162
81710	88	2209.501855	32
81689	132	4494.543952	82
81688	207	4585.203084	105
81694	194	3919.971555	66
81715	233	9607.656578	142
81683	263	19.42562608	1
81763	96	7415.221452	127
81738	36	5424.46699	98
81688	235	4963.772026	86
81770	239	6779.236545	118
81768	51	8305.933338	145
81697	205	5756.636802	104
81718	20	5934.094918	108
81666	206	11.51538283	1
81710	258	1236.834099	28
81763	33	7380.427476	108
81775	107	6439.918004	131
81767	136	5559.512572	114
81689	15	5468.814466	100
81761	222	5199.262214	101
81757	27	12590.01261	192
81718	63	6434.393348	113
81669	187	14.37312744	1
81696	248	7147.205227	126
81752	217	6648.873024	141
81753	267	5837.402451	115
81754	165	7466.186626	127
81713	110	11217.08175	136
81758	159	6253.99735	136
81733	268	6433.042134	124
81725	257	5982.735294	125
81741	242	3899.005123	87
81714	133	5402.710536	96
81688	149	5943.469232	134
81686	271	2616.142282	46
81696	43	6135.248624	103
81696	154	5126.058323	100
81743	95	6626.296734	120
81713	76	6203.706976	103
81735	11	1119.751758	25
81710	74	1447.294494	25
81754	91	6547.849944	123
81738	75	6880.969469	115
81730	176	4930.735372	98
81716	112	6386.318282	113
81753	0	11262.52122	140
81685	103	741.7080276	14
81704	173	17.05851433	1
81725	182	6440.434366	129
81724	98	6150.689891	111
81712	29	6037.232321	97
81737	41	8072.151438	129
81738	175	5154.769641	115
81706	26	4594.374932	75
81690	212	6937.676909	123
81689	26	6349.834774	108
81759	184	5340.182897	124
81742	192	7134.598909	140
81757	73	7935.531806	149
81743	52	5477.816961	113
81762	198	6078.669231	122
81754	102	6100.255371	113
81764	267	6337.065641	131
81709	191	1541.972129	34
81772	28	7244.178595	137
81726	141	8787.171816	154
81757	235	3654.15832	91
81747	86	5348.506328	94
81722	250	5673.839977	123
81727	117	3223.707519	52
81772	154	8306.011288	171
81744	212	6297.522494	119
81731	3	10757.8433	161
81741	231	7228.749458	138
81723	173	5370.784833	101
81686	135	3866.348609	74
81752	51	7658.620082	132
81755	172	2838.798902	64
81747	156	4101.670291	95
81722	29	7904.855892	132
81772	10	9691.363861	170
81746	32	7817.97208	143
81714	262	5093.677645	109
81720	68	5925.600147	106
81760	54	9339.257014	154
81769	245	5999.418252	110
81695	265	4599.038647	90
81707	16	4392.13475	73
81692	106	6169.495516	111
81712	143	4472.264442	87
81735	177	1202.717132	26
81741	27	10576.70222	158
81764	111	6232.243966	117
81712	42	4472.54726	70
81699	6	3751.552447	59
81696	195	3331.449683	83
81749	160	3284.478265	63
81754	52	5278.749495	106
81763	268	5317.171302	104
81774	64	8555.114245	153
81733	0	9883.205363	128
81763	51	8091.056969	133
81732	238	5784.16999	121
81744	150	6071.89044	134
81717	250	6579.182345	126
81752	122	7693.242497	146
81685	184	845.5284343	16
81773	41	9879.42972	139
81750	38	6371.504642	127
81748	56	21.12698306	1
81742	152	7774.323257	156
81739	233	9337.204012	132
81736	139	4763.980377	89
81745	194	5364.221026	119
81707	69	6853.223537	97
81709	8	2712.761311	42
81773	258	5903.11189	124
81756	49	6567.315448	132
81764	239	5675.715651	115
81746	207	6508.426501	134
81689	254	6751.654993	112
81754	228	5548.567392	118
81710	100	1597.376564	29
81699	148	2851.583959	47
81699	129	2343.034664	36
81767	91	6681.946002	143
81701	163	86.08705186	2
81745	56	7335.049469	142
81713	29	7641.582354	123
81741	19	5190.927949	118
81773	226	5614.906338	123
81697	52	5126.720018	104
81744	87	8617.29296	144
81702	176	5675.941107	103
81763	12	7947.401622	142
81763	230	5763.190935	113
81732	207	4669.671464	115
81690	24	5515.085102	108
81686	71	2728.07715	61
81669	83	10.41575164	1
81718	31	6876.482402	115
81708	90	5380.803609	86
81755	111	3262.958935	59
81723	3	8871.446736	152
81716	119	6593.217536	121
81712	203	5099.233227	82
81753	197	5580.66465	131
81738	258	4874.215885	96
81720	226	5188.089737	95
81687	214	5016.057197	89
81711	243	6330.804381	118
81762	90	7635.221638	138
81702	119	5790.97044	103
81688	47	4791.649236	85
81713	41	7828.162744	123
81724	270	5331.942942	101
81733	101	7029.54795	117
81698	204	6442.479709	131
81687	170	4936.282252	100
81755	247	4227.415837	76
81752	267	5406.736776	116
81696	76	4743.906986	76
81762	19	5346.054097	120
81709	202	1770.164235	32
81677	69	10.17251951	1
81769	197	6019.386393	133
81761	170	4871.473293	111
81694	184	3552.485478	60
81743	231	6072.187903	122
81720	158	5043.387487	103
81722	192	6138.481997	115
81722	130	6221.766712	113
81712	160	3392.065066	70
81761	157	4894.501393	113
81712	234	3350.346916	72
81735	125	823.7387627	20
81737	183	6402.843386	134
81688	59	5336.803736	99
81761	251	4702.358736	95
81740	254	6679.843371	124
81711	116	5556.91634	106
81726	39	7136.030634	140
81741	254	7716.811623	124
81689	96	5821.225445	94
81738	265	5929.754936	122
81774	80	6323.508835	128
81770	270	6056.059619	116
81738	171	6653.673652	133
81771	117	6973.569854	137
81764	195	5673.986097	126
81720	256	6108.001681	115
81772	142	9325.193721	173
81755	26	5684.348986	88
81686	194	4420.809386	77
81744	36	6020.040876	118
81710	33	2641.743802	34
81694	0	4764.196396	54
81724	196	7630.269983	142
81748	255	22.53682878	2
81769	225	6813.534395	131
81746	35	7465.853399	136
81676	181	13.31107765	1
81730	155	7338.766995	142
81706	212	4169.21456	74
81713	235	4891.02626	104
81674	23	11.6381279	1
81714	97	10932.23139	139
81691	63	7461.426669	137
81704	246	22.46822601	2
81739	72	6051.353513	109
81768	270	5522.06981	124
81739	241	4435.44408	106
81720	65	6397.908289	128
81755	118	2782.159673	61
81734	64	5892.153491	108
81741	194	9093.910503	160
81764	238	6869.828737	133
81705	103	86.32197671	3
81742	216	6131.57031	112
81771	16	6738.71709	137
81687	101	5907.023327	108
81732	161	5566.184836	132
81687	230	5177.098745	99
81775	205	5959.013753	120
81757	103	6222.777051	116
81726	210	6570.683011	107
81703	75	10.87617244	1
81735	128	1196.294568	24
81672	101	11.28380103	1
81692	223	5923.809119	107
81717	62	6208.30164	118
81701	175	40.37966491	1
81745	7	5763.081662	127
81687	211	4091.501661	81
81769	37	9697.450355	164
81758	41	8681.928595	133
81766	104	6163.230108	120
81759	3	8722.449419	151
81757	142	10082.14935	189
81772	198	6839.528835	130
81721	91	5702.799299	100
81761	70	5666.596866	111
81757	180	6738.779447	144
81698	146	8017.132698	146
81739	13	7276.509088	120
81765	158	6397.849109	139
81770	14	8021.312141	130
81691	52	6371.194781	117
81774	20	6121.884813	133
81762	195	5828.995021	131
81767	211	4511.641662	107
81773	85	8219.569055	145
81715	259	5917.492345	102
81662	265	30.06592107	1
81726	255	5646.673738	128
81743	245	5737.216842	110
81693	170	5639.641024	127
81714	46	8272.689869	131
81758	217	4664.966176	99
81771	27	12666.89569	189
81722	154	6857.231553	137
81717	185	6657.542918	124
81758	147	6730.505935	155
81665	233	10.27854641	1
81690	23	8740.90835	134
81758	270	4750.978241	102
81719	42	6725.661066	122
81730	12	7567.228424	127
81721	175	5655.205218	116
81715	27	11277.81842	158
81721	73	6792.070542	112
81770	203	6847.064077	134
81771	229	5688.241641	120
81745	261	5765.666121	119
81669	3	25.92870197	1
81733	113	6131.518603	115
81771	147	6961.683711	155
81771	249	5489.379301	110
81758	208	4953.574715	118
81750	197	5923.827154	136
81709	43	2024.620695	33
81731	158	5725.356731	123
81732	74	6468.57728	123
81775	102	7083.371849	142
81707	108	4341.920115	76
81755	155	4012.283558	86
81747	172	3833.77008	85
81689	33	9247.906766	137
81688	55	11725.13239	159
81715	184	5325.229878	100
81698	69	12384.35259	173
81708	95	5717.446892	92
81701	0	313.503679	5
81765	269	5248.076401	108
81741	89	7197.093583	139
81712	231	3662.620866	74
81703	269	29.56557245	1
81706	27	6273.353444	101
81734	146	5746.773579	131
81708	262	4648.748053	96
81773	220	6911.072945	146
81760	8	11621.42875	171
81693	80	7343.925689	132
81719	120	6679.089837	112
81766	11	8992.315513	151
81724	67	5511.036031	109
81749	130	4097.992923	76
81773	7	5530.70548	121
81762	1	8372.684674	174
81765	253	5187.3187	113
81743	4	8408.379973	137
81725	48	9411.288444	162
81701	248	190.9604804	2
81746	247	7603.891828	127
81750	270	5852.315971	110
81699	9	2754.627591	45
81691	257	5030.681735	105
81699	110	4722.408167	47
81744	24	5623.850227	108
81716	258	4454.221497	99
81770	162	7696.567219	144
81732	137	9657.616378	152
81758	205	6048.874167	121
81691	154	5814.30067	129
81736	271	4065.189197	84
81760	144	8410.451348	171
81719	231	5526.231197	116
81763	178	7148.031219	140
81704	1	27.40254265	1
81724	121	5727.64846	94
81758	114	7123.334068	123
81727	158	2303.770773	50
81767	199	6669.272873	125
81695	201	3242.077869	72
81719	136	5932.308308	103
81727	6	2931.733506	48
81749	118	2945.450502	63
81735	84	1051.496245	20
81687	250	3346.599777	64
81759	237	5272.582069	114
81753	44	6750.802024	127
81743	57	6923.69971	128
81773	247	7065.480937	136
81747	85	5645.999184	88
81756	163	8736.461394	165
81687	1	7151.513011	110
81772	107	8163.035815	152
81714	72	7950.573738	142
81758	181	6481.048802	129
81692	178	6873.270389	128
81702	30	8369.743116	133
81719	197	7032.768074	138
81727	35	3319.948415	48
81749	110	5050.695553	81
81706	111	3813.515286	67
81770	112	7558.118171	134
81692	198	4199.249882	92
81767	164	6038.416397	126
81688	169	5025.434877	106
81735	189	1437.80357	30
81727	181	2838.797054	57
81754	252	6580.833724	118
81744	116	7618.53052	133
81692	46	8872.393204	139
81769	227	7274.086825	143
81714	181	4941.627726	101
81678	45	21.06693457	1
81769	125	4125.308151	103
81761	83	12449.72627	165
81746	16	6312.872753	120
81686	154	4570.932219	89
81690	190	6544.723101	106
81714	10	8254.695017	135
81692	128	6397.329433	118
81676	162	15.1480646	1
81752	160	6151.183122	140
81770	228	5509.996588	129
81718	146	5404.706772	109
81753	165	9326.740633	154
81769	254	9834.932544	163
81741	260	8771.595214	130
81766	146	5597.568032	125
81712	61	4769.128124	85
81755	161	2843.587862	63
81694	227	3160.974742	60
81713	48	6342.230437	118
81725	51	7468.2044	118
81740	107	6900.861848	117
81737	253	6326.494121	116
81720	133	6143.91885	101
81698	84	6449.798163	128
81715	207	4852.500107	105
81697	2	7529.14852	139
81723	205	5550.591605	112
81734	129	6440.062624	121
81709	40	2634.733942	41
81769	141	9138.273732	183
81685	28	353.0332017	8
81741	184	6918.162523	140
81694	71	2291.747166	54
81699	237	2272.888046	46
81716	110	9259.02253	131
81703	33	19.01011281	1
81768	90	6732.344851	132
81681	5	10.09167169	1
81731	222	5260.79662	109
81719	99	7368.004059	126
81685	104	816.1178534	11
81721	100	5484.662497	102
81760	86	10852.99423	173
81702	99	6365.195531	107
81686	97	8716.246762	106
81716	133	6507.43891	115
81759	92	4215.261454	95
81773	48	6902.380826	139
81693	164	8421.575223	165
81770	102	5412.753682	117
81715	269	4750.294246	94
81765	215	6389.23991	122
81721	167	6118.761795	124
81744	122	6401.974976	111
81693	189	6015.130933	122
81760	126	6326.952699	129
81694	162	3892.464558	68
81671	18	68.08107736	1
81735	230	1903.596576	29
81750	69	10616.18326	150
81761	252	5243.431651	111
81698	53	7221.554251	129
81755	69	5689.714153	90
81719	112	6550.300681	121
81687	25	5582.700259	129
81719	90	6985.55394	124
81743	41	7405.123432	124
81763	202	5747.201695	116
81762	0	12736.08462	143
81714	61	5383.26384	102
81745	202	4677.129627	96
81764	50	6022.95837	121
81734	68	9585.69876	338
81744	69	10597.27272	153
81718	91	5744.253313	103
81723	67	5838.416694	110
81731	75	8027.06953	133
81746	261	6135.038657	109
81711	190	6653.866607	114
81764	122	6605.104509	133
81712	177	4862.755494	88
81724	246	7194.172689	114
81741	225	5767.24891	116
81705	257	186.8248735	2
81751	48	5649.778117	106
81775	262	5651.049328	115
81693	244	5557.06885	109
81683	243	12.00989962	1
81748	232	10.58004692	1
81742	118	5093.744014	109
81734	205	6313.823014	116
81750	50	7522.357112	142
81721	29	6935.865322	129
81715	201	5755.097222	104
81713	146	5990.31523	123
81766	28	7959.597648	143
81717	141	9319.515027	164
81705	256	125.0400004	3
81747	218	4301.489671	81
81765	91	6819.023058	130
81704	190	23.384006	1
81694	165	3414.325888	58
81713	1	6530.789697	108
81697	33	8640.991785	125
81763	115	6245.550598	125
81691	137	9494.613659	143
81736	252	6422.273635	118
81735	153	2365.007582	40
81723	136	5788.166651	114
81718	165	9992.651671	158
81734	204	7264.238064	141
81762	128	6383.270782	123
81714	263	5609.61078	103
81775	86	8024.233733	132
81678	189	22.39437475	1
81692	62	5733.141041	110
81775	4	9522.127392	159
81753	256	7609.809069	151
81751	27	9425.125714	143
81742	232	6921.860702	126
81768	251	6683.447545	139
81770	221	7064.997565	132
81759	97	12126.00439	180
81743	232	6554.19209	122
81737	223	7529.311383	137
81766	241	6140.519406	119
81766	100	4991.724229	107
81768	43	7014.243553	142
81732	123	6690.807064	113
81711	193	11509.22646	163
81726	115	6015.478632	121
81734	19	4166.016717	106
81747	254	4930.882763	89
81718	136	5693.601701	109
81725	205	5779.45549	129
81737	76	6780.46445	125
81764	13	11264.36406	161
81757	85	9249.341283	160
81721	57	6023.683773	121
81744	228	4906.60543	104
81685	22	350.5483708	6
81711	33	9537.442799	135
81739	159	5346.547417	108
81702	222	3299.036013	83
81744	164	6414.23846	126
81698	16	7026.436759	133
81745	220	5980.888302	136
81690	4	8786.493458	139
81763	266	7189.046486	125
81693	217	6151.707842	115
81717	211	4688.269339	100
81734	199	6190.819834	123
81746	259	6158.935643	123
81726	196	5674.074344	118
81773	50	7145.255188	135
81744	97	8720.233299	136
81681	4	59.95564486	1
81702	214	6388.859315	112
81694	207	3190.318092	66
81717	100	6809.206471	112
81760	172	8449.767675	161
81685	44	1176.251439	22
81719	256	5988.164278	110
81735	40	1098.820333	28
81752	79	5882.270586	121
81707	267	4002.385982	80
81753	233	10995.17609	160
81764	178	7566.969351	144
81761	174	4609.769485	108
81728	179	58.30728754	5
81713	218	6229.245372	117
81770	53	7991.04727	145
81710	203	1542.005132	29
81687	134	4690.871364	93
81761	180	5892.505755	131
81744	259	6232.946724	121
81760	7	5673.408989	121
81712	107	4994.140894	75
81763	252	5209.880201	105
81736	251	5559.153733	124
81731	104	5843.837204	112
81745	28	7622.979115	141
81727	256	2273.459632	40
81697	0	9410.950788	113
81764	90	6340.380644	137
81727	213	3691.573342	74
81720	267	4784.973994	99
81711	14	6150.526869	116
81686	209	4034.171622	77
81768	88	9227.945662	153
81710	82	2002.18044	35
81719	145	6744.357108	147
81760	49	9147.992711	191
81766	54	7312.116265	146
81718	167	6772.174066	127
81708	216	5605.514665	104
81721	132	3944.971943	93
81769	156	7229.472094	148
81740	114	6717.765444	113
81771	128	5997.225189	119
81713	3	9411.752675	138
81733	105	5791.282075	117
81761	13	10652.34217	151
81742	229	4466.257942	94
81737	52	6544.904024	128
81701	79	27.69252786	1
81698	202	6133.084105	123
81714	106	6592.454261	119
81744	254	6188.206744	113
81696	49	5705.596694	104
81691	30	6807.587939	129
81766	234	4962.533516	120
81730	153	6851.291547	138
81768	134	7802.312382	144
81696	201	3981.200792	78
81697	160	6074.323625	122
81760	180	7518.732476	166
81697	32	5840.441896	107
81730	268	4073.113268	98
81696	81	5196.235709	93
81754	266	7510.780036	137
81695	231	5370.473093	93
81754	113	6390.662218	119
81757	98	4622.900443	103
81749	21	4142.588421	78
81766	78	7704.033782	126
81676	173	31.59038674	1
81744	137	7082.470851	131
81770	1	9788.748037	159
81766	134	7486.659703	142
81769	173	6487.921844	135
81742	233	12445.68037	168
81681	134	15.53522667	1
81747	131	4621.906151	85
81716	69	8450.882932	132
81742	206	15830.88049	227
81724	176	7488.286733	138
81687	34	4201.428648	85
81694	186	3136.850241	62
81722	229	6093.639875	109
81770	55	11905.97147	166
81711	113	5809.643414	110
81740	89	6527.049581	112
81763	237	5206.684209	108
81727	13	4472.806936	57
81688	114	6611.883541	103
81693	159	7375.624788	138
81751	224	5314.824028	123
81745	189	5347.290177	121
81716	215	6325.139148	114
81764	196	7153.155527	129
81661	87	24.54696908	2
81688	108	5218.988925	111
81707	156	4995.01401	98
81722	82	7336.71679	124
81732	229	5712.466739	117
81751	252	5495.119466	113
81741	206	11990.45437	206
81707	103	5661.28793	85
81696	106	5998.930495	94
81754	238	5805.882534	118
81705	239	70.94927582	1
81759	98	4547.325361	97
81737	107	7116.86128	137
81706	35	2957.537889	50
81715	0	9420.188597	121
81765	138	6227.536565	118
81691	145	6281.147924	130
81743	127	6899.938633	131
81733	235	5404.713757	101
81732	88	8825.603111	142
81726	35	6976.172624	139
81773	270	6885.156303	129
81775	52	6058.57884	120
81739	118	4389.447945	101
81768	98	5675.300604	115
81756	40	9163.443532	143
81688	51	7134.588381	119
81693	216	6017.768872	112
81719	162	6575.374892	137
81719	176	6628.869948	125
81761	72	6239.999977	117
81769	107	6459.594951	128
81713	66	5492.929381	111
81764	42	7146.227134	145
81763	209	5557.481472	117
81748	132	10.11154333	1
81765	222	5108.531928	117
81737	28	8016.135379	141
81746	191	5604.633801	111
81765	81	7138.220197	140
81724	38	5140.869589	102
81772	136	5477.576711	121
81751	119	4672.554366	83
81770	95	7604.233093	132
81767	39	6714.655963	129
81770	77	9504.893858	162
81698	17	8005.998544	122
81740	43	6030.400365	114
81754	235	4704.762895	101
81733	198	6194.387036	115
81771	242	5678.66683	128
81671	191	41.64623852	1
81769	96	8791.588095	157
81688	30	6102.987474	111
81767	269	5700.297705	124
81716	194	5589.52925	101
81766	36	7127.34069	136
81770	187	5979.023198	142
81726	172	6621.068202	117
81753	113	7621.889322	143
81691	57	6926.008489	125
81770	258	5966.447479	126
81765	139	4996.231414	97
81696	146	5085.401705	105
81770	8	10214.94254	167
81721	139	3896.58398	75
81732	113	6464.249807	120
81753	175	6486.044641	131
81713	30	7446.402338	130
81769	12	8063.058071	144
81772	80	6248.849018	126
81723	133	6197.52985	128
81689	67	5414.487595	107
81724	190	6674.507368	133
81769	264	6584.439941	136
81746	138	4861.051413	85
81770	197	5970.403488	127
81762	256	7479.43064	136
81718	223	6126.191264	130
81669	6	18.43533441	1
81749	86	4426.1971	76
81718	254	8159.37546	135
81681	2	20.84915976	1
81716	131	6552.940792	102
81746	98	3765.96646	81
81770	104	7165.395117	135
81754	75	7220.313832	128
81690	173	5656.224546	112
81774	85	6185.417407	122
81701	185	98.17516293	3
81768	185	6765.640502	150
81724	150	5480.284563	115
81692	89	6212.204902	111
81694	96	3159.504996	52
81772	159	6725.92047	139
81763	124	5608.318435	119
81745	228	5198.050783	107
81719	73	7650.535067	124
81699	14	2409.066387	45
81739	194	5979.33529	104
81712	150	3100.643249	71
81715	28	5993.544599	113
81731	50	6613.553693	118
81721	230	5702.049087	109
81763	118	5425.090844	118
81756	147	7989.779767	165
81695	239	3411.629425	62
81710	265	967.6274063	26
81717	41	9165.707224	136
81710	57	1585.098834	28
81692	37	7744.404287	129
81695	156	4463.21096	91
81730	229	5967.492983	116
81725	234	5831.611872	116
81736	215	5328.181265	109
81696	193	9943.69964	140
81690	86	6569.304369	105
81760	262	6223.33619	130
81701	242	58.02355245	1
81698	48	6822.072458	129
81674	70	13.9930774	1
81771	113	6758.413723	137
81741	46	8722.68083	135
81758	267	5471.140917	114
81743	266	6237.412698	123
81742	141	7754.474007	162
81697	63	5164.650346	97
81707	102	3592.031855	78
81698	73	9051.782715	136
81745	240	5292.189695	104
81730	105	6202.611872	122
81689	211	3476.810179	80
81755	204	3811.75627	73
81760	198	7667.289048	140
81709	232	2180.014225	33
81763	235	4235.223786	82
81737	137	8179.032488	139
81687	180	4395.232091	87
81726	134	5733.396129	106
81763	86	7946.12166	138
81763	3	8333.442139	138
81712	227	4647.182145	80
81730	221	7262.043651	136
81763	60	5754.572371	114
81724	45	8309.669209	124
81768	86	8185.81436	130
81692	186	5837.551591	102
81699	142	3234.152117	64
81663	103	17.20644143	1
81738	221	5734.409927	104
81764	206	11975.09255	209
81711	166	7990.927999	144
81725	199	8444.709311	139
81749	265	3268.60907	62
81725	190	5293.75543	111
81702	17	5578.630904	96
81754	230	6194.35909	122
81715	137	5758.948824	100
81710	54	1544.935774	20
81720	215	4288.505361	91
81741	258	5021.113977	89
81739	263	6003.827362	117
81745	178	6572.670933	130
81718	193	11460.42165	191
81714	14	6044.27829	109
81697	267	5763.684391	113
81758	252	6094.368969	122
81719	230	6065.54296	111
81757	93	8307.80141	132
81770	85	8879.412891	159
81739	198	4153.694762	87
81708	242	3026.538281	76
81772	133	6009.943871	114
81775	41	11199.08495	160
81750	243	6287.341986	125
81711	74	7097.538231	127
81720	134	5635.765272	89
81758	19	4336.846841	105
81702	199	6111.937786	117
81726	89	5790.22154	107
81705	203	112.9461627	2
81707	238	4208.671764	82
81735	6	2065.333919	36
81743	166	7266.791065	136
81758	136	5573.65193	109
81726	157	7417.714413	153
81737	177	7981.103986	146
81690	114	6895.232489	117
81752	69	9278.249605	148
81748	18	14.44641119	1
81754	234	5352.68225	104
81698	96	8127.276659	133
81685	221	439.0598889	13
81708	34	5532.250124	93
81731	99	6522.813422	117
81753	8	9131.853302	149
81694	200	3987.98808	74
81719	126	5497.911685	106
81689	218	5395.520926	105
81694	81	3769.962894	64
81749	43	3958.581324	77
81689	70	4465.75846	89
81743	3	8304.82	153
81725	153	8309.623491	149
81730	119	4979.946011	92
81763	240	4865.352229	103
81752	250	5317.457625	115
81773	73	7410.004206	141
81740	185	5669.143008	124
81775	13	10926.16141	166
81732	98	4012.423678	89
81746	215	5260.473533	105
81766	258	5314.041819	116
81731	162	7912.413491	159
81717	123	10537.73691	141
81720	39	5623.625636	104
81772	175	6098.344015	131
81756	113	5965.026203	115
81773	223	7087.094997	155
81695	162	5044.520404	99
81723	11	9631.693291	155
81768	156	5253.203321	114
81736	46	7477.511612	128
81771	116	7360.516707	134
81689	51	6558.084173	119
81695	53	4595.446149	78
81743	102	5214.317763	109
81741	192	6331.24054	128
81771	219	6479.475779	122
81713	214	6699.655809	117
81759	106	6547.566325	117
81690	262	5395.143784	101
81723	180	6843.747283	130
81704	127	19.86401156	1
81756	55	11605.16903	165
81746	152	7719.925468	161
81739	251	3631.26066	85
81687	252	4075.228417	75
81750	247	7456.520024	144
81682	206	17.84522099	1
81708	151	5610.261284	115
81756	234	6850.833549	137
81717	116	5357.564436	99
81749	39	3190.848808	68
81709	240	2203.355604	30
81721	106	5398.045964	97
81713	89	5734.095543	108
81775	181	5771.612989	125
81760	14	8277.542595	158
81740	244	4567.606679	96
81736	21	6859.56308	113
81705	72	37.00225673	1
81766	71	4068.383587	91
81723	8	9388.948121	141
81731	255	6097.061425	119
81767	263	5896.771596	131
81703	140	24.17765955	1
81765	80	7101.47988	131
81730	79	4865.411534	103
81735	73	1653.42733	29
81713	271	3582.429435	73
81686	201	4419.488119	75
81744	188	4986.981909	111
81732	132	5222.148798	102
81717	247	9457.812876	142
81726	258	5747.63423	117
81719	72	6712.471545	117
81738	237	5273.832183	104
81772	148	6951.55732	188
81665	176	47.00415861	1
81713	77	6221.159844	113
81749	233	7223.547991	101
81690	103	5659.594953	110
81774	220	5486.457586	119
81718	244	5985.084367	117
81775	18	7708.556588	143
81742	128	6037.372544	120
81734	219	8027.236945	130
81749	209	4505.866471	79
81756	81	6475.262633	121
81734	182	6093.16913	119
81699	65	3080.125285	51
81758	211	4652.091425	104
81760	137	7847.945933	137
81719	195	5121.275558	110
81731	48	5599.689834	129
81771	256	6318.639452	125
81753	66	5894.933024	117
81770	266	9790.72548	166
81708	89	5740.661762	111
81741	20	6504.432066	133
81715	241	4745.125141	95
81701	206	20.54061781	2
81758	84	6542.287931	131
81699	252	2527.388595	50
81687	221	4276.008478	92
81711	3	9337.7781	148
81715	267	6362.687382	114
81697	109	5789.077426	103
81753	264	5877.076311	118
81746	199	6954.425635	134
81686	270	3743.544486	76
81666	152	36.26920862	1
81758	131	7213.540106	123
81722	190	5903.525833	108
81709	98	1197.107199	29
81727	267	1804.978516	30
81752	41	10609.89693	160
81701	245	98.00191201	2
81701	146	123.7171101	2
81731	52	6641.511028	136
81771	97	10230.3107	141
81687	227	5604.259629	100
81709	147	2191.789143	43
81755	38	3369.397673	67
81761	88	8762.245037	122
81742	253	5114.492016	110
81724	170	5762.336076	117
81765	51	8395.571551	162
81738	54	6083.450858	122
81764	144	7656.960032	152
81736	23	6672.712195	115
81699	181	3112.699757	48
81772	43	5585.102749	111
81709	96	2110.974414	34
81767	38	6840.421965	138
81708	222	5795.914345	119
81769	138	6706.299341	143
81701	73	51.11989673	2
81763	201	5663.881436	121
81739	74	5456.069756	103
81715	145	6177.908486	125
81697	256	5189.62838	103
81756	50	7213.232257	132
81775	167	6414.409996	133
81694	23	4691.299563	80
81775	100	6465.215864	125
81741	98	4028.304864	94
81690	166	6794.006222	131
81768	24	4361.486433	96
81737	42	5730.74651	112
81697	16	5075.803666	111
81736	11	7269.86496	136
81759	40	7744.535247	144
81705	55	205.9747307	6
81755	0	3941.4582	56
81707	27	7898.577055	119
81692	155	7484.164892	142
81766	203	7772.96638	143
81730	55	11194.43545	158
81758	72	6973.062866	126
81691	152	6424.118107	129
81733	221	6578.577511	122
81771	203	7540.70555	150
81769	42	6617.346123	144
81697	220	5105.061137	101
81741	18	8793.153369	142
81685	202	23.29531128	1
81759	7	5164.854255	112
81740	255	5547.73864	121
81691	184	6917.82671	136
81727	243	1754.183215	29
81700	233	11.47289681	1
81714	66	5810.645716	115
81744	104	6030.390346	114
81765	164	7408.975086	152
81755	265	3103.530643	69
81745	208	5730.246234	119
81775	58	7658.541714	143
81724	25	8425.042597	152
81747	258	4441.702135	85
81739	148	4857.401845	112
81725	265	5853.226161	121
81717	107	7241.235878	95
81748	141	15.96460239	1
81688	103	6678.169207	113
81768	172	7248.555173	153
81717	117	5907.14461	104
81713	56	7227.707051	128
81664	123	24.10583	2
81723	38	5978.906947	108
81717	175	5317.441024	107
81712	204	5365.134211	107
81767	198	5151.103907	118
81740	134	6114.191292	118
81722	140	8165.92468	129
81764	121	6640.163769	129
81749	140	3099.8892	53
81692	112	6312.170047	106
81755	110	4599.279339	68
81727	144	2177.340895	48
81690	176	6440.397862	118
81688	137	6868.530047	122
81733	112	7549.575406	143
81773	154	6970.094536	154
81739	58	7492.61295	125
81726	221	7508.704006	139
81687	235	5018.707825	106
81713	243	4920.814618	82
81767	208	5627.271263	107
81710	157	984.5401824	20
81715	257	4811.408408	90
81760	192	7229.561194	143
81758	121	7118.515234	119
81751	18	6978.253872	132
81743	193	12417.68233	159
81705	22	145.0126863	3
81699	171	2872.063594	46
81692	43	6378.282541	126
81753	80	7016.728554	129
81736	238	5390.86026	115
81770	141	9577.975175	171
81749	104	4046.787945	65
81677	55	17.68718352	1
81716	214	6663.384723	113
81712	214	4594.581495	75
81685	75	921.9246497	15
81750	9	6333.345418	129
81698	269	5297.671397	102
81764	270	5866.6692	121
81726	226	6209.78128	120
81712	35	4336.230573	73
81734	144	6305.613089	133
81723	51	7801.061545	121
81774	213	5925.188509	128
81742	157	6166.310353	132
81690	219	6881.507098	110
81745	158	6454.707089	141
81764	235	5447.877136	116
81709	37	1494.580806	32
81699	224	1599.8038	35
81698	101	11955.05454	160
81755	209	2828.483667	62
81759	266	8753.28872	154
81730	254	6695.632679	119
81708	241	3917.034273	78
81731	105	5720.038188	109
81751	172	6090.322672	129
81770	57	6431.745503	129
81691	251	5016.848208	106
81774	46	8250.889771	142
81727	193	5125.812212	79
81687	239	3583.977903	83
81702	178	5500.495345	108
81706	39	3415.80346	68
81708	105	4741.152913	95
81760	188	4489.078653	113
81760	226	7305.628547	140
81685	256	1079.127239	19
81775	263	6279.033512	128
81691	141	7621.52591	142
81717	108	5397.018457	103
81711	261	6810.674857	124
81731	228	6078.010772	119
81730	92	4451.764043	92
81758	271	5208.081323	90
81699	8	3324.021717	57
81762	169	9545.087551	170
81756	79	6574.25627	134
81732	81	5196.679155	111
81759	230	5810.683854	121
81710	164	1480.612509	28
81769	198	5785.469057	126
81724	253	5394.484644	94
81691	48	7205.135943	127
81746	145	7169.414941	144
81717	59	6880.256522	107
81752	66	6169.421175	125
81775	64	7822.646065	144
81711	160	7324.742485	140
81697	117	6548.30499	110
81705	148	103.0555976	1
81701	260	248.81356	5
81686	68	4231.671212	77
81694	185	3013.344987	54
81737	21	6989.822753	134
81755	258	2958.669569	62
81763	104	6012.160779	118
81723	199	8671.693594	151
81710	231	2274.601307	41
81767	40	7992.452815	137
81688	29	6908.150965	111
81733	23	9422.964121	158
81730	205	5968.141757	118
81745	159	8194.481656	167
81720	166	6555.896635	113
81726	17	8082.890669	147
81710	161	1559.939168	29
81743	215	6380.059378	124
81760	123	9167.824315	164
81710	217	924.1118711	18
81764	55	12412.58838	181
81763	188	4057.989138	96
81756	205	6684.52979	129
81705	195	17.92115842	1
81763	68	9296.910488	367
81751	141	6602.596306	132
81719	56	8589.298235	137
81757	226	5572.874779	113
81721	2	7123.405183	135
81751	30	6865.482755	134
81734	125	3840.193763	96
81735	69	2040.011109	35
81695	3	8614.887247	120
81718	17	7536.970644	120
81697	48	7280.508161	132
81773	13	8994.467701	145
81754	29	7136.961499	126
81743	269	4506.22621	105
81739	114	5013.337563	78
81694	124	1767.041689	34
81766	242	4678.952909	107
81723	44	6589.077842	122
81725	2	7715.158456	149
81693	37	9244.987455	142
81707	257	4149.583283	80
81743	120	6192.880405	110
81759	68	10487.94952	384
81722	153	7618.878405	151
81703	116	10.87446591	1
81742	218	5800.324726	117
81685	12	749.5814627	13
81690	188	3811.196177	86
81768	109	7200.769443	122
81769	265	5937.161473	138
81696	19	3175.037202	71
81718	131	6475.32819	118
81754	242	4298.791253	101
81749	112	3780.159179	81
81729	260	31.54248414	2
81711	180	6569.013888	120
81727	143	1895.416401	40
81735	155	1424.504917	35
81710	206	2737.516979	46
81733	212	4814.595801	99
81698	191	5547.612808	115
81681	116	10.46019435	1
81746	198	4724.059656	109
81714	39	4841.64346	96
81698	91	12056.93219	402
81764	174	4961.822567	114
81718	24	5828.182224	116
81697	201	6237.036507	107
81690	258	4856.02355	95
81743	106	5751.75868	111
81742	269	5019.753401	111
81688	197	4562.505469	110
81754	81	7225.707448	146
81748	12	15.62515813	1
81734	244	6378.99509	131
81697	151	6647.645069	123
81772	36	7566.776492	147
81701	15	14.02446746	1
81698	155	8518.448434	134
81763	144	7002.308066	140
81770	6	8602.099997	137
81702	262	5060.29216	111
81740	191	5024.480694	113
81715	26	6981.25387	134
81686	238	2345.041041	46
81712	252	4782.954301	85
81733	34	6807.340778	122
81766	131	6351.807817	101
81748	234	68.05163771	1
81737	200	6975.13979	138
81712	79	4994.253626	84
81706	93	4483.12016	58
81687	139	3033.397913	58
81696	213	4203.088552	83
81724	28	7535.000862	127
81751	257	4407.952055	96
81713	81	6028.397938	105
81749	255	3572.758067	68
81761	235	4012.926245	89
81691	65	8812.126667	158
81696	1	6633.225695	107
81708	52	4225.918618	93
81712	262	3294.960022	68
81686	63	3143.854126	67
81689	158	5779.879731	125
81755	36	4869.981262	86
81739	193	9733.384421	139
81771	6	10333.82829	160
81720	22	5952.222417	109
81702	230	5945.295374	103
81693	156	7230.237749	131
81754	129	5463.321158	118
81669	98	25.05723203	1
81733	50	6314.531287	110
81738	253	4602.075386	87
81693	108	5584.436502	92
81685	191	617.0761658	13
81713	15	6388.378162	128
81705	230	185.7501524	4
81761	99	8193.939865	138
81711	196	6595.147449	120
81753	11	9448.151546	152
81753	98	4695.001051	106
81760	31	8995.774165	160
81767	205	5853.675316	125
81695	253	4024.844272	79
81688	74	6225.960513	112
81707	150	4306.69252	96
81733	231	5680.51573	115
81727	89	2475.964652	49
81683	48	10.43545272	1
81708	257	5006.202059	94
81753	3	10213.98738	181
81703	210	50.81137174	3
81709	75	2442.345155	37
81737	33	9413.34971	141
81762	143	6755.201535	144
81685	232	657.8838557	11
81767	130	4982.213081	115
81773	83	11606.17369	165
81724	212	5251.606659	96
81747	203	3772.941519	83
81763	258	5931.464972	133
81742	209	7403.185305	124
81759	243	6054.756696	127
81722	205	4808.794067	108
81687	212	4149.149142	88
81706	183	2965.959351	59
81743	181	5800.503931	118
81715	254	5423.413113	99
81769	102	7892.866415	156
81745	173	6505.203749	122
81737	174	4771.415155	107
81720	220	5867.9693	107
81766	14	6134.428936	112
81754	92	4238.942116	103
81745	244	5736.313992	107
81756	226	5354.148363	121
81769	91	6516.827917	144
81697	97	9578.771183	125
81753	88	8574.743423	140
81769	250	5517.302749	117
81765	141	10153.21842	183
81703	6	31.3151423	2
81690	179	11727.56699	173
81739	166	4965.388809	103
81721	156	7636.344014	141
81726	218	6513.076883	115
81725	192	6874.346603	140
81768	84	6170.572168	122
81688	159	6370.536833	128
81765	168	6750.910582	146
81737	179	13045.14227	210
81731	214	6194.087026	122
81689	134	6232.012943	99
81766	99	7350.016606	117
81730	133	4951.655876	83
81715	211	3817.096768	87
81719	203	7392.09715	122
81696	152	5284.829866	104
81710	49	1024.853786	24
81734	39	5704.217688	113
81727	92	2207.519429	44
81751	97	9305.774889	126
81707	223	5079.079353	106
81747	47	4855.845279	95
81755	160	3363.420661	76
81686	55	7688.019577	107
81694	4	3859.427918	68
81692	262	3978.753426	87
81725	240	5075.238975	106
81757	24	7600.273052	142
81734	226	6281.352023	120
81720	184	5139.971697	102
81715	226	5206.733135	91
81703	88	22.39885523	2
81735	212	1037.541429	18
81725	66	5659.940506	111
81727	149	1979.439455	47
81746	33	10096.0564	165
81743	42	7069.496033	125
81695	145	4416.505176	105
81765	224	6038.916884	122
81736	123	10159.87519	145
81714	84	5998.270124	115
81693	30	7643.531013	127
81726	28	7609.892644	135
81734	27	10200.46557	138
81762	182	6964.091018	142
81673	260	12.18690374	1
81712	261	4213.987799	69
81693	104	7427.153486	124
81743	9	5738.52041	121
81744	247	6565.56148	126
81737	264	6644.384124	115
81678	11	15.57546663	1
81769	98	4860.234863	116
81739	147	5647.595486	120
81761	134	6375.102312	117
81759	151	7991.93969	164
81756	118	5123.58704	114
81702	249	4699.579873	98
81768	159	7391.537128	168
81759	233	13235.77707	167
81736	207	4212.878868	94
81730	37	7216.665674	116
81770	52	6741.154779	126
81770	10	9729.931078	159
81692	40	7716.492126	137
81758	56	7389.451553	141
81764	108	6674.800543	129
81758	166	6297.812236	137
81722	10	8683.049395	142
81736	228	4198.144343	93
81752	260	9749.75201	165
81743	77	8575.668913	154
81687	242	3067.710765	73
81717	231	6845.934246	114
81753	34	6011.908318	114
81770	271	5170.81357	94
81768	132	5637.568641	111
81760	76	7852.323869	136
81692	143	6652.027514	133
81742	133	7210.698938	134
81687	266	6581.432028	103
81703	60	24.02000447	1
81701	2	256.0537215	3
81724	141	6571.728725	149
81759	18	8658.276929	145
81730	146	5978.579532	128
81731	111	6325.331191	117
81685	162	583.3916421	12
81772	75	8020.06625	141
81711	13	11312.50979	153
81751	179	10643.84474	171
81693	117	6980.168971	123
81707	63	5027.936468	107
81732	110	10661.07021	148
81695	134	4598.923956	81
81757	163	6707.770882	138
81691	38	5676.392045	111
81719	186	7235.983969	142
81707	144	5331.448732	110
81694	2	3062.949316	64
81733	227	6068.56384	111
81710	117	1571.893271	24
81724	169	6635.595388	124
81694	5	4261.080375	70
81750	116	7246.113644	132
81766	63	6289.243901	120
81756	5	7954.80708	137
81706	56	3999.770501	66
81694	10	5439.822771	81
81768	184	6856.709902	141
81771	255	6078.949645	139
81750	248	7080.942799	146
81710	249	1311.838967	28
81731	193	11434.75038	174
81688	265	5188.738625	93
81721	246	9429.103848	149
81691	101	7332.702578	121
81687	111	4299.74972	84
81710	149	1117.287059	29
81686	152	3363.490553	62
81772	216	5983.658463	123
81726	86	8814.892845	135
81754	203	7812.150201	154
81694	104	3431.716573	63
81731	204	6629.259598	138
81695	35	4117.61124	77
81725	193	12906.59698	185
81725	100	6299.194193	116
81762	193	12023.42984	175
81738	149	6814.221404	136
81736	41	8057.629553	121
81743	131	7239.335755	133
81710	104	1381.313057	28
81723	248	6941.462619	128
81697	261	5255.93171	101
81737	168	5770.624931	120
81703	248	10.26829547	1
81696	120	6680.899589	123
81738	263	6204.319792	112
81764	24	6276.504168	128
81703	142	23.86723893	2
81707	13	7518.733935	113
81702	90	5830.344494	99
81719	269	5758.34974	109
81765	223	7196.896924	145
81756	243	6412.074458	122
81743	51	5931.100697	108
81767	156	8292.048706	148
81716	237	4676.027957	92
81700	209	31.01973479	2
81717	160	6791.906166	126
81716	90	5798.512385	108
81711	101	7767.213967	131
81768	70	6584.994353	124
81773	80	6177.993368	129
81689	102	4424.538443	88
81738	103	5589.103835	103
81764	215	5393.866232	108
81705	32	49.16241282	1
81754	169	6515.052479	118
81757	128	6737.407733	142
81751	190	5606.248918	106
81767	129	6698.522332	137
81756	214	5773.167075	95
81753	73	8867.800138	146
81747	215	3793.951645	82
81765	171	7020.966565	139
81689	45	7589.584998	116
81710	67	1251.012333	27
81685	39	768.7389732	15
81722	241	4859.580208	100
81771	25	7106.792252	131
81694	67	2274.246616	50
81689	103	5695.99954	100
81721	55	13015.30091	166
81711	172	7303.835853	129
81698	79	6277.90781	114
81673	196	11.32922227	1
81745	214	6020.963047	106
81706	240	3134.641774	55
81694	175	3166.506918	59
81735	75	2117.612205	31
81688	234	5188.095381	110
81747	73	3991.929307	71
81769	35	6784.973099	135
81685	161	467.5145579	13
81724	154	5702.390522	112
81708	28	4755.191014	95
81743	11	8988.245275	141
81698	245	6706.078051	119
81765	40	10242.25199	157
81738	191	5583.825912	122
81709	231	1783.583184	36
81767	100	6964.247405	127
81765	102	5504.006793	108
81691	206	9278.647827	141
81720	183	4443.389289	85
81694	32	2812.558301	56
81737	20	6292.209045	120
81773	269	6015.738517	125
81764	166	9569.600298	175
81741	202	5007.181442	105
81697	17	7190.641492	121
81705	56	23.64249753	1
81688	67	6336.285398	116
81698	71	5038.042463	103
81735	98	1593.742785	32
81685	72	853.1842124	14
81741	131	7967.069034	131
81694	168	2851.056514	61
81710	81	1640.921884	28
81734	58	6721.168076	119
81769	200	8816.255967	166
81688	154	6346.262057	130
81725	253	5839.163848	107
81732	67	6236.68317	112
81687	47	4287.908618	85
81738	84	7072.508248	122
81664	244	46.51662146	1
81692	3	7992.94892	133
81766	178	6384.850481	134
81732	92	4640.399213	104
81707	195	4372.719579	82
81755	108	3370.964716	73
81769	22	7223.163585	150
81719	74	6813.924342	108
81713	247	7066.376938	129
81775	207	6095.640068	128
81687	50	4508.737612	86
81749	137	3433.75598	63
81693	17	6818.800392	122
81756	46	9140.576193	146
81755	121	3517.557224	63
81727	239	1420.854808	31
81706	210	4385.740931	72
81693	188	4584.70485	106
81775	226	6311.366077	129
81718	75	7958.6941	120
81730	250	4251.63663	93
81727	163	2833.856321	53
81687	215	4082.686663	92
81755	25	4131.428289	79
81735	19	1039.653343	25
81774	122	6416.047506	118
81720	50	5362.788406	98
81708	197	6516.680069	131
81770	268	5273.350748	112
81775	56	8185.964317	149
81720	64	6437.539853	107
81696	189	4507.211436	92
81715	128	6171.693455	117
81766	4	9398.002952	155
81694	195	2955.751885	60
81726	72	8906.459319	152
81728	199	98.20656633	1
81775	11	7818.751901	141
81713	120	5387.606066	103
81755	114	4708.619566	80
81768	225	5881.941376	137
81718	118	5196.94021	108
81760	132	5583.242999	122
81738	260	10567.29312	136
81711	197	5645.333173	113
81775	194	6063.186947	127
81773	8	9664.110187	144
81767	60	6207.495339	135
81775	6	8038.93306	140
81685	259	594.8065034	11
81696	197	4798.505085	92
81685	89	800.9870213	15
81693	143	5685.62024	124
81721	11	9563.159132	151
81696	143	4416.467884	100
81663	162	28.58211239	2
81738	142	8832.574178	159
81708	17	7096.057971	117
81765	181	6563.329177	128
81767	146	6010.037035	129
81775	54	6564.28335	119
81746	93	7706.288836	131
81734	264	7210.508359	144
81712	161	4153.084179	86
81697	243	5274.177794	94
81756	223	8309.04474	143
81772	91	6519.865934	131
81735	93	2263.022406	35
81744	153	7016.679554	143
81755	131	3597.579854	69
81693	203	6462.167248	124
81731	244	6693.55925	137
81745	121	7401.765284	119
81720	1	6952.337382	113
81751	82	7463.667826	125
81698	25	7187.298158	131
81762	229	7818.127609	147
81755	158	2477.533015	63
81740	214	6277.248189	114
81690	232	5526.873326	102
81698	195	5187.894511	115
81742	29	6792.341524	128
81773	98	4519.300818	94
81720	91	4066.558988	79
81699	152	3309.530547	57
81697	54	6010.489032	101
81697	101	9613.664564	137
81731	113	5508.41781	103
81730	218	5074.476126	103
81739	93	5514.986484	105
81713	2	5793.879988	115
81771	257	5179.170784	110
81693	157	6022.111999	119
81692	195	5265.468323	111
81733	130	6507.167836	110
81746	218	5635.514185	106
81718	50	6321.231083	102
81737	172	6888.906303	139
81755	170	2922.432514	56
81767	133	6496.00937	127
81741	170	7137.633803	138
81716	79	6258.530706	117
81714	18	6339.858107	103
81758	107	6981.825953	129
81708	65	6762.813734	122
81736	188	4014.634258	102
81750	68	10747.77362	405
81694	253	4015.128615	67
81687	241	3831.008814	72
81727	166	3340.226349	62
81734	167	5302.912632	115
81751	59	5665.698111	106
81711	154	7956.107285	141
81719	34	7068.94846	135
81747	80	4788.265287	94
81722	56	6184.718052	107
81691	163	6477.143731	140
81687	249	4743.480086	84
81725	10	10134.39519	170
81708	85	7175.401027	126
81754	134	6018.957979	113
81759	107	7700.451147	142
81774	255	5676.414423	136
81741	21	6963.16995	137
81707	15	3889.611277	85
81698	93	8409.586998	137
81745	239	5088.303248	100
81716	177	6740.427739	136
81722	141	9316.57471	164
81699	125	1394.614821	31
81721	256	6236.431409	103
81686	3	5963.719539	100
81691	138	5549.967702	101
81688	183	5955.894522	111
81702	8	8222.214266	116
81701	110	144.2394085	2
81745	63	5662.121223	112
81743	265	5884.755484	104
81766	103	6191.301145	118
81764	254	6109.974156	121
81730	170	6043.307456	126
81745	205	5098.810315	114
81745	164	6410.419482	121
81773	74	6430.818314	125
81724	99	6685.036196	128
81750	88	8731.19749	137
81732	213	4657.226152	105
81775	61	7313.004237	141
81685	37	893.4676924	17
81761	101	8139.758755	137
81736	79	5579.963092	112
81736	255	4089.190539	94
81749	217	3575.031442	59
81748	114	47.74269561	1
81721	60	5081.10024	90
81736	233	9497.516677	152
81716	148	5321.24669	113
81688	224	4605.415602	97
81671	127	41.68044478	2
81747	62	3430.833486	69
81676	255	40.43138952	1
81756	75	8941.756281	143
81730	14	6631.210299	118
81760	52	7723.832098	159
81758	251	4843.796456	105
81761	221	5798.374761	114
81687	237	5313.683577	100
81720	193	8532.551201	140
81752	74	7649.117586	129
81762	33	8520.980519	141
81717	85	8082.010641	132
81730	154	7001.236806	142
81772	3	10606.37201	165
81759	171	8781.420352	167
81714	228	4987.868207	105
81707	259	5103.642525	92
81755	17	3787.660707	70
81735	184	1750.392822	36
81712	197	4498.483429	76
81770	127	7575.966035	132
81698	258	5765.391408	106
81750	6	7005.617397	127
81694	102	2835.595469	54
81694	130	2773.972332	54
81764	69	10352.24808	156
81703	34	13.18645818	1
81753	266	7575.299469	135
81690	164	5966.316938	117
81735	52	1143.735817	28
81709	210	2515.851259	44
81709	84	2473.209931	44
81720	86	5858.426106	92
81759	70	5357.534619	129
81697	266	6335.862751	104
81702	260	8389.317925	129
81756	184	5738.73392	125
81774	180	7142.645199	158
81701	70	97.01456209	2
81737	51	6864.389016	134
81688	270	4711.180114	94
81741	234	5369.011653	112
81691	202	6550.245691	117
81743	225	7733.078023	157
81714	90	5021.696052	94
81720	257	5330.095144	102
81690	5	7924.871585	132
81695	165	6874.003956	109
81703	61	10.3018537	1
81698	139	4669.859497	84
81695	73	5577.11103	83
81741	68	10615.48212	411
81769	143	7285.146292	164
81729	264	46.84428833	1
81721	22	7620.269333	133
81686	219	4360.164032	93
81761	122	5776.851286	102
81717	183	5054.584509	107
81690	251	6009.780838	110
81772	210	7494.693949	130
81735	135	1322.600453	25
81760	5	9366.218996	166
81739	100	5915.194587	105
81708	77	8532.677362	123
81737	153	7060.631742	142
81680	76	82.93513605	2
81664	4	10.38132949	1
81733	157	5840.125274	127
81732	189	3757.842532	88
81692	78	5925.066746	100
81742	177	6559.77222	118
81705	219	75.36111364	1
81738	29	6647.656323	115
81715	218	6410.133788	114
81740	206	12997.53294	205
81763	152	8198.714824	162
81718	42	6467.959218	119
81754	214	6843.301309	115
81691	44	4851.794911	106
81691	169	7024.284028	132
81709	119	2092.333029	40
81719	18	7302.937848	124
81758	214	7709.32039	138
81772	161	6140.714715	145
81662	0	103.1934815	1
81688	213	5100.257872	97
81689	251	5787.201899	106
81691	188	5334.438182	119
81689	85	7130.400309	105
81762	58	9532.216819	153
81717	268	5368.338342	100
81744	123	9899.161232	141
81736	166	5915.007708	119
81708	264	5480.853114	100
81733	271	5832.272172	114
81775	224	6302.404768	134
81730	120	5491.509837	93
81727	26	3076.779361	53
81769	95	6823.838584	120
81724	262	6015.409683	116
81749	111	4120.130278	67
81758	237	6265.360173	127
81706	43	2809.531994	63
81708	245	5040.45923	95
81695	118	3594.12634	73
81763	191	6311.198557	148
81742	239	5421.843421	115
81707	217	4636.143808	97
81695	92	4021.721528	75
81747	100	4237.696628	72
81712	192	3211.005147	76
81746	12	8043.481493	137
81770	247	7003.70037	122
81711	119	6931.737267	130
81747	77	4378.397044	75
81691	47	4873.91781	91
81762	225	7018.323912	148
81702	66	5379.007313	113
81760	270	6799.682326	130
81711	233	11902.57334	172
81718	144	5023.346623	106
81707	186	4273.614411	78
81775	50	6589.836846	137
81762	27	11814.53798	181
81752	213	6554.629561	142
81767	41	8495.55025	132
81720	146	5388.811221	105
81749	161	3884.638672	79
81739	87	4990.956751	87
81741	179	10702.76818	173
81730	266	7489.178507	125
81717	113	5220.967508	105
81695	121	3938.120544	78
81734	65	6206.586352	118
81763	147	6693.050611	142
81738	70	6443.773901	128
81760	3	11857.98059	178
81736	270	5695.967187	111
81735	59	1658.076937	27
81690	3	8864.737681	145
81767	186	6997.659057	129
81686	72	4861.540523	90
81754	187	4105.093907	103
81693	176	7711.54299	138
81765	114	8588.729023	141
81745	184	5367.696973	117
81754	229	5222.118717	111
81730	191	5091.853515	109
81688	131	5626.97935	105
81719	113	5983.558809	104
81762	140	7280.817855	123
81685	34	924.7489619	22
81724	218	4893.993736	98
81756	57	5593.772786	125
81671	174	76.74497	1
81733	222	6508.813274	135
81701	169	37.55490755	1
81719	84	5853.395942	117
81710	140	1864.198005	29
81727	269	3327.425754	58
81762	137	8104.300165	134
81715	69	9217.796617	128
81767	28	7301.349205	131
81767	125	3911.30773	88
81724	74	5603.118634	105
81757	260	10339.26212	161
81689	41	6988.852561	102
81732	196	6149.72715	120
81687	165	6449.081678	120
81775	20	6246.298174	129
81760	218	6127.541321	118
81718	123	8849.687158	126
81738	52	7431.275749	143
81735	234	1725.864836	34
81691	115	6077.85783	114
81758	30	5713.353211	119
81692	180	5776.253179	126
81768	271	4846.969017	91
81764	67	6979.398806	131
81723	186	5740.366723	103
81692	36	5348.370711	99
81671	233	11.91005304	1
81696	245	3978.120482	82
81699	258	2512.913463	52
81699	140	3175.233932	45
81771	104	6807.356875	128
81738	143	6794.02533	137
81711	24	6277.809237	133
81733	172	7672.739397	151
81692	22	6085.633017	120
81698	68	9204.927636	153
81736	193	9207.391027	139
81756	252	6293.70259	128
81690	135	6647.357236	112
81691	155	6942.809433	139
81687	263	3526.899007	75
81707	71	3584.158569	80
81752	130	6460.725904	131
81753	99	7037.015791	140
81767	57	6529.938904	132
81697	143	6217.562734	117
81741	223	6650.177658	146
81744	143	6072.1266	139
81698	222	6740.535336	128
81767	158	4868.439245	110
81689	231	6191.893051	113
81770	78	8268.525268	147
81759	264	6448.935788	123
81725	28	7796.495741	133
81739	269	5036.099358	104
81758	141	7509.908357	143
81710	169	1729.874674	34
81766	176	7268.818522	140
81699	15	2746.291959	41
81699	233	5257.789763	69
81691	228	5835.139646	109
81712	9	5044.8113	90
81718	90	5810.564631	108
81759	135	6538.258111	122
81683	101	19.98690366	1
81690	167	5980.631923	113
81765	186	7099.235111	137
81722	88	8192.404333	117
81752	31	7165.036235	145
81716	228	4800.270443	97
81759	147	6700.197077	148
81676	178	21.76011147	1
81773	137	5570.954387	107
81667	193	10.439505	1
81713	226	5983.211053	117
81691	238	4837.942953	90
81698	136	6402.327924	113
81683	119	25.53730852	2
81744	154	6614.684813	146
81760	102	5789.067055	114
81709	54	1494.942156	26
81707	166	4408.241477	79
81768	139	5355.739212	95
81733	220	5556.89462	113
81736	212	5232.773932	102
81772	196	6272.090388	131
81740	81	5362.872812	96
81744	264	6493.335905	115
81775	5	6156.142698	121
81721	179	14248.25224	190
81753	45	8267.176111	128
81709	242	1059.142857	26
81773	82	8053.434338	136
81689	188	3684.034495	90
81718	47	6073.965205	119
81770	90	7151.160591	127
81758	40	7745.120853	129
81746	89	6965.246205	122
81711	107	6914.330358	107
81732	94	5838.671099	109
81715	62	5920.402597	103
81768	209	7429.42823	123
81768	207	5735.949471	120
81723	162	8072.841459	149
81751	227	5473.214552	106
81709	194	2191.947883	40
81709	10	2818.661492	46
81699	210	4538.021167	60
81707	172	4201.066645	75
81671	167	12.18710546	1
81722	76	6687.254368	117
81757	39	6054.290388	129
81745	9	7128.583934	133
81763	23	8732.163328	169
81738	43	6702.8996	118
81707	241	3373.945392	72
81713	254	7404.228794	116
81691	253	6067.70073	106
81775	91	5869.293355	125
81727	241	1650.83361	35
81717	252	6698.93657	108
81753	271	4308.594856	87
81740	205	6741.964232	121
81722	49	5426.720799	107
81702	11	6935.774533	109
81712	85	4894.902828	80
81739	135	5455.519979	102
81750	126	6314.809063	127
81736	86	5895.196707	92
81770	113	6231.026778	116
81770	126	5637.56123	119
81768	241	4548.412763	104
81741	128	6128.133411	125
81765	167	7295.570566	139
81774	12	10412.87015	177
81702	181	7043.504947	134
81748	200	26.13951143	1
81773	238	5914.169623	128
81768	72	7492.866681	129
81701	143	178.524853	2
81742	254	7078.265096	131
81717	133	6913.294999	122
81743	37	8589.148417	156
81751	139	4016.575335	82
81739	56	6766.543332	131
81749	210	4585.075614	81
81686	133	3008.570947	66
81723	207	4277.824957	104
81765	197	5293.941018	126
81723	243	4407.368338	99
81735	111	1452.278221	31
81722	223	7049.209267	127
81761	58	8299.332869	133
81738	157	6260.710714	132
81696	16	4919.01452	87
81699	131	1938.220013	39
81706	114	3934.307168	57
81711	95	5483.760976	100
81732	136	7028.53276	138
81747	221	4763.570391	77
81736	156	5736.862122	120
81681	115	13.36614875	1
81710	61	947.2080239	22
81693	265	5706.079676	123
81716	104	6175.83958	116
81762	192	6149.686903	132
81769	178	8303.957662	166
81670	215	12.27266847	1
81710	56	1264.34708	24
81765	143	8296.16209	171
81763	250	5929.446608	121
81680	25	19.92890647	1
81707	204	5575.505458	92
81763	35	6817.772127	129
81741	238	5117.559167	113
81687	22	4196.542021	80
81686	61	4011.420979	70
81707	19	3769.158825	90
81770	149	7062.717939	154
81727	212	3485.327617	64
81737	215	5957.3631	120
81701	129	12.76331687	1
81713	246	8886.443227	143
81748	182	68.84358092	1
81764	70	4454.364942	93
81774	168	7046.445594	157
81763	157	6815.647012	136
81730	187	4187.283607	97
81692	164	6216.264643	119
81761	164	7048.583916	131
81774	8	10177.1269	160
81770	38	6628.490448	138
81761	208	6619.00394	134
81774	169	7537.180469	151
81757	57	6999.497806	143
81759	162	8072.742629	147
81690	183	6020.654153	129
81707	163	4828.313094	101
81753	214	6792.35659	121
81703	81	59.36130182	1
81738	255	5303.192438	100
81733	154	4762.551395	102
81763	259	6187.274805	118
81712	127	4651.174735	79
81711	249	6330.605978	141
81745	255	5790.946939	120
81758	105	5902.870246	111
81774	142	10101.50773	183
81698	148	7206.950311	147
81733	255	4224.238644	93
81770	121	7301.157325	138
81761	109	6794.051521	120
81707	183	4001.88663	78
81769	160	6742.894048	165
81749	264	3720.755987	67
81688	200	2176.84276	37
81735	154	1377.214777	33
81711	239	5953.043365	108
81762	84	6828.527111	138
81735	160	1560.958221	30
81727	249	1649.446829	40
81774	127	7621.317365	140
81774	171	8391.212874	162
81720	124	4616.110868	93
81691	211	5110.418411	104
81719	261	5454.712929	100
81706	228	2820.031402	54
81765	153	7650.019799	151
81741	33	8861.052053	153
81774	196	5645.56956	125
81737	56	8242.614509	144
81715	142	6627.68451	118
81710	15	1161.575133	22
81691	215	5747.628614	104
81716	40	10488.08552	158
81765	125	4387.749941	105
81774	217	6514.369594	128
81740	212	5581.450464	109
81773	25	8960.182852	149
81774	2	7431.899523	153
81768	214	7481.947909	130
81689	148	5803.607888	116
81730	247	7231.458872	123
81734	86	7188.20322	126
81774	0	10009.56515	136
81773	61	7092.182148	144
81740	232	7194.688662	142
81713	191	6267.268954	129
81774	211	5758.466023	118
81754	85	7897.594923	133
81706	141	4622.8799	84
81760	257	5494.863031	110
81698	240	5219.503743	111
81692	153	6454.513654	121
81771	240	6560.687281	133
81762	250	5794.939245	126
81775	265	6042.407196	135
81696	247	6737.59075	128
81751	87	7587.482978	123
81706	63	3520.822888	56
81766	35	6539.079362	128
81705	18	91.27849095	1
81695	155	5639.932002	106
81747	133	3734.632087	70
81737	216	6366.286704	118
81763	166	6736.539461	139
81713	206	11529.88526	180
81687	144	5784.064728	118
81746	139	3818.87555	79
81767	225	5072.968969	118
81717	261	5376.24625	102
81699	263	2362.266004	48
81751	183	4262.988496	93
81706	259	3294.050382	59
81693	223	7659.803701	134
81693	258	6202.252713	117
81706	247	2827.249866	61
81720	169	5513.112475	98
81688	172	4779.812244	107
81703	20	45.36077068	2
81714	164	5423.084499	102
81772	177	6802.114274	137
81689	123	8865.243546	132
81766	65	7075.556054	141
81738	137	7118.974712	117
81766	96	8930.606889	150
81723	48	7132.558567	133
81732	12	8151.104412	151
81713	65	7354.712025	136
81693	119	6952.978781	129
81689	119	5462.894212	104
81708	259	6033.777307	110
81745	29	7685.29802	134
81763	167	6759.114096	140
81745	192	5843.14167	116
81771	94	5692.667628	105
81762	49	8345.387076	162
81770	69	10240.69427	169
81769	174	5733.452296	121
81765	105	6760.837983	137
81718	166	7531.860561	132
81734	54	7275.040736	125
81766	1	9787.404543	168
81770	134	7704.719225	139
81774	9	7628.708523	162
81698	21	6554.508015	125
81737	254	8920.762029	135
81721	210	8439.059312	135
81741	37	7191.864324	130
81771	57	7324.390513	140
81706	10	4381.084136	76
81741	251	5343.624839	104
81747	137	5398.307856	97
81750	113	5361.293571	111
81770	137	9548.664539	149
81701	127	160.7639659	2
81696	122	5093.783384	93
81758	157	5776.770469	128
81740	202	6497.24156	121
81690	48	6076.704728	123
81721	21	6692.155848	121
81771	35	6991.522651	136
81685	47	427.4341435	9
81775	251	5568.201461	116
81752	126	5080.619674	111
81713	112	5576.96857	117
81704	125	19.13657267	1
81770	91	5991.342067	116
81709	209	2398.54999	42
81766	199	8125.733492	142
81771	161	7717.394722	161
81690	156	7679.506476	145
81701	150	32.7735452	1
81702	219	5562.429634	104
81774	128	5912.961561	125
81750	82	6910.06017	120
81735	199	1683.163579	25
81722	197	5196.716004	109
81745	224	4304.842465	99
81761	61	6020.77195	113
81773	60	6856.942289	133
81735	28	1164.067617	21
81733	67	6042.548018	115
81749	183	2347.037502	48
81686	158	4207.92792	89
81707	192	4740.377527	95
81702	59	5679.080193	108
81706	90	3723.321338	66
81761	125	4015.211428	98
81714	27	10328.61085	149
81729	240	13.32133357	1
81724	82	6111.975785	102
81765	69	8824.096682	144
81769	38	6784.188427	149
81689	71	4616.078198	103
81688	77	7189.875679	119
81727	139	1304.175031	24
81693	211	6004.800023	113
81692	196	6181.233761	123
81696	206	10624.43011	161
81753	248	7931.863788	149
81760	255	5494.06197	117
81737	110	11753.97794	148
81708	106	4552.998055	92
81709	90	998.5123202	17
81749	134	3283.251825	57
81714	191	6026.671074	117
81695	76	6433.670732	102
81752	8	10727.50745	158
81705	218	47.6502207	1
81738	129	6884.754921	132
81694	45	3565.798927	53
81773	132	5808.507716	108
81712	195	3665.602058	75
81713	266	7180.876663	119
81770	128	7081.067968	138
81726	100	7199.376421	123
81695	9	4916.315312	95
81741	153	7356.751853	142
81753	108	6644.01328	121
81691	164	7743.096955	139
81686	195	3264.775334	69
81765	57	6033.963809	118
81744	10	7676.025251	138
81707	210	6311.605216	114
81708	239	4715.111347	81
81763	37	6653.210959	111
81767	251	5273.280105	113
81757	116	6234.802418	124
81692	209	6532.146982	109
81759	223	7064.583204	139
81758	118	4647.486075	101
81774	103	6020.653035	120
81744	65	6579.093429	135
81761	214	7144.81151	127
81702	218	4964.161941	98
81695	236	4079.348846	76
81742	226	4751.435991	98
81694	179	6649.065957	102
81716	106	6715.876304	125
81689	81	4817.623692	97
81724	198	6198.182363	118
81773	189	5833.149138	129
81773	138	5123.259598	97
81767	12	9337.760873	145
81695	221	5729.846556	93
81719	68	7754.264433	125
81763	243	5457.610874	122
81693	149	6389.513321	119
81687	87	8036.021881	125
81699	200	4030.22862	67
81769	127	9089.74029	160
81774	187	5730.804713	148
81708	98	4187.188391	89
81750	122	6135.659128	113
81762	235	5985.695444	118
81724	41	9050.850882	134
81709	271	1025.341524	19
81752	13	11641.16601	159
81738	250	5372.35259	101
81717	18	7499.412765	133
81768	179	13229.87406	195
81719	165	9708.665113	152
81774	134	7802.290504	145
81672	84	35.43917864	1
81760	45	8266.579748	142
81716	55	12131.62176	157
81744	20	6630.778192	138
81662	2	12.14114263	1
81723	143	8011.858497	163
81751	94	6346.946096	110
81737	115	7690.180582	131
81774	14	6545.386457	115
81671	70	10.62848396	1
81689	1	8519.262481	131
81702	136	5877.457806	112
81730	135	5905.135037	100
81693	59	5289.262674	88
81726	139	4156.923527	86
81761	156	5865.372395	130
81685	225	674.1946405	13
81752	111	7513.001119	140
81712	100	4564.400887	71
81724	106	5837.051598	97
81707	196	4772.950242	84
81724	230	6188.756556	118
81774	16	7582.185845	149
81689	260	7973.723289	111
81665	169	34.28917511	1
81695	101	7096.503306	105
81736	84	5484.141937	105
81746	267	5894.44174	113
81708	103	6899.705884	108
81707	132	4699.73176	85
81729	119	76.76600231	2
81717	48	7407.091251	137
81705	110	10.62909434	1
81761	187	3219.896694	82
81722	0	9168.139745	132
81714	63	6429.815794	116
81718	96	7073.781518	111
81723	52	6083.223039	116
81761	188	3550.584111	87
81686	269	3211.397076	67
81751	246	6612.978613	127
81727	198	2386.1761	42
81697	10	7337.794529	129
81725	231	8114.289156	144
81751	249	4911.663837	101
81765	122	6996.871823	136
81730	258	4606.328568	94
81769	135	7066.677293	128
81755	82	2843.104954	60
81768	63	7102.754269	144
81773	252	6901.816589	121
81693	162	8285.542837	147
81745	138	4590.26054	111
81742	89	6652.833269	117
81737	190	5224.1437	107
81706	72	3690.817327	66
81708	68	5461.122852	103
81679	254	110.0012795	1
81761	33	8568.215631	133
81748	27	10.65326624	1
81721	242	5451.716459	116
81747	112	5678.707652	104
81774	156	9216.228941	183
81702	129	6376.189629	114
81736	37	7692.716754	124
81706	234	2597.446693	57
81749	238	3823.824814	75
81755	120	3089.185383	55
81706	223	3710.257524	68
81723	164	6008.377532	131
81773	115	6324.237466	132
81686	93	4962.031905	80
81702	124	5080.822961	101
81692	144	7060.765679	135
81762	52	5682.968432	113
81733	170	5538.155987	120
81757	3	9772.602108	160
81709	53	1369.938891	29
81737	3	8419.048679	158
81703	101	11.1457058	1
81726	142	9241.083554	174
81743	21	6786.922687	136
81776	127	10.79040549	1
81703	249	12.66421562	1
81767	271	5749.811056	109
81749	232	4694.974102	77
81772	137	8837.445259	158
81730	74	5361.355344	100
81719	52	5759.513765	108
81754	6	7694.736364	131
81733	81	5279.830098	103
81751	160	6550.915331	131
81719	35	6642.544061	116
81772	147	9262.492535	201
81690	243	5847.278177	105
81716	259	7328.277747	118
81737	19	5348.344481	119
81753	205	5201.328238	120
81671	1	21.39101722	1
81685	41	474.6564474	10
81698	151	8063.662036	145
81773	77	7274.114551	128
81701	176	21.03852189	1
81774	1	10259.92221	182
81764	250	5024.995653	117
81764	3	9110.619247	147
81709	70	1404.239903	29
81756	131	7130.301794	115
81723	224	5038.685467	99
81744	211	5331.448992	115
81750	225	5427.759347	122
81735	148	1716.870098	35
81773	52	5996.277565	122
81702	187	3167.167549	79
81730	67	5940.510301	114
81738	223	4819.886762	110
81774	62	6047.42534	129
81691	190	6556.752646	119
81773	187	5658.254473	146
81754	109	6199.387326	115
81702	127	6401.869149	101
81685	146	533.9540443	16
81710	168	2051.174495	36
81697	148	6616.105448	130
81692	242	4536.23736	97
81706	77	4847.86093	69
81720	235	4229.049904	87
81756	246	6294.181297	118
81738	83	12223.87009	164
81741	188	4134.339728	102
81710	121	1862.035774	31
81770	124	5184.833237	102
81747	205	4370.361172	89
81756	64	6781.373905	121
81732	200	8238.712639	154
81743	118	5417.354421	117
81741	29	7701.659164	139
81679	144	19.37841558	1
81711	75	9700.552158	125
81745	143	6705.668594	141
81670	193	10.40541517	1
81715	268	5371.466929	104
81740	52	6471.704349	127
81724	250	5584.280798	97
81773	149	6518.648761	142
81760	217	5996.882792	124
81739	152	5157.431105	109
81773	47	6250.852418	127
81739	185	6311.886647	110
81758	244	5373.908314	121
81769	191	6851.751027	154
81745	83	10800.68356	171
81722	221	7101.732071	116
81752	259	7829.91632	135
81707	152	4958.142147	103
81685	82	732.445258	13
81716	251	5955.364196	111
81715	29	7777.301919	121
81750	155	6779.971008	134
81772	95	6329.802823	130
81690	187	5897.542682	115
81723	85	7445.389936	115
81733	31	7713.753041	137
81685	230	553.8289527	14
81747	52	3686.594788	76
81692	12	9235.911494	147
81756	259	6309.898525	119
81772	249	6812.134054	128
81746	168	6312.508755	134
81756	133	6545.544356	114
81771	225	7327.994504	141
81725	95	6858.228228	106
81696	269	4349.287845	86
81696	259	4501.205702	82
81704	28	73.37198005	1
81742	72	6336.536192	116
81689	266	5532.991074	95
81740	49	7277.320632	140
81663	205	45.71036594	1
81730	217	4329.967376	85
81772	12	9268.260323	159
81749	260	4398.677403	65
81689	126	4244.21849	84
81701	117	59.37820684	2
81707	119	5483.044982	91
81753	43	5899.000802	117
81692	149	7422.354572	145
81690	224	5915.522929	107
81771	194	6554.11998	136
81765	120	7047.366543	129
81751	240	4480.849134	105
81685	253	710.0539049	14
81707	0	6811.901546	87
81722	37	7676.952493	133
81741	143	6105.246421	126
81662	83	22.96407496	2
81702	203	5789.420359	113
81772	221	7507.152044	134
81708	130	5305.948857	103
81764	35	7359.956151	146
81767	37	9757.169294	153
81773	117	6694.820103	130
81749	215	3078.878066	57
81736	87	6528.275856	106
81767	150	6716.915675	149
81747	1	6118.964186	110
81716	216	6748.96117	123
81735	87	1638.561714	25
81686	235	2685.087214	61
81709	22	1675.972727	37
81738	24	6476.126147	123
81743	72	7855.699882	143
81737	163	8752.834427	153
81697	110	10233.02549	121
81723	120	7542.93039	110
81766	81	6058.547554	103
81709	46	2146.631185	37
81759	193	13524.61864	188
81765	74	6068.350744	127
81730	248	5971.948967	123
81750	135	5709.040558	111
81769	234	5779.011604	129
81676	19	43.65927501	1
81740	209	6708.616516	118
81734	259	6763.348059	127
81709	95	1693.297993	26
81718	150	6018.092445	127
81713	202	6255.193375	124
81682	23	13.56984209	1
81775	177	7363.696795	145
81687	236	5439.665684	94
81702	258	5901.550967	108
81746	177	6910.082889	129
81742	109	6455.818642	106
81726	263	5683.668776	121
81686	148	3909.843925	87
81702	112	5576.943708	107
81713	47	4816.399102	95
81730	171	7176.674617	130
81714	158	5340.210075	112
81774	261	7586.983295	142
81680	139	25.82131446	1
81759	45	9795.485825	156
81770	178	7916.439544	161
81720	147	6234.927759	116
81734	211	5438.465338	109
81720	90	4547.487787	84
81718	185	6861.585757	125
81738	156	6179.68529	128
81748	209	17.95039907	1
81685	150	597.4590994	19
81697	217	5196.686721	97
81703	166	24.01946474	1
81722	126	5639.283611	109
81735	223	2341.221016	36
81749	250	2838.301782	57
81736	164	5496.832418	118
81745	100	7078.810164	124
81752	239	5751.234448	131
81734	173	5363.396446	121
81707	23	6507.323501	105
81726	178	7585.297162	137
81760	268	7775.187516	137
81691	0	9519.383425	119
81739	182	5836.4243	104
81693	209	6653.428901	116
81771	107	8832.799443	158
81744	205	5620.673246	111
81710	42	1788.503066	33
81693	210	8195.119697	126
81717	130	5123.370443	100
81731	20	6615.885683	132
81771	24	6027.755582	122
81772	15	9061.036415	179
81708	226	5072.971213	90
81720	271	4718.374278	86
81699	212	2635.49537	45
81742	132	6066.538382	130
81736	182	5818.141303	111
81691	153	7275.698024	128
81743	81	6092.197387	127
81718	168	5105.334238	112
81695	203	5600.545146	104
81726	88	6885.197457	121
81772	255	5158.783396	117
81771	22	6092.157532	125
81708	258	5678.33635	105
81764	142	8610.222784	157
81774	200	8877.271242	175
81717	193	11383.74549	163
81731	169	7897.22311	150
81759	60	5765.230674	121
81721	38	6521.13591	126
81712	264	4701.806365	81
81742	189	5294.151932	126
81716	201	5966.922676	107
81707	101	6766.595522	96
81765	43	7404.676056	158
81767	230	6730.522111	136
81744	107	7863.569395	147
81739	66	5589.631933	106
81710	144	1733.314522	29
81694	189	2455.714812	55
81737	184	6934.17483	136
81723	27	11931.64036	164
81735	32	950.423969	21
81714	105	5979.684638	112
81760	229	7217.243146	158
81695	97	8857.160393	109
81736	59	6221.725795	103
81745	160	6156.918779	140
81759	67	6805.868483	131
81724	58	6857.3739	115
81766	15	6411.587438	122
81760	120	8376.240916	139
81721	56	6743.14724	126
81714	174	4708.828594	98
81757	34	7408.864981	144
81758	140	7145.708467	114
81720	131	4455.184421	89
81717	242	4696.437227	102
81762	43	7886.736323	150
81772	265	5287.886287	112
81732	53	7668.740485	139
81695	49	4873.872174	90
81739	188	3941.078419	93
81732	24	6304.823031	125
81717	210	7857.617399	124
81697	192	5950.596186	103
81728	233	44.74680085	4
81747	95	3394.506385	62
81686	254	5312.303312	84
81715	42	5983.009221	113
81756	230	5704.842173	114
81744	17	7527.999413	135
81711	260	10382.32721	149
81734	177	5401.697934	117
81697	190	6450.396631	116
81749	4	5280.72832	89
81690	177	6450.855813	115
81697	120	6147.087723	106
81699	105	1699.716678	33
81747	152	3687.916418	84
81712	238	4080.918262	74
81672	219	50.31514412	1
81763	100	6285.24409	116
81759	219	6773.329336	126
81766	215	5149.976702	113
81688	239	4698.739282	95
81758	268	5098.884558	106
81726	207	5347.495677	119
81746	147	7269.721886	157
81774	3	9386.806751	166
81774	186	5443.110574	110
81758	260	9800.377001	151
81755	151	3962.234198	80
81725	171	7054.265041	137
81685	260	808.9032095	13
81771	191	5958.624633	135
81766	254	7240.309697	128
81761	197	6028.289197	135
81725	270	6712.147438	123
81751	86	6451.77309	112
81695	124	4420.054674	80
81707	187	3927.609178	75
81757	20	6013.541636	136
81741	136	5652.191383	106
81747	37	5183.181077	85
81697	242	3338.110792	65
81765	183	6163.025919	132
81722	123	10412.81047	161
81718	238	6936.973803	128
81746	155	7204.14324	134
81738	131	6920.83919	122
81706	193	5741.78322	83
81757	8	10338.74385	161
81752	62	6170.111962	128
81763	164	6863.194499	144
81761	199	7678.99052	149
81763	251	5195.570835	107
81769	122	6480.595836	129
81734	63	6233.062192	115
81740	103	6545.149138	127
81758	151	6686.007352	125
81760	96	8102.901423	136
81744	13	11301.55342	174
81729	128	21.94499905	1
81741	141	7355.840742	147
81672	189	47.44508249	1
81711	34	7609.734935	132
81752	129	6839.121526	133
81712	194	4962.068069	79
81739	207	3215.823102	82
81739	212	3446.704307	76
81757	80	8008.14558	143
81699	155	2999.687021	61
81740	122	6084.166524	118
81774	107	8322.397154	140
81686	177	4491.601519	91
81698	199	7205.437555	122
81769	26	7603.618158	127
81713	134	5946.017351	99
81757	171	7488.036744	150
81685	35	751.6347821	15
81724	211	4658.486049	103
81734	165	6796.974976	122
81727	69	3629.6687	57
81687	0	6622.91488	90
81716	49	5494.113493	106
81754	152	6555.789481	140
81741	213	5636.149815	109
81740	150	6420.232899	138
81772	70	5211.009463	120
81717	53	7937.917605	134
81689	199	6587.549175	102
81751	220	5591.559383	123
81743	60	6407.347132	122
81727	176	2769.546224	50
81736	266	8667.077536	140
81719	139	4200.994068	79
81707	73	6240.293442	108
81751	84	5204.331767	109
81719	258	5597.737452	112
81736	22	4999.993178	101
81768	1	10887.2932	176
81744	152	6946.509409	144
81695	63	3697.938191	68
81734	123	7816.41098	128
81707	138	3230.503363	65
81732	126	3868.788501	73
81759	105	5999.182301	129
81739	157	4803.488456	105
81731	231	6826.840912	131
81719	169	8576.644364	141
81746	30	7989.582147	141
81708	255	5131.755135	100
81732	16	5739.864636	118
81733	69	9699.210249	149
81768	193	11941.42669	187
81683	8	68.60235769	1
81760	171	7870.090532	169
81756	209	5377.504928	111
81750	65	6727.603809	130
81774	259	8538.97973	160
81712	153	5459.774322	99
81710	34	1642.465999	30
81725	118	5233.731757	108
81712	182	3919.334046	82
81714	114	7000.005684	108
81706	241	2678.835758	44
81696	0	6595.566961	91
81775	247	7913.895338	152
81734	76	6400.805645	115
81754	222	6023.716756	126
81723	231	7158.603447	131
81715	19	4078.360717	88
81747	164	4075.064823	95
81745	163	6610.057897	129
81733	189	5193.92034	125
81692	0	8751.590362	107
81745	102	5595.990184	118
81766	236	4641.170662	91
81760	161	6834.535723	154
81711	210	7038.269634	123
81720	62	5141.234047	93
81755	14	4154.448991	77
81733	215	5950.70356	129
81726	199	8223.792501	134
81768	218	6023.084538	134
81727	83	5295.913326	85
81765	60	7053.127925	135
81738	11	8549.655565	134
81721	49	7263.498445	140
81727	67	2256.611839	50
81731	259	6218.939574	117
81698	107	7097.307325	135
81707	252	3938.991866	68
81719	93	6360.119371	103
81754	205	5628.88859	112
81703	161	10.08428588	1
81769	137	8828.505133	153
81663	121	37.20590037	1
81741	53	7196.646832	129
81724	132	5235.487676	106
81741	76	6446.120996	123
81691	59	5610.713367	99
81691	76	6919.471973	124
81741	257	4973.387917	86
81759	249	6014.896953	104
81695	104	4254.421915	80
81738	107	5611.124484	103
81736	40	8230.671499	132
81691	46	7075.384047	111
81761	268	4861.517877	109
81752	5	8503.157275	143
81714	11	8770.175294	134
81698	166	6767.518536	134
81742	147	6727.424605	138
81709	156	1607.508579	33
81763	225	7103.387277	136
81677	271	13.73066277	1
81701	222	15.584152	1
81765	73	7114.016321	124
81680	267	19.70214636	1
81737	25	7649.271937	138
81691	223	7007.522495	137
81766	122	6783.111689	129
81714	209	6153.284659	97
81743	195	5862.801481	132
81774	106	5521.746613	110
81702	231	4837.809265	103
81770	114	7284.961282	123
81709	144	2338.532683	49
81719	83	11013.3244	157
81693	236	6908.883624	132
81705	6	12.47104763	1
81722	160	6031.362472	125
81731	15	6140.568536	122
81751	130	5367.930565	113
81763	129	6243.422578	118
81764	68	11131.07705	368
81739	222	5220.574083	112
81686	59	3826.769322	60
81710	210	2378.248604	36
81731	89	5509.122358	107
81667	218	20.59481635	1
81743	121	6435.316107	110
81694	145	3230.505688	60
81774	254	6712.486286	118
81773	176	8068.490245	143
81761	131	6203.651197	113
81774	141	8720.403004	171
81721	142	6743.026288	123
81702	229	5288.357046	103
81708	159	6522.266918	116
81701	65	138.7078051	2
81756	213	4694.59434	111
81688	142	7192.821614	149
81692	131	5226.337676	93
81774	26	8635.941659	153
81761	259	6875.608353	131
81708	249	4530.7861	91
81713	46	7103.663626	115
81737	150	7191.428126	145
81733	127	8302.178189	147
81738	270	5295.495038	108
81740	123	8151.437726	125
81730	109	6543.656543	114
81692	269	7493.613015	138
81706	239	2411.759822	46
81766	229	5063.746962	117
81768	263	5580.121848	119
81767	33	10501.54583	164
81735	178	1735.142674	31
81688	90	5634.887129	107
81710	188	1336.23434	35
81734	24	5619.641454	107
81697	65	4820.218392	96
81717	42	6202.560952	112
81721	202	6180.227202	119
81740	250	5012.748925	103
81709	229	1540.743876	28
81758	44	6143.299798	125
81767	196	6680.394839	128
81709	123	2795.090136	38
81707	191	4672.537176	81
81759	258	6019.602037	126
81742	194	7126.236729	131
81712	246	5076.633995	82
81774	242	4635.074067	123
81761	73	7313.264168	133
81726	51	7656.72953	133
81708	209	6888.843224	107
81769	180	6433.164115	137
81766	235	4667.946867	101
81671	182	112.6282786	2
81741	13	12151.85663	191
81722	168	5783.494637	119
81769	73	7488.295071	139
81693	4	9830.785432	147
81716	168	5061.807825	119
81693	197	6616.014716	129
81691	113	6607.160724	104
81772	205	6493.904174	148
81740	164	6981.384424	134
81768	60	7157.930208	142
81742	103	6378.707461	118
81705	253	22.75119543	2
81770	17	7849.006481	135
81760	22	7415.870569	150
81743	180	6481.632695	124
81709	266	1609.05662	34
81773	200	7218.828109	144
81701	88	11.92567694	1
81765	163	6661.091652	144
81725	125	3438.027202	82
81718	265	5447.229178	99
81707	79	4601.720358	83
81705	180	102.6267649	1
81753	234	5404.842307	114
81741	17	7546.592074	142
81706	65	3833.878228	63
81735	74	1317.14261	30
81758	97	12882.95019	162
81737	140	6957.048246	112
81687	58	5031.885121	88
81663	163	17.19325742	1
81775	80	6422.883255	114
81743	1	8895.213581	144
81691	270	6305.191724	112
81712	0	5838.127763	75
81770	39	6303.208092	137
81745	55	14150.81504	165
81746	51	8625.968825	135
81744	5	8475.502051	143
81697	193	9339.50538	145
81758	60	5651.405279	118
81771	80	6623.622028	121
81757	227	5923.622006	121
81711	111	5789.517988	107
81762	120	7843.468925	136
81685	210	735.8526948	15
81719	180	6264.864434	124
81774	45	9306.273522	144
81768	77	9384.921131	156
81697	62	5158.328439	96
81688	101	8045.453	125
81747	2	5156.605083	92
81751	214	5322.472319	101
81757	248	6756.135654	145
81724	236	5347.705405	92
81752	135	5637.418801	103
81763	80	6588.561781	123
81737	258	5518.581555	115
81732	86	6898.183251	113
81730	259	5331.46816	94
81712	158	4660.295374	83
81706	31	2776.222543	55
81731	210	5928.877075	106
81734	137	8396.263437	133
81707	111	5738.478204	93
81721	228	6724.574279	130
81695	30	5539.923066	88
81719	60	6933.924789	131
81724	21	7446.382836	133
81688	204	2275.050225	40
81706	173	3320.958554	66
81722	84	7182.524737	134
81726	45	9030.954554	140
81689	187	4786.135711	104
81717	104	6492.335393	106
81706	220	2895.141953	59
81721	209	7521.296636	130
81769	59	6840.992164	118
81698	153	7580.702299	147
81742	34	7122.096351	127
81687	151	5306.031861	109
81768	26	8062.272867	143
81721	262	5193.230533	118
81702	208	5638.28735	114
81727	93	2438.777777	44
81711	237	5959.628622	111
81772	68	11011.71757	347
81769	262	5453.75969	123
81766	142	9822.328118	176
81671	203	73.56285124	1
81670	21	23.58428547	1
81688	14	5147.592529	101
81693	85	8404.028837	132
81734	228	5750.018521	120
81746	81	5767.041747	114
81749	242	2444.324452	61
81713	163	7027.763107	126
81686	29	5012.246083	87
81762	183	7946.924043	147
81686	266	5774.242471	92
81752	77	9180.314868	154
81769	30	8982.036836	166
81739	261	4978.187527	101
81687	121	5990.589943	103
81715	102	4458.351087	91
81774	112	7632.230045	149
81704	220	16.37441496	1
81743	110	11186.1977	164
81762	102	6775.631426	133
81734	190	5979.900668	109
81663	233	10.22337513	1
81744	171	7860.741105	140
81708	187	4482.570359	89
81751	145	7577.505576	165
81774	87	7545.485444	138
81747	157	4602.132957	100
81732	125	3105.835278	78
81703	221	14.42666782	1
81740	261	6013.040604	117
81754	178	6096.756105	120
81719	260	8770.434222	122
81702	18	7033.600994	118
81770	131	6191.753533	116
81732	2	6822.418243	132
81762	208	6738.709856	128
81736	189	4865.627829	105
81738	267	5721.158966	108
81724	152	6793.620358	121
81746	209	7308.075647	128
81715	169	6151.68052	119
81687	42	3840.250364	91
81741	108	7355.60648	133
81726	93	7798.210624	112
81758	190	5788.210077	122
81715	185	5337.163014	106
81718	217	4776.283858	91
81743	271	4117.42921	85
81688	105	5579.644364	101
81771	89	8698.607204	157
81743	205	5623.868824	118
81756	82	7390.928011	128
81690	174	5198.064222	111
81770	100	6499.303368	122
81775	119	7323.662261	142
81773	72	6542.69087	115
81726	29	8489.485286	136
81747	14	5206.946867	100
81702	261	6262.462115	115
81772	44	6242.514268	127
81696	96	6832.038521	100
81742	86	7110.448958	123
81769	207	7129.197054	152
81759	247	6561.521803	124
81685	23	429.4732158	11
81731	18	7441.050073	134
81746	150	5707.575259	122
81769	253	7054.529776	144
81708	55	11739.3996	157
81767	2	7459.537009	146
81699	57	2475.518825	53
81742	213	5079.447799	106
81732	171	6438.656349	130
81717	11	9424.651479	161
81687	201	4947.543898	92
81752	251	5624.428611	117
81678	94	10.3656801	1
81738	197	4770.510871	110
81710	189	1354.752069	29
81774	78	7660.456344	136
81758	245	5790.727627	129
81711	212	5335.717358	104
81672	226	50.24118776	1
81690	28	6777.760076	118
81708	24	5315.084789	103
81774	58	9846.453635	161
81721	151	6490.703903	115
81736	144	5393.278246	132
81770	51	8586.568708	146
81717	129	6709.965127	118
81707	88	6326.576037	91
81760	97	12572.77592	162
81762	154	6116.784572	125
81745	88	8329.100083	137
81736	97	11692.87271	133
81720	125	3479.632063	75
81690	209	7626.58558	130
81696	66	3991.691021	84
81686	53	4561.338376	80
81752	52	5497.223999	128
81751	0	9354.843093	128
81700	210	36.4917376	1
81662	240	14.36212644	1
81685	155	505.9372133	11
81722	67	6268.328734	109
81757	181	7244.36709	142
81753	5	7180.03854	136
81722	179	11612.66657	206
81743	138	5436.672315	112
81736	3	7190.753573	125
81733	133	7533.588204	135
81715	70	6468.55475	125
81774	264	6973.411026	139
81671	258	35.24139326	1
81736	128	5661.810965	117
81694	87	3701.457932	57
81693	65	7723.358303	129
81690	9	6485.364659	118
81740	32	5589.762433	122
81731	138	4795.133393	109
81706	75	6191.847293	83
81697	19	3705.191894	83
81730	142	7469.883278	127
81702	246	6939.188271	123
81718	129	5773.915442	102
81763	160	6188.687309	139
81746	263	5511.620044	117
81734	14	5650.022877	115
81706	125	2352.849664	50
81691	95	7454.461792	121
81737	225	5419.212107	104
81685	231	752.2061955	15
81706	177	4332.325669	79
81725	47	7381.936451	144
81664	69	23.40835275	2
81689	145	6095.635896	125
81766	74	6935.644709	127
81724	54	6353.679865	111
81687	229	4679.644269	84
81737	222	5369.175019	116
81744	178	7332.210672	128
81753	97	12098.2113	151
81706	264	3174.490466	62
81770	25	7877.111972	139
81721	140	6917.797897	110
81738	60	5753.542638	121
81773	182	5169.57284	116
81717	226	5703.483041	104
81686	179	7933.877929	125
81752	68	8815.098029	338
81714	159	6263.382379	124
81737	38	5631.922602	109
81759	123	11115.71536	159
81721	36	5761.152309	120
81731	269	5576.388383	113
81768	131	7327.541131	122
81701	140	150.5808967	2
81725	34	7017.237102	141
81662	1	20.33247546	1
81707	224	5178.942833	93
81761	64	8849.205872	151
81742	38	7203.255972	135
81683	108	12.17032536	1
81707	184	4635.410166	90
81731	119	6206.589321	123
81757	224	5382.263849	117
81771	190	6367.209328	131
81751	152	5227.114037	105
81739	69	6830.767241	116
81725	206	12088.61665	200
81707	49	5052.074738	105
81738	241	5486.34725	109
81689	108	6815.867093	114
81764	165	11203.61703	183
81759	126	5906.531823	112
81689	197	5914.521208	108
81751	3	8292.562181	137
81695	185	4250.267811	77
81733	2	6696.174363	134
81718	3	9520.151279	142
81759	239	4808.391652	102
81694	135	2707.150994	45
81697	123	6523.79077	97
81763	141	8464.463528	160
81697	87	7352.20195	106
81749	95	4281.39144	70
81760	16	6703.634043	136
81731	110	13544.71017	172
81763	117	6639.024859	131
81689	249	4634.433248	89
81730	13	10164.84201	154
81697	235	4714.097964	78
81729	85	37.74026747	2
81768	247	8028.640293	147
81681	26	10.6771635	1
81768	158	5460.484082	130
81751	7	6110.225647	117
81773	231	6071.888684	110
81726	155	7826.437612	146
81760	34	7593.846264	157
81727	168	2669.846032	55
81745	81	6292.054417	125
81746	114	7174.871158	116
81746	264	7366.046235	127
81723	230	7008.452992	130
81736	146	5265.669203	116
81755	180	3559.102474	74
81741	268	5883.374888	115
81720	202	4927.595765	101
81734	97	10222.21157	136
81757	243	7569.918026	147
81737	0	8110.372393	101
81710	158	1409.57094	25
81700	197	49.21891142	1
81760	39	7292.79325	158
81705	228	17.71041232	1
81752	17	7468.105373	136
81751	36	6155.081103	123
81688	44	6509.059732	118
81735	91	1717.355751	32
81742	127	6748.186976	124
81724	76	6991.937227	124
81704	54	50.06650159	1
81723	237	5096.113416	98
81686	142	5174.016452	92
81665	137	22.31004559	1
81711	68	7011.306279	123
81735	127	1927.112352	31
81769	206	10824.63862	209
81747	206	7537.238126	157
81747	102	3683.657459	75
81725	195	4653.231579	108
81691	132	5047.619585	97
81751	153	5575.773678	121
81770	79	7010.86034	137
81761	46	8576.913387	142
81705	20	78.83659055	1
81667	251	13.01946518	1
81742	126	5411.464601	108
81740	211	4113.093755	96
81695	259	4408.192849	86
81706	30	3405.27916	60
81730	162	6114.62283	120
81732	77	7056.715033	129
81694	216	3235.207752	56
81692	157	5992.449752	131
81687	41	7046.729801	100
81718	163	5194.160486	109
81744	151	7874.046001	149
81745	196	5360.492679	113
81712	115	2824.85094	57
81689	0	8137.298186	94
81764	207	6360.755295	135
81760	119	7612.708932	158
81774	104	5885.685919	114
81720	70	5243.760029	99
81706	194	3238.553455	65
81691	71	4890.398099	112
81762	75	11520.74076	176
81753	92	4012.316781	95
81722	3	9414.775817	156
81749	244	2723.59628	53
81747	121	4917.698622	83
81720	195	4587.976419	99
81691	75	8462.362988	124
81717	162	6921.284717	126
81747	82	4051.242851	75
81751	208	4699.003371	98
81697	47	5411.770154	95
81689	191	4771.111112	104
81751	255	4595.150493	105
81714	22	5055.479183	97
81744	173	6236.06488	128
81719	89	6945.836287	116
81763	213	5356.039226	106
81751	12	7025.465063	118
81769	75	8764.522838	149
81698	26	6319.795046	120
81718	100	6559.616465	108
81695	209	5159.724053	88
81731	45	9914.713323	157
81763	36	5794.250504	115
81715	209	6716.54058	99
81720	127	7339.591199	133
81676	233	10.54675107	1
81744	260	9360.928264	135
81696	111	4797.594025	87
81774	176	6563.130656	139
81767	187	6268.139984	147
81719	5	5916.958846	110
81738	235	5469.691535	116
81731	178	6331.226116	127
81748	256	47.75611415	1
81726	106	7554.807162	137
81763	159	7189.132503	134
81747	237	3554.02461	63
81730	179	10979.87222	162
81731	256	5255.877037	117
81765	47	5878.110423	118
81754	271	3934.818933	87
81744	183	6822.475568	136
81747	29	4538.959861	86
81715	123	8098.384302	122
81693	111	7534.067411	125
81734	206	10821.03924	187
81747	260	8098.761063	108
81764	16	6545.420919	135
81731	39	5946.014772	113
81747	123	6547.056374	93
81712	269	3823.70882	68
81689	12	9809.673104	147
81716	140	7053.953531	107
81741	232	7259.894309	138
81735	238	1228.794968	28
81718	139	3924.398665	71
81709	38	1479.963869	31
81771	99	8643.649097	137
81734	107	7317.456488	132
81687	81	4722.38395	87
81772	24	7244.720313	144
81699	136	2502.967036	46
81687	70	4089.791509	77
81686	26	4817.299337	86
81713	223	6698.25512	114
81758	266	7767.93972	136
81729	88	10.88668542	1
81755	29	3549.614406	70
81712	128	4131.998246	77
81771	37	8145.82272	143
81721	164	6907.419173	133
81750	51	9251.594245	161
81690	247	5427.505077	92
81694	61	3767.358072	60
81719	1	7908.811895	133
81739	103	6557.387786	110
81693	58	8441.080516	121
81706	219	3946.878606	67
81774	195	4653.222842	118
81691	229	5466.618574	95
81707	239	3831.940707	71
81699	41	5367.689706	68
81729	253	34.67438361	1
81701	219	149.6320446	3
81736	54	6665.269261	117
81722	213	6026.939319	123
81706	144	3631.493644	75
81716	175	5010.711346	107
81694	56	3187.217443	58
81769	163	6603.507675	153
81718	66	5073.158147	109
81767	231	7419.994147	143
81743	168	6640.012897	135
81688	75	8222.972046	134
81687	51	5376.052896	95
81726	130	5740.881826	106
81755	220	3909.015039	69
81716	164	6266.833615	132
81760	231	7892.848128	149
81712	172	4559.824189	92
81771	5	8978.407822	159
81746	39	7185.950978	131
81775	163	5792.64374	127
81690	250	5255.334033	99
81753	110	11133.00734	167
81760	56	7707.612617	146
81690	27	10454.12307	159
81727	123	3079.556594	51
81751	271	4166.939362	71
81757	21	6829.847794	135
81696	181	5160.797782	98
81671	246	22.2143714	1
81754	26	7354.207837	130
81717	223	8215.387429	136
81758	223	6279.686868	129
81716	188	5048.017495	102
81750	159	7965.292597	173
81763	130	5758.904573	118
81733	103	6234.587605	122
81704	262	35.82085367	1
81685	145	723.8152207	20
81708	201	5607.143744	99
81772	49	5680.662105	131
81712	260	6666.883843	98
81749	202	4187.980244	75
81766	261	5103.97722	97
81772	127	8501.017928	153
81769	221	7970.827358	134
81687	43	5351.124628	99
81734	41	10284.64758	137
81727	51	2671.353129	47
81768	192	6828.465156	148
81773	194	6606.291611	125
81718	182	6126.711064	114
81712	34	3287.8469	59
81767	193	12234.5214	172
81692	84	5668.005136	109
81705	61	42.53602169	1
81691	203	6052.31763	121
81706	115	2571.117545	59
81734	151	6614.335877	135
81752	177	7016.56142	128
81766	170	5766.928509	128
81708	252	4803.308332	77
81770	164	7272.575989	149
81774	215	6192.358454	125
81710	119	1623.587066	30
81685	86	1031.588081	15
81740	267	5555.534914	116
81712	136	3216.234142	64
81704	216	14.51146534	1
81690	237	5125.906042	101
81737	269	4743.794711	111
81724	117	5490.81255	93
81753	222	6408.141049	128
81759	244	4511.14502	105
81770	30	7236.745391	123
81733	246	7477.744611	123
81714	236	4784.50507	83
81748	19	15.12816929	1
81750	0	8812.947005	119
81730	49	6685.870115	138
81663	128	25.84610904	1
81690	81	6835.303858	125
81726	2	8170.995536	160
81752	170	6294.155297	136
81756	152	6346.727141	124
81708	46	9673.970449	142
81690	208	5906.411387	116
81754	17	7115.684503	138
81728	39	36.89383001	1
81761	213	5310.283945	106
81743	40	7532.414834	130
81713	144	6710.348378	134
81714	32	5522.416824	109
81689	117	5925.619308	108
81714	175	5317.054451	111
81727	164	2945.717197	61
81713	151	4842.631322	105
81769	182	5596.333844	112
81689	4	8298.752552	117
81731	252	4998.314166	105
81695	254	5840.939004	100
81696	30	5284.064167	105
81747	236	3965.800724	69
81761	105	5432.018221	99
81747	75	5697.372664	89
81754	110	11156.16468	136
81703	263	46.09330673	1
81722	101	7406.887741	116
81695	132	4111.063796	80
81736	34	6409.434204	119
81693	253	5546.638278	105
81735	49	802.2448418	25
81771	96	7486.368054	123
81750	67	6225.445726	137
81737	66	5611.024312	121
81730	53	6820.663909	124
81768	164	6950.679024	137
81751	135	5300.98314	107
81773	11	8589.302939	148
81711	232	7212.615784	129
81758	35	7062.073142	146
81698	239	4384.794607	81
81770	146	5666.173862	144
81671	17	153.3726882	1
81743	104	6967.011899	115
81771	244	5898.156277	125
81730	11	7340.793112	122
81679	32	45.91132195	1
81743	10	8157.994622	133
81763	105	5811.260957	117
81759	128	5708.735236	113
81763	261	5753.994616	122
81753	183	6108.493709	140
81756	206	13063.54338	213
81763	8	9556.616018	147
81732	252	6036.088366	111
81761	212	5831.73937	124
81733	185	5061.111365	110
81705	268	28.96969598	1
81663	214	11.25527493	1
81686	131	4667.733534	76
81752	116	6335.582997	126
81746	250	5228.752411	116
81708	48	6241.780139	118
81735	27	2933.772132	37
81692	120	4916.828485	89
81726	123	10587.11132	155
81708	1	7214.945792	125
81722	224	5576.724016	102
81688	246	6887.619728	119
81706	142	4310.852534	84
81756	180	6286.25247	132
81773	42	6584.381603	141
81741	59	6808.799241	115
81732	115	5304.873216	108
81774	257	6027.819193	135
81761	260	9277.136445	143
81691	269	6594.431032	126
81739	115	3647.943962	69
81738	148	5948.25372	129
81761	24	6008.408547	110
81769	148	6776.431959	151
81716	218	5943.110057	124
81741	110	9592.859197	146
81763	29	8214.377148	156
81696	46	7553.781533	116
81754	87	8096.818394	142
81706	148	3218.362241	71
81738	58	7654.846779	134
81750	1	9839.9638	178
81752	38	6318.358652	138
81720	159	5802.081666	124
81754	48	5596.145432	120
81731	247	5937.404371	119
81769	11	9099.861378	151
81733	258	6376.024062	123
81743	186	5793.695944	127
81678	27	10.84449043	1
81706	159	3864.89718	67
81745	265	7203.867446	131
81745	135	6223.502213	109
81771	145	7649.894607	163
81755	130	3269.745691	66
81718	1	9792.386776	145
81766	126	4103.628445	99
81704	124	17.52241211	1
81686	140	3422.932971	69
81762	134	7858.188926	152
81749	170	2731.712476	61
81752	7	6450.406759	142
81715	59	7134.285171	125
81694	215	3868.946892	65
81709	165	2040.647211	38
81693	9	6226.003433	124
81699	43	3149.875676	53
81774	33	8272.160844	140
81740	31	6269.022701	111
81761	132	4555.527807	90
81735	80	1490.578165	33
81708	174	4545.545256	106
81770	20	5717.852294	122
81695	79	3858.79108	71
81691	53	7395.283161	121
81663	44	11.42560174	1
81750	47	6915.001241	140
81727	62	2518.673603	46
81766	230	6432.689408	125
81762	212	6330.517115	126
81685	187	480.0743008	10
81766	225	6001.709801	122
81754	121	6759.427712	111
81746	26	9808.610731	179
81691	258	6024.008127	121
81687	123	7671.573565	115
81693	261	5475.391125	103
81709	224	2077.09483	36
81726	129	5728.248203	114
81689	129	4384.200648	88
81749	240	3739.194054	66
81747	129	3847.707296	82
81770	5	7958.462081	134
81743	235	6545.002962	128
81770	210	7576.230501	139
81725	135	6594.678762	124
81747	196	3640.197674	73
81724	224	5467.697653	118
81726	158	5813.854963	138
81774	71	5056.257093	110
81725	221	7588.969103	137
81698	183	6097.843779	114
81730	103	7129.764052	123
81684	28	96.42461083	1
81708	43	6441.865796	108
81720	56	6074.654115	108
81687	36	4091.499109	87
81714	95	5765.553883	96
81718	194	7592.588583	143
81693	185	5569.520131	104
81773	123	10210.43043	146
81721	62	6477.968975	124
81771	86	9740.469992	158
81751	107	5360.21788	104
81730	5	7079.909715	124
81745	262	5918.186551	114
81688	192	5454.962249	102
81771	158	6074.338586	131
81740	136	6343.295938	121
81747	255	3547.51858	83
81744	45	9602.072785	147
81755	226	2341.408341	51
81731	227	5705.243724	109
81757	204	7370.867384	146
81693	64	7583.738601	143
81743	207	6601.931704	141
81740	130	5494.074683	105
81754	185	5190.228872	112
81708	94	5484.845805	91
81693	192	6668.020267	127
81719	236	5480.459764	102
81686	153	3614.003535	75
81763	81	6179.792796	123
81707	197	3870.774922	90
81688	255	3815.669884	78
81764	17	9198.0389	160
81723	242	3344.385993	83
81713	265	4972.552023	91
81708	144	6370.129378	128
81726	200	7816.715588	143
81720	248	5810.549045	102
81743	66	5639.720644	119
81757	72	7654.846129	136
81701	124	78.83648927	1
81757	159	7631.012984	170
81719	82	8149.506721	134
81770	103	6753.511121	133
81746	6	8795.830949	130
81767	243	5524.069006	116
81735	185	1433.982067	31
81770	243	6708.377736	135
81764	45	8241.819108	134
81698	250	7009.828559	114
81710	83	3287.538083	43
81725	55	11661.02659	171
81697	186	7442.180374	121
81774	35	9007.567591	151
81697	122	4243.404749	81
81758	112	6416.907973	124
81743	149	6387.229394	133
81716	261	5808.706379	113
81762	161	6494.24988	146
81677	245	11.01188855	1
81717	25	7381.82066	124
81697	51	6366.641397	118
81752	175	6392.109001	135
81735	254	1732.623301	35
81733	58	8083.84482	131
81767	31	7412.732904	139
81773	144	7932.78102	152
81685	58	860.9537848	13
81716	239	6011.820418	112
81697	105	5209.632633	92
81724	88	7378.065385	118
81722	68	7265.675469	134
81736	199	7050.205396	123
81747	57	4029.848322	80
81677	262	11.31011533	1
81740	241	5888.616121	113
81742	262	5201.9895	116
81757	90	5553.569051	119
81755	133	2701.563884	60
81723	232	7988.76921	131
81696	41	10016.17767	137
81716	150	5524.561904	117
81761	145	6000.97873	141
81771	268	6676.122747	135
81678	259	12.31381739	1
81709	101	2798.035335	49
81691	189	5907.696087	124
81693	75	8871.939846	122
81667	140	21.64170703	1
81691	221	6749.222113	131
81699	211	3299.44332	59
81767	26	7801.711185	144
81720	0	7208.427799	93
81738	186	5195.828276	110
81753	12	10124.10387	178
81710	230	2131.38298	37
81690	8	8805.940307	138
81715	104	5263.272266	90
81736	184	5454.796497	106
81709	60	2596.329361	48
81715	65	6563.696312	115
81715	110	7848.364387	131
81730	70	4579.562411	97
81741	218	4934.846713	101
81703	241	42.89519567	1
81775	219	8109.475327	150
81762	89	8670.248348	165
81688	250	4857.461868	86
81738	213	6620.939722	123
81709	197	1831.233223	37
81730	165	8371.941571	131
81744	199	6629.950252	127
81760	25	8225.100147	159
81708	123	7188.943217	118
81757	255	6215.664406	129
81733	90	6432.800389	123
81731	24	7230.257667	139
81746	71	4464.424773	99
81712	71	2719.783303	61
81702	110	11149.67404	148
81754	57	5698.807231	121
81741	31	6924.622955	133
81726	22	5119.481321	107
81735	203	1305.00365	27
81725	85	8681.045546	136
81720	205	5298.789594	104
81699	250	2335.134574	37
81744	240	5778.753478	98
81769	104	7843.046328	151
81731	60	7360.796217	153
81741	262	4203.552464	92
81755	206	5352.027052	113
81737	34	7335.061326	126
81735	44	1245.831736	26
81755	90	3240.059177	72
81745	87	8058.958433	126
81771	214	7053.426751	135
81739	245	3845.134991	82
81743	38	7555.160291	148
81753	31	8110.723773	151
81708	64	6775.975511	111
81688	100	6084.43319	100
81715	153	5390.363211	102
81724	53	7421.535811	137
81764	211	5253.882364	118
81769	6	9810.478288	153
81732	214	5889.294359	109
81757	186	6643.808592	132
81742	16	6669.084843	130
81735	12	2150.825692	38
81756	161	6575.452887	133
81674	18	83.01563683	2
81735	58	1416.895985	28
81689	133	4818.236171	87
81737	124	6206.83048	122
81707	227	5812.742302	94
81732	1	8671.951213	147
81752	60	6986.592172	138
81738	6	8396.995917	135
81714	255	4931.568304	97
81771	232	6913.146816	131
81752	219	6199.876285	117
81742	114	7460.886287	118
81752	46	10211.51349	150
81773	23	6818.881144	140
81756	105	6536.324583	132
81759	186	5856.775417	122
81755	97	5249.034569	69
81703	74	30.30861356	1
81720	182	4418.231862	91
81754	232	6539.967779	128
81731	98	4467.314627	95
81713	92	4494.985588	90
81713	227	4789.228543	99
81756	224	5550.621242	123
81759	32	6990.000231	128
81738	74	5890.867427	112
81746	208	5643.788916	119
81745	61	6953.026951	124
81674	253	61.15125143	1
81770	125	3634.461413	90
81749	247	3556.70288	69
81746	157	5884.683771	129
81745	219	7837.15671	132
81723	98	4920.92252	102
81767	149	6433.588913	141
81730	118	3710.093063	87
81760	133	7126.409384	135
81724	35	7191.462508	130
81742	78	9149.804619	156
81721	267	5054.595174	97
81764	193	11589.95169	156
81719	181	7048.306018	143
81724	73	5850.02028	94
81746	24	5785.700278	127
81756	220	6879.285111	139
81738	159	8248.23235	160
81754	189	4990.154546	111
81756	202	6355.425998	111
81739	197	4485.048061	99
81723	194	7334.777175	135
81691	74	6604.079838	116
81774	15	5573.510795	134
81770	41	9254.288714	134
81768	142	9402.062054	179
81750	238	5808.888655	113
81758	100	7122.17057	139
81759	59	6742.019533	132
81694	210	4547.061185	62
81765	230	6772.999421	142
81698	188	5210.461636	109
81753	148	6068.356523	152
81701	138	77.65596192	4
81723	63	6458.268229	128
81705	31	44.42024927	2
81731	206	11461.55778	188
81766	7	6875.243486	133
81750	160	7480.474978	170
81736	124	4742.457683	96
81684	110	21.99894502	1
81774	143	7619.126528	168
81713	199	5750.067496	108
81695	105	5397.253621	94
81687	130	4927.426835	93
81759	188	4360.160914	105
81690	1	8992.637242	142
81769	27	10129.04005	157
81730	91	5425.587776	101
81715	220	5469.207021	110
81761	86	9838.722324	141
81689	172	6639.456234	119
81714	165	7502.534	133
81752	156	6428.408048	140
81744	57	5510.046608	111
81699	236	2893.984801	45
81760	185	7574.503395	143
81773	160	6015.222806	139
81709	153	2230.641963	41
81737	263	5736.402767	115
81752	179	15629.32918	214
81678	198	13.53799877	1
81679	117	10.28270802	1
81686	163	4340.549338	81
81743	70	4770.055062	108
81717	119	7149.702315	122
81718	46	9027.984396	141
81688	89	4597.127079	92
81705	8	121.8327308	1
81769	256	5584.43764	107
81749	262	2597.62353	61
81763	146	5089.568696	124
81687	147	4933.511203	100
81724	238	5349.600992	98
81734	183	5376.624594	121
81710	17	1512.690576	24
81773	201	6532.249649	132
81689	50	6464.199104	121
81720	177	6399.980178	110
81756	120	7165.499053	120
81738	170	5406.929866	123
81673	99	23.30503871	1
81760	121	7556.497795	139
81764	213	7680.817257	142
81718	207	5503.150582	116
81733	238	5533.099352	108
81762	23	12020.70471	196
81709	262	1754.569763	29
81738	40	7011.778448	114
81690	227	5084.486989	97
81760	62	5964.146482	120
81776	23	10.23189713	1
81750	98	5050.679209	110
81711	70	6139.987626	117
81732	39	6161.084292	119
81685	50	596.1365847	15
81693	3	9682.361711	152
81743	135	7521.099208	140
81693	221	6506.29515	119
81706	92	2735.294172	55
81714	35	6755.54371	123
81737	259	7322.411934	128
81718	258	5088.162529	108
81744	38	5517.660616	114
81770	71	5842.924727	123
81691	28	7343.112394	134
81771	15	7842.307055	151
81771	20	6653.508746	130
81685	21	490.3596183	14
81762	176	7781.051974	149
81759	56	7712.602499	146
81714	67	5880.327991	105
81694	208	2478.254127	60
81701	6	152.7459714	2
81718	181	7074.804817	138
81756	45	9446.722898	149
81751	127	6627.222345	118
81736	64	5668.569593	105
81744	186	6633.162222	134
81741	209	5605.038563	103
81691	209	6414.666755	104
81766	127	6796.609831	125
81722	239	4593.234409	81
81753	139	4930.235615	91
81695	102	4620.862513	82
81742	251	4891.464	109
81743	262	6079.918313	128
81730	90	5392.959033	99
81726	168	5560.273961	126
81735	259	1346.095106	28
81716	60	7410.606366	149
81754	28	7221.674698	123
81696	183	3618.242343	73
81747	71	3267.378862	77
81765	151	9994.192887	189
81773	166	7802.345822	153
81706	133	2795.431486	57
81711	216	7716.816816	125
81686	47	3438.503364	76
81760	174	5980.951834	133
81714	104	6434.397426	114
81745	148	5614.181368	122
81772	19	6373.495525	150
81760	70	7255.41423	144
81687	270	4619.140993	81
81692	193	11094.29534	154
81766	107	8307.576008	146
81749	191	2729.364162	58
81770	219	7210.094841	119
81688	201	5689.237411	109
81761	248	6887.24014	124
81708	198	6046.703448	123
81691	32	7469.397534	132
81730	236	5159.692403	93
81773	6	11194.43659	176
81663	105	26.69410169	1
81689	53	6591.500306	114
81773	3	8589.339549	154
81751	243	5491.2407	105
81775	189	5913.571665	131
81764	112	7081.265276	118
81716	136	5888.751785	105
81693	33	9367.221823	130
81761	47	6171.704248	118
81757	185	6609.211913	132
81711	182	5334.333979	109
81689	72	7660.744853	124
81754	82	8909.187154	147
81759	90	4900.641615	100
81740	66	5286.953493	111
81740	13	11063.70291	167
81726	219	6503.085416	114
81726	257	5507.541469	111
81765	235	6138.130788	114
81762	3	7842.455978	141
81685	246	776.0707564	18
81737	164	8032.786198	146
81741	144	6746.327084	134
81688	1	8113.379565	137
81757	169	7513.927032	150
81745	46	8261.004892	134
81694	164	3360.223784	66
81750	224	6038.468891	121
81751	128	4829.014045	102
81720	255	5423.165283	106
81736	69	7772.197515	133
81760	242	4705.116596	113
81695	55	10285.72468	125
81768	198	5604.856437	116
81717	46	8579.000525	130
81720	93	7040.003819	93
81718	245	6896.728366	120
81722	38	7754.909968	130
81747	69	6589.99599	92
81693	99	6378.867918	115
81709	150	1350.069066	33
81734	66	4140.711443	106
81688	238	5271.169084	108
81721	95	5856.103337	102
81772	228	5389.57956	118
81686	224	4270.35915	83
81765	136	7611.510356	145
81692	150	6285.018381	127
81762	101	8481.681037	141
81685	13	1367.586738	19
81751	178	5781.588905	123
81689	271	4031.27901	71
81695	103	4775.055431	79
81713	104	7110.590136	113
81736	200	7402.035677	125
81724	184	6164.878756	117
81769	240	5298.454062	117
81764	31	6961.33083	142
81720	84	6084.327095	112
81717	214	7391.761448	120
81688	227	4719.015466	97
81702	98	3676.515224	82
81744	72	6090.592334	119
81768	246	9338.032428	164
81753	242	5789.32325	125
81699	203	2529.171261	54
81765	86	7475.105605	128
81720	96	7196.79078	99
81752	184	6177.890992	135
81728	154	12.1743045	1
81764	91	6674.347168	133
81685	158	581.1577915	14
81695	100	4937.282099	77
81768	266	9072.911399	141
81692	108	6687.247047	113
81755	227	2805.104031	60
81666	114	36.2797592	1
81701	75	12.91817959	1
81750	260	8246.768039	138
81722	257	5416.56574	105
81675	94	27.17423704	1
81739	196	4716.953038	95
81755	167	3044.271862	66
81750	148	6420.07602	145
81731	127	6940.895009	119
81689	151	6005.633732	117
81694	234	2770.350385	56
81769	251	5230.225939	108
81768	232	6077.606816	120
81714	184	6427.679828	114
81711	206	12678.99626	212
81769	99	9340.078028	150
81691	50	6169.874693	119
81755	107	5053.823753	85
81708	188	3718.775473	93
81702	247	5710.794318	104
81773	0	8320.326064	114
81731	40	7427.577887	115
81714	268	6196.298212	123
81701	269	22.87081468	2
81702	13	8483.369441	122
81703	215	14.24666323	1
81710	103	2169.106543	39
81749	271	2384.062013	53
81671	194	27.04277997	1
81720	150	4718.577901	95
81738	67	4942.736435	96
81686	258	3350.62335	67
81719	158	6022.706108	117
81696	133	4779.026458	88
81759	225	5776.390959	127
81693	45	10610.38476	139
81748	137	20.58403481	1
81707	168	3640.422229	80
81739	9	5330.939969	112
81726	214	6316.726335	128
81720	229	4950.7754	94
81681	179	11.88791487	1
81688	60	6213.507947	113
81765	109	8314.883939	139
81729	108	15.6664387	1
81699	36	2565.988459	49
81734	15	6114.853942	115
81697	252	5164.759824	90
81751	106	5577.107688	100
81738	196	5469.475957	106
81768	226	6986.125203	154
81707	87	4915.252875	93
81745	211	6029.288317	111
81702	2	6501.970227	127
81700	124	13.53305884	1
81717	142	9576.2109	176
81702	174	4743.774808	115
81737	198	6611.604417	119
81743	159	7134.730944	163
81758	221	7434.903138	134
81697	22	5612.033564	112
81749	228	3710.911408	65
81730	54	7832.161812	128
81689	229	6104.770471	109
81695	1	5931.360373	89
81686	7	3457.971182	75
81738	97	11835.5386	139
81735	121	1352.732671	23
81774	216	7106.862191	140
81735	62	1082.657147	23
81722	31	9070.96824	151
81694	252	3532.968346	66
81773	266	7527.098962	126
81716	72	6521.159534	101
81716	202	6314.601901	120
81721	208	7183.383173	132
81701	172	26.34982288	1
81685	33	1578.434968	23
81734	154	6737.601373	134
81739	255	3468.923256	90
81688	81	5644.803486	109
81759	262	4375.95072	88
81667	103	22.44251727	1
81741	120	6376.85348	106
81758	52	5997.06528	137
81689	205	4288.146111	95
81731	260	10251.96519	152
81724	64	5692.604859	107
81722	78	6383.509738	113
81710	267	1593.830325	32
81771	129	5120.907157	114
81751	70	5274.459218	105
81738	37	8708.864988	137
81731	147	5457.830092	130
81765	194	6421.883435	134
81697	89	6396.273804	108
81726	66	5161.901474	103
81773	127	7473.807942	148
81753	101	10438.25468	167
81719	6	7096.365153	104
81689	87	6480.627314	115
81701	190	90.25294148	1
81771	176	7663.864656	151
81751	79	5519.815572	108
81720	44	5532.398416	95
81716	26	7024.255996	121
81708	71	4570.973999	99
81702	172	4924.500054	106
81699	246	4499.596956	61
81757	56	7913.032352	140
81754	247	6764.28653	134
81730	101	7354.491487	128
81750	172	6890.310624	146
81775	99	7767.148877	148
81704	57	94.00700977	2
81715	44	6645.886794	115
81674	155	10.1720333	1
81750	227	7551.093915	139
81692	49	6579.483995	129
81748	63	25.81265432	2
81740	59	5235.090366	97
81737	250	6587.855014	128
81753	114	7417.758992	137
81691	219	6146.153945	92
81740	180	6187.346299	125
81730	269	5709.845112	102
81762	77	9073.064311	167
81712	130	4338.461978	75
81764	168	6106.409944	126
81720	55	11089.32803	148
81706	153	3918.278308	77
81751	136	5273.065995	97
81674	179	33.42033173	3
81699	86	3520.118128	47
81671	185	47.51205508	1
81707	230	4422.611228	85
81724	259	6914.411622	114
81697	56	7059.148434	123
81767	86	8065.26873	139
81757	100	7184.672545	119
81750	203	7352.963798	142
81769	130	6749.043258	125
81723	197	6624.595908	138
81708	250	3676.876289	76
81752	146	6505.794655	152
81725	124	5237.677222	93
81721	231	4973.147596	109
81727	137	3102.990402	49
81718	125	3068.33435	78
81742	70	5297.386753	105
81733	239	5385.280018	100
81750	39	5877.453143	125
81769	167	7420.234901	161
81726	110	9902.759106	138
81749	41	5628.016996	79
81721	52	6162.88791	117
81714	43	6483.849915	108
81732	23	9380.444232	166
81747	72	3518.096404	80
81722	14	6070.827143	114
81734	30	7864.769289	145
81736	1	9311.871359	153
81770	251	6013.686056	124
81725	208	5509.671925	115
81706	271	1806.640962	38
81758	9	6107.154572	129
81773	95	6240.820078	112
81766	213	6614.773939	135
81698	237	5995.855928	113
81728	129	26.27782431	1
81707	129	4502.697688	89
81773	20	5634.920456	128
81719	53	6567.062258	120
81707	221	4796.765257	90
81751	205	4814.339207	108
81733	188	5269.17081	111
81758	178	8631.825644	177
81752	241	6166.56225	120
81761	261	7469.683289	135
81745	229	5317.941735	117
81711	229	6369.569697	124
81742	47	6149.376833	123
81699	178	2037.926488	42
81769	217	5403.872304	126
81697	5	9176.3633	144
81707	254	5073.231359	82
81773	228	4998.583952	106
81688	146	5490.053884	120
81689	194	6546.567387	121
81723	19	5477.955876	112
81767	9	6369.022567	128
81685	62	543.2350387	11
81689	63	4752.755794	107
81698	87	8099.266433	115
81761	193	12435.02935	190
81688	208	5397.477216	102
81752	211	4854.602329	115
81740	27	10960.23026	169
81705	206	69.59312492	6
81720	31	7241.951248	123
81703	266	52.96869701	1
81745	242	4880.032871	115
81719	220	5677.100895	111
81709	26	2296.314181	42
81718	263	5164.88488	109
81750	171	8619.920655	164
81684	174	33.67205569	1
81769	154	8469.338634	163
81767	111	6725.812537	128
81752	15	6304.701762	123
81688	139	4497.943935	83
81732	46	9103.132665	156
81744	67	5757.561878	110
81696	147	6839.718067	121
81692	33	9134.807575	131
81769	128	6598.108201	141
81711	235	4607.529051	102
81713	74	6824.541235	117
81695	180	4377.822919	88
81757	0	9358.128706	130
81706	231	3242.801589	62
81719	254	6498.88344	116
81763	181	6284.08808	132
81706	9	3451.999207	64
81717	103	6326.167572	108
81739	139	3914.555999	70
81715	235	4693.410878	95
81692	95	7377.842317	117
81761	35	5729.739348	101
81764	36	7019.989634	127
81688	176	6179.429184	127
81732	206	13509.23231	196
81773	239	6265.529134	132
81774	102	5417.10121	122
81774	36	6370.614851	154
81702	105	5368.538181	102
81706	50	3989.326577	70
81718	36	6866.182882	116
81713	263	5377.937144	102
81766	177	5277.130442	117
81775	253	6277.064858	125
81713	14	7265.970052	121
81732	240	5977.508838	109
81734	209	6446.527153	115
81765	150	6814.485291	152
81696	68	5991.717454	104
81707	139	3596.299936	62
81711	126	6688.858641	118
81738	68	10099.61917	433
81752	128	6431.868892	132
81707	225	5150.041976	90
81669	265	16.55443309	1
81724	228	5195.629607	103
81765	252	7689.374364	138
81700	129	10.47845778	1
81744	51	7567.320646	133
81768	148	7809.329781	170
81747	141	4308.811939	83
81726	242	4614.48758	101
81753	201	7038.402932	157
81767	233	13321.52881	181
81732	244	5031.486251	98
81711	31	7766.21663	124
81695	84	3993.379975	73
81725	157	8278.13719	160
81709	199	2183.390209	42
81764	172	7571.792965	146
81713	63	6533.583687	123
81742	11	8272.981298	137
81730	145	6667.965446	144
81695	115	5137.296884	89
81710	238	1667.506078	29
81767	43	7193.413515	142
81733	64	6572.469585	134
81706	214	2975.872705	67
81731	207	6052.57823	123
81771	19	4450.3121	110
81768	166	7712.211366	155
81736	116	4834.790932	94
81767	107	8479.080683	136
81700	167	12.25111611	1
81727	157	1957.211874	45
81727	1	4172.381825	59
81747	53	4078.336278	77
81711	146	5807.056204	123
81672	77	12.06182426	1
81739	205	4783.021893	93
81762	241	5269.640413	113
81697	135	5763.934776	102
81774	266	8267.742714	130
81726	206	12747.45058	184
81686	127	4521.301292	83
81769	258	5772.775255	118
81775	243	6651.20743	135
81762	180	5946.935438	130
81711	231	6180.793548	118
81763	194	5312.111252	103
81757	176	7178.541566	148
81765	267	4752.822689	111
81725	73	8839.117272	132
81717	234	6114.377308	111
81725	227	5964.301541	116
81774	69	9573.870839	149
81730	3	9707.61027	158
81764	183	6107.307575	134
81682	1	11.24178225	1
81767	141	9312.190691	166
81710	226	1099.221324	19
81685	216	1071.295726	20
81691	177	7100.688734	127
81722	217	6575.35961	130
81713	248	6800.180565	127
81756	186	6330.932217	135
81718	74	5889.80606	110
81761	148	5094.236933	129
81716	30	6568.922387	124
81676	252	15.04149183	1
81735	256	1310.091038	29
81744	105	6639.257097	127
81754	46	10339.70381	156
81755	235	2995.067363	62
81685	0	1388.35902	18
81750	230	5931.262157	109
81711	143	8175.095425	156
81744	102	5863.244321	120
81691	104	6563.654516	113
81749	256	4568.703424	81
81758	33	8253.017693	145
81738	248	6363.763723	118
81726	247	7146.858986	141
81753	85	7788.991092	131
81760	252	7314.899602	141
81749	246	4629.787813	72
81721	120	6753.856656	110
81742	259	6827.092342	122
81773	254	7609.793887	136
81712	1	5593.768863	96
81686	187	3431.013507	68
81703	71	15.7070787	1
81724	22	6692.773551	131
81737	248	8738.355134	152
81764	266	7613.6097	137
81697	258	6312.406733	113
81715	171	6583.068699	119
81751	138	5035.464567	96
81674	118	10.41751178	1
81746	268	5851.664954	119
81773	68	10724.93078	372
81702	82	6355.398049	93
81704	271	18.85183849	1
81663	258	18.7861949	1
81697	94	5522.805056	92
81737	104	8057.088971	143
81722	2	8034.983232	152
81772	94	7726.755528	131
81732	215	5030.41405	100
81694	219	2562.323844	49
81732	204	7034.298401	132
81685	254	663.9982116	11
81771	170	7325.443107	157
81755	149	3374.224648	79
81714	156	6739.022274	136
81696	25	6704.781911	117
81726	176	7194.590776	140
81740	69	9345.373852	137
81705	172	159.8110234	3
81750	220	5848.527346	119
81747	116	4251.326975	89
81691	170	6444.206681	118
81768	228	6371.104686	136
81753	176	7747.855314	149
81741	154	6288.594716	131
81740	68	8555.065054	331
81701	164	74.98397979	3
81686	264	5053.991706	91
81721	185	5046.759333	102
81697	218	4698.068459	101
81711	63	7846.744489	138
81763	5	7332.679809	135
81771	28	7934.369511	148
81769	82	8214.049777	146
81710	162	1404.053119	26
81719	105	6571.76307	114
81702	51	5992.360341	102
81706	174	2225.223734	52
81710	77	2016.565216	32
81711	265	6958.817809	128
81734	84	5716.630132	110
81713	173	6435.35917	126
81759	6	9242.640813	156
81726	224	6204.106416	137
81770	186	7101.499974	136
81711	268	6747.312872	122
81726	264	6775.855243	119
81773	265	6205.431204	124
81709	148	1068.29091	33
81763	154	7592.34734	152
81719	76	6867.519489	112
81719	147	6929.765253	140
81715	11	8513.085815	139
81682	131	24.50103735	1
81711	57	7198.842408	127
81706	20	3586.474983	62
81719	227	6135.666206	110
81770	12	7844.385943	145
81744	120	6115.04902	106
81753	125	4203.777341	100
81708	35	6054.33873	112
81716	220	6756.780479	126
81696	62	5083.304335	96
81771	140	8624.460043	134
81712	187	3334.739428	70
81755	268	2783.919248	60
81738	108	6109.078434	112
81706	206	7191.738141	88
81766	62	5279.886192	112
81775	134	7230.660141	147
81718	45	9927.109557	139
81716	246	6576.196098	117
81709	256	1778.055568	35
81697	28	6953.833434	122
81717	33	9805.10038	144
81742	222	4826.234808	100
81710	21	1553.144593	29
81718	138	5648.299238	109
81687	54	5135.99743	100
81773	210	9039.765657	146
81697	69	7812.428474	120
81773	14	6445.682508	122
81712	267	3186.142	63
81743	139	5601.893456	96
81714	183	5996.326984	126
81714	224	5089.512911	101
81764	9	6636.166938	132
81768	188	5003.380798	116
81736	235	3785.364924	76
81732	188	4167.506751	102
81756	165	8747.899646	160
81746	240	6302.025462	127
81721	244	5572.856245	99
81757	131	6736.914864	126
81709	126	1887.542673	35
81697	18	5936.503172	110
81685	119	387.8642454	7
81736	167	5133.184452	105
81768	190	7291.980664	143
81755	214	4263.856551	70
81752	65	7509.787248	137
81718	172	6386.237397	118
81722	265	4676.792191	96
81771	215	6509.350053	131
81711	241	4866.597025	96
81764	180	6269.124813	131
81715	31	8366.464517	131
81724	159	7188.92144	140
81745	258	4911.856061	106
81746	214	7588.451463	134
81758	117	5528.250645	110
81704	101	60.08750628	4
81728	93	49.14356607	2
81740	196	6679.379088	121
81695	12	7321.210298	104
81671	170	81.03546248	2
81775	21	5423.473114	123
81744	134	7604.427828	133
81744	25	7031.476187	123
81699	141	3033.827191	57
81696	144	5234.400619	109
81677	101	14.46443834	1
81751	121	5667.601633	105
81754	20	5396.844967	109
81695	65	5677.244542	90
81696	108	5213.028841	84
81714	163	5694.166735	116
81717	222	6375.130155	128
81663	135	10.48704361	1
81758	168	6900.569241	146
81668	69	10.38937607	1
81722	225	6156.474725	117
81773	45	9120.055937	152
81735	267	912.8524565	23
81731	117	6256.907178	122
81691	117	6286.150795	103
81731	74	8108.709709	148
81738	14	6958.221746	124
81753	269	5251.872418	106
81706	201	2771.08615	54
81711	141	9507.92992	163
81718	37	8860.817251	137
81772	232	8533.869437	154
81730	107	6597.421602	115
81773	92	4660.402763	91
81757	23	9468.536173	178
81727	27	5283.148055	68
81754	22	5030.931849	104
81736	141	7284.508645	134
81707	194	5126.865352	89
81770	148	6740.471911	141
81733	132	5840.257822	110
81702	79	4939.022423	105
81750	93	6350.762392	117
81710	68	1580.568867	32
81767	195	5721.101778	123
81711	250	6711.843746	128
81745	35	6213.47755	117
81775	3	9735.417724	156
81685	51	1164.283105	16
81722	243	6559.729034	122
81761	107	7511.607619	126
81704	105	56.68025264	2
81711	144	8617.281372	145
81763	249	5707.380825	113
81768	20	6784.014335	137
81727	231	2271.592342	44
81728	97	21.79084551	2
81743	142	7328.1506	145
81737	95	6636.602302	118
81686	215	2515.602446	52
81707	91	3186.227561	72
81741	249	7327.239762	126
81718	56	4902.656503	97
81724	139	4721.759324	81
81764	5	7738.864333	141
81744	121	6490.568958	115
81726	63	6886.667731	125
81765	133	5948.327986	112
81737	97	11410.29312	165
81750	250	4595.10872	95
81756	258	5552.980326	114
81733	39	6604.40431	126
81693	199	9074.927489	154
81698	32	7280.324322	124
81765	254	7304.941445	111
81734	37	7561.237185	130
81729	266	10.63758904	1
81723	256	6679.598179	116
81715	253	4449.902868	84
81743	45	7933.042926	132
81698	164	7795.638351	143
81742	117	7348.390115	131
81746	7	5232.237674	119
81764	28	7743.31636	146
81717	249	7021.330028	136
81696	94	5168.470273	103
81736	176	4432.289868	87
81661	53	11.45070494	1
81754	213	5797.769583	123
81773	240	6957.174352	138
81737	8	10453.72314	149
81712	233	7456.185386	104
81733	30	7330.006042	130
81739	123	7904.311177	129
81735	106	1192.398685	30
81743	67	5250.53681	119
81689	178	6464.147254	114
81735	120	1470.34199	24
81766	145	5938.386674	132
81697	215	5933.10702	100
81737	170	7042.004253	123
81727	226	2084.515416	47
81727	41	3394.466045	47
81743	124	6450.703	131
81711	130	6670.537746	113
81711	163	7946.574239	145
81714	248	6047.324822	109
81765	70	5617.240863	119
81727	60	2858.496227	50
81690	270	6375.040529	115
81746	149	6727.592833	147
81752	19	5203.181054	129
81686	145	4243.175503	91
81705	129	81.36427534	4
81755	164	4485.658833	84
81708	143	5906.300299	115
81717	236	6716.503287	112
81663	266	69.21541571	2
81765	39	6552.689737	125
81688	3	7829.277667	142
81715	101	6866.225705	115
81752	207	5715.009775	131
81718	38	6238.012351	123
81759	220	6420.062588	117
81726	127	6610.58203	122
81734	248	8291.489839	137
81739	260	9401.83055	123
81685	29	461.1811738	11
81774	110	11607.88122	152
81733	210	7292.526408	132
81725	130	5888.803872	108
81776	37	13.43446541	1
81758	14	5896.07856	116
81683	33	10.16559785	1
81773	55	12453.27691	172
81687	8	4480.176644	84
81698	31	8409.07806	144
81702	123	8394.897211	132
81764	133	6219.311279	118
81734	23	9001.977082	160
81748	110	52.98427242	2
81761	25	5224.989528	103
81739	169	5521.179328	108
81692	81	7538.657532	133
81688	161	4863.774661	98
81730	238	5292.269366	103
81689	94	4896.222417	87
81763	122	7047.295462	131
81695	86	5556.245837	92
81698	106	7598.611972	133
81744	108	7409.380428	131
81734	254	5369.878224	98
81724	111	5491.976292	107
81760	189	5508.271755	131
81747	183	4745.751621	99
81766	181	6583.074443	126
81735	56	1542.681087	29
81745	77	8180.427532	133
81695	184	4336.456093	88
81698	14	7055.670742	114
81737	90	5548.020412	112
81765	77	8448.443705	146
81762	219	7540.878207	138
81725	258	6422.796395	133
81702	43	6731.092114	116
81689	78	7316.03967	124
81691	81	6183.799553	118
81735	39	1489.56152	25
81744	31	6824.500093	138
81763	179	10888.73946	181
81766	23	10455.79123	173
81724	256	7292.742767	114
81721	24	8202.680409	153
81757	219	5359.943473	99
81763	232	6069.374029	117
81699	143	3278.999702	62
81698	156	7486.057113	143
81687	35	4441.381275	79
81773	257	6095.210286	119
81715	71	5438.81746	118
81663	14	25.75314271	1
81705	165	27.67954024	1
81716	11	8724.670468	146
81730	57	6349.890479	114
81716	153	5507.866517	120
81729	0	14.27287028	1
81671	93	25.09147806	1
81772	201	7626.013055	143
81694	239	3878.688834	62
81758	253	5072.591255	98
81689	228	6285.392131	123
81717	138	4928.372013	108
81731	56	5569.84802	107
81711	152	7406.467276	164
81750	177	6416.886904	143
81762	172	7596.147919	154
81771	34	7015.650976	135
81690	108	5569.647217	108
81692	132	4796.474302	91
81733	218	6794.219176	125
81743	206	13408.35481	205
81721	222	5250.401647	102
81765	255	5243.076153	112
81770	224	5810.820189	115
81769	49	6996.476874	140
81760	115	8001.952262	147
81736	112	5990.04331	98
81755	49	3597.138951	86
81764	85	8995.374875	148
81715	82	6400.399806	106
81741	14	7281.871112	135
81731	234	5779.496875	120
81756	12	9546.426327	161
81715	100	5905.439542	99
81766	90	5397.214054	104
81711	82	8101.690735	127
81697	163	6762.671947	124
81743	221	8079.219807	141
81767	114	9573.698961	149
81716	98	4326.308113	92
81753	136	6088.834303	123
81686	94	3668.658289	71
81705	104	75.22862137	1
81713	119	6742.719766	114
81708	215	5389.517789	100
81754	79	5938.807457	116
81769	215	5953.164018	133
81689	262	4727.882007	93
81767	223	7835.775439	142
81688	152	6195.195333	113
81714	33	7495.71268	107
81725	108	6831.205136	132
81700	91	287.9283403	26
81692	29	5992.041484	114
81705	9	128.1483793	2
81692	118	4041.055037	99
81738	42	6128.544342	120
81763	208	5589.506831	118
81746	135	6792.506828	120
81773	106	6130.10438	121
81751	202	4906.466853	98
81720	32	6513.120869	114
81709	99	2080.793098	39
81723	266	7387.048036	108
81723	39	6551.118661	121
81677	83	13.76404847	1
81738	151	6843.363104	144
81750	83	11908.00831	164
81707	94	5164.307637	90
81773	112	6379.513997	115
81700	168	44.1762031	1
81702	10	7807.944856	122
81687	240	3945.455501	72
81745	197	5961.33141	123
81737	87	7916.092847	125
81752	246	9014.789772	146
81773	161	7164.608712	144
81714	231	7134.202224	124
81706	7	2980.351728	60
81686	170	5005.134242	100
81738	102	6035.792072	104
81712	178	4440.301272	82
81698	9	6409.241924	117
81724	242	3739.719448	82
81735	124	979.2226388	16
81706	54	3542.447376	65
81734	266	6246.800713	121
81712	251	4593.091148	84
81749	50	3958.920237	77
81738	20	6402.081076	126
81747	229	3779.374804	77
81707	120	4976.187706	83
81726	3	8768.911276	153
81745	51	7034.548375	126
81692	111	6749.201472	115
81739	127	6674.949951	113
81733	264	9097.744953	153
81686	58	3851.958971	68
81773	152	7320.703532	139
81761	254	6020.934181	118
81765	225	7359.738378	132
81713	88	6717.703465	120
81711	211	4829.211025	96
81753	261	6028.218306	133
81696	215	4020.868357	83
81744	267	5574.609077	106
81686	193	8019.30769	111
81744	56	6553.502167	118
81766	246	7398.708339	123
81742	37	6683.001692	128
81687	233	9619.142937	137
81756	95	6088.558371	112
81712	17	4032.933024	76
81730	44	7353.767752	133
81724	183	6127.76732	117
81669	224	47.68108323	1
81705	43	14.77567011	1
81730	163	5627.674911	109
81724	136	4921.007675	92
81694	15	2231.454443	47
81749	83	5903.904852	88
81763	177	6945.255449	125
81687	89	4925.572302	91
81714	40	6618.756942	104
81685	59	867.8591482	13
81747	34	4730.962756	79
81734	116	6137.626194	109
81741	167	7625.572631	131
81771	186	6416.926757	124
81717	105	5001.760949	103
81725	158	6500.224902	143
81770	188	4555.876785	108
81764	146	7412.667356	163
81772	267	7218.240389	144
81694	103	3550.912242	65
81718	267	5636.464914	109
81701	48	38.28870583	2
81735	133	1847.261048	32
81686	80	5063.664173	90
81695	125	2704.361049	61
81737	224	5293.108065	106
81736	118	3977.116967	88
81736	45	8746.597243	135
81751	146	6252.822986	145
81762	156	8322.516586	149
81709	204	2376.679472	46
81771	193	12618.99495	185
81754	25	6373.470009	112
81746	11	8906.335072	148
81741	214	6099.751057	115
81702	242	2569.642088	64
81760	170	6763.909467	149
81685	223	911.8881431	16
81766	136	6528.716014	130
81726	256	5722.283547	116
81706	32	3297.096388	58
81711	60	7225.868664	130
81726	213	5659.556924	116
81751	221	7020.015476	135
81670	242	42.37551804	1
81697	204	7249.35731	114
81765	104	7610.947792	140
81772	100	7048.75739	137
81749	177	3286.66999	71
81717	24	5851.490821	123
81692	200	6784.796689	128
81707	213	3611.369475	71
81739	119	5014.785862	97
81741	264	6386.353731	125
81723	209	5346.117759	117
81737	16	6530.796053	129
81737	9	6285.004539	133
81729	223	11.52170861	1
81751	187	3321.823895	83
81721	59	6672.32185	123
81759	61	6771.272065	129
81733	5	8483.821682	144
81738	216	5893.491002	108
81755	173	3248.076909	66
81742	92	5084.426447	116
81687	222	3359.992118	70
81723	131	6475.866483	105
81739	192	5004.939795	101
81760	178	8603.076448	171
81710	186	1756.328491	29
81677	136	29.51031467	1
81687	225	4516.638555	77
81757	175	6862.877981	141
81690	203	5174.314565	107
81699	175	1874.87792	37
81692	156	6307.526492	131
81771	221	7172.753358	130
81725	244	5006.922237	107
81745	30	6895.186277	123
81767	204	8968.624349	159
81721	109	5798.62661	109
81767	96	8596.786929	136
81727	108	2604.592636	45
81739	112	5776.982167	107
81686	160	3948.784101	82
81705	96	13.28129318	1
81691	131	6531.024462	116
81743	187	4391.320808	107
81766	152	6824.268396	140
81767	92	6104.834847	127
81774	231	7216.003165	145
81765	247	7139.110189	137
81738	145	7082.278553	145
81739	29	5969.83863	101
81719	7	5575.20998	107
81717	93	7421.215818	103
81724	2	7490.701581	143
81760	134	8124.853847	160
81754	156	6425.67804	137
81768	75	9448.771834	142
81712	114	3937.255366	58
81709	2	2920.119711	53
81753	246	8828.63389	161
81751	175	4157.623932	101
81704	137	10.14442089	1
81710	237	941.4874382	24
81688	92	4407.609629	89
81774	188	5106.928381	124
81752	12	10053.95174	169
81754	71	4034.859609	91
81728	260	175.9171953	2
81714	242	4576.826102	96
81769	149	7127.069607	152
81764	83	10217.32286	155
81696	50	5520.524277	106
81739	125	3539.505159	93
81685	10	1306.705448	19
81717	125	3840.621198	85
81738	225	5336.17092	106
81745	96	9145.927588	139
81686	35	4021.739645	76
81769	5	7358.058421	137
81694	74	3287.656632	60
81750	15	6335.193855	128
81772	42	5787.645118	130
81665	252	11.59311578	1
81757	156	6199.227803	149
81712	254	5809.835044	84
81686	10	4926.551022	83
81704	122	56.42134583	1
81733	41	9820.49302	153
81686	185	4072.217657	79
81701	59	15.52259775	1
81732	51	7297.853968	123
81773	171	6642.644101	134
81685	265	457.8881651	9
81743	143	5687.6639	128
81689	217	5831.918492	104
81715	80	5644.52518	107
81716	34	6288.534005	102
81758	258	6158.893709	134
81715	148	5512.417937	113
81717	205	4980.643402	114
81738	134	5938.905936	104
81745	106	6926.760403	127
81686	11	4539.964737	78
81730	17	6196.753096	113
81744	245	5964.920847	123
81741	87	7557.72554	125
81697	165	9905.073619	160
81762	216	8269.271298	152
81696	228	4425.919956	85
81689	128	5824.441405	92
81712	37	5152.250819	79
81772	61	7864.898505	159
81771	167	7521.909345	159
81754	106	6264.686843	118
81679	250	18.08466673	1
81720	164	6428.578735	117
81721	219	5115.076669	104
81717	169	7831.929883	142
81761	144	6954.421865	141
81674	101	10.16952892	1
81705	62	16.46997903	1
81749	73	4517.884689	74
81716	38	6490.478704	115
81727	20	1851.585639	39
81694	142	3680.809923	68
81717	178	6242.713855	120
81759	0	9248.688033	121
81710	126	1342.738227	29
81765	211	5276.594029	107
81762	242	4656.820631	110
81749	259	3102.212065	58
81762	8	10865.7612	171
81711	157	7826.368174	141
81756	88	8290.11811	134
81765	251	6100.249587	120
81753	94	6015.455694	116
81740	251	4963.923003	99
81742	1	8538.917683	140
81734	258	5285.74336	112
81769	209	6337.54452	120
81753	157	5754.792115	126
81697	77	8075.093672	132
81760	151	8695.513551	166
81711	148	6208.435958	130
81685	40	424.7311193	10
81707	244	4107.436696	79
81697	237	5739.902092	96
81750	128	6237.080545	128
81702	65	6820.118941	123
81758	71	4920.34433	117
81773	66	6224.257266	139
81688	123	8045.427846	114
81759	167	5974.337987	136
81687	98	3882.46788	80
81755	43	3220.737131	62
81710	255	1306.074543	23
81735	99	1753.069056	34
81770	43	6806.195193	144
81741	88	8225.774932	144
81686	125	2457.366153	59
81690	146	6500.543381	145
81752	0	12999.75086	157
81749	207	2921.173656	69
81768	47	6603.516134	133
81746	91	6046.06189	124
81686	39	4210.605949	75
81686	181	3390.301029	70
81752	54	6451.007211	124
81714	19	4649.553699	98
81711	44	6837.446095	131
81670	27	10.00748633	1
81773	180	6055.656454	117
81694	134	2731.367727	48
81765	72	7108.445427	127
81771	163	7167.952581	138
81726	44	7144.949083	130
81757	259	7202.25625	150
81764	244	4480.763518	105
81732	33	8711.505187	141
81714	225	5724.209504	100
81766	22	5167.934309	118
81730	24	4796.163933	89
81723	139	4603.575976	91
81688	203	1588.21305	30
81754	32	6292.282052	116
81696	47	5168.535591	88
81722	72	6755.923974	119
81758	156	6507.784456	143
81733	162	7547.843265	144
81689	232	7379.650726	115
81706	224	3108.662499	55
81688	117	4990.786085	96
81696	261	5463.286672	101
81766	269	5884.22153	127
81775	241	5735.442706	125
81744	145	6516.68249	136
81722	208	4760.814756	91
81769	81	6520.827317	132
81774	59	6778.121667	136
81746	19	6182.826613	132
81736	62	4118.934955	89
81725	12	11646.16519	175
81764	38	6364.960882	132
81718	253	5958.660604	106
81761	91	6440.106521	118
81746	205	6931.982108	140
81690	87	7419.936097	108
81752	118	5164.464105	119
81711	200	7022.556897	142
81721	218	5697.983323	106
81754	262	6004.542202	123
81720	176	7203.216438	111
81758	103	7352.560686	114
81715	91	5279.845694	102
81688	145	5937.79404	122
81765	155	9028.40239	168
81736	32	6516.978375	134
81701	97	10.61772153	1
81725	175	7173.845438	144
81687	209	5632.975433	99
81770	45	8717.786974	147
81734	47	5542.683208	103
81727	81	2911.945591	53
81715	139	3255.149859	60
81758	37	7457.88433	135
81743	43	7817.427697	148
81773	124	5252.042218	99
81746	146	6078.805513	138
81717	155	7250.448295	136
81775	139	5335.863991	108
81709	248	2065.388148	45
81731	197	5678.613372	111
81764	57	6814.429717	152
81685	244	436.0331443	14
81739	268	4837.107736	98
81757	45	7671.477474	131
81744	141	7086.571286	142
81758	99	9856.422248	167
81770	214	7404.294144	140
81698	75	8678.111175	124
81773	12	8871.531994	135
81717	230	6533.199677	125
81767	30	8926.351603	153
81694	141	3531.182594	65
81755	215	2962.405362	61
81723	62	5963.341556	120
81686	249	4736.89896	93
81661	88	22.08020159	2
81737	157	4855.077679	110
81718	210	8502.261629	113
81735	182	1467.067987	33
81760	50	8589.487969	161
81752	190	6089.449803	121
81711	170	7288.162531	133
81713	130	5108.532791	90
81709	87	3285.003228	44
81758	51	8099.672984	141
81720	75	6813.008097	98
81747	40	4854.39071	90
81740	137	8340.277426	129
81727	174	1941.859159	43
81717	17	6892.243223	116
81714	137	7381.899016	115
81719	141	7952.927607	144
81738	64	6055.140109	115
81766	252	5566.614473	116
81773	175	6673.110505	126
81737	103	7317.91451	130
81732	114	7142.511652	117
81742	162	8587.175682	153
81768	237	5746.897103	124
81770	88	11444.47393	168
81687	232	5463.581158	90
81770	50	7186.548368	138
81758	127	6851.688633	131
81689	46	7469.168163	103
81760	245	5680.3209	119
81691	201	6417.67597	115
81718	227	6057.593697	118
81738	59	7494.25086	133
81761	102	6100.197416	117
81773	141	7986.950316	146
81743	147	6949.154839	137
81736	121	6651.383116	109
81761	53	7285.519063	126
81740	253	5334.028557	104
81696	95	6577.482238	108
81709	174	1413.739239	28
81706	130	3144.950772	59
81735	103	1429.835542	29
81768	125	3838.997869	94
81720	126	5709.969543	106
81662	55	73.78939088	3
81701	72	189.5328103	2
81717	203	6002.285678	95
81744	46	9647.505561	154
81685	127	1217.600045	20
81687	95	5589.943613	91
81716	161	6553.310154	135
81711	81	8823.651012	146
81745	169	6911.401954	125
81758	236	5541.438279	111
81754	182	6511.815057	129
81672	129	26.17170556	1
81706	209	4629.619275	76
81768	177	7254.527394	132
81690	162	7905.965416	131
81730	253	5205.054874	101
81758	75	8653.487828	130
81698	215	4854.320083	97
81752	253	6156.826472	125
81694	211	2682.266641	54
81705	107	101.2645039	1
81710	151	908.6751592	21
81713	249	5663.475293	109
81746	201	6439.113893	122
81725	16	9229.711509	153
81686	128	4593.615692	85
81732	97	9547.567714	136
81724	185	6054.022561	112
81766	121	6841.171594	129
81688	43	6672.771348	118
81687	96	5610.056118	102
81724	50	5675.925521	102
81722	146	6391.874371	134
81744	37	8051.214523	142
81766	133	5522.924499	111
81735	233	2728.696224	39
81714	147	6770.784249	125
81718	162	7779.692896	130
81774	235	4729.188815	110
81754	107	6328.213862	121
81756	38	6544.254179	139
81695	186	4389.575127	87
81717	271	5780.873203	100
81689	245	5556.797115	99
81769	45	10136.08615	173
81766	159	6199.923198	154
81712	232	4679.992289	88
81734	214	5899.885768	107
81755	124	3370.520769	66
81774	150	5383.456751	128
81727	180	3111.173657	56
81713	49	5356.556437	114
81693	98	4993.338399	102
81716	57	6310.621364	116
81772	240	5957.732592	140
81710	182	1463.853311	31
81692	25	8352.145956	132
81767	256	6254.248764	119
81741	159	7365.808128	160
81711	38	8072.780754	136
81718	39	6638.21319	119
81704	56	10.18725104	1
81742	248	6443.689013	119
81731	64	5009.995261	116
81715	83	8812.027324	130
81751	42	4288.449175	92
81741	123	10203.0491	143
81692	17	8640.10925	139
81719	268	5254.627053	103
81697	156	4980.830486	110
81747	55	9329.849407	113
81676	93	82.57467344	1
81681	89	10.83943593	1
81722	162	9652.263809	156
81693	198	6198.391962	125
81754	149	4939.304897	120
81745	76	7262.00079	128
81747	19	3085.259311	79
81740	218	4715.078909	101
81761	8	8291.889671	124
81721	114	6381.417207	107
81730	102	5596.04857	101
81696	124	3944.796555	79
81706	254	3458.927016	61
81751	118	3255.346624	76
81725	27	10883.18903	173
81689	97	8573.571769	121
81774	94	5746.945559	113
81767	152	6596.031722	141
81772	130	5345.126316	122
81765	174	5904.057037	141
81748	43	21.25907532	1
81712	259	5709.36877	83
81732	219	6452.111475	114
81764	84	6153.725371	129
81758	218	5596.888213	120
81733	183	6773.700001	125
81682	148	19.21265672	1
81734	239	5206.812035	108
81662	33	11.42681419	1
81698	154	6916.383725	127
81693	186	6361.509741	104
81749	270	2687.154467	54
81724	51	7157.559489	124
81775	141	7212.123737	141
81693	146	6369.586872	135
81774	83	10549.56046	164
81734	253	4758.3511	99
81722	12	7514.912906	134
81735	210	1929.78908	32
81751	256	4358.268112	104
81767	7	5499.926842	118
81732	195	5316.14252	128
81775	255	5199.661766	115
81756	76	8742.184507	153
81694	115	2494.858276	46
81733	40	8432.78202	145
81686	218	3639.610772	72
81694	17	3314.600178	58
81731	177	6222.593717	125
81723	113	4962.342129	101
81732	236	5536.789987	92
81746	72	7465.898863	122
81732	248	6251.401261	111
81754	137	8968.905309	153
81771	139	5944.799156	109
81702	224	4072.306625	88
81717	40	7608.087027	127
81733	37	7476.790828	122
81694	7	3742.694147	78
81666	271	10.63941225	1
81738	57	6334.369911	131
81751	112	6063.385993	109
81740	172	6113.187786	129
81744	132	4021.713414	80
81712	27	9327.490406	127
81764	161	6353.171459	144
81690	106	6005.674334	93
81722	35	6890.060587	115
81750	3	10541.04767	176
81724	109	7604.001877	126
81690	74	5509.680661	111
81670	79	100.4272	1
81699	139	623.4935732	17
81741	103	7071.546296	137
81708	225	5641.033382	115
81772	166	9018.656485	183
81725	140	7958.075854	144
81715	191	5804.347799	125
81727	59	3263.504286	53
81699	71	2461.094057	47
81768	103	7748.871996	133
81723	23	8787.954325	153
81775	246	8116.261483	156
81719	44	6753.08238	116
81744	261	5252.95948	115
81699	40	4354.894433	67
81756	31	6473.529208	127
81773	164	6722.06382	139
81717	140	7707.088663	119
81716	200	7364.245587	126
81746	166	7775.677323	160
81692	14	5718.301427	99
81719	247	6958.130438	133
81766	27	13055.28549	181
81764	182	7126.995618	156
81754	163	6696.756848	136
81709	129	2271.212855	42
81720	266	5779.544069	96
81721	252	6588.603347	120
81760	173	7512.921594	161
81711	128	5632.029696	118
81764	262	5038.895393	115
81758	39	5399.526119	108
81711	100	5754.10794	100
81756	190	5244.100067	109
81705	207	38.229527	2
81724	156	6928.755194	134
81686	132	3721.689801	72
81708	150	4841.916028	109
81690	91	6986.996138	274
81711	5	7706.708702	130
81662	245	14.10400801	1
81672	178	18.9565169	1
81761	14	6712.248661	120
81695	85	5004.54946	83
81696	196	4613.353963	83
81697	248	6341.247381	109
81742	224	5307.307898	116
81735	86	1263.641304	25
81711	18	9379.135498	141
81772	145	7426.634894	163
81689	2	6085.421574	101
81719	173	5441.90154	107
81692	165	8452.021258	145
81705	215	13.29160476	1
81726	182	5673.41197	117
81720	94	5061.653815	93
81750	35	6979.932627	124
81762	194	7070.284911	136
81770	220	5855.608872	130
81699	22	2317.954159	46
81765	182	6647.56204	141
81671	176	36.12957599	1
81702	4	7674.425373	118
81774	111	7513.956904	140
81743	79	6279.873672	114
81721	261	5657.804389	111
81773	53	8264.162392	143
81674	197	12.75647494	1
81721	205	6220.226638	119
81671	195	24.07080465	1
81733	76	8596.85353	136
81716	21	6027.273941	118
81739	120	4272.133714	82
81764	97	13686.71781	167
81738	136	5899.893746	107
81714	111	5144.941596	100
81761	205	5223.695921	115
81740	269	4735.219204	105
81669	271	82.95032377	2
81744	227	6728.097639	124
81741	62	5282.79604	111
81695	244	3673.90588	69
81709	28	2767.904828	46
81693	255	6009.807019	116
81688	99	7563.766755	124
81757	209	6391.060432	116
81757	64	7578.613819	138
81710	256	1418.850656	24
81754	24	4905.198315	103
81724	5	8672.563302	151
81763	4	7326.516847	131
81709	243	2035.971453	35
81690	264	5554.048777	101
81752	96	7584.973457	130
81749	19	2634.073556	59
81733	190	5601.762123	116
81686	173	3710.187471	80
81691	151	8152.212901	143
81723	81	5493.633314	107
81773	133	7319.776688	150
81751	43	4808.879096	95
81715	170	5083.970656	107
81689	20	5312.360865	99
81709	83	1800.012479	37
81766	86	7581.451743	126
81736	89	5028.284975	103
81735	179	2625.749816	44
81759	154	6821.237253	152
81764	19	5673.17781	135
81694	173	2395.265302	47
81733	173	8472.508923	164
81711	6	8629.91303	134
81688	50	5395.672604	105
81758	12	9080.535814	140
81759	13	11301.72578	176
81744	8	10774.46531	165
81687	48	4506.890663	86
81690	133	6102.478089	108
81749	142	4732.937636	91
81692	11	9986.392749	145
81722	43	6491.553898	115
81692	140	8749.847389	134
81717	149	5711.046921	114
81734	106	5515.959409	106
81713	264	5048.356868	101
81748	257	103.6580747	1
81767	117	7960.735503	146
81749	12	5606.249634	93
81701	180	144.393312	2
81734	11	8120.144393	148
81702	215	4624.578701	85
81735	194	1947.396899	36
81702	209	7082.057614	119
81744	217	5169.295306	107
81743	233	14268.71667	172
81719	92	4574.183288	93
81704	38	10.39016831	1
81711	79	8280.559656	134
81753	203	7074.865964	151
81773	17	8857.238464	157
81714	264	6011.392614	111
81768	102	5605.92897	129
81688	24	5317.783707	120
81721	89	5068.566577	104
81693	49	6545.329659	127
81759	260	9750.448007	150
81772	122	8155.050633	159
81725	245	5866.296998	115
81687	195	3904.81668	80
81695	158	4672.926069	91
81721	16	6818.828087	129
81752	226	5663.231245	116
81772	132	5259.662218	114
81732	222	4196.993131	103
81773	44	6376.863699	129
81755	115	3097.873402	63
81725	45	8548.499744	127
81725	63	6405.150792	119
81701	16	31.07392055	1
81689	124	5093.521248	99
81757	115	6294.418221	127
81733	116	6251.020874	110
81692	147	7359.29345	128
81697	27	10508.58749	159
81703	120	10.57791703	1
81710	150	905.3684224	20
81715	126	4173.578466	82
81756	167	5847.8602	122
81685	175	638.7738306	15
81747	199	4638.306152	88
81666	54	13.60166765	1
81731	51	7761.155661	137
81771	23	10368.42454	179
81730	33	8392.237552	129
81696	255	4210.677102	90
81720	95	5183.643789	90
81730	161	6006.117332	126
81691	124	4120.183896	81
81731	213	5415.954267	104
81722	17	7313.665457	131
81753	204	7435.023454	143
81722	193	12816.03045	179
81724	31	5578.868302	105
81711	78	7930.405911	127
81764	115	7165.162845	135
81731	224	5202.17924	102
81744	172	7017.801128	135
81687	85	6618.311932	109
81708	14	5223.174979	95
81727	33	3863.455978	61
81757	16	5598.645096	113
81708	248	5017.347397	93
81755	203	3393.735205	71
81733	244	5924.505653	112
81674	154	65.48540126	1
81716	192	6589.413409	108
81694	254	4452.013253	72
81762	257	7272.457843	139
81713	195	5009.098956	104
81706	70	2940.939265	61
81695	128	4155.20977	79
81734	252	6365.310369	115
81768	76	7949.503475	145
81735	192	1380.543145	29
81774	166	8167.621573	159
81716	64	6692.619025	123
81695	71	3481.715657	72
81761	115	5454.788689	103
81717	182	5479.098862	108
81713	178	5914.625342	110
81720	171	5292.428187	105
81686	17	4220.477923	76
81714	243	6782.964486	120
81764	259	7188.018197	143
81706	40	4433.682658	78
81742	62	6548.555305	133
81742	27	10817.12647	153
81765	218	5898.189331	128
81765	242	5257.838414	103
81713	168	5802.316003	130
81661	6	10.72150893	1
81752	256	5679.819602	118
81689	146	6223.601188	128
81765	148	6087.587722	137
81765	210	7394.545488	132
81738	179	10755.73443	176
81689	152	6453.732989	129
81713	6	6700.715738	120
81734	20	5859.040338	107
81767	239	5866.532299	133
81753	117	7702.094375	129
81725	266	7660.99585	137
81723	269	6336.525724	124
81770	256	6123.432758	137
81765	16	5852.94511	128
81735	141	1414.337449	24
81757	193	13170.74709	181
81685	61	609.5346748	16
81717	127	9459.054961	153
81711	76	6749.00227	116
81759	42	5947.535575	122
81754	254	5941.105979	109
81760	46	9764.045976	156
81733	145	6600.764871	154
81708	54	6457.350546	109
81755	112	4038.223859	76
81716	270	6693.984024	123
81745	215	4891.492758	94
81771	245	7038.905763	126
81739	60	4422.361887	92
81713	212	5798.103226	106
81717	199	8141.062759	130
81739	250	3385.436169	76
81709	166	1873.449159	39
81750	178	6948.361306	137
81707	240	3593.473719	68
81747	161	3530.611377	84
81719	207	6212.949333	123
81748	144	21.92123088	1
81757	266	8541.069927	144
81731	102	5237.934435	119
81746	43	5939.887443	126
81735	112	1169.784432	18
81685	27	1074.621218	15
81703	48	10.95848007	1
81705	42	107.2608873	2
81717	132	4666.708918	106
81687	83	7364.130209	109
81754	269	5010.540689	110
81729	237	32.28935166	1
81760	158	8337.506107	173
81724	214	6579.797756	108
81772	37	8384.534512	146
81775	239	5508.69616	112
81707	246	6609.004142	111
81716	156	6987.510745	133
81734	159	7267.918217	138
81685	189	582.6249767	14
81688	155	7314.001223	139
81690	257	4507.79888	91
81758	177	7142.090557	140
81743	24	5442.303002	103
81727	17	3852.233388	63
81755	59	5049.197937	76
81765	228	5472.760091	122
81664	23	11.02196601	1
81736	70	5414.567748	98
81722	134	6062.21696	105
81773	121	5856.842731	112
81707	216	5624.08893	94
81771	204	9044.191958	182
81772	164	6843.456706	152
81770	265	7640.794963	150
81692	87	6699.348007	123
81753	209	5118.177708	95
81696	92	3546.080518	76
81756	183	6731.02823	127
81722	235	5313.02118	113
81696	238	4982.35609	97
81773	234	4644.754776	106
81747	212	4691.845097	79
81688	164	5648.671556	114
81762	197	5675.257538	143
81747	30	5320.14347	87
81716	238	5774.41049	108
81698	251	6069.947825	109
81724	23	10062.60999	171
81708	131	5479.876524	101
81758	10	8107.325938	155
81699	214	2827.98525	58
81754	64	6968.950416	119
81720	241	4258.046691	82
81693	50	5998.255479	109
81757	244	5705.519054	127
81692	136	4129.211938	91
81774	115	7240.783032	142
81768	269	7151.56457	140
81708	171	5674.077232	112
81726	148	6297.265868	141
81762	63	6153.930759	120
81681	51	10.25461415	1
81719	62	5393.795596	116
81726	170	5855.251592	126
81713	269	4304.016457	89
81726	94	6059.490931	115
81712	23	6146.975962	87
81707	151	4606.023101	105
81699	82	3243.355368	48
81733	125	4204.874866	109
81730	93	6156.904826	108
81746	163	5358.536656	123
81735	54	1783.503329	34
81740	25	7102.291094	131
81749	79	3122.593342	58
81755	30	3676.882678	68
81718	35	6893.733949	131
81736	159	6358.114145	131
81720	231	4018.946578	75
81745	147	7374.864424	146
81710	122	1482.177986	25
81767	74	6856.670532	135
81769	211	6106.635627	136
81740	216	6588.954791	123
81741	176	6568.205819	120
81721	183	5364.305795	107
81701	142	159.0572327	1
81751	250	3571.602434	80
81708	271	4089.373255	75
81732	246	6648.466854	114
81664	83	53.66222036	5
81749	192	3976.550089	72
81752	86	8538.919284	151
81704	203	10.9679845	1
81772	234	7647.852798	157
81773	129	5547.908987	111
81694	160	3771.768304	78
81688	132	4672.638098	90
81706	172	3783.680338	75
81713	67	4991.200368	100
81722	19	4784.417008	92
81766	94	6954.633136	137
81676	69	10.64562315	1
81771	125	4343.306805	95
81765	26	8040.347648	149
81738	138	5362.024778	114
81772	241	5752.715048	116
81729	134	34.79916931	1
81718	249	5642.805457	118
81756	126	5544.404493	106
81694	230	3891.044353	62
81719	37	7648.34704	129
81696	265	4868.645706	89
81738	245	5611.779231	101
81730	126	4811.27647	99
81744	189	4671.344724	100
81749	15	4247.592883	75
81730	202	4045.557861	83
81685	54	872.9489629	12
81740	243	5707.427803	101
81694	97	6447.22441	71
81748	244	51.90401975	2
81730	148	4498.485739	101
81721	45	9596.868393	131
81721	203	5855.560881	112
81737	113	5737.049874	120
81735	197	1803.405726	38
81693	237	5772.305763	120
81738	269	4345.248277	96
81750	223	7441.399379	153
81766	265	4872.893999	96
81746	127	7016.745809	132
81693	227	7703.941955	123
81730	2	8012.934516	156
81689	174	4634.800948	106
81727	152	2274.831006	49
81724	71	5467.166507	102
81771	13	12949.09291	175
81730	111	6468.022766	121
81714	126	4363.32642	96
81766	18	7678.489819	159
81720	198	6105.336552	112
81667	170	22.94525293	1
81773	9	5830.409216	131
81719	131	6078.607097	101
81725	70	5686.77354	117
81765	68	11900.05469	409
81693	88	7541.776371	134
81770	180	6604.086871	148
81742	171	7318.270561	137
81711	41	12146.32952	152
81713	250	4955.357482	96
81770	194	7870.148658	146
81728	262	10.65189686	1
81736	177	4627.476104	94
81750	49	7222.075181	146
81738	50	6242.671932	120
81714	247	5664.120098	103
81734	147	7696.943307	156
81732	131	4902.533244	98
81723	250	5679.311422	114
81718	148	6466.809725	129
81718	203	6317.795171	118
81686	122	3779.946495	66
81752	42	6610.601536	134
81764	152	7947.509852	152
81751	55	9773.181908	142
81697	179	10568.03095	166
81772	169	7456.289647	143
81721	245	5554.017626	108
81719	183	5937.171481	122
81721	189	4934.1538	113
81743	246	7209.0554	139
81750	242	4692.581481	110
81738	220	5275.264387	106
81741	94	5961.642672	114
81715	57	5789.670958	114
81760	228	7966.996097	181
81739	247	5383.676448	97
81676	217	10.8266689	1
81731	156	5600.75261	124
81689	252	5740.059339	95
81694	266	2340.220592	48
81698	99	9260.347292	148
81725	155	7985.200538	137
81736	42	5233.875297	105
81720	142	6419.4361	124
81719	215	5039.121953	91
81707	247	5132.35593	92
81719	202	7441.276247	138
81774	155	8416.265389	170
81699	192	3066.984758	53
81691	90	5560.255302	101
81756	207	5889.331615	127
81752	169	7795.236839	150
81743	208	5066.822121	104
81763	231	5785.464752	118
81741	67	6260.105975	126
81740	39	6657.768231	133
81770	36	8747.468608	170
81766	113	5167.972343	114
81736	2	6087.676243	127
81747	96	4187.558747	76
81707	104	4114.446853	78
81685	192	888.3620421	14
81767	182	7262.13203	149
81706	24	3031.062902	66
81756	22	6230.669524	124
81726	266	7429.69089	118
81726	173	5852.045669	125
81761	55	13799.00241	187
81705	211	61.34615979	2
81696	249	5466.532769	103
81689	176	7681.948818	131
81687	79	5522.742166	104
81771	1	9798.038753	159
81765	106	6919.072728	127
81724	110	12144.8338	139
81738	232	8276.442991	139
81709	57	1863.69576	35
81725	141	9447.039379	164
81711	110	11038.30531	138
81691	22	5621.492612	104
81685	238	619.478495	16
81735	261	1113.39319	22
81735	245	1247.61386	24
81760	266	8737.105976	157
81762	54	6863.026481	120
81731	86	7356.366446	118
81712	255	4823.119773	89
81699	107	3308.317399	46
81773	204	8200.600413	145
81701	35	45.16416574	1
81709	257	1481.935134	32
81685	112	1113.584049	21
81770	168	7401.860614	155
81707	25	5577.14061	98
81688	202	1301.989909	28
81759	218	5753.639972	109
81732	64	6604.645766	122
81689	31	7040.356227	113
81734	255	4574.31014	100
81735	157	951.3310626	18
81730	227	7186.229215	126
81725	203	6347.403581	108
81731	143	6559.125291	140
81688	82	5828.805215	102
81694	6	4522.959052	72
81731	196	6019.607153	119
81733	177	6856.538051	128
81715	60	6270.965351	117
81745	204	6245.837158	123
81714	138	4649.035645	99
81737	148	6709.275372	146
81763	173	6594.784933	125
81717	158	5731.908805	116
81691	142	8634.356977	131
81751	269	5226.0497	112
81690	16	5141.48948	97
81739	84	4211.548607	79
81749	257	3854.435649	79
81718	86	9490.359975	140
81760	267	6944.110894	148
81728	63	53.55055888	1
81719	152	7605.006125	142
81718	220	6180.557742	117
81758	213	6123.26115	127
81699	253	2832.843387	49
81772	114	7503.630764	122
81692	205	5832.273979	113
81771	79	5862.394313	120
81723	236	6150.132717	121
81760	23	11173.53113	202
81765	184	6537.100191	126
81750	180	5620.519397	119
81749	28	4449.854872	76
81768	91	6081.553661	127
81743	47	5414.80791	99
81762	218	7470.908425	144
81692	245	4738.707279	96
81701	113	73.38323459	1
81720	123	8681.192213	120
81748	167	13.04137802	1
81718	72	7895.803665	135
81759	208	6983.487928	140
81706	23	5238.352967	81
81768	234	6089.320729	117
81743	141	8407.253451	148
81763	38	6388.056941	129
81751	264	4367.035321	96
81735	94	889.1712151	18
81772	29	8103.683696	159
81725	74	8003.883293	137
81732	156	6113.835271	136
81715	224	4452.348251	96
81730	262	5083.331091	99
81768	6	8502.007756	146
81748	129	45.03689724	2
81710	245	1185.925374	20
81750	208	5061.155284	110
81692	203	6071.202961	113
81749	266	3266.07769	64
81739	5	4945.114588	86
81715	150	4300.842469	89
81709	56	2043.996693	37
81742	24	6207.266166	118
81726	119	6499.826604	120
81712	186	3996.784827	78
81774	63	6234.5501	134
81762	10	9583.501395	175
81750	162	7346.672612	147
81708	163	6905.332915	134
81768	224	5044.051367	118
81703	205	14.9545695	1
81767	145	7342.134413	169
81760	44	7353.95077	138
81727	233	5879.984784	84
81745	110	9035.770024	136
81733	57	5751.328695	118
81743	22	7451.940112	143
81721	70	4873.188383	109
81750	61	7676.153778	137
81741	160	6810.573945	137
81744	140	7712.242009	115
81767	218	6371.341841	131
81743	213	6748.061562	131
81749	10	3633.464903	72
81694	42	3801.899385	68
81748	138	111.8441419	3
81720	249	5069.626697	101
81672	190	13.19475538	1
81688	119	6603.893739	110
81718	270	5963.598398	115
81694	28	3918.427326	63
81766	43	6995.991938	143
81767	177	7282.721167	144
81750	191	5707.73438	127
81757	55	13781.53437	194
81690	269	6043.329795	109
81735	208	645.9069282	19
81727	34	3079.761524	54
81697	191	5539.369496	113
81721	46	8563.288052	117
81738	155	6899.898456	148
81696	222	4568.155134	82
81739	36	5753.23997	105
81729	221	17.90944399	1
81741	79	6155.01413	121
81716	255	4795.717325	89
81752	208	5883.662945	121
81759	24	5154.177678	112
81693	25	7542.025577	129
81739	38	4644.83852	92
81769	63	5590.836138	125
81723	249	6524.409843	133
81743	55	13455.45434	182
81714	154	6709.681119	131
81743	137	7028.917993	120
81723	10	10562.5233	173
81706	258	3027.616631	59
81664	122	11.01712502	1
81694	242	2330.45012	51
81717	111	7233.781238	117
81742	125	4206.567078	92
81710	270	1273.913551	24
81686	44	4467.367551	77
81735	171	1607.015755	34
81735	79	978.8193124	22
81746	195	4505.594071	114
81743	179	11292.48013	185
81736	157	5511.064096	114
81762	168	7190.087893	152
81711	115	6386.411525	119
81668	110	10.88672085	1
81747	249	3602.819338	71
81710	123	2387.690597	30
81775	30	7986.093923	158
81688	17	6040.94241	108
81771	236	6005.835287	104
81699	34	3087.825833	50
81691	197	5513.278147	102
81742	267	5564.332415	122
81740	4	7439.958183	137
81738	63	5385.741393	107
81723	78	6482.044282	117
81691	14	6439.680738	118
81694	203	4726.051805	84
81747	231	4628.328382	79
81752	247	6810.438047	133
81734	81	5571.535027	110
81722	89	6326.646571	112
81706	102	3527.87115	66
81688	22	5140.001583	102
81714	130	6388.179805	116
81731	108	7739.291139	142
81738	187	4792.337666	109
81709	62	1659.891156	31
81767	213	5882.378304	119
81687	145	5594.536107	117
81690	260	11216.534	146
81693	173	6968.090048	137
81686	237	3436.736802	67
81729	61	25.11943925	2
81749	234	3691.283177	83
81702	70	4893.836026	97
81750	90	5830.703168	111
81773	159	7009.696088	151
81719	154	6808.554191	130
81705	40	287.2153575	4
81707	178	3976.109473	92
81756	60	7776.885348	152
81709	80	2409.065552	37
81723	82	7744.532081	116
81755	55	7393.304805	96
81743	219	5561.189865	102
81712	263	4501.734876	80
81733	107	7297.398489	119
81767	61	7660.080748	142
81708	224	5810.285946	107
81706	45	4847.317378	73
81733	36	6817.495527	123
81717	32	7012.754854	133
81664	124	16.13072777	1
81762	79	7709.158598	139
81757	238	6228.397608	114
81775	268	7087.035944	138
81706	203	3476.528721	65
81715	247	5184.531629	105
81749	105	3775.057534	70
81765	29	7739.147669	138
81697	245	6077.892429	100
81689	115	4706.335251	88
81721	67	4428.99607	99
81701	210	14.59604755	1
81724	254	6392.07473	115
81691	250	5849.559397	111
81722	92	4736.206252	106
81751	51	5395.948462	102
81710	152	1387.710617	21
81739	214	5376.633865	102
81734	77	7987.488607	133
81708	22	5296.46532	99
81711	121	6573.728857	111
81695	112	5792.213869	103
81769	165	10140.30676	177
81686	14	4348.283627	86
81757	139	4281.248074	88
81707	162	5997.522	100
81738	246	8480.906324	129
81707	266	4897.514198	93
81765	162	8054.243894	146
81747	223	6068.521584	112
81722	248	6566.931926	131
81687	86	6349.602628	109
81773	46	9015.799558	146
81708	155	5501.016972	119
81770	237	6334.43152	138
81693	241	6248.490917	114
81757	237	5555.36273	118
81695	51	5190.162728	80
81672	87	23.01374414	1
81771	0	9918.942385	136
81677	261	93.22931724	1
81719	11	8603.430215	128
81768	191	6066.640941	134
81741	32	7389.790265	124
81722	22	5822.417668	127
81727	8	3064.970942	47
81752	180	6580.566489	153
81701	168	73.01860718	1
81739	190	4322.03252	95
81689	7	4800.8802	96
81707	218	4675.726278	89
81721	30	6727.441705	120
81693	270	6263.655557	109
81753	241	6087.571927	128
81690	185	5766.087076	121
81717	202	5496.755926	112
81694	180	2766.191955	63
81707	39	4141.204666	76
81745	33	7976.049718	140
81691	194	8540.142566	144
81687	127	5903.784439	105
81767	172	6510.882743	141
81713	203	6022.21157	107
81756	238	5230.374502	111
81755	52	3385.703884	63
81739	42	4964.613576	103
81710	25	1774.530988	30
81720	203	4812.628455	86
81710	41	2926.636384	37
81742	185	6724.994328	137
81692	6	9769.35434	147
81746	120	6833.163215	116
81772	84	5941.045436	120
81734	119	6600.854611	117
81702	147	5819.489773	122
81738	82	7174.618116	132
81701	139	40.28828387	1
81734	171	6051.024604	126
81687	55	10053.2851	127
81724	116	4614.944715	96
81742	48	7143.797193	147
81734	3	9157.768624	150
81674	45	12.40564839	1
81725	271	5055.605225	93
81767	95	7283.355684	127
81773	184	6075.715283	127
81691	69	10316.68012	152
81749	120	3784.906031	64
81711	199	6326.569466	114
81710	156	1148.032514	26
81757	126	7046.209302	145
81716	73	7022.949597	129
81711	162	7983.272141	151
81706	87	4069.566196	63
81767	23	8818.871452	165
81752	254	6683.111648	124
81719	198	6802.689751	122
81694	170	2675.940338	60
81671	190	73.27300587	1
81710	242	1050.70723	24
81740	83	10566.74594	142
81701	93	82.68486993	2
81773	104	6952.044556	126
81710	170	1337.472655	27
81702	193	8144.614534	137
81718	59	4638.392904	94
81712	171	4485.850518	83
81763	193	11025.03659	164
81726	122	6565.798527	110
81754	255	5700.569416	114
81698	196	4907.788224	100
81756	141	8144.888583	162
81752	193	11894.73347	167
81702	201	6128.630592	118
81697	67	5379.927027	99
81739	65	5830.201031	119
81718	209	5519.351311	107
81733	228	5277.904381	109
81771	253	6007.322991	128
81691	25	7763.114086	125
81758	38	4886.523741	106
81736	38	5920.216525	117
81721	197	5307.613188	108
81668	222	11.01464683	1
81692	44	6042.962716	124
81694	222	2135.340774	48
81763	234	4838.214047	103
81739	232	5301.299825	97
81716	24	5958.646284	114
81697	91	8737.71866	336
81725	204	6912.472218	135
81741	83	9695.092474	143
81740	17	7622.43881	117
81707	265	4323.290004	80
81724	101	8059.096716	130
81747	182	5787.558561	112
81691	178	7223.790056	136
81696	83	9578.238847	126
81772	179	12967.6592	193
81713	157	5410.965791	106
81692	192	5547.716029	116
81755	188	2694.080279	58
81726	8	10996.78549	164
81755	127	4716.074379	86
81689	91	5495.043215	198
81729	97	56.28969684	3
81696	34	5000.51115	100
81692	141	10587.81135	168
81689	35	5546.951094	112
81681	259	41.72458358	1
81762	177	6938.743299	148
81723	86	7914.476268	134
81695	133	5007.004584	79
81701	264	83.32760806	1
81712	144	5229.830867	97
81698	58	9278.045567	143
81754	98	4772.44775	114
81764	10	8655.579329	174
81717	36	6451.204745	111
81747	18	5473.877414	89
81707	105	3822.207448	71
81715	88	8810.865152	131
81739	168	5158.752244	110
81744	233	10364.66785	156
81771	121	8257.226129	142
81734	124	6147.819258	116
81716	242	3472.253754	83
81761	183	5364.690525	113
81697	12	8253.130744	125
81737	166	8512.706428	161
81774	19	5246.377755	118
81754	167	5907.352616	122
81721	269	5556.032841	105
81749	98	2732.755607	62
81717	28	6497.828399	118
81739	138	4314.679904	88
81737	88	9694.389041	147
81757	65	7688.82797	143
81695	34	3840.272757	61
81722	20	5110.667845	100
81761	253	5355.118101	101
81756	266	7694.606997	129
81759	95	7558.085752	132
81760	239	6455.196193	144
81687	12	5611.677546	93
81686	123	6035.41193	88
81759	69	10276.71713	151
81689	9	6718.09732	123
81731	58	6908.106038	115
81709	226	1741.38921	32
81665	264	21.3605843	1
81764	93	5983.695878	112
81666	257	60.91100905	1
81688	0	7449.246751	92
81696	38	4474.978671	93
81707	220	4670.205359	86
81761	4	8785.819908	147
81706	244	3695.837406	62
81752	18	8217.967702	147
81742	122	6002.869898	106
81724	194	7345.31485	120
81769	172	7151.380226	152
81767	162	6871.890118	136
81744	133	5007.167391	99
81685	233	812.0280121	12
81711	127	7843.734574	131
81697	195	5672.491771	112
81712	89	4504.918556	81
81760	95	6362.237794	124
81743	196	7696.964456	145
81735	226	1280.03191	24
81697	216	6716.794227	110
81669	0	17.45133583	1
81696	128	4933.608598	82
81742	246	8136.181107	139
81745	126	4782.799871	104
81706	163	3419.80541	75
81717	153	8070.473423	144
81712	101	6501.411759	95
81767	168	5572.637756	123
81747	248	4470.152961	93
81769	131	7364.976215	136
81740	29	7911.308107	126
81703	204	22.93265477	2
81741	3	7945.889452	137
81744	197	6300.133223	144
81687	163	4970.96246	100
81772	190	5361.851357	112
81769	228	5882.496912	138
81725	84	6008.110369	131
81689	47	4411.539817	95
81746	137	6198.413894	105
81759	172	8310.302586	180
81763	233	9852.970293	145
81741	106	4629.16102	87
81756	215	5545.160669	103
81709	205	1899.157341	41
81718	43	7191.628886	130
81738	96	6264.042203	101
81746	17	8147.310191	143
81689	209	5242.576832	100
81675	225	10.27320774	1
81691	196	7124.660934	128
81708	20	5942.683703	114
81731	13	9725.118177	146
81735	188	1235.307401	33
81752	240	5345.645254	122
81697	6	8931.953045	142
81732	154	7010.722266	137
81718	64	6370.467712	115
81686	261	3028.494452	67
81720	72	7944.457236	133
81730	193	7610.129951	117
81752	59	7823.910278	149
81697	14	6231.641843	102
81764	147	7268.80957	161
81769	7	6089.248046	136
81750	118	4161.795503	99
81736	126	5641.003428	110
81709	92	1021.708115	20
81709	18	1969.485524	36
81691	160	5057.505341	119
81768	181	6150.010166	130
81759	101	9455.297341	162
81702	35	5874.89897	111
81706	6	3679.862481	66
81772	86	7892.390062	130
81712	70	2987.770155	61
81690	41	10403.30675	128
81770	225	7201.800516	141
81685	6	570.2551697	15
81696	165	7564.284947	124
81688	37	5760.480178	105
81733	8	8743.213763	131
81726	143	7614.238646	152
81721	271	5577.296151	93
81768	235	5082.420775	110
81712	51	4998.644368	86
81737	84	6335.091955	112
81699	122	2205.592912	38
81719	214	7945.319839	137
81714	60	5661.080521	108
81695	220	4808.655787	78
81747	208	3646.039686	74
81690	261	5086.191757	96
81718	229	6065.219028	122
81708	84	5612.518245	112
81757	121	7688.351872	138
81751	162	5070.828497	105
81733	202	5689.708484	115
81727	160	2301.242976	51
81747	104	5263.371807	93
81746	122	6469.784671	120
81769	41	11701.89475	173
81716	29	7229.760383	138
81743	84	6160.15817	113
81695	247	5563.460387	98
81694	247	2740.446495	51
81694	228	2975.677361	51
81772	106	6374.709055	126
81731	49	6352.334633	127
81753	178	7659.824972	155
81713	43	5160.673863	100
81767	15	6237.401642	120
81678	159	19.91675033	1
81714	199	7715.635646	126
81722	163	8388.412253	167
81759	141	7597.29855	147
81731	26	7249.245057	117
81766	201	6260.665286	122
81717	88	9530.218996	141
81762	6	8104.824934	156
81710	223	1512.966688	27
81687	208	3985.568894	81
81768	116	5930.560158	117
81725	139	5191.80493	103
81688	269	4910.61715	95
81737	127	9756.227684	165
81717	257	4736.385112	94
81693	168	6662.671843	124
81747	59	5221.318362	90
81766	208	5083.682658	115
81747	105	4290.020813	91
81724	269	5019.310857	94
81767	190	6750.457694	128
81762	105	4441.768462	104
81750	150	5025.409539	123
81759	211	4974.402153	110
81716	260	9251.682053	143
81751	66	4481.712877	96
81754	192	6453.769547	130
81705	251	41.30419727	1
81769	88	7022.141585	130
81708	177	6169.718625	120
81736	269	4944.282038	100
81701	66	42.10987292	2
81727	82	3775.721311	63
81765	198	5421.222057	104
81743	248	7775.398102	146
81704	19	20.75494028	1
81765	63	6643.341721	135
81761	81	6474.65533	123
81718	128	4988.548754	113
81745	251	6074.380218	127
81701	247	23.43509524	2
81726	128	5809.518788	109
81726	92	5272.591592	111
81690	121	5714.534617	110
81696	141	5982.408741	103
81705	220	80.39330911	2
81761	246	10098.73782	170
81731	97	12583.06885	151
81706	245	2358.21639	50
81710	105	1642.780255	24
81768	8	11264.30938	173
81765	37	8421.506958	137
81739	26	6044.657925	107
81694	236	2946.293045	55
81758	115	6156.090937	121
81693	24	6361.334683	120
81717	71	5536.316048	124
81689	8	9743.758523	144
81751	26	6026.467916	113
81746	154	6658.082266	131
81688	251	4513.883019	92
81690	111	8222.904373	130
81697	74	4926.434383	85
81686	246	5995.08575	91
81734	17	7137.931951	126
81746	186	6381.080797	113
81727	218	1821.182555	37
81713	12	9976.897342	146
81706	11	4283.511014	72
81731	235	5831.81656	126
81771	248	7341.299793	160
81719	116	5543.26176	105
81735	147	1907.84988	37
81689	236	5125.809512	93
81690	171	5789.053163	102
81748	42	11.34422314	1
81725	142	9161.081908	169
81686	214	4311.471743	77
81689	112	5894.595537	100
81749	239	3296.985636	70
81720	234	5047.851123	86
81741	190	6032.677665	119
81744	76	6476.422545	120
81725	31	9265.29287	157
81713	179	10346.36386	161
81730	157	6384.684552	137
81691	49	7296.414323	127
81706	67	2690.604868	54
81750	7	4613.928813	107
81720	105	4211.345216	75
81740	188	4088.33535	100
81687	218	3889.4893	80
81726	194	6311.981697	119
81768	40	7889.04416	142
81752	165	8751.8789	160
81714	132	4558.057676	90
81753	23	10610.34173	168
81752	194	7274.576668	134
81757	172	8119.583915	158
81719	33	9667.512422	151
81773	4	10507.54371	169
81755	183	4082.716536	79
81740	161	6422.894474	136
81722	71	4853.670987	98
81708	265	4446.936417	83
81689	40	7306.041325	107
81759	80	8690.879388	156
81753	76	7077.572694	136
81697	126	5307.205361	103
81749	94	4416.422985	79
81691	12	8465.350458	131
81736	10	8084.597294	133
81745	218	5651.002876	116
81726	49	6406.073085	140
81708	44	7278.669054	115
81745	41	9014.324771	137
81747	259	4702.809824	98
81755	18	3906.335298	80
81724	187	5089.350154	104
81765	15	7603.039225	136
81678	265	12.18019678	1
81747	15	4628.125673	84
81764	228	4928.718815	118
81727	237	1922.729003	41
81698	209	6863.430258	117
81757	194	7465.145378	143
81675	0	10.80680118	1
81755	141	4493.756545	89
81718	67	5956.672727	114
81708	73	7046.396875	114
81754	65	7614.558962	135
81764	264	6623.477191	128
81700	97	10.13391336	1
81761	120	5848.52664	102
81765	10	7638.771044	140
81768	97	13113.61209	178
81740	28	8022.20489	143
81709	64	1736.633087	32
81726	107	7427.551304	125
81691	94	7094.774927	115
81702	0	9450.736059	110
81744	12	8861.231227	146
81745	245	4755.319439	104
81687	74	5092.674147	88
81720	135	4887.131516	85
81725	33	10150.46539	154
81731	221	7625.476791	144
81685	143	998.5730695	24
81694	116	2404.571066	47
81723	203	6716.622106	113
81750	262	4717.726106	103
81749	117	3041.105175	64
81766	263	6106.911524	114
81740	7	5866.928616	127
81686	38	3895.020637	88
81752	145	6285.861936	152
81667	19	12.47239416	1
81679	232	10.76659661	1
81767	241	6271.222583	114
81725	239	5099.980445	111
81672	79	33.75655104	1
81691	268	5450.734116	108
81759	12	10204.79646	192
81697	106	5974.595128	99
81763	145	7116.358369	147
81719	235	4025.681378	88
81712	226	4776.178775	100
81765	165	8437.926229	160
81774	179	13287.19789	223
81691	34	7427.481288	131
81745	253	5475.629659	123
81773	188	4611.786159	115
81723	146	5641.914641	124
81753	260	12080.02986	167
81755	174	3472.92545	66
81718	77	8970.544611	129
81715	168	5939.780673	124
81739	181	5269.72783	101
81726	197	6462.591029	126
81697	149	7501.592799	135
81727	208	1937.307125	37
81754	103	6767.695047	126
81712	2	4940.266732	95
81757	97	11965.82151	156
81727	105	2957.548216	51
81773	102	5994.727076	122
81736	257	4084.979143	90
81686	253	3232.65622	67
81711	32	7083.603136	135
81702	121	6300.239326	110
81717	68	6914.109795	132
81699	97	5458.426517	68
81733	97	10765.54736	145
81760	200	7998.405316	148
81730	6	7870.286856	129
81721	137	6924.387477	116
81694	98	2162.283698	46
81722	144	5903.562251	126
81698	197	6658.865604	123
81711	0	10871.07169	136
81709	77	2552.61301	32
81732	259	5734.117535	118
81739	183	5098.12748	102
81690	215	4526.647456	89
81772	219	5572.047	122
81760	142	10687.85503	200
81701	166	53.45359701	2
81693	206	12681.32745	215
81736	91	5246.791634	99
81706	227	3556.426814	57
81762	255	6797.290023	135
81751	14	5025.729351	94
81755	22	3890.240883	75
81706	4	3691.451445	56
81699	153	2430.394274	56
81730	114	6095.712546	106
81690	143	6149.513	129
81756	69	8700.508053	147
81711	176	6913.512701	142
81767	238	5578.908723	122
81746	90	6000.917283	119
81716	196	6269.153805	113
81711	134	8012.298605	126
81736	242	3927.880374	98
81701	67	152.95413	3
81697	64	6435.097758	107
81737	212	5432.490867	113
81686	156	3817.914808	83
81727	128	2250.77476	46
81726	192	6714.453981	123
81710	59	1865.686072	34
81691	159	7618.562087	138
81722	46	10228.12901	139
81689	168	6307.606486	116
81690	20	6447.625153	127
81735	168	1136.599664	28
81669	192	13.35253774	1
81691	105	6622.513996	115
81751	93	7478.650038	120
81715	215	6057.741628	109
81692	115	6016.088167	105
81689	25	6116.185934	129
81721	13	10838.65436	158
81738	53	8027.683836	138
81759	51	7601.191107	139
81763	271	5040.536383	99
81764	257	5237.512735	113
81754	206	10991.16158	181
81698	60	6859.411418	125
81700	110	36.54022378	1
81714	150	6207.135045	123
81687	161	3974.553308	99
81699	248	2777.39289	46
81695	150	4871.405984	102
81672	261	17.26397713	1
81766	250	4664.49636	109
81692	185	5048.647305	102
81732	129	6227.627444	123
81706	136	3920.599373	69
81711	42	7829.214916	131
81742	158	4563.23509	120
81712	106	4169.93518	76
81731	84	5654.141756	115
81709	69	3099.055379	49
81690	49	6015.801562	119
81719	57	6666.677616	124
81694	62	2174.621032	43
81757	68	10602.73719	356
81769	106	5702.021529	117
81692	21	7152.186772	132
81761	210	8073.204809	133
81746	108	6199.865127	130
81723	196	7377.45558	127
81710	160	1081.219267	25
81756	125	2931.12043	82
81691	127	6607.819709	123
81705	65	53.22067804	2
81758	98	6057.517375	127
81720	108	4974.041723	87
81705	75	209.1513843	3
81721	247	6709.880834	122
81738	217	4536.328503	100
81737	204	6721.495654	126
81697	137	10303.89115	131
81709	131	2692.569125	45
81735	97	3396.185587	47
81716	247	6326.747995	118
81727	147	1941.80301	37
81763	210	5772.128294	108
81705	240	95.7948681	1
81689	36	5179.702342	103
81725	0	9937.954057	127
81713	116	5025.123597	97
81688	166	7056.79596	118
81745	16	5437.084602	112
81686	51	5362.535178	93
81758	57	7508.899556	143
81693	42	6809.491551	117
81766	248	4884.609169	101
81725	4	9485.539895	153
81710	198	1310.209036	27
81755	101	5732.529718	91
81750	86	6818.344839	118
81716	25	7054.707	135
81723	191	5277.832681	122
81706	200	3827.664528	71
81746	161	7241.232088	143
81760	227	8282.033761	165
81774	17	8505.870745	161
81770	200	6981.298404	123
81731	198	5231.963502	108
81731	43	6295.353866	124
81751	260	8126.874544	126
81772	211	5329.972588	102
81712	191	3271.721618	62
81775	271	5075.526112	97
81702	130	5649.005461	108
81712	235	3882.077232	72
81687	4	6924.64726	107
81746	239	5180.743812	115
81769	61	7819.88722	143
81750	241	5430.091675	121
81764	77	7789.01105	135
81704	228	34.45294008	1
81756	155	7680.903622	152
81755	33	5203.495001	90
81697	259	6705.874093	118
81723	227	8373.1086	146
81672	231	12.31689191	1
81730	212	4569.719001	104
81739	266	5123.433015	90
81671	236	31.23611075	2
81694	83	5211.290938	74
81760	128	6086.723028	139
81772	85	8327.521407	143
81724	36	6608.753482	113
81752	71	4637.112384	108
81765	263	4587.699592	111
81748	242	33.36953135	1
81689	42	5411.201926	91
81701	111	310.2801155	3
81765	238	5952.770522	118
81739	162	5372.710855	107
81702	116	4518.275461	82
81708	132	4618.93884	82
81726	77	7847.547384	133
81693	169	7196.714522	130
81767	58	7972.32734	134
81719	31	7933.47931	132
81770	22	6940.896389	134
81698	184	6342.242141	124
81755	147	3781.575002	84
81717	49	7338.520688	142
81723	138	6865.576053	126
81715	4	8296.628754	134
81775	105	7497.952908	137
81711	117	5942.357518	104
81751	33	8252.705184	127
81710	254	1746.098697	34
81760	53	8244.805963	159
81741	132	5646.180233	119
81743	119	7065.125859	135
81711	156	7060.13465	138
81714	51	6273.692709	103
81689	89	6825.886514	115
81733	70	5213.497521	108
81744	119	7495.169615	130
81701	31	19.04031042	1
81760	58	7713.012099	128
81710	269	1408.197928	25
81676	33	128.9868165	1
81739	71	4677.541463	96
81724	268	4654.505598	91
81739	64	4737.655078	94
81760	42	7783.994169	155
81712	90	5303.70046	88
81731	257	5101.62253	92
81735	227	612.0383439	14
81691	73	6529.047277	117
81685	237	777.192609	14
81769	113	6330.304949	133
81764	258	6073.246144	132
81737	181	8229.323695	148
81735	17	1372.481493	26
81725	44	6324.683319	115
81761	143	7248.624311	157
81722	246	7170.676758	118
81692	160	7006.297287	137
81729	59	16.57639389	1
81730	147	5836.646617	127
81686	260	5337.766508	80
81753	25	6545.596357	127
81692	258	5001.337485	91
81733	180	6773.971385	131
81743	58	8677.341462	149
81763	183	5245.046963	121
81742	104	5154.342588	100
81671	23	73.06000869	1
81713	192	7290.468545	137
81751	72	6014.442558	99
81737	102	6414.151826	129
81750	57	6054.827135	126
81731	233	13350.22196	187
81695	95	7357.540765	104
81749	26	4610.509471	85
81747	191	4179.797896	84
81714	213	5160.377308	98
81739	226	4169.872257	86
81698	234	5929.786758	111
81719	144	6877.962708	146
81669	24	20.88906056	1
81737	217	5234.816474	101
81738	117	4627.399672	82
81722	151	6341.287713	132
81700	193	15.8630921	1
81759	145	6176.994636	139
81701	263	28.29993628	1
81706	21	3202.400856	70
81692	24	5997.869178	123
81724	173	5002.766223	96
81742	57	6249.370802	129
81766	137	8131.634137	134
81759	234	6237.010765	124
81769	140	9118.825635	148
81706	134	3838.708518	63
81741	25	6723.601351	131
81718	195	5234.241336	120
81699	19	2463.937184	49
81688	13	8507.341444	116
81717	192	5980.549247	118
81751	75	6863.80107	112
81690	256	5501.9075	104
81699	167	3359.474003	58
81752	67	5831.322841	124
81716	75	8531.443225	123
81751	236	5199.510991	102
81768	111	6946.545524	120
81689	65	7059.734493	115
81694	177	3738.866101	64
81737	43	6962.782048	127
81723	132	5753.612957	111
81663	15	37.16364622	1
81730	214	6418.678658	108
81770	160	7127.543633	150
81720	208	4518.382547	92
81735	0	2070.693775	23
81768	154	6755.470641	134
81719	245	6186.728228	108
81768	219	8378.553364	143
81758	257	5377.052143	109
81760	254	8540.807248	150
81721	250	6011.896972	112
81773	167	7742.336779	149
81712	93	5169.954003	81
81691	161	6389.429381	118
81730	132	4178.192448	80
81688	54	6753.268094	114
81729	259	40.53395961	1
81687	188	3189.168484	78
81713	258	4729.001519	90
81731	83	10848.6752	148
81749	254	3810.782698	70
81711	248	7511.89581	126
81732	78	6888.338465	118
81721	204	7327.292296	131
81710	165	1661.567303	32
81697	103	5945.049692	108
81743	163	6688.092433	138
81745	48	5894.404543	124
81768	254	8187.978896	143
81691	262	5938.786076	112
81735	207	1210.23002	25
81768	127	7983.675822	147
81723	55	14838.17532	188
81733	240	4874.434699	110
81763	222	4462.792897	91
81736	105	6799.703864	122
81722	75	6327.9042	111
81697	253	4456.968652	87
81739	25	5494.396205	98
81707	171	4063.064449	88
81746	188	4824.254542	124
81708	139	3683.614768	67
81706	17	3510.335653	61
81686	189	3456.728038	75
81761	66	5851.708494	114
81717	67	6493.068936	123
81696	131	5280.256128	94
81688	124	4329.904403	86
81716	132	4246.215707	88
81715	141	6560.201325	126
81755	152	3591.917073	69
81698	10	8614.471045	143
81696	230	4858.901181	98
81753	112	8700.344241	165
81772	170	6501.458907	134
81742	14	6568.184691	122
81776	141	11.74504206	1
81745	267	6178.210123	123
81705	53	98.78772588	1
81746	237	5833.546801	115
81708	207	4652.157312	92
81767	49	7303.599005	153
81733	155	6308.777787	132
81680	178	10.36195999	1
81747	251	3992.664145	79
81736	60	4652.014736	104
81737	261	6167.14405	116
81689	143	6262.583363	125
81705	132	12.33456199	1
81764	96	8667.980318	147
81711	271	4806.198349	86
81756	196	5614.721417	119
81756	168	6011.967178	130
81767	5	9054.66365	143
81714	197	5968.087383	120
81721	77	8249.580651	127
81735	47	1586.924182	26
81690	192	7320.274107	138
81696	251	3797.902575	66
81759	111	4791.659852	99
81742	211	5474.735325	119
81691	252	6289.328249	96
81710	234	1018.252205	21
81728	209	25.27964001	1
81733	138	5443.718477	105
81742	160	6521.762936	143
81702	184	6648.481761	131
81750	124	5704.186335	122
81723	83	10418.13762	148
81705	136	79.39920637	2
81694	64	3390.27767	55
81692	166	7437.097211	135
81673	188	13.54861567	1
81754	97	10947.40754	153
81701	64	95.0341147	3
81709	61	2147.175699	36
81706	73	4529.524178	75
81723	244	5502.657668	105
81686	231	3856.559258	68
81727	156	1731.318897	39
81705	231	81.51537885	2
81692	59	6373.086936	111
81761	79	4856.499642	93
81756	21	7169.759917	141
81737	247	7729.235072	138
81685	4	1058.90282	19
81762	173	7115.099928	147
81685	16	338.1704771	9
81698	241	5682.292429	109
81690	43	5883.099621	105
81772	97	14416.216	180
81714	237	5125.546118	99
81759	78	7158.023727	127
81750	125	4763.965021	113
81707	58	5842.319358	92
81691	225	6878.332047	118
81712	38	3820.963026	69
81738	35	5636.515824	106
81715	56	6162.724946	107
81686	255	3886.290277	74
81775	12	8709.932216	145
81760	28	8868.709812	147
81768	53	6826.453129	136
81725	136	6274.638204	115
81765	271	4708.440615	90
81695	199	4235.957663	65
81728	141	10.13657446	1
81774	136	6307.878277	122
81753	184	6500.319877	136
81723	178	6880.065633	144
81752	80	6375.622667	122
81694	154	3071.509425	62
81694	158	3223.711162	62
81688	110	9867.509367	136
81690	210	8772.099749	131
81720	194	6330.091673	110
81709	169	1486.910128	26
81762	146	6746.399459	139
81764	129	6462.219966	131
81713	158	4158.675665	84
81671	105	17.68887498	1
81733	129	5908.981056	133
81734	105	5791.476534	109
81689	227	5674.081565	109
81712	223	3892.998976	76
81692	55	9451.169216	133
81710	45	1790.462047	27
81773	24	5207.683994	112
81740	166	6418.530944	122
81756	68	10422.84786	390
81743	241	4600.600824	100
81706	185	3847.093897	75
81739	155	7152.908462	127
81722	214	6285.387818	117
81736	192	6053.435247	119
81700	27	11.29354318	1
81728	28	24.57949548	1
81698	89	6957.177089	117
81757	33	8784.235938	154
81776	252	13.10783641	1
81695	170	4118.67503	89
81766	98	5580.95587	107
81717	97	10639.59479	127
81709	249	2252.607009	42
81714	101	8294.479792	149
81709	49	1974.285707	37
81767	99	8077.732229	133
81747	167	5238.321805	102
81751	20	5690.088764	122
81731	11	8286.488697	137
81734	268	5833.871149	110
81774	39	6630.969324	134
81749	194	3013.276064	61
81710	40	1889.079925	31
81727	210	3393.203594	56
81685	128	1140.99052	22
81723	141	9107.790875	182
81771	234	7204.262822	143
81723	7	5579.756359	113
81698	159	8358.02316	134
81760	222	6050.982688	135
81768	21	6627.123093	140
81747	201	5574.456766	101
81725	187	4832.946737	113
81738	98	4242.120076	96
81696	203	5110.46769	100
81756	130	5495.345397	101
81751	74	5156.431251	91
81741	125	3285.601769	90
81725	248	7145.824896	137
81735	219	1418.580381	22
81769	92	6490.485679	131
81665	179	10.10236471	1
81708	237	5592.273949	112
81769	21	7628.323482	159
81730	240	5354.113436	104
81766	202	5797.283825	121
81759	257	5435.656138	118
81720	77	5969.099844	89
81764	219	6874.991356	121
81761	267	3992.186016	91
81737	49	6445.283808	129
81726	251	5673.895457	109
81742	263	5904.495755	116
81702	22	4103.026555	102
81698	175	6148.504448	125
81708	8	9472.777775	130
81736	71	4004.780634	88
81711	48	6761.87469	120
81712	84	3387.111623	74
81758	124	5437.485226	101
81755	28	3480.140092	71
81742	187	5184.430117	118
81714	201	4523.612409	98
81769	169	8690.50163	166
81692	257	4899.731336	101
81757	10	8733.217007	169
81737	14	5752.256386	114
81670	78	62.3076906	1
81764	190	6860.940254	138
81685	198	479.0095992	11
81767	119	10065.92331	176
81738	46	8602.728493	135
81760	145	7508.926062	184
81767	265	5546.792525	117
81708	42	6151.384986	109
81743	63	6144.743666	122
81727	94	2747.123462	41
81702	113	4404.593898	88
81720	196	5857.50319	108
81713	215	5559.844418	112
81740	37	7846.373733	144
81707	250	3075.422112	71
81713	143	6483.783348	121
81725	72	6561.636716	119
81696	252	4307.550644	72
81755	157	3395.766375	69
81735	31	1559.901868	29
81691	8	9516.506129	148
81695	37	5869.817854	91
81690	205	7848.221257	133
81714	55	12465.30491	165
81765	83	11875.01142	169
81686	220	4553.915124	99
81733	269	6489.160007	129
81753	78	8422.60027	156
81738	261	5539.444887	100
81746	222	5774.992324	113
81722	232	6349.929313	109
81745	92	5115.110782	113
81706	120	3440.436842	53
81729	200	21.14481724	2
81750	70	5272.036768	108
81737	73	6740.781708	110
81720	13	8153.378111	128
81773	268	5358.398796	109
81691	31	6130.453042	117
81716	159	7838.166215	146
81772	20	7214.628626	140
81758	225	5145.022886	118
81736	208	4428.340973	98
81768	151	8467.905657	157
81727	84	2660.040517	50
81706	252	3240.229618	66
81772	77	8831.604355	154
81685	137	993.7194712	12
81707	249	3385.581694	71
81760	13	13497.4125	198
81718	214	6852.47407	120
81715	49	5366.30919	108
81752	57	7280.335941	161
81690	10	9565.696886	145
81722	80	6322.726708	114
81743	86	7254.590872	127
81757	188	5506.887583	126
81685	32	1173.047796	25
81725	86	7668.801498	118
81709	41	3070.217593	47
81745	131	8145.195855	139
81668	95	11.07143484	1
81706	190	3774.24112	69
81695	59	4295.544364	72
81686	197	4009.185208	80
81734	225	6707.219531	121
81759	119	7873.271411	155
81712	140	4971.816325	81
81698	157	6853.004329	129
81713	234	5529.109608	108
81762	202	6689.730457	133
81722	201	6238.604956	97
81699	163	2193.767888	42
81715	208	4566.319906	101
81693	158	5951.448896	126
81733	43	5530.689041	118
81689	39	5417.866716	102
81715	134	7127.453024	107
81727	140	2442.669061	40
81710	44	1611.843221	27
81739	22	4500.865472	90
81754	3	8113.283585	149
81688	116	4332.834875	75
81695	229	4298.184881	87
81767	189	5175.665905	122
81759	23	9922.036252	162
81696	98	3245.633987	71
81689	147	7404.224708	140
81738	130	6689.401197	129
81749	13	6305.774836	102
81752	144	7116.678835	149
81737	116	6632.406438	126
81719	46	8292.354149	126
81710	85	2239.890368	35
81689	144	6145.263334	118
81726	27	10335.54116	148
81714	116	4698.762433	95
81755	74	3428.239898	74
81698	131	7485.585585	113
81761	176	6944.312696	138
81744	103	6099.578951	116
81732	223	6788.008107	118
81737	201	5598.337587	112
81707	115	4067.400081	84
81766	247	5187.332734	100
81718	243	6701.879786	117
81704	206	66.18463034	6
81743	176	6882.317167	120
81696	24	5424.330868	109
81699	188	1993.040757	39
81769	223	7774.98694	146
81718	73	7397.214605	114
81761	159	6995.100406	141
81698	144	6625.451472	135
81757	201	7712.064266	159
81745	128	5808.848899	126
81760	27	11951.58501	188
81753	89	6069.536592	117
81768	258	6626.335046	146
81706	205	2765.775704	55
81701	5	229.344575	4
81740	194	6308.433185	113
81701	126	104.5886699	2
81774	72	6951.890782	128
81686	45	5771.776916	87
81760	148	5868.538287	135
81753	223	8042.068162	163
81720	111	5425.937068	87
81773	147	7374.437714	146
81763	64	7921.491128	130
81722	266	6555.076598	108
81768	13	12461.30136	184
81759	66	6819.362482	131
81701	194	151.6550364	3
81719	243	4751.308752	98
81705	209	89.32383147	2
81693	114	8417.935213	129
81688	189	5054.630982	98
81716	32	6894.906492	136
81686	105	4184.378112	80
81714	178	7219.818941	137
81732	75	9630.82023	160
81767	171	7223.099932	136
81716	126	4649.761147	97
81721	184	5941.051357	111
81756	247	6087.925399	121
81703	23	55.37189591	4
81747	145	4052.974417	88
81741	248	7961.754964	149
81689	253	3605.150821	74
81747	4	7129.270163	106
81709	107	2857.853117	40
81733	6	7764.074181	131
81767	215	6749.42059	127
81729	73	89.00356524	1
81720	201	5652.826103	99
81770	110	12124.73337	171
81721	155	7822.707747	142
81758	202	6205.428694	120
81723	263	6810.826437	124
81769	120	8875.097151	151
81671	5	111.3151778	1
81688	242	4056.21217	81
81761	211	5494.711803	118
81772	217	4965.480949	106
81762	103	8092.422978	140
81677	68	29.68051347	1
81686	92	3474.345152	76
81769	159	8346.182053	190
81709	161	1805.659884	36
81736	223	5352.888767	112
81770	118	5425.078778	114
81714	86	7040.943078	121
81752	182	6005.647771	135
81722	61	6354.968064	113
81752	134	6488.544181	123
81750	188	4653.986233	117
81691	78	6599.508229	122
81690	45	9964.469455	140
81689	193	11626.81103	160
81750	201	7638.320655	151
81766	256	5863.087956	116
81737	61	7408.160506	135
81717	152	7962.234435	155
81694	231	3498.945449	60
81699	100	2546.207705	52
81713	207	4945.836736	100
81732	251	4708.880915	97
81737	120	9402.776068	150
81730	77	8413.499935	129
81702	235	5029.722538	102
81757	63	6732.888845	142
81751	134	4972.369454	98
81699	180	2749.942916	53
81677	241	14.65562824	1
81664	107	13.24537015	1
81745	213	5392.701168	105
81740	99	6092.275892	92
81760	73	8249.469972	146
81767	210	7992.271225	134
81707	270	4522.248793	87
81714	176	6280.821849	111
81737	241	6073.455288	123
81727	265	2629.761296	48
81759	194	6519.844263	139
81773	206	12650.49507	191
81695	4	6804.850783	106
81770	255	6092.188773	130
81739	85	4946.631652	91
81714	121	6287.058662	111
81755	256	2473.642039	59
81732	99	7362.277006	127
81770	216	6737.251637	125
81754	108	6551.318764	115
81714	155	7885.871163	153
81687	160	5264.120857	106
81754	8	9281.606671	145
81697	24	5816.003984	114
81712	63	3635.880423	66
81755	89	3643.106717	71
81752	120	7293.587668	131
81692	226	4896.173056	93
81769	266	8058.817324	138
81751	143	6456.540725	137
81688	53	6151.10346	112
81766	91	5866.589727	107
81724	91	5006.889282	102
81739	62	3378.7752	77
81729	13	37.00432183	2
81698	235	5585.996402	106
81765	49	6638.700206	143
81739	256	4742.355218	92
81713	172	6803.631944	121
81730	113	5934.459612	106
81711	47	5719.926505	110
81750	184	6787.79873	127
81771	173	6970.36974	148
81689	170	5600.58889	119
81714	135	5819.291892	108
81756	32	7057.624242	130
81736	44	6949.1507	125
81712	58	5894.217322	77
81766	200	8175.399916	139
81712	126	4127.471164	76
81699	235	2135.630485	42
81708	129	6555.485446	118
81707	127	5786.131283	102
81734	85	6535.293047	120
81743	20	5624.400872	110
81719	234	4571.147907	96
81707	42	4863.286739	88
81756	78	9194.477045	144
81707	38	4949.727837	88
81702	155	6477.936336	109
81699	177	2743.790601	44
81694	263	2307.965843	55
81740	195	4690.534352	109
81699	170	2635.190132	43
81701	221	40.98374809	1
81713	79	5050.591528	101
81718	122	6385.951449	115
81726	32	6328.329043	126
81689	200	5551.902536	103
81717	34	5712.189924	112
81736	95	6800.121585	107
81750	131	5618.046025	109
81733	187	5740.125305	135
81751	115	4855.693198	104
81768	211	4967.003081	108
81706	117	3592.276525	66
81725	3	9195.061803	158
81686	221	5884.109464	103
81708	223	7226.995064	135
81750	204	6773.640265	145
81770	246	7275.322238	130
81751	73	6153.736176	104
81737	195	6338.641239	128
81686	171	4959.751968	99
81727	145	2306.531115	60
81732	48	5910.343866	123
81724	115	4905.834271	100
81706	143	3568.842802	75
81678	8	68.68736791	1
81686	120	4980.398908	78
81699	103	2679.72611	39
81765	147	9451.678971	185
81735	4	1966.575195	29
81715	24	5381.317563	93
81707	165	6358.288342	107
81740	240	6828.131701	127
81766	193	11015.91959	159
81693	220	5812.486055	119
81727	50	2423.530793	45
81731	144	7014.822895	147
81736	76	5862.099491	92
81699	69	4439.294038	69
81756	29	6475.109331	123
81722	199	7095.198931	120
81759	44	6781.033545	130
81721	199	5279.836166	116
81749	131	3903.387175	76
81772	171	6596.547165	139
81733	139	3733.479088	72
81752	117	6809.353708	122
81691	193	12426.57242	176
81750	114	6352.210936	110
81748	22	25.81830267	1
81757	233	10684.67195	162
81709	133	1774.530932	33
81715	206	10655.56689	164
81722	33	7517.380061	124
81737	45	10783.29627	155
81731	33	8341.277271	138
81750	99	7732.168984	126
81715	47	5363.934795	100
81726	193	12056.48043	189
81755	83	5923.167874	90
81687	108	5740.380174	105
81775	10	8350.351544	152
81742	212	5499.145973	110
81743	227	7402.071811	133
81724	164	6845.617655	131
81717	170	6239.775167	133
81747	99	4970.831542	88
81695	179	8373.565282	133
81739	129	4395.125805	89
81711	25	8502.546692	136
81763	21	5868.757632	125
81725	120	5707.674835	105
81711	262	5818.153967	105
81773	5	10564.04959	182
81749	16	3437.516323	73
81687	59	4954.648437	88
81736	106	5819.703761	117
81746	105	6419.938771	120
81718	176	6181.933133	116
81709	16	2220.330039	41
81712	240	2991.273766	61
81770	167	7984.174314	166
81724	252	5117.077735	103
81732	253	5133.622729	108
81761	30	6860.943892	125
81701	123	26.8121222	2
81709	246	1956.677225	31
81771	201	7161.452253	125
81687	189	3802.098109	93
81706	213	3153.430292	64
81755	266	5240.486052	78
81685	224	708.9274755	14
81744	190	5061.656946	105
81749	195	3260.408375	66
81760	211	6142.799272	128
81688	9	6647.666714	122
81731	38	6203.316667	124
81762	145	6673.427573	143
81775	227	6537.967951	128
81753	120	5924.637577	111
81741	142	8490.014497	156
81674	180	42.72956021	1
81753	48	6877.764951	152
81689	107	6939.178676	120
81709	142	2562.732675	44
81702	74	6186.015235	110
81746	216	5377.358587	100
81669	69	16.11012931	1
81725	230	8691.207199	147
81721	141	7278.76787	142
81767	260	10664.75763	157
81696	35	6071.242864	100
81745	94	5795.963275	119
81770	147	7279.310851	158
81752	82	6938.501436	134
81720	100	6572.674684	103
81718	87	8312.564036	141
81739	201	4811.427262	95
81685	194	655.6315677	12
81717	156	6878.720288	132
81768	200	8903.72982	160
81758	145	5718.367384	135
81734	40	8536.075479	140
81715	189	5321.812245	108
81746	234	4977.169199	100
81715	118	3388.513775	79
81701	103	86.07817073	1
81693	100	6373.610857	95
81751	184	4589.614581	103
81702	141	7272.390284	129
81691	212	6301.538646	104
81763	49	7365.095237	150
81742	202	5307.606593	110
81747	263	4959.556042	92
81675	41	36.65519967	1
81736	125	3424.335181	79
81754	120	5683.557004	113
81697	127	5863.003457	103
81734	193	9690.276244	137
81726	33	8793.071655	155
81719	257	5764.647164	111
81733	120	6579.581758	116
81757	263	7173.302678	141
81762	157	5886.624804	120
81699	232	2652.203561	48
81710	128	1069.134752	20
81716	187	5526.668278	115
81755	271	2621.63982	53
81767	83	9784.266044	142
81744	96	7922.826303	123
81761	76	7360.253473	129
81710	7	1085.565804	22
81763	79	6219.712082	116
81719	94	5572.347602	107
81695	153	5115.866783	97
81699	135	3057.562345	45
81722	200	6341.27244	131
81772	259	8049.477476	154
81763	61	6494.030359	131
81686	165	5988.698523	110
81740	225	4635.208394	101
81758	34	7442.066925	136
81761	171	6459.159589	115
81729	168	16.35183242	1
81690	216	5635.033412	98
81757	167	8055.34768	150
81745	14	5931.515514	116
81706	197	2672.470112	60
81710	199	1198.91321	30
81755	240	3327.059367	72
81718	6	7914.58596	124
81744	131	5983.123627	111
81706	269	2496.475869	47
81740	141	7223.980029	145
81730	257	4995.94738	88
81772	262	6429.334551	125
81701	170	33.41302805	1
81722	174	5160.529103	111
81687	153	5949.49794	113
81705	137	162.1905789	1
81746	65	6935.676176	126
81751	148	5462.403994	121
81685	84	608.3201056	12
81766	3	9918.958106	164
81699	106	2281.707015	42
81737	125	4659.493488	103
81766	67	5549.207243	113
81697	194	7274.965562	124
81773	196	6130.421816	123
81736	154	6235.603286	121
81699	39	2999.183885	52
81711	186	6425.222462	127
81759	118	5045.714088	115
81762	109	7501.936221	123
81714	7	5609.717769	118
81772	81	7963.703418	153
81711	270	6208.624584	117
81741	24	6218.114104	121
81771	81	6621.503231	128
81752	245	6174.923988	135
81772	1	9554.168944	157
81702	85	5829.239785	105
81722	228	5601.024994	109
81729	40	10.27424383	1
81712	250	3880.465401	73
81738	259	7021.976151	122
81726	37	8948.716506	149
81699	138	1141.972343	21
81758	7	5580.242942	120
81713	259	6459.834031	120
81734	102	4467.148279	94
81760	122	6809.968675	122
81717	128	7277.37889	142
81698	263	7257.713494	130
81721	257	4652.893089	93
81762	207	6607.980325	141
81685	270	1011.109838	18
81719	87	9357.489672	149
81738	233	12491.05501	177
81733	73	7765.539177	133
81682	139	20.98449264	1
81740	247	6581.901658	122
81721	158	5904.819598	120
81671	140	13.96387291	1
81663	30	12.59675627	1
81771	36	7133.437988	141
81759	269	4437.484335	108
81701	24	17.51263854	1
81764	171	6887.748327	135
81712	117	4446.531962	81
81689	244	4982.548023	94
81741	169	7861.982854	150
81722	50	5992.256621	109
81757	40	10439.74769	169
81768	73	7844.075243	136
81767	188	4882.150467	125
81711	23	10281.70569	172
81768	30	6121.18768	124
81722	57	6257.246731	111
81747	89	4422.269139	86
81734	89	6961.367952	132
81725	83	11396.73874	143
81756	212	5585.697282	118
81707	122	3953.792819	74
81698	56	6245.188372	119
81734	221	5902.256595	115
81768	67	5686.634573	132
81755	60	3769.577692	77
81773	165	8850.941686	152
81757	225	5833.415152	125
81687	173	4743.710815	88
81764	103	6977.990501	131
81774	13	11601.43503	177
81718	202	6468.045302	116
81742	87	7600.145154	126
81723	69	8833.948351	146
81742	265	5465.623908	111
81692	227	5264.517361	95
81693	76	8033.565645	128
81745	174	5164.180094	124
81696	204	6750.899104	109
81715	136	5899.147257	97
81775	267	6814.202933	149
81763	136	6052.293471	118
81760	190	7317.567197	143
81765	71	5019.927372	116
81735	250	1140.736098	19
81685	83	835.8428828	13
81711	15	6206.349653	110
81706	140	3895.220136	58
81706	2	3218.586845	63
81745	37	7041.114307	124
81747	244	3648.644438	68
81728	44	10.81697263	1
81751	98	4049.473247	89
81740	159	6876.386372	148
81726	253	5242.341682	104
81691	120	6683.412681	112
81754	200	7348.780585	135
81710	193	3140.065824	41
81745	136	5512.117713	106
81714	230	7760.986874	141
81744	207	6506.290992	138
81772	178	7630.929251	161
81761	192	6811.176975	147
81762	2	7247.414666	134
81772	253	5648.403512	112
81707	78	5745.28905	101
81689	38	5993.454317	105
81770	150	5760.707172	144
81723	46	7376.176952	127
81717	190	5743.859484	104
81770	215	6763.020585	132
81705	154	140.1846645	4
81738	240	5996.553956	108
81744	234	5589.132381	113
81746	118	5143.949289	113
81688	229	5819.565534	107
81707	148	4926.200377	107
81722	227	5496.737756	107
81711	72	8429.885531	123
81765	32	6947.47739	137
81693	208	5311.979775	104
81685	131	958.7885697	14
81708	39	5937.942188	114
81752	33	10051.81911	154
81727	99	2256.289792	39
81676	78	10.87549882	1
81692	218	5383.255225	115
81741	165	9065.287254	163
81687	217	5080.181202	87
81697	90	6226.50892	113
81741	38	5918.170193	123
81723	195	5157.070388	108
81762	45	10466.42903	169
81749	62	2263.9598	54
81763	31	6547.299003	115
81692	45	9551.013504	138
81764	59	7480.035988	132
81693	231	7773.854869	137
81722	79	5667.634029	105
81767	179	12864.03025	191
81723	73	7396.235116	132
81745	230	6230.359937	130
81699	264	3005.497659	47
81716	160	5774.038239	142
81698	267	5785.900223	108
81727	146	2209.44759	41
81746	193	11707.88961	173
81738	132	5775.055679	106
81731	176	7694.249533	144
81709	82	1535.19361	26
81756	231	6323.736956	122
81725	15	7739.918917	147
81695	83	7971.536218	110
81736	151	7200.83353	129
81730	125	2845.281526	65
81711	53	7410.518178	120
81688	221	6537.751972	126
81697	68	6173.461618	107
81748	246	115.1320832	6
81753	225	5075.640561	112
81698	83	10534.81894	154
81774	174	4440.144286	112
81740	118	4745.934313	105
81737	46	10544.16249	166
81740	197	5518.518646	127
81749	204	4307.005358	82
81767	219	7760.908801	133
81742	51	7982.585823	130
81731	239	5615.427144	110
81744	125	3902.737955	95
81715	98	4263.151324	92
81685	60	748.1426839	15
81744	198	6494.534404	127
81715	3	8057.934937	127
81692	70	5209.292001	106
81732	9	5393.268613	109
81761	215	6743.956325	117
81744	22	6018.143676	122
81709	68	2021.842828	39
81694	8	5905.14139	85
81766	57	6045.65173	124
81682	112	26.68501561	1
81772	183	6767.939093	147
81708	170	4609.529645	91
81740	55	14416.0095	183
81689	137	7231.967201	103
81754	140	5835.345365	91
81740	9	5889.199277	124
81747	268	2899.505526	68
81690	96	8466.283111	127
81741	270	4363.727518	93
81693	264	7725.916062	125
81707	76	5584.352687	82
81767	126	5415.123823	114
81751	176	5944.451574	115
81685	116	417.3496776	12
81757	154	6668.323013	140
81715	50	4806.402271	86
81773	146	5207.072411	126
81738	199	6343.634171	125
81703	130	69.64088546	1
81758	216	4951.053517	110
81772	247	7848.066738	164
81708	268	5319.349528	110
81678	89	11.8997842	1
81734	265	5726.542797	122
81751	16	5791.505278	126
81718	130	4980.771202	99
81745	32	6707.375803	128
81697	55	11083.40338	147
81755	113	3641.379456	65
81713	9	5137.992042	102
81765	31	7685.482114	151
81771	135	6059.011193	113
81766	135	7405.078659	131
81711	43	6267.57802	120
81736	220	5331.516817	109
81767	229	6730.200311	136
81693	122	5976.705749	104
81727	29	2815.526955	54
81745	111	4560.488477	97
81698	211	5325.909023	116
81775	147	7184.51099	158
81699	126	1445.940192	33
81770	65	7354.431831	146
81701	107	118.5137829	1
81708	12	9223.225612	153
81692	225	4792.635188	93
81739	53	5402.103268	114
81699	20	2488.333236	49
81684	217	64.79556706	1
81755	84	3919.438005	80
81771	49	6954.866036	149
81685	85	717.4744814	11
81720	262	4095.042156	79
81707	26	6449.182019	111
81772	192	6398.73697	135
81706	176	4141.125817	75
81688	126	4479.055074	96
81699	121	2102.194841	44
81754	196	6200.894696	121
81694	46	4224.228751	55
81699	221	3050.76909	59
81698	238	4621.656588	100
81688	73	7738.450286	118
81760	210	8476.104899	153
81754	261	6496.528163	127
81721	173	7124.624187	126
81764	209	6219.474969	131
81691	11	8272.508619	146
81754	251	6110.136635	118
81774	47	6318.135958	133
81740	207	5712.583556	113
81727	96	2678.474531	47
81707	200	6005.384273	120
81750	18	9339.15995	162
81738	55	11939.85749	159
81697	78	6432.375825	111
81688	261	5509.727936	120
81772	5	8047.375852	148
81741	133	5826.952301	106
81768	255	6446.746519	133
81750	40	8677.645897	149
81760	107	8321.442572	140
81734	111	6781.855877	127
81701	229	112.1804978	2
81732	148	5466.827251	138
81747	256	3591.713414	66
81713	80	6269.627574	117
81692	246	8080.12889	106
81758	197	5585.950798	127
81758	1	8245.666194	149
81729	123	61.63612273	5
81702	265	5435.30445	103
81694	51	3179.975436	60
81762	44	8154.774105	157
81772	32	7921.421399	143
81686	230	4020.553969	77
81756	267	4595.411684	102
81692	222	4883.896988	99
81671	183	99.03002943	1
81739	219	5463.543184	88
81704	179	161.8210156	10
81722	106	7129.862119	117
81742	44	7494.329152	148
81743	73	9465.043159	162
81724	15	4894.979361	99
81767	20	6177.031029	123
81735	187	1533.933315	35
81727	132	1727.386933	36
81711	91	6462.570396	125
81674	31	18.71252891	1
81692	31	7715.832892	119
81665	257	22.28128171	1
81720	148	4528.355106	102
81722	157	6416.78784	130
81707	75	6450.726078	103
81707	34	6217.601809	106
81735	116	976.4029498	23
81708	72	7092.418882	116
81737	255	5907.764615	132
81693	225	6424.740187	105
81755	47	3648.474105	71
81731	47	5997.645115	116
81768	243	6350.222635	140
81722	99	5907.557416	104
81715	251	4947.805912	97
81760	166	10095.5768	205
81670	263	12.12212989	1
81730	164	5846.122301	115
81744	94	5686.304619	109
81719	270	5891.628541	116
81730	127	6515.393248	120
81721	239	5242.752965	107
81763	238	5909.83012	116
81767	35	6804.226639	137
81687	45	5900.594855	97
81744	80	5866.325856	115
81759	75	8161.487938	127
81727	36	2460.190533	48
81762	246	7161.421893	139
81771	251	5279.749138	108
81738	94	6142.44509	109
81775	198	6097.969022	126
81749	89	4388.767728	80
81745	195	4853.151576	111
81772	237	6117.358506	137
81728	206	117.3223219	9
81698	8	10389.56328	146
81691	246	9511.561003	149
81735	209	1740.084813	26
81708	246	7753.982379	121
81724	19	5449.882122	120
81708	147	5187.233234	110
81741	81	4768.661354	100
81709	264	2127.368476	38
81730	255	4518.20339	103
81764	131	6676.547267	117
81771	92	5028.520205	106
81760	256	5795.282056	124
81711	256	6458.711774	117
81694	24	3584.823452	66
81686	236	3982.435567	66
81694	271	2236.876959	48
81724	12	8383.490859	130
81720	219	5893.850302	105
81721	80	6382.706075	110
81696	56	5297.304548	102
81745	64	6260.965814	121
81743	111	7694.193383	138
81662	10	20.46211328	1
81769	50	6911.199418	133
81747	185	5114.12065	97
81767	178	6802.286761	155
81757	50	6576.976651	124
81701	133	114.0140102	2
81737	119	8128.672082	147
81686	267	3538.951881	74
81695	241	3631.892586	65
81698	108	7462.831422	124
81721	168	5516.267169	118
81699	91	5547.358748	299
81740	95	6901.291138	125
81736	101	7331.077573	123
81759	248	6689.729373	130
81744	192	6008.665298	115
81720	149	5223.100087	110
81764	74	7852.386355	159
81707	98	3504.385623	71
81733	1	9902.324702	150
81758	70	5826.382333	122
81760	136	6438.090059	112
81757	43	6339.757756	124
81759	240	6160.721108	114
81772	124	6230.399851	128
81763	15	5208.786593	105
81708	119	5299.779285	93
81763	2	6647.460208	134
81759	217	6261.071093	122
81692	119	6095.562599	108
81685	99	941.0120514	13
81743	61	6911.523555	133
81752	150	6675.949587	146
81723	144	7383.518938	160
81743	192	6118.932365	128
81736	168	4867.915385	106
81706	16	3858.616743	67
81772	184	7049.24568	140
81755	231	3652.979855	68
81702	58	6630.761048	118
81739	238	3304.023352	72
81722	21	6693.680484	116
81720	71	5121.627598	114
81772	156	5764.032276	117
81697	246	6731.4958	118
81694	261	2931.462241	56
81731	152	6264.663296	142
81725	24	6740.284874	131
81725	119	7164.355487	120
81745	99	7549.616243	125
81773	32	7563.780796	142
81702	232	6191.507479	107
81737	70	6188.966706	110
81710	38	2182.3013	35
81722	95	7405.078548	127
81735	142	1611.648177	27
81771	63	6979.564051	130
81764	32	6852.152406	129
81686	50	4242.224911	83
81754	225	4609.708398	100
81734	156	6276.02428	137
81737	159	7116.816377	153
81773	18	9514.531185	168
81716	199	6505.951951	125
81753	270	4928.689411	105
81690	70	5416.247039	114
81663	27	15.14473525	1
81765	250	5856.01766	119
81772	65	8220.394545	152
81753	54	6150.176542	121
81765	110	13149.7351	166
81772	163	6890.354226	137
81743	250	5273.038372	116
81722	97	9218.212273	132
81695	116	3886.910126	78
81707	17	4183.058542	78
81707	131	5207.967924	91
81763	54	6162.682934	111
81715	265	7147.107227	123
81741	219	5957.286507	112
81753	6	8704.818105	161
81709	227	1987.189507	32
81772	213	6487.561044	142
81759	163	7292.32303	141
81745	49	6171.929813	124
81736	49	5781.787609	113
81718	27	9367.261368	150
81715	43	6708.212994	124
81731	7	5501.587352	130
81686	150	3479.378235	81
81731	29	7712.968512	123
81706	132	2554.932222	49
81774	189	5446.178955	140
81730	190	5363.780501	107
81716	167	7028.593705	135
81719	121	5928.511596	109
81719	208	6025.281484	101
81735	126	1123.643542	25
81671	4	145.0394244	1
81720	103	5492.68195	97
81723	116	6358.572968	119
81731	165	8537.394629	141
81750	170	7752.815335	154
81753	72	7076.099264	131
81695	75	6551.551128	98
81772	193	13000.19941	185
81771	197	6229.693389	140
81772	117	6035.433866	114
81746	110	10446.52927	135
81768	11	8681.405397	160
81733	250	5625.069773	108
81761	245	6522.634475	132
81707	215	4136.133981	89
81692	90	5407.469043	98
81758	62	6561.689309	126
81716	165	8133.730064	131
81719	266	6388.019963	107
81769	183	6312.058355	134
81686	243	4422.995978	83
81691	87	7940.901037	117
81749	198	3512.80767	80
81772	64	6935.847785	138
81726	4	8711.109013	142
81690	271	5351.118115	92
81766	129	6558.664131	125
81723	181	7375.160103	124
81699	115	2349.596847	49
81695	38	5126.504071	107
81731	195	5426.875971	116
81735	246	2136.554659	30
81719	237	4702.49975	101
81683	223	24.57529765	1
81722	58	8499.425858	124
81689	14	5320.715188	99
81691	70	6852.388671	117
81762	91	6711.863692	132
81749	216	3730.372423	74
81714	221	6778.044011	117
81747	101	5878.153406	88
81772	103	5728.561708	132
81754	95	7028.045537	119
81759	109	7646.507311	121
81750	41	9837.629741	162
81708	59	5798.392273	100
81739	131	5220.194421	100
81693	38	7605.819364	132
81722	18	7124.760813	133
81690	46	8936.008282	134
81726	165	9924.884843	165
81730	27	9159.023943	132
81696	217	4438.502308	77
81732	44	6283.977394	124
81747	143	3697.928133	74
81768	48	7584.581477	152
81772	157	5558.714232	123
81719	210	7486.992676	115
81752	263	5695.75988	114
81724	68	6393.659408	108
81695	245	3730.237085	74
81697	206	11460.77645	168
81742	60	7370.420708	136
81760	258	6528.840248	143
81708	125	3278.756589	79
81685	208	400.1908843	6
81736	201	5634.321845	113
81717	259	6865.828984	114
81760	271	5868.711801	113
81775	45	9824.201067	163
81707	128	4433.341629	96
81707	47	4381.746063	93
81733	165	9481.85675	153
81746	269	5705.847793	117
81753	38	6402.694115	132
81686	232	4506.927517	78
81695	204	5984.898265	111
81710	218	1280.081282	26
81714	214	5968.711312	100
81741	208	4394.78229	103
81742	200	6319.092974	134
81690	38	4923.861139	96
81717	172	5524.073237	110
81734	42	6302.143161	128
81757	220	5296.676364	107
81774	146	6532.125996	138
81725	65	7736.732477	143
81751	11	6966.491235	119
81681	97	11.09149626	1
81775	57	6835.296456	145
81772	128	6531.163344	140
81703	114	13.43934775	1
81710	172	1447.035651	27
81733	80	5399.956738	112
81719	153	6625.917361	138
81705	221	133.110195	3
81751	144	6175.939812	140
81697	162	6136.435887	115
81766	20	7291.036753	147
81690	241	5022.23076	96
81688	165	6649.267376	120
81776	57	12.66157846	1
81730	58	7489.952377	124
81757	124	5506.221549	111
81708	227	5272.813927	101
81687	131	5353.554924	100
81754	153	7295.307098	142
81772	207	6652.096216	160
81689	257	5424.724996	104
81774	199	9688.799426	165
81697	20	5835.183418	102
81770	93	7389.861382	126
81740	183	5686.982421	121
81702	26	6131.418001	110
81688	118	4101.964214	95
81757	261	5954.034862	120
81750	26	8654.963545	162
81694	84	2411.651357	53
81739	154	6348.999369	125
81699	242	2306.148291	50
81749	253	3506.011179	55
81712	121	5442.204229	89
81735	109	1641.802547	29
81690	245	5779.802916	105
81710	101	3089.54183	40
81697	181	5606.560428	101
81747	21	4305.385561	82
81715	63	5784.296807	110
81735	158	922.0398528	23
81707	61	5558.00798	104
81747	63	3167.194159	59
81692	123	6591.815638	114
81690	17	6458.501418	110
81724	44	6197.720971	125
81745	4	9839.094668	154
81718	216	4815.597581	93
81771	136	5551.387492	117
81711	84	6487.634244	115
81716	158	5265.704722	123
81685	154	587.4222813	13
81730	64	5915.795802	112
81732	90	5002.965697	107
81757	71	5005.189075	113
81773	63	6443.099409	137
81757	230	7509.862382	139
81759	63	6078.768704	124
81697	100	7146.025498	119
81693	267	5055.147817	97
81701	179	121.6679987	7
81678	266	28.10504271	1
81707	180	4091.439627	80
81757	190	6493.364081	151
81731	93	7004.337593	119
81713	39	5500.325397	97
81715	164	7501.493084	137
81772	223	6326.34261	143
81702	210	7966.184045	129
81743	209	6310.860833	106
81716	147	7087.392253	128
81721	249	6265.494729	122
81727	118	2269.977085	51
81714	235	3212.909455	72
81745	60	6980.898893	128
81707	182	4460.989531	96
81746	22	6265.20215	114
81760	209	7748.212521	127
81728	264	58.14916705	1
81696	264	5792.849596	100
81731	146	5316.859479	120
81747	173	3464.595325	68
81732	203	6124.649382	116
81685	261	328.7799341	8
81702	111	5794.88401	107
81699	114	2417.149354	43
81732	243	4416.977614	98
81690	221	7947.244534	129
81715	124	4314.79539	83
81706	36	2766.674957	64
81663	254	27.98588343	2
81691	139	4022.12898	74
81745	236	4915.085419	86
81731	211	4135.426391	96
81756	240	5801.634008	119
81689	60	5893.423846	107
81734	26	6562.855105	119
81733	126	5289.319036	114
81687	92	3409.081223	74
81710	2	1775.09148	34
81736	262	4627.755304	102
81770	24	6712.497595	128
81763	55	11272.47994	138
81772	53	7774.505543	147
81691	144	6964.3234	143
81754	128	6113.500523	114
81698	271	4448.485397	78
81698	205	6075.880236	114
81680	77	75.63004156	2
81717	237	5822.252194	114
81688	42	6588.580461	122
81708	166	6432.649384	106
81686	121	3575.795599	67
81736	8	8461.890993	141
81713	189	4396.028574	106
81737	213	5026.669322	106
81692	91	6290.678923	227
81746	266	8784.53888	140
81755	98	2506.97502	52
81734	166	4977.68273	120
81767	62	5657.256835	123
81696	101	6492.210469	103
81705	63	83.23345364	1
81738	49	7028.807869	128
81764	8	9479.387035	155
81688	236	5759.15551	103
81753	100	7611.254596	129
81742	101	7825.719824	126
81768	213	6458.767289	127
81693	47	5706.547889	104
81754	14	7680.561928	148
81760	35	8200.002284	154
81704	133	18.06533764	1
81708	10	10422.59443	170
81735	162	1327.073339	24
81699	60	3009.015734	52
81727	247	2486.576133	48
81687	117	3445.063565	67
81751	150	5969.586835	135
81698	0	9586.000422	109
81717	94	5242.829712	100
81746	99	7382.735919	126
81737	267	5683.261058	122
81765	3	8868.819341	152
81689	93	6202.690503	93
81718	70	5291.002684	114
81736	187	4191.264215	100
81730	123	7791.100247	123
81740	223	6628.137345	135
81754	68	10032.47306	334
81731	175	6155.33854	131
81772	202	5953.771935	122
81769	80	6314.994327	128
81764	232	6427.301138	125
81671	123	11.87671129	1
81693	107	6757.242888	113
81695	43	4339.406197	79
81743	244	5190.728283	114
81730	116	4541.494298	96
81688	184	5317.533213	102
81763	19	5504.430326	115
81665	69	16.67306933	1
81725	211	5197.490073	107
81733	226	6016.787338	115
81708	145	6302.167081	128
81767	113	6829.966333	135
81763	182	5145.280649	111
81719	225	5193.571283	115
81751	124	5281.784258	100
81692	41	10519.2616	138
81709	163	1740.094362	35
81733	149	6792.584692	143
81685	90	396.2533452	8
81723	72	8707.26965	136
81717	12	9588.526489	159
81716	122	5261.417604	103
81705	241	58.44006419	2
81707	245	3663.478932	78
81720	230	5173.666761	90
81707	268	3975.418439	82
81695	40	6575.902001	106
81746	203	6073.210757	132
81706	186	3395.33697	66
81729	252	20.30787932	1
81720	9	4045.573556	76
81739	264	6290.533702	110
81763	14	5923.98654	110
81728	255	16.88421754	1
81765	96	7572.66444	131
81748	206	245.5497843	22
81755	233	6109.793448	96
81704	5	14.1195802	1
81766	38	5155.572394	110
81727	52	2576.420919	48
81718	173	6363.741488	113
81726	18	9486.940714	163
81686	116	3213.96834	67
81740	23	9290.615135	161
81716	1	8934.493377	138
81724	225	6047.247745	110
81771	67	6782.248565	139
81737	74	6936.626533	117
81755	144	5065.86017	93
81753	61	6448.206003	124
81708	165	7213.637378	128
81690	14	6268.899226	120
81760	108	9408.413077	158
81690	189	4282.802775	97
81749	200	4665.586671	78
81710	268	1118.457921	30
81720	46	9479.005124	128
81725	226	5592.517926	115
81723	56	8271.37766	145
81687	53	5227.814669	96
81730	68	9423.874391	299
81697	15	6242.796389	117
81735	247	1589.253694	29
81685	268	711.7372828	19
81772	123	11168.80029	168
81708	62	4855.738983	100
81707	170	4402.882266	86
81708	25	6858.47236	112
81770	97	10936.82466	150
81755	11	5021.633705	83
81708	116	3973.994945	81
81772	191	5352.52597	129
81730	41	8876.967311	127
81753	216	7192.59551	126
81671	16	106.5701317	1
81707	145	4541.199605	108
81693	131	6026.339246	108
81737	59	6905.64799	122
81772	131	7847.969728	131
81717	232	7504.928345	135
81670	13	10.15786379	1
81702	244	4001.798374	79
81762	17	9714.875446	150
81708	211	4095.964664	92
81750	233	12064.82994	177
81756	91	4716.317514	99
81695	161	5549.722712	99
81770	259	6487.884712	118
81722	231	5729.770548	107
81750	264	6386.978727	126
81692	256	5884.680098	105
81727	188	1451.268035	40
81710	227	1315.740676	28
81690	15	5528.288959	103
81716	105	5524.874457	98
81732	155	8267.037462	158
81697	199	7667.60574	117
81762	22	7108.135954	143
81765	265	5395.33776	106
81747	209	3983.90407	74
81755	68	6400.375277	290
81749	129	3973.675034	77
81692	67	5601.687269	108
81735	149	1097.047504	28
81730	203	5422.718364	101
81709	149	1638.65776	34
81697	25	7348.213629	119
81715	151	5298.838016	104
81752	76	7128.703487	139
81724	146	5547.648124	128
81751	181	5821.747824	112
81701	187	35.98002922	1
81759	62	6686.400232	129
81727	270	2927.355441	58
81757	182	7230.235159	131
81767	245	6576.450837	130
81738	139	4498.004084	84
81755	87	4059.083887	72
81725	41	11599.39244	158
81717	51	7407.364995	122
81672	13	20.97543414	1
81715	250	5102.627723	97
81685	257	791.8558912	18
81716	267	5704.100009	114
81770	233	12090.66025	174
81692	56	5149.820158	89
81709	52	1394.746305	29
81741	121	5923.34657	114
81699	209	2656.460227	52
81763	218	6011.314298	123
81746	196	6648.894423	127
81730	98	5431.420392	107
81703	240	64.82654506	3
81772	0	10531.85525	127
81745	248	6240.851057	123
81739	176	6040.859047	109
81691	266	7404.060879	122
81734	172	5538.988096	106
81755	153	3729.165315	81
81695	159	5105.316065	104
81773	120	5349.61816	98
81685	217	778.4227574	16
81696	253	3507.981138	77
81750	42	7212.084897	146
81687	116	4167.978871	73
81717	260	9005.659468	129
81710	167	1753.670337	36
81744	262	4653.446302	90
81764	87	9690.188797	162
81771	238	6899.800806	135
81773	29	9088.888177	168
81752	119	7059.825118	130
81738	41	7861.600506	128
81746	57	6250.179515	128
81742	258	5519.187295	112
81689	235	4701.120523	85
81690	85	6556.886875	95
81759	16	5706.941561	115
81729	179	53.66642037	5
81687	14	4858.707655	105
81721	162	6431.763269	121
81752	187	5807.281488	131
81763	143	6225.026159	137
81690	82	7650.641125	116
81720	61	5692.656317	98
81731	134	5885.845996	108
81696	123	6929.445834	103
81701	128	163.2420213	2
81775	231	6473.157234	135
81715	58	7974.721497	132
81747	217	4542.280237	84
81686	0	6271.01437	75
81751	46	7387.477281	117
81693	141	7073.993437	138
81697	141	6901.234435	131
81739	177	4399.73383	96
81693	222	5542.448588	110
81698	248	8624.489727	156
81743	28	6788.872664	125
81716	145	7067.262623	138
81774	18	7505.807274	152
81718	178	6455.285217	129
81698	112	7937.736324	128
81742	88	7869.156538	135
81685	271	238.1881555	6
81742	153	8118.776285	163
81760	168	6853.157327	149
81727	142	2695.363256	56
81701	232	124.4959187	2
81757	165	9184.259304	160
81730	136	4877.013005	91
81690	200	6710.426124	125
81714	269	5460.315955	109
81681	3	17.33969657	1
81714	93	6555.500175	105
81756	36	6868.775211	133
81755	71	3055.764607	64
81773	118	4034.590072	92
81772	235	5652.371684	122
81714	149	5890.630789	116
81699	74	3240.893632	55
81743	210	7166.258586	130
81685	218	444.2528763	11
81688	260	10248.50975	140
81686	101	4836.857027	66
81711	264	8410.316317	132
81773	259	6863.161611	133
81774	116	7455.868736	139
81733	56	7080.922442	131
81678	75	62.00085008	1
81767	110	11753.53797	160
81762	266	7918.47347	140
81745	6	8836.896599	148
81725	19	5394.546158	112
81693	174	5472.992071	112
81701	28	150.689746	2
81708	138	4146.432328	85
81710	260	2185.118056	31
81734	236	5507.52168	99
81736	7	5862.18603	127
81755	137	4537.892142	78
81763	25	6831.240213	121
81735	161	1361.881024	27
81721	214	7113.842011	122
81766	66	4858.491445	105
81703	265	114.5957373	3
81766	87	8280.958722	135
81708	75	7290.177779	117
81710	138	1332.122609	22
81693	239	7468.647045	118
81732	82	5727.086159	105
81767	1	9703.328492	154
81727	154	2778.59802	52
81740	263	4819.502345	108
81697	140	6482.124826	98
81696	200	4998.536647	95
81745	119	8159.311922	143
81748	1	55.01429779	1
81740	1	9779.946502	165
81767	97	13634.60038	173
81701	100	128.156664	3
81764	124	5349.398301	114
81754	197	5253.86435	125
81752	192	6422.141112	141
81749	199	4760.317185	74
81735	13	3427.122483	51
81736	221	6019.16131	118
81762	149	5549.281445	139
81738	154	7060.4085	141
81758	63	5391.433542	121
81697	207	5507.812004	102
81751	232	5567.687874	108
81685	199	812.868139	13
81746	202	5268.961646	115
81732	216	5811.962873	109
81692	42	7034.151507	129
81686	66	2925.281171	65
81732	35	7595.018114	139
81761	226	5578.244158	118
81757	4	9622.755076	160
81722	183	7518.519568	149
81701	198	12.31157711	1
81763	196	5775.524714	130
81771	82	8061.223251	151
81721	37	7748.393653	127
81711	159	8600.909023	160
81770	26	7577.442483	132
81761	242	3786.854802	95
81719	71	4725.296097	97
81709	65	2201.298092	44
81764	132	5579.273853	114
81701	57	20.28591569	1
81759	222	5709.09181	124
81704	260	33.31285342	3
81732	103	5873.383777	122
81759	205	7128.74536	141
81711	188	4311.955675	103
81724	181	5591.887532	112
81705	246	77.83122871	2
81707	219	4465.705217	90
81688	98	4737.470937	102
81747	177	5346.673346	99
81731	137	6565.726593	118
81701	141	148.0051567	1
81740	264	5633.420558	111
81686	205	4014.755774	75
81706	164	4207.121902	80
81686	12	5317.619897	79
81721	124	4164.271937	80
81713	204	7053.995796	132
81718	225	5970.720372	118
81665	103	15.95284434	1
81714	142	7443.203697	132
81694	121	4445.042425	65
81707	95	6566.952255	108
81720	224	5080.485424	98
81732	26	7866.78426	135
81733	167	8292.287408	152
81715	180	5996.146307	119
81758	144	6839.378125	137
81758	188	4395.517346	107
81692	73	6860.829906	101
81752	11	8576.554948	155
81710	148	1365.840661	28
81764	6	9906.88281	165
81693	106	7016.35242	122
81738	1	9681.129685	149
81702	225	5086.481617	104
81690	214	5845.523487	98
81727	22	2262.778062	47
81766	125	2692.47548	78
81775	25	7173.727887	146
81758	242	3638.514719	90
81694	237	2627.955993	45
81730	88	6146.37429	106
81769	93	8800.530761	139
81769	203	6724.948757	136
81724	0	10191.32851	124
81775	152	10059.9544	186
81762	243	6947.679911	139
81712	73	5205.943642	83
81730	231	5791.59586	116
81692	26	8947.402419	147
81730	172	6154.908944	117
81742	74	7241.127412	134
81690	26	7203.835658	137
81746	174	4801.764171	111
81770	182	7024.133264	136
81711	214	6154.757275	114
81714	250	4861.883827	103
81751	259	5579.030053	106
81749	248	2829.878973	59
81720	99	7229.706626	117
81662	193	27.0428765	2
81775	90	7830.976701	149
81745	180	6184.157991	125
81741	36	5859.239282	107
81751	192	5485.011703	111
81689	43	5475.813491	97
81770	109	8287.599374	133
81676	179	133.4735103	1
81761	37	5292.902595	110
81733	35	7512.818986	133
81747	271	3446.586914	66
81776	269	22.56735803	1
81764	61	8043.834152	147
81759	175	7194.209311	151
81734	74	6791.384032	116
81745	170	6109.219986	121
81686	208	4104.522279	72
81750	232	7072.232845	128
81725	69	7591.04103	127
81750	228	5890.874773	132
81696	109	4114.363605	84
81711	112	6370.659502	101
81696	48	5835.127158	115
81693	212	6781.093169	107
81723	128	4964.804844	109
81746	102	7383.414496	135
81773	260	10256.66367	156
81766	109	5775.195983	110
81738	119	6441.378404	113
81764	237	5541.667859	121
81748	69	34.00742714	3
81730	110	11246.75856	142
81767	47	5369.227515	106
81762	86	8936.164639	151
81699	93	3441.918002	56
81722	159	7443.132474	137
81722	253	5746.488936	106
81754	94	6282.595517	112
81742	195	6222.298119	124
81710	263	1740.891147	32
81768	94	7684.647128	139
81712	157	4087.122816	95
81662	161	26.23523579	1
81719	77	7829.22311	125
81707	126	3700.580818	80
81740	184	6015.029463	119
81737	47	6321.050558	120
81773	227	5759.883199	124
81755	245	3346.154988	72
81765	177	6421.939709	123
81759	82	8836.159398	161
81744	213	5950.487724	116
81759	31	5894.87558	114
81765	229	5433.033335	116
81759	28	7305.53787	126
81689	136	5000.335151	105
81719	125	3551.357541	88
81750	185	6648.794298	147
81743	7	7072.074498	144
81699	72	4108.875859	62
81741	91	6391.237819	122
81685	70	253.3500937	10
81719	21	6941.016684	126
81747	187	3570.013688	82
81696	136	6143.732656	102
81718	184	6667.222268	127
81745	185	6178.051884	119
81685	220	648.6113034	14
81762	244	7219.119724	136
81736	196	6155.52622	105
81689	242	4148.452616	84
81724	216	5921.381139	109
81734	178	5648.691088	120
81726	184	6716.848081	120
81714	216	5902.33776	100
81769	101	10397.4194	160
81772	89	6892.283516	137
81723	18	7672.060861	137
81723	193	12931.47598	190
81747	107	6206.163692	100
81774	164	7707.540627	155
81732	45	9631.20702	155
81720	263	4833.205552	91
81693	81	7452.936149	138
81716	244	5395.96106	117
81699	48	2787.571258	53
81665	251	21.70516314	1
81696	67	4894.954828	92
81734	118	4410.160143	106
81720	36	6597.244874	114
81764	179	12984.17015	200
81758	220	6499.598872	136
81762	50	6550.320191	134
81741	195	5621.074813	127
81692	191	5987.495699	109
81734	88	10136.94728	150
81765	214	6241.023612	116
81709	160	1532.866047	37
81694	53	3151.73064	55
81718	232	8077.562812	140
81749	82	4660.087416	75
81695	47	4170.715664	79
81762	38	5403.00376	122
81747	154	4768.516902	90
81707	11	7753.590431	132
81691	103	6865.95802	122
81712	15	3996.943219	83
81706	242	2388.74207	50
81760	260	10361.83772	149
81766	60	6947.368236	135
81744	248	6264.810134	130
81701	216	114.4623147	2
81691	102	5784.663015	109
81743	56	7864.601367	145
81698	206	13297.14055	183
81697	83	9193.298976	145
81756	241	5125.763822	113
81772	45	8446.992011	146
81726	97	12313.62162	153
81752	131	7365.182451	133
81735	240	1261.289635	24
81730	51	4893.580941	90
81707	30	6015.222112	95
81740	187	4477.720759	116
81755	95	3483.68346	63
81740	220	6864.71875	132
81686	146	3177.671583	83
81743	69	9384.448098	132
81687	253	4446.344981	82
81758	93	6782.869728	108
81717	235	5438.265449	112
81692	50	6365.711466	111
81732	221	5074.696205	105
81763	132	4092.953804	92
81755	199	4252.44522	77
81763	65	6558.498073	138
81743	27	10828.81486	161
81764	181	8171.538565	157
81773	148	6863.64538	165
81695	114	6085.135127	109
81720	15	4889.953332	93
81748	238	15.50010686	1
81692	182	5048.401299	111
81702	138	5389.954723	110
81741	173	7224.306434	138
81738	33	8035.470274	131
81697	236	5487.78973	99
81674	186	24.94680774	1
81737	63	6416.731753	135
81669	166	35.93166527	1
81770	191	6353.356562	132
81688	113	5102.490177	97
81730	180	4211.480102	99
81775	71	5390.349627	127
81691	176	5795.204781	117
81685	25	779.7802256	18
81762	213	6511.200988	131
81693	260	11467.01855	148
81717	66	6113.413767	126
81749	135	3098.168769	58
81736	198	5754.897163	110
81771	105	6010.147374	123
81702	77	7247.057051	119
81756	227	6223.771527	112
81674	192	84.24575401	1
81757	91	5787.354004	126
81740	121	6385.03255	110
81713	230	7035.413949	120
81711	58	7505.85153	130
81731	173	7004.653521	141
