#time, delivered spill, recorded spill, delivered POT, recorded POT, efficiency[%]
2026/01/16/14:00,0,0,0,0,-nan
2026/01/16/14:10,1,1,742980481628.5786,742980481628.5786,100
2026/01/16/14:20,2,2,1497362085630.947,1497362085630.947,100
2026/01/16/14:30,3,3,2253106151434.515,2253106151434.515,100
2026/01/16/14:40,5,5,3753512361386.402,3753512361386.402,100
2026/01/16/14:50,6,6,4503758093800.082,4503758093800.082,100
2026/01/16/15:00,7,7,5257382101160.327,5257382101160.327,100
2026/01/16/15:10,10,10,7490714374158.041,7490714374158.041,100
2026/01/16/15:20,13,13,9744461351338.904,9744461351338.904,100
2026/01/16/15:30,16,16,11965266006262.43,11965266006262.43,100
2026/01/16/15:40,17,17,12708637609784.11,12708637609784.11,100
2026/01/16/15:50,21,21,15694999530323.11,15694999530323.11,100
2026/01/16/16:00,25,25,18680129093657.57,18680129093657.57,100
2026/01/16/16:10,29,29,21664720056285.93,21664720056285.93,100
2026/01/16/16:20,34,34,25400494554958.04,25400494554958.04,100
2026/01/16/16:30,37,37,27640660551693.5,27640660551693.5,100
2026/01/16/16:40,42,42,31363516714449.84,31363516714449.84,100
2026/01/16/16:50,43,43,32118035291925.1,32118035291925.1,100
2026/01/16/17:00,46,46,34377457173019.92,34377457173019.92,100
2026/01/16/17:10,47,47,35123610671411.48,35123610671411.48,100
2026/01/16/17:20,52,52,38870071121227.2,38870071121227.2,100
2026/01/16/17:30,55,55,41124440741835,41124440741835,100
2026/01/16/17:40,60,60,44890426174337.37,44890426174337.37,100
2026/01/16/17:50,67,67,50148707290179.67,50148707290179.67,100
2026/01/16/18:00,131,131,98217152385606.77,98217152385606.77,100
2026/01/16/18:10,286,286,214552243821610.2,214552243821610.2,100
2026/01/16/18:20,380,380,285170418420747.6,285170418420747.6,100
2026/01/16/18:30,535,535,401571112473288.9,401571112473288.9,100
2026/01/16/18:40,659,659,494674793795616.1,494674793795616.1,100
2026/01/16/18:50,683,683,512652669590971.1,512652669590971.1,100
2026/01/16/19:00,685,685,514143978580444.3,514143978580444.3,100
2026/01/16/19:10,687,687,515636096885157.1,515636096885157.1,100
2026/01/16/19:20,690,690,517876537232889.9,517876537232889.9,100
2026/01/16/19:30,692,692,519377448507269.9,519377448507269.9,100
2026/01/16/19:40,703,703,527652224495533.8,527652224495533.8,100
2026/01/16/19:50,703,703,527652224495533.8,527652224495533.8,100
2026/01/16/20:00,705,705,529147977647922.6,529147977647922.6,100
2026/01/16/20:10,708,708,531404327929191.6,531404327929191.6,100
2026/01/16/20:20,721,721,541155389866528.2,541155389866528.2,100
2026/01/16/20:30,743,743,557679903981123.8,557679903981123.8,100
2026/01/16/20:40,777,777,583232424949192.5,583232424949192.5,100
2026/01/16/20:50,821,821,616230762892123.6,616230762892123.6,100
2026/01/16/21:00,876,876,657557581738137.1,657557581738137.1,100
2026/01/16/21:10,953,953,715343726639091.4,715343726639091.4,100
2026/01/16/21:20,964,964,723558695726142.2,723558695726142.2,100
2026/01/16/21:30,975,975,731792328762042.9,731792328762042.9,100
2026/01/16/21:40,980,980,735472505768471.5,735472505768471.5,100
2026/01/16/21:50,1034,1034,775584268897009.1,775584268897009.1,100
2026/01/16/22:00,1047,1047,785295950354810.9,785295950354810.9,100
2026/01/16/22:10,1081,1081,810804297175845,810804297175845,100
2026/01/16/22:20,1114,1114,835566778587237.2,835566778587237.2,100
2026/01/16/22:30,1170,1170,877543710304307.2,877543710304307.2,100
2026/01/16/22:40,1224,1224,917796598535339.8,917796598535339.8,100
2026/01/16/22:50,1268,1268,950816467980917.4,950816467980917.4,100
2026/01/16/23:00,1334,1334,999950528462636.8,999950528462636.8,100
2026/01/16/23:10,1389,1389,1040734836754972,1040734836754972,100
2026/01/16/23:20,1444,1444,1081871361250321,1081871361250321,100
2026/01/16/23:30,1456,1456,1090858785974972,1090858785974972,100
2026/01/16/23:40,1458,1458,1092366254197784,1092366254197784,100
2026/01/16/23:50,1459,1459,1093116284166674,1093116284166674,100
2026/01/17/0:00,1466,1466,1098344181414625,1098344181414625,100
2026/01/17/0:10,1471,1471,1102094152668294,1102094152668294,100
2026/01/17/0:20,1476,1476,1105828620868329,1105828620868329,100
2026/01/17/0:30,1481,1481,1109561153661476,1109561153661476,100
2026/01/17/0:40,1483,1483,1111055017872903,1111055017872903,100
2026/01/17/0:50,1483,1483,1111055017872903,1111055017872903,100
2026/01/17/1:00,1489,1489,1115519288009458,1115519288009458,100
2026/01/17/1:10,1489,1489,1115519288009458,1115519288009458,100
2026/01/17/1:20,1491,1491,1117032056984455,1117032056984455,100
2026/01/17/1:30,1492,1492,1117791035482856,1117791035482856,100
2026/01/17/1:40,1494,1494,1119300929227076,1119300929227076,100
2026/01/17/1:50,1494,1494,1119300929227076,1119300929227076,100
2026/01/17/2:00,1494,1494,1119300929227076,1119300929227076,100
2026/01/17/2:10,1494,1494,1119300929227076,1119300929227076,100
2026/01/17/2:20,1494,1494,1119300929227076,1119300929227076,100
2026/01/17/2:30,1494,1494,1119300929227076,1119300929227076,100
2026/01/17/2:40,1494,1494,1119300929227076,1119300929227076,100
2026/01/17/2:50,1494,1494,1119300929227076,1119300929227076,100
2026/01/17/3:00,1494,1494,1119300929227076,1119300929227076,100
2026/01/17/3:10,1494,1494,1119300929227076,1119300929227076,100
2026/01/17/3:20,1494,1494,1119300929227076,1119300929227076,100
2026/01/17/3:30,1494,1494,1119300929227076,1119300929227076,100
2026/01/17/3:40,1494,1494,1119300929227076,1119300929227076,100
2026/01/17/3:50,1494,1494,1119300929227076,1119300929227076,100
2026/01/17/4:00,1494,1494,1119300929227076,1119300929227076,100
2026/01/17/4:10,1494,1494,1119300929227076,1119300929227076,100
2026/01/17/4:20,1494,1494,1119300929227076,1119300929227076,100
2026/01/17/4:30,1494,1494,1119300929227076,1119300929227076,100
2026/01/17/4:40,1494,1494,1119300929227076,1119300929227076,100
2026/01/17/4:50,1494,1494,1119300929227076,1119300929227076,100
2026/01/17/5:00,1494,1494,1119300929227076,1119300929227076,100
2026/01/17/5:10,1494,1494,1119300929227076,1119300929227076,100
2026/01/17/5:20,1494,1494,1119300929227076,1119300929227076,100
2026/01/17/5:30,1494,1494,1119300929227076,1119300929227076,100
2026/01/17/5:40,1494,1494,1119300929227076,1119300929227076,100
2026/01/17/5:50,1494,1494,1119300929227076,1119300929227076,100
2026/01/17/6:00,1494,1494,1119300929227076,1119300929227076,100
2026/01/17/6:10,1494,1494,1119300929227076,1119300929227076,100
2026/01/17/6:20,1494,1494,1119300929227076,1119300929227076,100
2026/01/17/6:30,1494,1494,1119300929227076,1119300929227076,100
2026/01/17/6:40,1494,1494,1119300929227076,1119300929227076,100
2026/01/17/6:50,1494,1494,1119300929227076,1119300929227076,100
2026/01/17/7:00,1494,1494,1119300929227076,1119300929227076,100
2026/01/17/7:10,1494,1494,1119300929227076,1119300929227076,100
2026/01/17/7:20,1494,1494,1119300929227076,1119300929227076,100
2026/01/17/7:30,1494,1494,1119300929227076,1119300929227076,100
2026/01/17/7:40,1494,1494,1119300929227076,1119300929227076,100
2026/01/17/7:50,1494,1494,1119300929227076,1119300929227076,100
2026/01/17/8:00,1494,1494,1119300929227076,1119300929227076,100
2026/01/17/8:10,1494,1494,1119300929227076,1119300929227076,100
2026/01/17/8:20,1494,1494,1119300929227076,1119300929227076,100
2026/01/17/8:30,1494,1494,1119300929227076,1119300929227076,100
2026/01/17/8:40,1494,1494,1119300929227076,1119300929227076,100
2026/01/17/8:50,1494,1494,1119300929227076,1119300929227076,100
2026/01/17/9:00,1494,1494,1119300929227076,1119300929227076,100
2026/01/17/9:10,1494,1494,1119300929227076,1119300929227076,100
2026/01/17/9:20,1494,1494,1119300929227076,1119300929227076,100
2026/01/17/9:30,1494,1494,1119300929227076,1119300929227076,100
2026/01/17/9:40,1494,1494,1119300929227076,1119300929227076,100
2026/01/17/9:50,1494,1494,1119300929227076,1119300929227076,100
2026/01/17/10:00,1494,1494,1119300929227076,1119300929227076,100
2026/01/17/10:10,1494,1494,1119300929227076,1119300929227076,100
2026/01/17/10:20,1494,1494,1119300929227076,1119300929227076,100
2026/01/17/10:30,1494,1494,1119300929227076,1119300929227076,100
2026/01/17/10:40,1494,1494,1119300929227076,1119300929227076,100
2026/01/17/10:50,1494,1494,1119300929227076,1119300929227076,100
2026/01/17/11:00,1494,1494,1119300929227076,1119300929227076,100
2026/01/17/11:10,1494,1494,1119300929227076,1119300929227076,100
2026/01/17/11:20,1494,1494,1119300929227076,1119300929227076,100
2026/01/17/11:30,1494,1494,1119300929227076,1119300929227076,100
2026/01/17/11:40,1494,1494,1119300929227076,1119300929227076,100
2026/01/17/11:50,1494,1494,1119300929227076,1119300929227076,100
2026/01/17/12:00,1494,1494,1119300929227076,1119300929227076,100
2026/01/17/12:10,1494,1494,1119300929227076,1119300929227076,100
2026/01/17/12:20,1494,1494,1119300929227076,1119300929227076,100
2026/01/17/12:30,1494,1494,1119300929227076,1119300929227076,100
2026/01/17/12:40,1494,1494,1119300929227076,1119300929227076,100
2026/01/17/12:50,1494,1494,1119300929227076,1119300929227076,100
2026/01/17/13:00,1494,1494,1119300929227076,1119300929227076,100
2026/01/17/13:10,1494,1494,1119300929227076,1119300929227076,100
2026/01/17/13:20,1494,1494,1119300929227076,1119300929227076,100
2026/01/17/13:30,1494,1494,1119300929227076,1119300929227076,100
2026/01/17/13:40,1494,1494,1119300929227076,1119300929227076,100
2026/01/17/13:50,1494,1494,1119300929227076,1119300929227076,100
2026/01/17/14:00,1494,1494,1119300929227076,1119300929227076,100
2026/01/17/14:10,1494,1494,1119300929227076,1119300929227076,100
2026/01/17/14:20,1494,1494,1119300929227076,1119300929227076,100
2026/01/17/14:30,1494,1494,1119300929227076,1119300929227076,100
2026/01/17/14:40,1494,1494,1119300929227076,1119300929227076,100
2026/01/17/14:50,1494,1494,1119300929227076,1119300929227076,100
2026/01/17/15:00,1494,1494,1119300929227076,1119300929227076,100
2026/01/17/15:10,1494,1494,1119300929227076,1119300929227076,100
2026/01/17/15:20,1494,1494,1119300929227076,1119300929227076,100
2026/01/17/15:30,1494,1494,1119300929227076,1119300929227076,100
2026/01/17/15:40,1494,1494,1119300929227076,1119300929227076,100
2026/01/17/15:50,1494,1494,1119300929227076,1119300929227076,100
2026/01/17/16:00,1494,1494,1119300929227076,1119300929227076,100
2026/01/17/16:10,1494,1494,1119300929227076,1119300929227076,100
2026/01/17/16:20,1494,1494,1119300929227076,1119300929227076,100
2026/01/17/16:30,1494,1494,1119300929227076,1119300929227076,100
2026/01/17/16:40,1494,1494,1119300929227076,1119300929227076,100
2026/01/17/16:50,1494,1494,1119300929227076,1119300929227076,100
2026/01/17/17:00,1494,1494,1119300929227076,1119300929227076,100
2026/01/17/17:10,1494,1494,1119300929227076,1119300929227076,100
2026/01/17/17:20,1494,1494,1119300929227076,1119300929227076,100
2026/01/17/17:30,1494,1494,1119300929227076,1119300929227076,100
2026/01/17/17:40,1494,1494,1119300929227076,1119300929227076,100
2026/01/17/17:50,1494,1494,1119300929227076,1119300929227076,100
2026/01/17/18:00,1494,1494,1119300929227076,1119300929227076,100
2026/01/17/18:10,1494,1494,1119300929227076,1119300929227076,100
2026/01/17/18:20,1494,1494,1119300929227076,1119300929227076,100
2026/01/17/18:30,1494,1494,1119300929227076,1119300929227076,100
2026/01/17/18:40,1494,1494,1119300929227076,1119300929227076,100
2026/01/17/18:50,1494,1494,1119300929227076,1119300929227076,100
2026/01/17/19:00,1494,1494,1119300929227076,1119300929227076,100
2026/01/17/19:10,1494,1494,1119300929227076,1119300929227076,100
2026/01/17/19:20,1494,1494,1119300929227076,1119300929227076,100
2026/01/17/19:30,1494,1494,1119300929227076,1119300929227076,100
2026/01/17/19:40,1494,1494,1119300929227076,1119300929227076,100
2026/01/17/19:50,1546,1546,1.270468510724137e+16,1.270468510724137e+16,100
2026/01/17/20:00,1788,1788,6.660543511697061e+16,6.660543511697062e+16,100
2026/01/17/20:10,2256,2256,1.70767642667181e+17,1.707676426671811e+17,100
2026/01/17/20:20,2725,2725,2.75154004969375e+17,2.75154004969375e+17,100
2026/01/17/20:30,3194,3194,3.795881186417295e+17,3.795881186417295e+17,100
2026/01/17/20:40,3543,3543,4.573118923459468e+17,4.573118923459468e+17,100
2026/01/17/20:50,4011,4011,5.615225042229488e+17,5.615225042229488e+17,100
2026/01/17/21:00,4480,4480,6.659702433390117e+17,6.659702433390117e+17,100
2026/01/17/21:10,4887,4887,7.565680004688248e+17,7.565680004688248e+17,100
2026/01/17/21:20,5356,5356,8.609855462841669e+17,8.609855462841669e+17,100
2026/01/17/21:30,5824,5824,9.651876323424084e+17,9.651876323424084e+17,100
2026/01/17/21:40,6293,6293,1.069639331392312e+18,1.069639331392312e+18,100
2026/01/17/21:50,6762,6762,1.174113512910643e+18,1.174113512910643e+18,100
2026/01/17/22:00,7231,7231,1.278542269124092e+18,1.278542269124092e+18,100
2026/01/17/22:10,7699,7699,1.382801583433885e+18,1.382801583433885e+18,100
2026/01/17/22:20,8168,8168,1.487247977061216e+18,1.487247977061216e+18,100
2026/01/17/22:30,8586,8586,1.580258560197736e+18,1.580258560197736e+18,100
2026/01/17/22:40,9055,9055,1.684583723388712e+18,1.684583723388712e+18,100
2026/01/17/22:50,9460,9460,1.774733747258234e+18,1.774733747258234e+18,100
2026/01/17/23:00,9904,9904,1.873592001311861e+18,1.873592001311861e+18,100
2026/01/17/23:10,10344,10344,1.971464196314188e+18,1.971464196314188e+18,100
2026/01/17/23:20,10813,10813,2.075761474133112e+18,2.075761474133112e+18,100
2026/01/17/23:30,11281,11281,2.179825545445427e+18,2.179825545445427e+18,100
2026/01/17/23:40,11750,11750,2.284117631563215e+18,2.284117631563215e+18,100
2026/01/17/23:50,12219,12219,2.388437422061046e+18,2.388437422061046e+18,100
2026/01/18/0:00,12688,12688,2.49274447450618e+18,2.49274447450618e+18,100
2026/01/18/0:10,13156,13156,2.596813018208289e+18,2.596813018208289e+18,100
2026/01/18/0:20,13625,13625,2.701091941198222e+18,2.701091941198222e+18,100
2026/01/18/0:30,14094,14094,2.805395520714881e+18,2.805395520714881e+18,100
2026/01/18/0:40,14563,14563,2.909710423448127e+18,2.909710423448127e+18,100
2026/01/18/0:50,15031,15031,3.013801680608893e+18,3.013801680608893e+18,100
2026/01/18/1:00,15500,15500,3.118092542183071e+18,3.118092542183071e+18,100
2026/01/18/1:10,15969,15969,3.222355055076104e+18,3.222355055076104e+18,100
2026/01/18/1:20,16438,16438,3.326605926665316e+18,3.326605926665316e+18,100
2026/01/18/1:30,16906,16906,3.430673192974823e+18,3.430673192974823e+18,100
2026/01/18/1:40,17375,17375,3.534957945156086e+18,3.534957945156086e+18,100
2026/01/18/1:50,17844,17844,3.639247237810376e+18,3.639247237810376e+18,100
2026/01/18/2:00,18313,18313,3.743550488597771e+18,3.743550488597771e+18,100
2026/01/18/2:10,18780,18780,3.847391492258202e+18,3.847391492258202e+18,100
2026/01/18/2:20,19249,19249,3.951696519156252e+18,3.951696519156252e+18,100
2026/01/18/2:30,19546,19546,4.017731660913794e+18,4.017731660913794e+18,100
2026/01/18/2:40,19950,19950,4.107596204466928e+18,4.107596204466928e+18,100
2026/01/18/2:50,20418,20418,4.211749978880834e+18,4.211749978880834e+18,100
2026/01/18/3:00,20887,20887,4.316118273585806e+18,4.316118273585806e+18,100
2026/01/18/3:10,21356,21356,4.420499135658128e+18,4.420499135658128e+18,100
2026/01/18/3:20,21803,21803,4.519972159220895e+18,4.519972159220895e+18,100
2026/01/18/3:30,22156,22156,4.598531744384255e+18,4.598531744384255e+18,100
2026/01/18/3:40,22625,22625,4.702898889052769e+18,4.702898889052769e+18,100
2026/01/18/3:50,23094,23094,4.807271493201836e+18,4.807271493201836e+18,100
2026/01/18/4:00,23563,23563,4.911608423491937e+18,4.911608423491937e+18,100
2026/01/18/4:10,24031,24031,5.015770931586146e+18,5.015770931586146e+18,100
2026/01/18/4:20,24500,24500,5.120114674675512e+18,5.120114674675512e+18,100
2026/01/18/4:30,24969,24969,5.224514829211139e+18,5.224514829211139e+18,100
2026/01/18/4:40,25438,25438,5.328866934025523e+18,5.328866934025523e+18,100
2026/01/18/4:50,25906,25906,5.433004564703024e+18,5.433004564703024e+18,100
2026/01/18/5:00,26375,26375,5.537393265582941e+18,5.537393265582941e+18,100
2026/01/18/5:10,26844,26844,5.641798442978966e+18,5.641798442978967e+18,100
2026/01/18/5:20,27312,27312,5.745968104004787e+18,5.745968104004788e+18,100
2026/01/18/5:30,27780,27780,5.850135990261491e+18,5.850135990261492e+18,100
2026/01/18/5:40,28249,28249,5.954493455243653e+18,5.954493455243654e+18,100
2026/01/18/5:50,28718,28718,6.058855449773022e+18,6.058855449773023e+18,100
2026/01/18/6:00,29140,29140,6.152791849575101e+18,6.152791849575102e+18,100
2026/01/18/6:10,29592,29592,6.253370468439185e+18,6.253370468439186e+18,100
2026/01/18/6:20,29991,29991,6.342154638032511e+18,6.342154638032512e+18,100
2026/01/18/6:30,30448,30448,6.443840789667639e+18,6.44384078966764e+18,100
2026/01/18/6:40,30916,30916,6.547995393708873e+18,6.547995393708874e+18,100
2026/01/18/6:50,31384,31384,6.652132476960047e+18,6.652132476960048e+18,100
2026/01/18/7:00,31853,31853,6.756536659590139e+18,6.75653665959014e+18,100
2026/01/18/7:10,32210,32210,6.835995573352786e+18,6.835995573352787e+18,100
2026/01/18/7:20,32571,32571,6.916304234546444e+18,6.916304234546445e+18,100
2026/01/18/7:30,33039,33039,7.020444979315873e+18,7.020444979315874e+18,100
2026/01/18/7:40,33508,33508,7.124845229655624e+18,7.124845229655625e+18,100
2026/01/18/7:50,33977,33977,7.229250954632784e+18,7.229250954632785e+18,100
2026/01/18/8:00,34446,34446,7.333670193267122e+18,7.333670193267123e+18,100
2026/01/18/8:10,34914,34914,7.437874407848658e+18,7.437874407848659e+18,100
2026/01/18/8:20,35383,35383,7.542280604558251e+18,7.542280604558252e+18,100
2026/01/18/8:30,35852,35852,7.64672364888532e+18,7.646723648885321e+18,100
2026/01/18/8:40,36321,36321,7.751140979912131e+18,7.751140979912132e+18,100
2026/01/18/8:50,36789,36789,7.855303549575348e+18,7.855303549575349e+18,100
2026/01/18/9:00,37258,37258,7.959710326927303e+18,7.959710326927304e+18,100
2026/01/18/9:10,37727,37727,8.064157258538584e+18,8.064157258538585e+18,100
2026/01/18/9:20,38139,38139,8.155838044887135e+18,8.155838044887136e+18,100
2026/01/18/9:30,38607,38607,8.259881104473287e+18,8.259881104473288e+18,100
2026/01/18/9:40,39076,39076,8.364186183175482e+18,8.364186183175483e+18,100
2026/01/18/9:50,39545,39545,8.468480002036026e+18,8.468480002036027e+18,100
2026/01/18/10:00,40014,40014,8.57280899829487e+18,8.572808998294871e+18,100
2026/01/18/10:10,40482,40482,8.676898075037899e+18,8.6768980750379e+18,100
2026/01/18/10:20,40951,40951,8.781207533305542e+18,8.781207533305543e+18,100
2026/01/18/10:30,41420,41420,8.885551526411808e+18,8.885551526411809e+18,100
2026/01/18/10:40,41889,41889,8.98987161669257e+18,8.989871616692571e+18,100
2026/01/18/10:50,42357,42357,9.093931701304715e+18,9.093931701304716e+18,100
2026/01/18/11:00,42826,42826,9.198269983946066e+18,9.198269983946067e+18,100
2026/01/18/11:10,43295,43295,9.302611930853261e+18,9.302611930853263e+18,100
2026/01/18/11:20,43764,43764,9.40694887724187e+18,9.406948877241872e+18,100
2026/01/18/11:30,44232,44232,9.511036594293889e+18,9.511036594293891e+18,100
2026/01/18/11:40,44701,44701,9.615359045532926e+18,9.615359045532928e+18,100
2026/01/18/11:50,45170,45170,9.719658477532121e+18,9.719658477532123e+18,100
2026/01/18/12:00,45622,45622,9.820183274150861e+18,9.820183274150863e+18,100
2026/01/18/12:10,45622,45622,9.820183274150861e+18,9.820183274150863e+18,100
2026/01/18/12:20,45622,45622,9.820183274150861e+18,9.820183274150863e+18,100
2026/01/18/12:30,45622,45622,9.820183274150861e+18,9.820183274150863e+18,100
2026/01/18/12:40,45622,45622,9.820183274150861e+18,9.820183274150863e+18,100
2026/01/18/12:50,45622,45622,9.820183274150861e+18,9.820183274150863e+18,100
2026/01/18/13:00,45622,45622,9.820183274150861e+18,9.820183274150863e+18,100
2026/01/18/13:10,45622,45622,9.820183274150861e+18,9.820183274150863e+18,100
2026/01/18/13:20,45622,45622,9.820183274150861e+18,9.820183274150863e+18,100
2026/01/18/13:30,45622,45622,9.820183274150861e+18,9.820183274150863e+18,100
2026/01/18/13:40,45622,45622,9.820183274150861e+18,9.820183274150863e+18,100
2026/01/18/13:50,45622,45622,9.820183274150861e+18,9.820183274150863e+18,100
2026/01/18/14:00,45622,45622,9.820183274150861e+18,9.820183274150863e+18,100
2026/01/18/14:10,45622,45622,9.820183274150861e+18,9.820183274150863e+18,100
2026/01/18/14:20,45622,45622,9.820183274150861e+18,9.820183274150863e+18,100
2026/01/18/14:30,45622,45622,9.820183274150861e+18,9.820183274150863e+18,100
2026/01/18/14:40,45622,45622,9.820183274150861e+18,9.820183274150863e+18,100
2026/01/18/14:50,45622,45622,9.820183274150861e+18,9.820183274150863e+18,100
2026/01/18/15:00,45622,45622,9.820183274150861e+18,9.820183274150863e+18,100
2026/01/18/15:10,45622,45622,9.820183274150861e+18,9.820183274150863e+18,100
2026/01/18/15:20,45622,45622,9.820183274150861e+18,9.820183274150863e+18,100
2026/01/18/15:30,45622,45622,9.820183274150861e+18,9.820183274150863e+18,100
2026/01/18/15:40,45622,45622,9.820183274150861e+18,9.820183274150863e+18,100
2026/01/18/15:50,45622,45622,9.820183274150861e+18,9.820183274150863e+18,100
2026/01/18/16:00,45622,45622,9.820183274150861e+18,9.820183274150863e+18,100
2026/01/18/16:10,45622,45622,9.820183274150861e+18,9.820183274150863e+18,100
2026/01/18/16:20,45622,45622,9.820183274150861e+18,9.820183274150863e+18,100
2026/01/18/16:30,45622,45622,9.820183274150861e+18,9.820183274150863e+18,100
2026/01/18/16:40,45622,45622,9.820183274150861e+18,9.820183274150863e+18,100
2026/01/18/16:50,45622,45622,9.820183274150861e+18,9.820183274150863e+18,100
2026/01/18/17:00,45622,45622,9.820183274150861e+18,9.820183274150863e+18,100
2026/01/18/17:10,45622,45622,9.820183274150861e+18,9.820183274150863e+18,100
2026/01/18/17:20,45622,45622,9.820183274150861e+18,9.820183274150863e+18,100
2026/01/18/17:30,45622,45622,9.820183274150861e+18,9.820183274150863e+18,100
2026/01/18/17:40,45622,45622,9.820183274150861e+18,9.820183274150863e+18,100
2026/01/18/17:50,45622,45622,9.820183274150861e+18,9.820183274150863e+18,100
2026/01/18/18:00,45622,45622,9.820183274150861e+18,9.820183274150863e+18,100
2026/01/18/18:10,45622,45622,9.820183274150861e+18,9.820183274150863e+18,100
2026/01/18/18:20,45622,45622,9.820183274150861e+18,9.820183274150863e+18,100
2026/01/18/18:30,45622,45622,9.820183274150861e+18,9.820183274150863e+18,100
2026/01/18/18:40,45622,45622,9.820183274150861e+18,9.820183274150863e+18,100
2026/01/18/18:50,45622,45622,9.820183274150861e+18,9.820183274150863e+18,100
2026/01/18/19:00,45622,45622,9.820183274150861e+18,9.820183274150863e+18,100
2026/01/18/19:10,45622,45622,9.820183274150861e+18,9.820183274150863e+18,100
2026/01/18/19:20,45622,45622,9.820183274150861e+18,9.820183274150863e+18,100
2026/01/18/19:30,45622,45622,9.820183274150861e+18,9.820183274150863e+18,100
2026/01/18/19:40,45622,45622,9.820183274150861e+18,9.820183274150863e+18,100
2026/01/18/19:50,45622,45622,9.820183274150861e+18,9.820183274150863e+18,100
2026/01/18/20:00,45622,45622,9.820183274150861e+18,9.820183274150863e+18,100
2026/01/18/20:10,45622,45622,9.820183274150861e+18,9.820183274150863e+18,100
2026/01/18/20:20,45622,45622,9.820183274150861e+18,9.820183274150863e+18,100
2026/01/18/20:30,45622,45622,9.820183274150861e+18,9.820183274150863e+18,100
2026/01/18/20:40,45622,45622,9.820183274150861e+18,9.820183274150863e+18,100
2026/01/18/20:50,45622,45622,9.820183274150861e+18,9.820183274150863e+18,100
2026/01/18/21:00,45622,45622,9.820183274150861e+18,9.820183274150863e+18,100
2026/01/18/21:10,45622,45622,9.820183274150861e+18,9.820183274150863e+18,100
2026/01/18/21:20,45622,45622,9.820183274150861e+18,9.820183274150863e+18,100
2026/01/18/21:30,45622,45622,9.820183274150861e+18,9.820183274150863e+18,100
2026/01/18/21:40,45622,45622,9.820183274150861e+18,9.820183274150863e+18,100
2026/01/18/21:50,45622,45622,9.820183274150861e+18,9.820183274150863e+18,100
2026/01/18/22:00,45622,45622,9.820183274150861e+18,9.820183274150863e+18,100
2026/01/18/22:10,45622,45622,9.820183274150861e+18,9.820183274150863e+18,100
2026/01/18/22:20,45622,45622,9.820183274150861e+18,9.820183274150863e+18,100
2026/01/18/22:30,45622,45622,9.820183274150861e+18,9.820183274150863e+18,100
2026/01/18/22:40,45622,45622,9.820183274150861e+18,9.820183274150863e+18,100
2026/01/18/22:50,45622,45622,9.820183274150861e+18,9.820183274150863e+18,100
2026/01/18/23:00,45622,45622,9.820183274150861e+18,9.820183274150863e+18,100
2026/01/18/23:10,45622,45622,9.820183274150861e+18,9.820183274150863e+18,100
2026/01/18/23:20,45622,45622,9.820183274150861e+18,9.820183274150863e+18,100
2026/01/18/23:30,45622,45622,9.820183274150861e+18,9.820183274150863e+18,100
2026/01/18/23:40,45622,45622,9.820183274150861e+18,9.820183274150863e+18,100
2026/01/18/23:50,45622,45622,9.820183274150861e+18,9.820183274150863e+18,100
2026/01/19/0:00,45622,45622,9.820183274150861e+18,9.820183274150863e+18,100
2026/01/19/0:10,45622,45622,9.820183274150861e+18,9.820183274150863e+18,100
2026/01/19/0:20,45622,45622,9.820183274150861e+18,9.820183274150863e+18,100
2026/01/19/0:30,45622,45622,9.820183274150861e+18,9.820183274150863e+18,100
2026/01/19/0:40,45622,45622,9.820183274150861e+18,9.820183274150863e+18,100
2026/01/19/0:50,45622,45622,9.820183274150861e+18,9.820183274150863e+18,100
2026/01/19/1:00,45622,45622,9.820183274150861e+18,9.820183274150863e+18,100
2026/01/19/1:10,45622,45622,9.820183274150861e+18,9.820183274150863e+18,100
2026/01/19/1:20,45622,45622,9.820183274150861e+18,9.820183274150863e+18,100
2026/01/19/1:30,45622,45622,9.820183274150861e+18,9.820183274150863e+18,100
2026/01/19/1:40,45622,45622,9.820183274150861e+18,9.820183274150863e+18,100
2026/01/19/1:50,45622,45622,9.820183274150861e+18,9.820183274150863e+18,100
2026/01/19/2:00,45622,45622,9.820183274150861e+18,9.820183274150863e+18,100
2026/01/19/2:10,45622,45622,9.820183274150861e+18,9.820183274150863e+18,100
2026/01/19/2:20,45622,45622,9.820183274150861e+18,9.820183274150863e+18,100
2026/01/19/2:30,45622,45622,9.820183274150861e+18,9.820183274150863e+18,100
2026/01/19/2:40,45622,45622,9.820183274150861e+18,9.820183274150863e+18,100
2026/01/19/2:50,45622,45622,9.820183274150861e+18,9.820183274150863e+18,100
2026/01/19/3:00,45622,45622,9.820183274150861e+18,9.820183274150863e+18,100
2026/01/19/3:10,45622,45622,9.820183274150861e+18,9.820183274150863e+18,100
2026/01/19/3:20,45622,45622,9.820183274150861e+18,9.820183274150863e+18,100
2026/01/19/3:30,45622,45622,9.820183274150861e+18,9.820183274150863e+18,100
2026/01/19/3:40,45622,45622,9.820183274150861e+18,9.820183274150863e+18,100
2026/01/19/3:50,45622,45622,9.820183274150861e+18,9.820183274150863e+18,100
2026/01/19/4:00,45622,45622,9.820183274150861e+18,9.820183274150863e+18,100
2026/01/19/4:10,45622,45622,9.820183274150861e+18,9.820183274150863e+18,100
2026/01/19/4:20,45622,45622,9.820183274150861e+18,9.820183274150863e+18,100
2026/01/19/4:30,45622,45622,9.820183274150861e+18,9.820183274150863e+18,100
2026/01/19/4:40,45622,45622,9.820183274150861e+18,9.820183274150863e+18,100
2026/01/19/4:50,45622,45622,9.820183274150861e+18,9.820183274150863e+18,100
2026/01/19/5:00,45622,45622,9.820183274150861e+18,9.820183274150863e+18,100
2026/01/19/5:10,45622,45622,9.820183274150861e+18,9.820183274150863e+18,100
2026/01/19/5:20,45622,45622,9.820183274150861e+18,9.820183274150863e+18,100
2026/01/19/5:30,45622,45622,9.820183274150861e+18,9.820183274150863e+18,100
2026/01/19/5:40,45622,45622,9.820183274150861e+18,9.820183274150863e+18,100
2026/01/19/5:50,45622,45622,9.820183274150861e+18,9.820183274150863e+18,100
2026/01/19/6:00,45622,45622,9.820183274150861e+18,9.820183274150863e+18,100
2026/01/19/6:10,45622,45622,9.820183274150861e+18,9.820183274150863e+18,100
2026/01/19/6:20,45622,45622,9.820183274150861e+18,9.820183274150863e+18,100
2026/01/19/6:30,45622,45622,9.820183274150861e+18,9.820183274150863e+18,100
2026/01/19/6:40,45622,45622,9.820183274150861e+18,9.820183274150863e+18,100
2026/01/19/6:50,45622,45622,9.820183274150861e+18,9.820183274150863e+18,100
2026/01/19/7:00,45622,45622,9.820183274150861e+18,9.820183274150863e+18,100
2026/01/19/7:10,45622,45622,9.820183274150861e+18,9.820183274150863e+18,100
2026/01/19/7:20,45622,45622,9.820183274150861e+18,9.820183274150863e+18,100
2026/01/19/7:30,45622,45622,9.820183274150861e+18,9.820183274150863e+18,100
2026/01/19/7:40,45622,45622,9.820183274150861e+18,9.820183274150863e+18,100
2026/01/19/7:50,45622,45622,9.820183274150861e+18,9.820183274150863e+18,100
2026/01/19/8:00,45622,45622,9.820183274150861e+18,9.820183274150863e+18,100
2026/01/19/8:10,45622,45622,9.820183274150861e+18,9.820183274150863e+18,100
2026/01/19/8:20,45622,45622,9.820183274150861e+18,9.820183274150863e+18,100
2026/01/19/8:30,45622,45622,9.820183274150861e+18,9.820183274150863e+18,100
2026/01/19/8:40,45622,45622,9.820183274150861e+18,9.820183274150863e+18,100
2026/01/19/8:50,45622,45622,9.820183274150861e+18,9.820183274150863e+18,100
2026/01/19/9:00,45622,45622,9.820183274150861e+18,9.820183274150863e+18,100
2026/01/19/9:10,45622,45622,9.820183274150861e+18,9.820183274150863e+18,100
2026/01/19/9:20,45622,45622,9.820183274150861e+18,9.820183274150863e+18,100
2026/01/19/9:30,45622,45622,9.820183274150861e+18,9.820183274150863e+18,100
2026/01/19/9:40,45622,45622,9.820183274150861e+18,9.820183274150863e+18,100
2026/01/19/9:50,45622,45622,9.820183274150861e+18,9.820183274150863e+18,100
2026/01/19/10:00,45622,45622,9.820183274150861e+18,9.820183274150863e+18,100
2026/01/19/10:10,45622,45622,9.820183274150861e+18,9.820183274150863e+18,100
2026/01/19/10:20,45622,45622,9.820183274150861e+18,9.820183274150863e+18,100
2026/01/19/10:30,45622,45622,9.820183274150861e+18,9.820183274150863e+18,100
2026/01/19/10:40,45622,45622,9.820183274150861e+18,9.820183274150863e+18,100
2026/01/19/10:50,45622,45622,9.820183274150861e+18,9.820183274150863e+18,100
2026/01/19/11:00,45622,45622,9.820183274150861e+18,9.820183274150863e+18,100
2026/01/19/11:10,45622,45622,9.820183274150861e+18,9.820183274150863e+18,100
2026/01/19/11:20,45622,45622,9.820183274150861e+18,9.820183274150863e+18,100
2026/01/19/11:30,45622,45622,9.820183274150861e+18,9.820183274150863e+18,100
2026/01/19/11:40,45622,45622,9.820183274150861e+18,9.820183274150863e+18,100
2026/01/19/11:50,45622,45622,9.820183274150861e+18,9.820183274150863e+18,100
2026/01/19/12:00,45622,45622,9.820183274150861e+18,9.820183274150863e+18,100
2026/01/19/12:10,45622,45622,9.820183274150861e+18,9.820183274150863e+18,100
2026/01/19/12:20,45622,45622,9.820183274150861e+18,9.820183274150863e+18,100
2026/01/19/12:30,45622,45622,9.820183274150861e+18,9.820183274150863e+18,100
2026/01/19/12:40,45622,45622,9.820183274150861e+18,9.820183274150863e+18,100
2026/01/19/12:50,45622,45622,9.820183274150861e+18,9.820183274150863e+18,100
2026/01/19/13:00,45622,45622,9.820183274150861e+18,9.820183274150863e+18,100
2026/01/19/13:10,45622,45622,9.820183274150861e+18,9.820183274150863e+18,100
2026/01/19/13:20,45622,45622,9.820183274150861e+18,9.820183274150863e+18,100
2026/01/19/13:30,45622,45622,9.820183274150861e+18,9.820183274150863e+18,100
2026/01/19/13:40,45622,45622,9.820183274150861e+18,9.820183274150863e+18,100
2026/01/19/13:50,45622,45622,9.820183274150861e+18,9.820183274150863e+18,100
2026/01/19/14:00,45622,45622,9.820183274150861e+18,9.820183274150863e+18,100
2026/01/19/14:10,45622,45622,9.820183274150861e+18,9.820183274150863e+18,100
2026/01/19/14:20,45622,45622,9.820183274150861e+18,9.820183274150863e+18,100
2026/01/19/14:30,45622,45622,9.820183274150861e+18,9.820183274150863e+18,100
2026/01/19/14:40,45622,45622,9.820183274150861e+18,9.820183274150863e+18,100
2026/01/19/14:50,45622,45622,9.820183274150861e+18,9.820183274150863e+18,100
2026/01/19/15:00,45622,45622,9.820183274150861e+18,9.820183274150863e+18,100
2026/01/19/15:10,45622,45622,9.820183274150861e+18,9.820183274150863e+18,100
2026/01/19/15:20,45622,45622,9.820183274150861e+18,9.820183274150863e+18,100
2026/01/19/15:30,45624,45624,9.820199633977831e+18,9.820199633977833e+18,100
2026/01/19/15:40,45629,45629,9.820318169824711e+18,9.820318169824713e+18,100
2026/01/19/15:50,45632,45632,9.820746995489733e+18,9.820746995489735e+18,100
2026/01/19/16:00,45636,45636,9.821450544131258e+18,9.82145054413126e+18,100
2026/01/19/16:10,45638,45638,9.821897250575974e+18,9.821897250575976e+18,100
2026/01/19/16:20,45638,45638,9.821897250575974e+18,9.821897250575976e+18,100
2026/01/19/16:30,45642,45642,9.82278775384644e+18,9.822787753846442e+18,100
2026/01/19/16:40,45646,45646,9.823680359741198e+18,9.8236803597412e+18,100
2026/01/19/16:50,45667,45667,9.82836215472442e+18,9.828362154724422e+18,100
2026/01/19/17:00,45668,45668,9.828608502796069e+18,9.828608502796071e+18,100
2026/01/19/17:10,45672,45672,9.829594678967454e+18,9.829594678967456e+18,100
2026/01/19/17:20,45684,45684,9.83253784387413e+18,9.832537843874132e+18,100
2026/01/19/17:30,45685,45685,9.832768725540399e+18,9.832768725540401e+18,100
2026/01/19/17:40,45690,45690,9.833921860199756e+18,9.833921860199758e+18,100
2026/01/19/17:50,45742,45742,9.845913926223919e+18,9.845913926223921e+18,100
2026/01/19/18:00,46200,46200,9.951369669920629e+18,9.951369669920631e+18,100
2026/01/19/18:10,46668,46668,1.005920836495232e+19,1.005920836495233e+19,100
2026/01/19/18:20,47137,47137,1.01672355944742e+19,1.016723559447421e+19,100
2026/01/19/18:30,47606,47606,1.027524706007072e+19,1.027524706007072e+19,100
2026/01/19/18:40,48075,48075,1.038328627355707e+19,1.038328627355707e+19,100
2026/01/19/18:50,48543,48543,1.049114633590081e+19,1.049114633590082e+19,100
2026/01/19/19:00,48854,48854,1.056289113362313e+19,1.056289113362314e+19,100
2026/01/19/19:10,48854,48854,1.056289113362313e+19,1.056289113362314e+19,100
2026/01/19/19:20,48854,48854,1.056289113362313e+19,1.056289113362314e+19,100
2026/01/19/19:30,48854,48854,1.056289113362313e+19,1.056289113362314e+19,100
2026/01/19/19:40,48854,48854,1.056289113362313e+19,1.056289113362314e+19,100
2026/01/19/19:50,48854,48854,1.056289113362313e+19,1.056289113362314e+19,100
2026/01/19/20:00,48854,48854,1.056289113362313e+19,1.056289113362314e+19,100
2026/01/19/20:10,48854,48854,1.056289113362313e+19,1.056289113362314e+19,100
2026/01/19/20:20,48854,48854,1.056289113362313e+19,1.056289113362314e+19,100
2026/01/19/20:30,48854,48854,1.056289113362313e+19,1.056289113362314e+19,100
2026/01/19/20:40,48854,48854,1.056289113362313e+19,1.056289113362314e+19,100
2026/01/19/20:50,48854,48854,1.056289113362313e+19,1.056289113362314e+19,100
2026/01/19/21:00,48854,48854,1.056289113362313e+19,1.056289113362314e+19,100
2026/01/19/21:10,48854,48854,1.056289113362313e+19,1.056289113362314e+19,100
2026/01/19/21:20,48854,48854,1.056289113362313e+19,1.056289113362314e+19,100
2026/01/19/21:30,48854,48854,1.056289113362313e+19,1.056289113362314e+19,100
2026/01/19/21:40,48854,48854,1.056289113362313e+19,1.056289113362314e+19,100
2026/01/19/21:50,48854,48854,1.056289113362313e+19,1.056289113362314e+19,100
2026/01/19/22:00,48854,48854,1.056289113362313e+19,1.056289113362314e+19,100
2026/01/19/22:10,48854,48854,1.056289113362313e+19,1.056289113362314e+19,100
2026/01/19/22:20,48854,48854,1.056289113362313e+19,1.056289113362314e+19,100
2026/01/19/22:30,48854,48854,1.056289113362313e+19,1.056289113362314e+19,100
2026/01/19/22:40,48854,48854,1.056289113362313e+19,1.056289113362314e+19,100
2026/01/19/22:50,48854,48854,1.056289113362313e+19,1.056289113362314e+19,100
2026/01/19/23:00,48854,48854,1.056289113362313e+19,1.056289113362314e+19,100
2026/01/19/23:10,48854,48854,1.056289113362313e+19,1.056289113362314e+19,100
2026/01/19/23:20,48854,48854,1.056289113362313e+19,1.056289113362314e+19,100
2026/01/19/23:30,48854,48854,1.056289113362313e+19,1.056289113362314e+19,100
2026/01/19/23:40,48854,48854,1.056289113362313e+19,1.056289113362314e+19,100
2026/01/19/23:50,48854,48854,1.056289113362313e+19,1.056289113362314e+19,100
2026/01/20/0:00,48854,48854,1.056289113362313e+19,1.056289113362314e+19,100
2026/01/20/0:10,48854,48854,1.056289113362313e+19,1.056289113362314e+19,100
2026/01/20/0:20,48854,48854,1.056289113362313e+19,1.056289113362314e+19,100
2026/01/20/0:30,48854,48854,1.056289113362313e+19,1.056289113362314e+19,100
2026/01/20/0:40,48854,48854,1.056289113362313e+19,1.056289113362314e+19,100
2026/01/20/0:50,48854,48854,1.056289113362313e+19,1.056289113362314e+19,100
2026/01/20/1:00,48854,48854,1.056289113362313e+19,1.056289113362314e+19,100
2026/01/20/1:10,48854,48854,1.056289113362313e+19,1.056289113362314e+19,100
2026/01/20/1:20,48854,48854,1.056289113362313e+19,1.056289113362314e+19,100
2026/01/20/1:30,48854,48854,1.056289113362313e+19,1.056289113362314e+19,100
2026/01/20/1:40,48854,48854,1.056289113362313e+19,1.056289113362314e+19,100
2026/01/20/1:50,48854,48854,1.056289113362313e+19,1.056289113362314e+19,100
2026/01/20/2:00,48854,48854,1.056289113362313e+19,1.056289113362314e+19,100
2026/01/20/2:10,48854,48854,1.056289113362313e+19,1.056289113362314e+19,100
2026/01/20/2:20,48854,48854,1.056289113362313e+19,1.056289113362314e+19,100
2026/01/20/2:30,48854,48854,1.056289113362313e+19,1.056289113362314e+19,100
2026/01/20/2:40,48854,48854,1.056289113362313e+19,1.056289113362314e+19,100
2026/01/20/2:50,48854,48854,1.056289113362313e+19,1.056289113362314e+19,100
2026/01/20/3:00,48854,48854,1.056289113362313e+19,1.056289113362314e+19,100
2026/01/20/3:10,48854,48854,1.056289113362313e+19,1.056289113362314e+19,100
2026/01/20/3:20,48854,48854,1.056289113362313e+19,1.056289113362314e+19,100
2026/01/20/3:30,48854,48854,1.056289113362313e+19,1.056289113362314e+19,100
2026/01/20/3:40,48854,48854,1.056289113362313e+19,1.056289113362314e+19,100
2026/01/20/3:50,48854,48854,1.056289113362313e+19,1.056289113362314e+19,100
2026/01/20/4:00,48854,48854,1.056289113362313e+19,1.056289113362314e+19,100
2026/01/20/4:10,48854,48854,1.056289113362313e+19,1.056289113362314e+19,100
2026/01/20/4:20,48854,48854,1.056289113362313e+19,1.056289113362314e+19,100
2026/01/20/4:30,48854,48854,1.056289113362313e+19,1.056289113362314e+19,100
2026/01/20/4:40,48854,48854,1.056289113362313e+19,1.056289113362314e+19,100
2026/01/20/4:50,48854,48854,1.056289113362313e+19,1.056289113362314e+19,100
2026/01/20/5:00,48854,48854,1.056289113362313e+19,1.056289113362314e+19,100
2026/01/20/5:10,48854,48854,1.056289113362313e+19,1.056289113362314e+19,100
2026/01/20/5:20,48854,48854,1.056289113362313e+19,1.056289113362314e+19,100
2026/01/20/5:30,48854,48854,1.056289113362313e+19,1.056289113362314e+19,100
2026/01/20/5:40,48854,48854,1.056289113362313e+19,1.056289113362314e+19,100
2026/01/20/5:50,48854,48854,1.056289113362313e+19,1.056289113362314e+19,100
2026/01/20/6:00,48854,48854,1.056289113362313e+19,1.056289113362314e+19,100
2026/01/20/6:10,48854,48854,1.056289113362313e+19,1.056289113362314e+19,100
2026/01/20/6:20,48854,48854,1.056289113362313e+19,1.056289113362314e+19,100
2026/01/20/6:30,48854,48854,1.056289113362313e+19,1.056289113362314e+19,100
2026/01/20/6:40,48854,48854,1.056289113362313e+19,1.056289113362314e+19,100
2026/01/20/6:50,48854,48854,1.056289113362313e+19,1.056289113362314e+19,100
2026/01/20/7:00,48854,48854,1.056289113362313e+19,1.056289113362314e+19,100
2026/01/20/7:10,48854,48854,1.056289113362313e+19,1.056289113362314e+19,100
2026/01/20/7:20,48854,48854,1.056289113362313e+19,1.056289113362314e+19,100
2026/01/20/7:30,48854,48854,1.056289113362313e+19,1.056289113362314e+19,100
2026/01/20/7:40,48854,48854,1.056289113362313e+19,1.056289113362314e+19,100
2026/01/20/7:50,48854,48854,1.056289113362313e+19,1.056289113362314e+19,100
2026/01/20/8:00,48854,48854,1.056289113362313e+19,1.056289113362314e+19,100
2026/01/20/8:10,48854,48854,1.056289113362313e+19,1.056289113362314e+19,100
2026/01/20/8:20,48854,48854,1.056289113362313e+19,1.056289113362314e+19,100
2026/01/20/8:30,48854,48854,1.056289113362313e+19,1.056289113362314e+19,100
2026/01/20/8:40,48854,48854,1.056289113362313e+19,1.056289113362314e+19,100
2026/01/20/8:50,48854,48854,1.056289113362313e+19,1.056289113362314e+19,100
2026/01/20/9:00,48854,48854,1.056289113362313e+19,1.056289113362314e+19,100
2026/01/20/9:10,48854,48854,1.056289113362313e+19,1.056289113362314e+19,100
2026/01/20/9:20,48854,48854,1.056289113362313e+19,1.056289113362314e+19,100
2026/01/20/9:30,48854,48854,1.056289113362313e+19,1.056289113362314e+19,100
2026/01/20/9:40,48854,48854,1.056289113362313e+19,1.056289113362314e+19,100
2026/01/20/9:50,48854,48854,1.056289113362313e+19,1.056289113362314e+19,100
2026/01/20/10:00,48854,48854,1.056289113362313e+19,1.056289113362314e+19,100
2026/01/20/10:10,48854,48854,1.056289113362313e+19,1.056289113362314e+19,100
2026/01/20/10:20,48854,48854,1.056289113362313e+19,1.056289113362314e+19,100
2026/01/20/10:30,48854,48854,1.056289113362313e+19,1.056289113362314e+19,100
2026/01/20/10:40,48854,48854,1.056289113362313e+19,1.056289113362314e+19,100
2026/01/20/10:50,48854,48854,1.056289113362313e+19,1.056289113362314e+19,100
2026/01/20/11:00,48854,48854,1.056289113362313e+19,1.056289113362314e+19,100
2026/01/20/11:10,48854,48854,1.056289113362313e+19,1.056289113362314e+19,100
2026/01/20/11:20,48854,48854,1.056289113362313e+19,1.056289113362314e+19,100
2026/01/20/11:30,48854,48854,1.056289113362313e+19,1.056289113362314e+19,100
2026/01/20/11:40,48854,48854,1.056289113362313e+19,1.056289113362314e+19,100
2026/01/20/11:50,48854,48854,1.056289113362313e+19,1.056289113362314e+19,100
2026/01/20/12:00,48854,48854,1.056289113362313e+19,1.056289113362314e+19,100
2026/01/20/12:10,48854,48854,1.056289113362313e+19,1.056289113362314e+19,100
2026/01/20/12:20,48854,48854,1.056289113362313e+19,1.056289113362314e+19,100
2026/01/20/12:30,48854,48854,1.056289113362313e+19,1.056289113362314e+19,100
2026/01/20/12:40,48854,48854,1.056289113362313e+19,1.056289113362314e+19,100
2026/01/20/12:50,48854,48854,1.056289113362313e+19,1.056289113362314e+19,100
2026/01/20/13:00,48854,48854,1.056289113362313e+19,1.056289113362314e+19,100
2026/01/20/13:10,48854,48854,1.056289113362313e+19,1.056289113362314e+19,100
2026/01/20/13:20,48854,48854,1.056289113362313e+19,1.056289113362314e+19,100
2026/01/20/13:30,48854,48854,1.056289113362313e+19,1.056289113362314e+19,100
2026/01/20/13:40,48854,48854,1.056289113362313e+19,1.056289113362314e+19,100
2026/01/20/13:50,48854,48854,1.056289113362313e+19,1.056289113362314e+19,100
2026/01/20/14:00,48854,48854,1.056289113362313e+19,1.056289113362314e+19,100
2026/01/20/14:10,48854,48854,1.056289113362313e+19,1.056289113362314e+19,100
2026/01/20/14:20,48854,48854,1.056289113362313e+19,1.056289113362314e+19,100
2026/01/20/14:30,48854,48854,1.056289113362313e+19,1.056289113362314e+19,100
2026/01/20/14:40,48854,48854,1.056289113362313e+19,1.056289113362314e+19,100
2026/01/20/14:50,48854,48854,1.056289113362313e+19,1.056289113362314e+19,100
2026/01/20/15:00,48854,48854,1.056289113362313e+19,1.056289113362314e+19,100
2026/01/20/15:10,48854,48854,1.056289113362313e+19,1.056289113362314e+19,100
2026/01/20/15:20,48854,48854,1.056289113362313e+19,1.056289113362314e+19,100
2026/01/20/15:30,48854,48854,1.056289113362313e+19,1.056289113362314e+19,100
2026/01/20/15:40,48854,48854,1.056289113362313e+19,1.056289113362314e+19,100
2026/01/20/15:50,48854,48854,1.056289113362313e+19,1.056289113362314e+19,100
2026/01/20/16:00,48854,48854,1.056289113362313e+19,1.056289113362314e+19,100
2026/01/20/16:10,48854,48854,1.056289113362313e+19,1.056289113362314e+19,100
2026/01/20/16:20,48854,48854,1.056289113362313e+19,1.056289113362314e+19,100
2026/01/20/16:30,48854,48854,1.056289113362313e+19,1.056289113362314e+19,100
2026/01/20/16:40,48854,48854,1.056289113362313e+19,1.056289113362314e+19,100
2026/01/20/16:50,48854,48854,1.056289113362313e+19,1.056289113362314e+19,100
2026/01/20/17:00,48854,48854,1.056289113362313e+19,1.056289113362314e+19,100
2026/01/20/17:10,48854,48854,1.056289113362313e+19,1.056289113362314e+19,100
2026/01/20/17:20,48854,48854,1.056289113362313e+19,1.056289113362314e+19,100
2026/01/20/17:30,48854,48854,1.056289113362313e+19,1.056289113362314e+19,100
2026/01/20/17:40,48854,48854,1.056289113362313e+19,1.056289113362314e+19,100
2026/01/20/17:50,48854,48854,1.056289113362313e+19,1.056289113362314e+19,100
2026/01/20/18:00,48854,48854,1.056289113362313e+19,1.056289113362314e+19,100
2026/01/20/18:10,48854,48854,1.056289113362313e+19,1.056289113362314e+19,100
2026/01/20/18:20,48854,48854,1.056289113362313e+19,1.056289113362314e+19,100
2026/01/20/18:30,48854,48854,1.056289113362313e+19,1.056289113362314e+19,100
2026/01/20/18:40,48854,48854,1.056289113362313e+19,1.056289113362314e+19,100
2026/01/20/18:50,48854,48854,1.056289113362313e+19,1.056289113362314e+19,100
2026/01/20/19:00,48854,48854,1.056289113362313e+19,1.056289113362314e+19,100
2026/01/20/19:10,48854,48854,1.056289113362313e+19,1.056289113362314e+19,100
2026/01/20/19:20,48854,48854,1.056289113362313e+19,1.056289113362314e+19,100
2026/01/20/19:30,48854,48854,1.056289113362313e+19,1.056289113362314e+19,100
2026/01/20/19:40,48854,48854,1.056289113362313e+19,1.056289113362314e+19,100
2026/01/20/19:50,48857,48857,1.056307802548024e+19,1.056307802548024e+19,100
2026/01/20/20:00,48860,48860,1.056377093580903e+19,1.056377093580904e+19,100
2026/01/20/20:10,48913,48913,1.057682637468183e+19,1.057682637468183e+19,100
2026/01/20/20:20,49076,49076,1.061443333731445e+19,1.061443333731445e+19,100
2026/01/20/20:30,49545,49545,1.072267013993508e+19,1.072267013993509e+19,100
2026/01/20/20:40,50014,50014,1.083092956543455e+19,1.083092956543455e+19,100
2026/01/20/20:50,50404,50404,1.092091827162097e+19,1.092091827162098e+19,100
2026/01/20/21:00,50873,50873,1.102918516838436e+19,1.102918516838437e+19,100
2026/01/20/21:10,51342,51342,1.113745926622009e+19,1.113745926622009e+19,100
2026/01/20/21:20,51811,51811,1.12457185894915e+19,1.12457185894915e+19,100
2026/01/20/21:30,52279,52279,1.135375554226113e+19,1.135375554226114e+19,100
2026/01/20/21:40,52748,52748,1.146203857019686e+19,1.146203857019687e+19,100
2026/01/20/21:50,53217,53217,1.157034313173132e+19,1.157034313173133e+19,100
2026/01/20/22:00,53686,53686,1.167863700076716e+19,1.167863700076717e+19,100
2026/01/20/22:10,54154,54154,1.178670714973629e+19,1.17867071497363e+19,100
2026/01/20/22:20,54623,54623,1.18949477329241e+19,1.18949477329241e+19,100
2026/01/20/22:30,55092,55092,1.200320680521115e+19,1.200320680521116e+19,100
2026/01/20/22:40,55561,55561,1.211148300258512e+19,1.211148300258513e+19,100
2026/01/20/22:50,56029,56029,1.221957253604214e+19,1.221957253604214e+19,100
2026/01/20/23:00,56498,56498,1.232788238659109e+19,1.232788238659109e+19,100
2026/01/20/23:10,56967,56967,1.243614010942927e+19,1.243614010942927e+19,100
2026/01/20/23:20,57391,57391,1.253392437262918e+19,1.253392437262919e+19,100
2026/01/20/23:30,57859,57859,1.264187741244196e+19,1.264187741244197e+19,100
2026/01/20/23:40,58328,58328,1.275008519315982e+19,1.275008519315982e+19,100
2026/01/20/23:50,58797,58797,1.28582751066603e+19,1.28582751066603e+19,100
2026/01/21/0:00,59266,59266,1.296647224628383e+19,1.296647224628384e+19,100
2026/01/21/0:10,59734,59734,1.307441659231425e+19,1.307441659231426e+19,100
2026/01/21/0:20,60203,60203,1.318262503548269e+19,1.31826250354827e+19,100
2026/01/21/0:30,60621,60621,1.327908235076121e+19,1.327908235076121e+19,100
2026/01/21/0:40,61090,61090,1.338728521368459e+19,1.33872852136846e+19,100
2026/01/21/0:50,61558,61558,1.349524797544228e+19,1.349524797544228e+19,100
2026/01/21/1:00,62027,62027,1.360343760098864e+19,1.360343760098864e+19,100
2026/01/21/1:10,62496,62496,1.371161280191953e+19,1.371161280191953e+19,100
2026/01/21/1:20,62965,62965,1.381982805295966e+19,1.381982805295966e+19,100
2026/01/21/1:30,63433,63433,1.392775411402444e+19,1.392775411402444e+19,100
2026/01/21/1:40,63902,63902,1.403591477780518e+19,1.403591477780518e+19,100
2026/01/21/1:50,64371,64371,1.414410014698861e+19,1.414410014698862e+19,100
2026/01/21/2:00,64840,64840,1.425231654391158e+19,1.425231654391158e+19,100
2026/01/21/2:10,65308,65308,1.436027705168605e+19,1.436027705168606e+19,100
2026/01/21/2:20,65777,65777,1.446844314022205e+19,1.446844314022206e+19,100
2026/01/21/2:30,65951,65951,1.450856995905969e+19,1.450856995905969e+19,100
2026/01/21/2:40,66420,66420,1.461676571599248e+19,1.461676571599249e+19,100
2026/01/21/2:50,66888,66888,1.47247589327676e+19,1.47247589327676e+19,100
2026/01/21/3:00,67357,67357,1.483301436491077e+19,1.483301436491077e+19,100
2026/01/21/3:10,67826,67826,1.494118342168472e+19,1.494118342168473e+19,100
2026/01/21/3:20,68295,68295,1.504940900125292e+19,1.504940900125293e+19,100
2026/01/21/3:30,68763,68763,1.515747875707298e+19,1.515747875707299e+19,100
2026/01/21/3:40,69232,69232,1.526573770522877e+19,1.526573770522878e+19,100
2026/01/21/3:50,69701,69701,1.537400946746653e+19,1.537400946746653e+19,100
2026/01/21/4:00,70170,70170,1.548226386859636e+19,1.548226386859636e+19,100
2026/01/21/4:10,70638,70638,1.559028810157891e+19,1.559028810157891e+19,100
2026/01/21/4:20,71107,71107,1.569852523526362e+19,1.569852523526362e+19,100
2026/01/21/4:30,71576,71576,1.580678231138851e+19,1.580678231138851e+19,100
2026/01/21/4:40,72045,72045,1.591502129486548e+19,1.591502129486548e+19,100
2026/01/21/4:50,72513,72513,1.602302468306638e+19,1.602302468306638e+19,100
2026/01/21/5:00,72982,72982,1.613126246039432e+19,1.613126246039432e+19,100
2026/01/21/5:10,73451,73451,1.623947900222955e+19,1.623947900222956e+19,100
2026/01/21/5:20,73920,73920,1.63477229101184e+19,1.63477229101184e+19,100
2026/01/21/5:30,74388,74388,1.64557562668602e+19,1.64557562668602e+19,100
2026/01/21/5:40,74857,74857,1.656401339070009e+19,1.656401339070009e+19,100
2026/01/21/5:50,75326,75326,1.667224607121517e+19,1.667224607121517e+19,100
2026/01/21/6:00,75795,75795,1.678051838385902e+19,1.678051838385902e+19,100
2026/01/21/6:10,76263,76263,1.688853885090238e+19,1.688853885090239e+19,100
2026/01/21/6:20,76732,76732,1.699671626449958e+19,1.699671626449959e+19,100
2026/01/21/6:30,77201,77201,1.710491722144077e+19,1.710491722144078e+19,100
2026/01/21/6:40,77670,77670,1.721312740369852e+19,1.721312740369853e+19,100
2026/01/21/6:50,78138,78138,1.732109599733061e+19,1.732109599733062e+19,100
2026/01/21/7:00,78607,78607,1.742929208118675e+19,1.742929208118676e+19,100
2026/01/21/7:10,79076,79076,1.753749752856404e+19,1.753749752856405e+19,100
2026/01/21/7:20,79545,79545,1.76456689345836e+19,1.76456689345836e+19,100
2026/01/21/7:30,80012,80012,1.775343349065256e+19,1.775343349065257e+19,100
2026/01/21/7:40,80481,80481,1.7861692084177e+19,1.7861692084177e+19,100
2026/01/21/7:50,80950,80950,1.796990569083554e+19,1.796990569083554e+19,100
2026/01/21/8:00,81419,81419,1.807815014955617e+19,1.807815014955617e+19,100
2026/01/21/8:10,81887,81887,1.818615113112192e+19,1.818615113112192e+19,100
2026/01/21/8:20,82356,82356,1.829438554534722e+19,1.829438554534723e+19,100
2026/01/21/8:30,82825,82825,1.840268320155475e+19,1.840268320155476e+19,100
2026/01/21/8:40,83294,83294,1.851095273747857e+19,1.851095273747858e+19,100
2026/01/21/8:50,83762,83762,1.861900347711545e+19,1.861900347711545e+19,100
2026/01/21/9:00,84231,84231,1.87272524370948e+19,1.87272524370948e+19,100
2026/01/21/9:10,84233,84233,1.872771395608721e+19,1.872771395608721e+19,100
2026/01/21/9:20,84233,84233,1.872771395608721e+19,1.872771395608721e+19,100
2026/01/21/9:30,84233,84233,1.872771395608721e+19,1.872771395608721e+19,100
2026/01/21/9:40,84233,84233,1.872771395608721e+19,1.872771395608721e+19,100
2026/01/21/9:50,84233,84233,1.872771395608721e+19,1.872771395608721e+19,100
2026/01/21/10:00,84233,84233,1.872771395608721e+19,1.872771395608721e+19,100
2026/01/21/10:10,84233,84233,1.872771395608721e+19,1.872771395608721e+19,100
2026/01/21/10:20,84233,84233,1.872771395608721e+19,1.872771395608721e+19,100
2026/01/21/10:30,84233,84233,1.872771395608721e+19,1.872771395608721e+19,100
2026/01/21/10:40,84233,84233,1.872771395608721e+19,1.872771395608721e+19,100
2026/01/21/10:50,84233,84233,1.872771395608721e+19,1.872771395608721e+19,100
2026/01/21/11:00,84233,84233,1.872771395608721e+19,1.872771395608721e+19,100
2026/01/21/11:10,84233,84233,1.872771395608721e+19,1.872771395608721e+19,100
2026/01/21/11:20,84233,84233,1.872771395608721e+19,1.872771395608721e+19,100
2026/01/21/11:30,84233,84233,1.872771395608721e+19,1.872771395608721e+19,100
2026/01/21/11:40,84233,84233,1.872771395608721e+19,1.872771395608721e+19,100
2026/01/21/11:50,84233,84233,1.872771395608721e+19,1.872771395608721e+19,100
2026/01/21/12:00,84233,84233,1.872771395608721e+19,1.872771395608721e+19,100
2026/01/21/12:10,84233,84233,1.872771395608721e+19,1.872771395608721e+19,100
2026/01/21/12:20,84233,84233,1.872771395608721e+19,1.872771395608721e+19,100
2026/01/21/12:30,84233,84233,1.872771395608721e+19,1.872771395608721e+19,100
2026/01/21/12:40,84233,84233,1.872771395608721e+19,1.872771395608721e+19,100
2026/01/21/12:50,84233,84233,1.872771395608721e+19,1.872771395608721e+19,100
2026/01/21/13:00,84233,84233,1.872771395608721e+19,1.872771395608721e+19,100
2026/01/21/13:10,84233,84233,1.872771395608721e+19,1.872771395608721e+19,100
2026/01/21/13:20,84233,84233,1.872771395608721e+19,1.872771395608721e+19,100
2026/01/21/13:30,84233,84233,1.872771395608721e+19,1.872771395608721e+19,100
2026/01/21/13:40,84233,84233,1.872771395608721e+19,1.872771395608721e+19,100
2026/01/21/13:50,84233,84233,1.872771395608721e+19,1.872771395608721e+19,100
2026/01/21/14:00,84233,84233,1.872771395608721e+19,1.872771395608721e+19,100
2026/01/21/14:10,84233,84233,1.872771395608721e+19,1.872771395608721e+19,100
2026/01/21/14:20,84233,84233,1.872771395608721e+19,1.872771395608721e+19,100
2026/01/21/14:30,84233,84233,1.872771395608721e+19,1.872771395608721e+19,100
2026/01/21/14:40,84233,84233,1.872771395608721e+19,1.872771395608721e+19,100
2026/01/21/14:50,84233,84233,1.872771395608721e+19,1.872771395608721e+19,100
2026/01/21/15:00,84233,84233,1.872771395608721e+19,1.872771395608721e+19,100
2026/01/21/15:10,84233,84233,1.872771395608721e+19,1.872771395608721e+19,100
2026/01/21/15:20,84233,84233,1.872771395608721e+19,1.872771395608721e+19,100
2026/01/21/15:30,84233,84233,1.872771395608721e+19,1.872771395608721e+19,100
2026/01/21/15:40,84233,84233,1.872771395608721e+19,1.872771395608721e+19,100
2026/01/21/15:50,84233,84233,1.872771395608721e+19,1.872771395608721e+19,100
2026/01/21/16:00,84233,84233,1.872771395608721e+19,1.872771395608721e+19,100
2026/01/21/16:10,84233,84233,1.872771395608721e+19,1.872771395608721e+19,100
2026/01/21/16:20,84233,84233,1.872771395608721e+19,1.872771395608721e+19,100
2026/01/21/16:30,84233,84233,1.872771395608721e+19,1.872771395608721e+19,100
2026/01/21/16:40,84233,84233,1.872771395608721e+19,1.872771395608721e+19,100
2026/01/21/16:50,84233,84233,1.872771395608721e+19,1.872771395608721e+19,100
2026/01/21/17:00,84233,84233,1.872771395608721e+19,1.872771395608721e+19,100
2026/01/21/17:10,84233,84233,1.872771395608721e+19,1.872771395608721e+19,100
2026/01/21/17:20,84233,84233,1.872771395608721e+19,1.872771395608721e+19,100
2026/01/21/17:30,84233,84233,1.872771395608721e+19,1.872771395608721e+19,100
2026/01/21/17:40,84233,84233,1.872771395608721e+19,1.872771395608721e+19,100
2026/01/21/17:50,84233,84233,1.872771395608721e+19,1.872771395608721e+19,100
2026/01/21/18:00,84233,84233,1.872771395608721e+19,1.872771395608721e+19,100
2026/01/21/18:10,84233,84233,1.872771395608721e+19,1.872771395608721e+19,100
2026/01/21/18:20,84233,84233,1.872771395608721e+19,1.872771395608721e+19,100
2026/01/21/18:30,84233,84233,1.872771395608721e+19,1.872771395608721e+19,100
2026/01/21/18:40,84233,84233,1.872771395608721e+19,1.872771395608721e+19,100
2026/01/21/18:50,84233,84233,1.872771395608721e+19,1.872771395608721e+19,100
2026/01/21/19:00,84233,84233,1.872771395608721e+19,1.872771395608721e+19,100
2026/01/21/19:10,84233,84233,1.872771395608721e+19,1.872771395608721e+19,100
2026/01/21/19:20,84233,84233,1.872771395608721e+19,1.872771395608721e+19,100
2026/01/21/19:30,84233,84233,1.872771395608721e+19,1.872771395608721e+19,100
2026/01/21/19:40,84233,84233,1.872771395608721e+19,1.872771395608721e+19,100
2026/01/21/19:50,84233,84233,1.872771395608721e+19,1.872771395608721e+19,100
2026/01/21/20:00,84233,84233,1.872771395608721e+19,1.872771395608721e+19,100
2026/01/21/20:10,84233,84233,1.872771395608721e+19,1.872771395608721e+19,100
2026/01/21/20:20,84233,84233,1.872771395608721e+19,1.872771395608721e+19,100
2026/01/21/20:30,84233,84233,1.872771395608721e+19,1.872771395608721e+19,100
2026/01/21/20:40,84233,84233,1.872771395608721e+19,1.872771395608721e+19,100
2026/01/21/20:50,84233,84233,1.872771395608721e+19,1.872771395608721e+19,100
2026/01/21/21:00,84233,84233,1.872771395608721e+19,1.872771395608721e+19,100
2026/01/21/21:10,84233,84233,1.872771395608721e+19,1.872771395608721e+19,100
2026/01/21/21:20,84233,84233,1.872771395608721e+19,1.872771395608721e+19,100
2026/01/21/21:30,84233,84233,1.872771395608721e+19,1.872771395608721e+19,100
2026/01/21/21:40,84233,84233,1.872771395608721e+19,1.872771395608721e+19,100
2026/01/21/21:50,84233,84233,1.872771395608721e+19,1.872771395608721e+19,100
2026/01/21/22:00,84233,84233,1.872771395608721e+19,1.872771395608721e+19,100
2026/01/21/22:10,84233,84233,1.872771395608721e+19,1.872771395608721e+19,100
2026/01/21/22:20,84233,84233,1.872771395608721e+19,1.872771395608721e+19,100
2026/01/21/22:30,84233,84233,1.872771395608721e+19,1.872771395608721e+19,100
2026/01/21/22:40,84233,84233,1.872771395608721e+19,1.872771395608721e+19,100
2026/01/21/22:50,84233,84233,1.872771395608721e+19,1.872771395608721e+19,100
2026/01/21/23:00,84233,84233,1.872771395608721e+19,1.872771395608721e+19,100
2026/01/21/23:10,84233,84233,1.872771395608721e+19,1.872771395608721e+19,100
2026/01/21/23:20,84233,84233,1.872771395608721e+19,1.872771395608721e+19,100
2026/01/21/23:30,84233,84233,1.872771395608721e+19,1.872771395608721e+19,100
2026/01/21/23:40,84233,84233,1.872771395608721e+19,1.872771395608721e+19,100
2026/01/21/23:50,84233,84233,1.872771395608721e+19,1.872771395608721e+19,100
2026/01/22/0:00,84233,84233,1.872771395608721e+19,1.872771395608721e+19,100
2026/01/22/0:10,84233,84233,1.872771395608721e+19,1.872771395608721e+19,100
2026/01/22/0:20,84233,84233,1.872771395608721e+19,1.872771395608721e+19,100
2026/01/22/0:30,84233,84233,1.872771395608721e+19,1.872771395608721e+19,100
2026/01/22/0:40,84233,84233,1.872771395608721e+19,1.872771395608721e+19,100
2026/01/22/0:50,84233,84233,1.872771395608721e+19,1.872771395608721e+19,100
2026/01/22/1:00,84233,84233,1.872771395608721e+19,1.872771395608721e+19,100
2026/01/22/1:10,84233,84233,1.872771395608721e+19,1.872771395608721e+19,100
2026/01/22/1:20,84233,84233,1.872771395608721e+19,1.872771395608721e+19,100
2026/01/22/1:30,84233,84233,1.872771395608721e+19,1.872771395608721e+19,100
2026/01/22/1:40,84233,84233,1.872771395608721e+19,1.872771395608721e+19,100
2026/01/22/1:50,84233,84233,1.872771395608721e+19,1.872771395608721e+19,100
2026/01/22/2:00,84233,84233,1.872771395608721e+19,1.872771395608721e+19,100
2026/01/22/2:10,84233,84233,1.872771395608721e+19,1.872771395608721e+19,100
2026/01/22/2:20,84233,84233,1.872771395608721e+19,1.872771395608721e+19,100
2026/01/22/2:30,84233,84233,1.872771395608721e+19,1.872771395608721e+19,100
2026/01/22/2:40,84233,84233,1.872771395608721e+19,1.872771395608721e+19,100
2026/01/22/2:50,84233,84233,1.872771395608721e+19,1.872771395608721e+19,100
2026/01/22/3:00,84233,84233,1.872771395608721e+19,1.872771395608721e+19,100
2026/01/22/3:10,84233,84233,1.872771395608721e+19,1.872771395608721e+19,100
2026/01/22/3:20,84233,84233,1.872771395608721e+19,1.872771395608721e+19,100
2026/01/22/3:30,84233,84233,1.872771395608721e+19,1.872771395608721e+19,100
2026/01/22/3:40,84233,84233,1.872771395608721e+19,1.872771395608721e+19,100
2026/01/22/3:50,84233,84233,1.872771395608721e+19,1.872771395608721e+19,100
2026/01/22/4:00,84233,84233,1.872771395608721e+19,1.872771395608721e+19,100
2026/01/22/4:10,84233,84233,1.872771395608721e+19,1.872771395608721e+19,100
2026/01/22/4:20,84233,84233,1.872771395608721e+19,1.872771395608721e+19,100
2026/01/22/4:30,84233,84233,1.872771395608721e+19,1.872771395608721e+19,100
2026/01/22/4:40,84233,84233,1.872771395608721e+19,1.872771395608721e+19,100
2026/01/22/4:50,84233,84233,1.872771395608721e+19,1.872771395608721e+19,100
2026/01/22/5:00,84233,84233,1.872771395608721e+19,1.872771395608721e+19,100
2026/01/22/5:10,84233,84233,1.872771395608721e+19,1.872771395608721e+19,100
2026/01/22/5:20,84233,84233,1.872771395608721e+19,1.872771395608721e+19,100
2026/01/22/5:30,84233,84233,1.872771395608721e+19,1.872771395608721e+19,100
2026/01/22/5:40,84233,84233,1.872771395608721e+19,1.872771395608721e+19,100
2026/01/22/5:50,84233,84233,1.872771395608721e+19,1.872771395608721e+19,100
2026/01/22/6:00,84233,84233,1.872771395608721e+19,1.872771395608721e+19,100
2026/01/22/6:10,84233,84233,1.872771395608721e+19,1.872771395608721e+19,100
2026/01/22/6:20,84233,84233,1.872771395608721e+19,1.872771395608721e+19,100
2026/01/22/6:30,84233,84233,1.872771395608721e+19,1.872771395608721e+19,100
2026/01/22/6:40,84233,84233,1.872771395608721e+19,1.872771395608721e+19,100
2026/01/22/6:50,84233,84233,1.872771395608721e+19,1.872771395608721e+19,100
2026/01/22/7:00,84233,84233,1.872771395608721e+19,1.872771395608721e+19,100
2026/01/22/7:10,84233,84233,1.872771395608721e+19,1.872771395608721e+19,100
2026/01/22/7:20,84233,84233,1.872771395608721e+19,1.872771395608721e+19,100
2026/01/22/7:30,84233,84233,1.872771395608721e+19,1.872771395608721e+19,100
2026/01/22/7:40,84233,84233,1.872771395608721e+19,1.872771395608721e+19,100
2026/01/22/7:50,84233,84233,1.872771395608721e+19,1.872771395608721e+19,100
2026/01/22/8:00,84233,84233,1.872771395608721e+19,1.872771395608721e+19,100
2026/01/22/8:10,84233,84233,1.872771395608721e+19,1.872771395608721e+19,100
2026/01/22/8:20,84233,84233,1.872771395608721e+19,1.872771395608721e+19,100
2026/01/22/8:30,84233,84233,1.872771395608721e+19,1.872771395608721e+19,100
2026/01/22/8:40,84233,84233,1.872771395608721e+19,1.872771395608721e+19,100
2026/01/22/8:50,84233,84233,1.872771395608721e+19,1.872771395608721e+19,100
2026/01/22/9:00,84233,84233,1.872771395608721e+19,1.872771395608721e+19,100
2026/01/22/9:10,84233,84233,1.872771395608721e+19,1.872771395608721e+19,100
2026/01/22/9:20,84233,84233,1.872771395608721e+19,1.872771395608721e+19,100
2026/01/22/9:30,84237,84237,1.87277240198907e+19,1.87277240198907e+19,100
2026/01/22/9:40,84242,84242,1.872773945906096e+19,1.872773945906096e+19,100
2026/01/22/9:50,84247,84247,1.872775497017784e+19,1.872775497017784e+19,100
2026/01/22/10:00,84250,84250,1.872781370943567e+19,1.872781370943567e+19,100
2026/01/22/10:10,84276,84276,1.87284478829163e+19,1.87284478829163e+19,100
2026/01/22/10:20,84338,84338,1.872884089231568e+19,1.872884089231568e+19,100
2026/01/22/10:30,84409,84409,1.872933844229959e+19,1.872933844229959e+19,100
2026/01/22/10:40,84444,84444,1.873027212515224e+19,1.873027212515225e+19,100
2026/01/22/10:50,84448,84448,1.873054589570274e+19,1.873054589570274e+19,100
2026/01/22/11:00,84456,84456,1.873114840346444e+19,1.873114840346445e+19,100
2026/01/22/11:10,84458,84458,1.873139673626759e+19,1.87313967362676e+19,100
2026/01/22/11:20,84458,84458,1.873139673626759e+19,1.87313967362676e+19,100
2026/01/22/11:30,84458,84458,1.873139673626759e+19,1.87313967362676e+19,100
2026/01/22/11:40,84458,84458,1.873139673626759e+19,1.87313967362676e+19,100
2026/01/22/11:50,84458,84458,1.873139673626759e+19,1.87313967362676e+19,100
2026/01/22/12:00,84458,84458,1.873139673626759e+19,1.87313967362676e+19,100
2026/01/22/12:10,84461,84461,1.873200077144617e+19,1.873200077144617e+19,100
2026/01/22/12:20,84465,84465,1.873280642400118e+19,1.873280642400118e+19,100
2026/01/22/12:30,84472,84472,1.873444273688345e+19,1.873444273688345e+19,100
2026/01/22/12:40,84536,84536,1.874652742784484e+19,1.874652742784485e+19,100
2026/01/22/12:50,84638,84638,1.87545336825195e+19,1.875453368251951e+19,100
2026/01/22/13:00,84703,84703,1.876935504609717e+19,1.876935504609717e+19,100
2026/01/22/13:10,84746,84746,1.877944653913571e+19,1.877944653913571e+19,100
2026/01/22/13:20,84967,84967,1.883130411649791e+19,1.883130411649792e+19,100
2026/01/22/13:30,85435,85435,1.8941080009539e+19,1.894108000953901e+19,100
2026/01/22/13:40,85904,85904,1.90510545389294e+19,1.90510545389294e+19,100
2026/01/22/13:50,86373,86373,1.916104629737614e+19,1.916104629737614e+19,100
2026/01/22/14:00,86842,86842,1.927108796259881e+19,1.927108796259882e+19,100
2026/01/22/14:10,87310,87310,1.93809285564324e+19,1.93809285564324e+19,100
2026/01/22/14:20,87779,87779,1.949095127465158e+19,1.949095127465159e+19,100
2026/01/22/14:30,88248,88248,1.960099739564954e+19,1.960099739564954e+19,100
2026/01/22/14:40,88717,88717,1.971102952203482e+19,1.971102952203482e+19,100
2026/01/22/14:50,89185,89185,1.982081372530632e+19,1.982081372530633e+19,100
2026/01/22/15:00,89654,89654,1.993082810411649e+19,1.993082810411649e+19,100
2026/01/22/15:10,90123,90123,2.004075912916047e+19,2.004075912916048e+19,100
2026/01/22/15:20,90592,90592,2.015076235177604e+19,2.015076235177605e+19,100
2026/01/22/15:30,91060,91060,2.02605006551724e+19,2.02605006551724e+19,100
2026/01/22/15:40,91476,91476,2.035802407052523e+19,2.035802407052523e+19,100
2026/01/22/15:50,91945,91945,2.046795502366772e+19,2.046795502366772e+19,100
2026/01/22/16:00,92414,92414,2.057792192230555e+19,2.057792192230555e+19,100
2026/01/22/16:10,92882,92882,2.068763317549102e+19,2.068763317549102e+19,100
2026/01/22/16:20,93351,93351,2.079756529261425e+19,2.079756529261425e+19,100
2026/01/22/16:30,93820,93820,2.090750906871355e+19,2.090750906871356e+19,100
2026/01/22/16:40,94289,94289,2.101733657010818e+19,2.101733657010818e+19,100
2026/01/22/16:50,94757,94757,2.112692660199008e+19,2.112692660199008e+19,100
2026/01/22/17:00,95226,95226,2.123678071246062e+19,2.123678071246062e+19,100
2026/01/22/17:10,95695,95695,2.134654934424062e+19,2.134654934424063e+19,100
2026/01/22/17:20,96164,96164,2.145629557711471e+19,2.145629557711471e+19,100
2026/01/22/17:30,96632,96632,2.156582405976886e+19,2.156582405976887e+19,100
2026/01/22/17:40,97101,97101,2.167557179449869e+19,2.167557179449869e+19,100
2026/01/22/17:50,97455,97455,2.175843564569673e+19,2.175843564569674e+19,100
2026/01/22/18:00,97900,97900,2.186260756773595e+19,2.186260756773595e+19,100
2026/01/22/18:10,97907,97907,2.186424551146109e+19,2.18642455114611e+19,100
2026/01/22/18:20,98376,98376,2.197399441280311e+19,2.197399441280312e+19,100
2026/01/22/18:30,98845,98845,2.208379946276539e+19,2.208379946276539e+19,100
2026/01/22/18:40,99314,99314,2.219356715047422e+19,2.219356715047422e+19,100
2026/01/22/18:50,99782,99782,2.230314127144169e+19,2.230314127144169e+19,100
2026/01/22/19:00,100251,100251,2.241293737671465e+19,2.241293737671465e+19,100
2026/01/22/19:10,100720,100720,2.25227009381127e+19,2.252270093811271e+19,100
2026/01/22/19:20,101189,101189,2.263249415236375e+19,2.263249415236376e+19,100
2026/01/22/19:30,101657,101657,2.274204601105615e+19,2.274204601105615e+19,100
2026/01/22/19:40,102126,102126,2.285182088315832e+19,2.285182088315832e+19,100
2026/01/22/19:50,102595,102595,2.296163493507051e+19,2.296163493507052e+19,100
2026/01/22/20:00,103064,103064,2.307144499637402e+19,2.307144499637403e+19,100
2026/01/22/20:10,103532,103532,2.318098251392324e+19,2.318098251392324e+19,100
2026/01/22/20:20,104001,104001,2.329077853954218e+19,2.329077853954218e+19,100
2026/01/22/20:30,104470,104470,2.340056986247771e+19,2.340056986247771e+19,100
2026/01/22/20:40,104939,104939,2.351038459486099e+19,2.3510384594861e+19,100
2026/01/22/20:50,105407,105407,2.361996056316985e+19,2.361996056316985e+19,100
2026/01/22/21:00,105830,105830,2.371896163935757e+19,2.371896163935758e+19,100
2026/01/22/21:10,106299,106299,2.382878083112803e+19,2.382878083112804e+19,100
2026/01/22/21:20,106768,106768,2.393856960574094e+19,2.393856960574094e+19,100
2026/01/22/21:30,107236,107236,2.404808743451741e+19,2.404808743451741e+19,100
2026/01/22/21:40,107705,107705,2.415785751397544e+19,2.415785751397544e+19,100
2026/01/22/21:50,108174,107930,2.426769125820767e+19,2.421056343006518e+19,99.76459306518012
2026/01/22/22:00,108643,108399,2.437749860958443e+19,2.432037078144193e+19,99.76565344518147
2026/01/22/22:10,109111,108867,2.448708379176803e+19,2.442995596362553e+19,99.76670219848025
2026/01/22/22:20,109580,109336,2.459688733030323e+19,2.453975950216074e+19,99.76774366863845
2026/01/22/22:30,109917,109673,2.467576756157181e+19,2.461863973342931e+19,99.76848611497108
2026/01/22/22:40,109917,109673,2.467576756157181e+19,2.461863973342931e+19,99.76848611497108
2026/01/22/22:50,109917,109673,2.467576756157181e+19,2.461863973342931e+19,99.76848611497108
2026/01/22/23:00,109917,109673,2.467576756157181e+19,2.461863973342931e+19,99.76848611497108
2026/01/22/23:10,109917,109673,2.467576756157181e+19,2.461863973342931e+19,99.76848611497108
2026/01/22/23:20,109917,109673,2.467576756157181e+19,2.461863973342931e+19,99.76848611497108
2026/01/22/23:30,109917,109673,2.467576756157181e+19,2.461863973342931e+19,99.76848611497108
2026/01/22/23:40,109917,109673,2.467576756157181e+19,2.461863973342931e+19,99.76848611497108
2026/01/22/23:50,109917,109673,2.467576756157181e+19,2.461863973342931e+19,99.76848611497108
2026/01/23/0:00,109917,109673,2.467576756157181e+19,2.461863973342931e+19,99.76848611497108
2026/01/23/0:10,109917,109673,2.467576756157181e+19,2.461863973342931e+19,99.76848611497108
2026/01/23/0:20,109917,109673,2.467576756157181e+19,2.461863973342931e+19,99.76848611497108
2026/01/23/0:30,109917,109673,2.467576756157181e+19,2.461863973342931e+19,99.76848611497108
2026/01/23/0:40,109917,109673,2.467576756157181e+19,2.461863973342931e+19,99.76848611497108
2026/01/23/0:50,109917,109673,2.467576756157181e+19,2.461863973342931e+19,99.76848611497108
2026/01/23/1:00,109917,109673,2.467576756157181e+19,2.461863973342931e+19,99.76848611497108
2026/01/23/1:10,109917,109673,2.467576756157181e+19,2.461863973342931e+19,99.76848611497108
2026/01/23/1:20,109917,109673,2.467576756157181e+19,2.461863973342931e+19,99.76848611497108
2026/01/23/1:30,109917,109673,2.467576756157181e+19,2.461863973342931e+19,99.76848611497108
2026/01/23/1:40,109917,109673,2.467576756157181e+19,2.461863973342931e+19,99.76848611497108
2026/01/23/1:50,109917,109673,2.467576756157181e+19,2.461863973342931e+19,99.76848611497108
2026/01/23/2:00,109917,109673,2.467576756157181e+19,2.461863973342931e+19,99.76848611497108
2026/01/23/2:10,109917,109673,2.467576756157181e+19,2.461863973342931e+19,99.76848611497108
2026/01/23/2:20,109917,109673,2.467576756157181e+19,2.461863973342931e+19,99.76848611497108
2026/01/23/2:30,109917,109673,2.467576756157181e+19,2.461863973342931e+19,99.76848611497108
2026/01/23/2:40,109917,109673,2.467576756157181e+19,2.461863973342931e+19,99.76848611497108
2026/01/23/2:50,109917,109673,2.467576756157181e+19,2.461863973342931e+19,99.76848611497108
2026/01/23/3:00,109917,109673,2.467576756157181e+19,2.461863973342931e+19,99.76848611497108
2026/01/23/3:10,109917,109673,2.467576756157181e+19,2.461863973342931e+19,99.76848611497108
2026/01/23/3:20,109917,109673,2.467576756157181e+19,2.461863973342931e+19,99.76848611497108
2026/01/23/3:30,109917,109673,2.467576756157181e+19,2.461863973342931e+19,99.76848611497108
2026/01/23/3:40,109917,109673,2.467576756157181e+19,2.461863973342931e+19,99.76848611497108
2026/01/23/3:50,109917,109673,2.467576756157181e+19,2.461863973342931e+19,99.76848611497108
2026/01/23/4:00,109917,109673,2.467576756157181e+19,2.461863973342931e+19,99.76848611497108
2026/01/23/4:10,109917,109673,2.467576756157181e+19,2.461863973342931e+19,99.76848611497108
2026/01/23/4:20,109917,109673,2.467576756157181e+19,2.461863973342931e+19,99.76848611497108
2026/01/23/4:30,109917,109673,2.467576756157181e+19,2.461863973342931e+19,99.76848611497108
2026/01/23/4:40,109917,109673,2.467576756157181e+19,2.461863973342931e+19,99.76848611497108
2026/01/23/4:50,109917,109673,2.467576756157181e+19,2.461863973342931e+19,99.76848611497108
2026/01/23/5:00,109917,109673,2.467576756157181e+19,2.461863973342931e+19,99.76848611497108
2026/01/23/5:10,109917,109673,2.467576756157181e+19,2.461863973342931e+19,99.76848611497108
2026/01/23/5:20,109917,109673,2.467576756157181e+19,2.461863973342931e+19,99.76848611497108
2026/01/23/5:30,109917,109673,2.467576756157181e+19,2.461863973342931e+19,99.76848611497108
2026/01/23/5:40,109917,109673,2.467576756157181e+19,2.461863973342931e+19,99.76848611497108
2026/01/23/5:50,109917,109673,2.467576756157181e+19,2.461863973342931e+19,99.76848611497108
2026/01/23/6:00,109917,109673,2.467576756157181e+19,2.461863973342931e+19,99.76848611497108
2026/01/23/6:10,109917,109673,2.467576756157181e+19,2.461863973342931e+19,99.76848611497108
2026/01/23/6:20,109917,109673,2.467576756157181e+19,2.461863973342931e+19,99.76848611497108
2026/01/23/6:30,109917,109673,2.467576756157181e+19,2.461863973342931e+19,99.76848611497108
2026/01/23/6:40,109917,109673,2.467576756157181e+19,2.461863973342931e+19,99.76848611497108
2026/01/23/6:50,109917,109673,2.467576756157181e+19,2.461863973342931e+19,99.76848611497108
2026/01/23/7:00,109917,109673,2.467576756157181e+19,2.461863973342931e+19,99.76848611497108
2026/01/23/7:10,109917,109673,2.467576756157181e+19,2.461863973342931e+19,99.76848611497108
2026/01/23/7:20,109917,109673,2.467576756157181e+19,2.461863973342931e+19,99.76848611497108
2026/01/23/7:30,109917,109673,2.467576756157181e+19,2.461863973342931e+19,99.76848611497108
2026/01/23/7:40,109917,109673,2.467576756157181e+19,2.461863973342931e+19,99.76848611497108
2026/01/23/7:50,109917,109673,2.467576756157181e+19,2.461863973342931e+19,99.76848611497108
2026/01/23/8:00,109917,109673,2.467576756157181e+19,2.461863973342931e+19,99.76848611497108
2026/01/23/8:10,109917,109673,2.467576756157181e+19,2.461863973342931e+19,99.76848611497108
2026/01/23/8:20,109917,109673,2.467576756157181e+19,2.461863973342931e+19,99.76848611497108
2026/01/23/8:30,109917,109673,2.467576756157181e+19,2.461863973342931e+19,99.76848611497108
2026/01/23/8:40,109917,109673,2.467576756157181e+19,2.461863973342931e+19,99.76848611497108
2026/01/23/8:50,109917,109673,2.467576756157181e+19,2.461863973342931e+19,99.76848611497108
2026/01/23/9:00,109917,109673,2.467576756157181e+19,2.461863973342931e+19,99.76848611497108
2026/01/23/9:10,109917,109673,2.467576756157181e+19,2.461863973342931e+19,99.76848611497108
2026/01/23/9:20,109917,109673,2.467576756157181e+19,2.461863973342931e+19,99.76848611497108
2026/01/23/9:30,109917,109673,2.467576756157181e+19,2.461863973342931e+19,99.76848611497108
2026/01/23/9:40,109917,109673,2.467576756157181e+19,2.461863973342931e+19,99.76848611497108
2026/01/23/9:50,109917,109673,2.467576756157181e+19,2.461863973342931e+19,99.76848611497108
2026/01/23/10:00,109917,109673,2.467576756157181e+19,2.461863973342931e+19,99.76848611497108
2026/01/23/10:10,109917,109673,2.467576756157181e+19,2.461863973342931e+19,99.76848611497108
2026/01/23/10:20,109917,109673,2.467576756157181e+19,2.461863973342931e+19,99.76848611497108
2026/01/23/10:30,109917,109673,2.467576756157181e+19,2.461863973342931e+19,99.76848611497108
2026/01/23/10:40,109917,109673,2.467576756157181e+19,2.461863973342931e+19,99.76848611497108
2026/01/23/10:50,109917,109673,2.467576756157181e+19,2.461863973342931e+19,99.76848611497108
2026/01/23/11:00,109917,109673,2.467576756157181e+19,2.461863973342931e+19,99.76848611497108
2026/01/23/11:10,109917,109673,2.467576756157181e+19,2.461863973342931e+19,99.76848611497108
2026/01/23/11:20,109917,109673,2.467576756157181e+19,2.461863973342931e+19,99.76848611497108
2026/01/23/11:30,109917,109673,2.467576756157181e+19,2.461863973342931e+19,99.76848611497108
2026/01/23/11:40,109917,109673,2.467576756157181e+19,2.461863973342931e+19,99.76848611497108
2026/01/23/11:50,109917,109673,2.467576756157181e+19,2.461863973342931e+19,99.76848611497108
2026/01/23/12:00,109917,109673,2.467576756157181e+19,2.461863973342931e+19,99.76848611497108
2026/01/23/12:10,109917,109673,2.467576756157181e+19,2.461863973342931e+19,99.76848611497108
2026/01/23/12:20,109917,109673,2.467576756157181e+19,2.461863973342931e+19,99.76848611497108
2026/01/23/12:30,109917,109673,2.467576756157181e+19,2.461863973342931e+19,99.76848611497108
2026/01/23/12:40,109917,109673,2.467576756157181e+19,2.461863973342931e+19,99.76848611497108
2026/01/23/12:50,109917,109673,2.467576756157181e+19,2.461863973342931e+19,99.76848611497108
2026/01/23/13:00,109917,109673,2.467576756157181e+19,2.461863973342931e+19,99.76848611497108
2026/01/23/13:10,109917,109673,2.467576756157181e+19,2.461863973342931e+19,99.76848611497108
2026/01/23/13:20,109917,109673,2.467576756157181e+19,2.461863973342931e+19,99.76848611497108
2026/01/23/13:30,109917,109673,2.467576756157181e+19,2.461863973342931e+19,99.76848611497108
2026/01/23/13:40,109917,109673,2.467576756157181e+19,2.461863973342931e+19,99.76848611497108
2026/01/23/13:50,109917,109673,2.467576756157181e+19,2.461863973342931e+19,99.76848611497108
2026/01/23/14:00,109917,109673,2.467576756157181e+19,2.461863973342931e+19,99.76848611497108
2026/01/23/14:10,109917,109673,2.467576756157181e+19,2.461863973342931e+19,99.76848611497108
2026/01/23/14:20,109917,109673,2.467576756157181e+19,2.461863973342931e+19,99.76848611497108
2026/01/23/14:30,109917,109673,2.467576756157181e+19,2.461863973342931e+19,99.76848611497108
2026/01/23/14:40,109917,109673,2.467576756157181e+19,2.461863973342931e+19,99.76848611497108
2026/01/23/14:50,109917,109673,2.467576756157181e+19,2.461863973342931e+19,99.76848611497108
2026/01/23/15:00,109917,109673,2.467576756157181e+19,2.461863973342931e+19,99.76848611497108
2026/01/23/15:10,109917,109673,2.467576756157181e+19,2.461863973342931e+19,99.76848611497108
2026/01/23/15:20,109917,109673,2.467576756157181e+19,2.461863973342931e+19,99.76848611497108
2026/01/23/15:30,109917,109673,2.467576756157181e+19,2.461863973342931e+19,99.76848611497108
2026/01/23/15:40,109917,109673,2.467576756157181e+19,2.461863973342931e+19,99.76848611497108
2026/01/23/15:50,109917,109673,2.467576756157181e+19,2.461863973342931e+19,99.76848611497108
2026/01/23/16:00,109917,109673,2.467576756157181e+19,2.461863973342931e+19,99.76848611497108
2026/01/23/16:10,109917,109673,2.467576756157181e+19,2.461863973342931e+19,99.76848611497108
2026/01/23/16:20,109917,109673,2.467576756157181e+19,2.461863973342931e+19,99.76848611497108
2026/01/23/16:30,109917,109673,2.467576756157181e+19,2.461863973342931e+19,99.76848611497108
2026/01/23/16:40,109917,109673,2.467576756157181e+19,2.461863973342931e+19,99.76848611497108
2026/01/23/16:50,109917,109673,2.467576756157181e+19,2.461863973342931e+19,99.76848611497108
2026/01/23/17:00,109917,109673,2.467576756157181e+19,2.461863973342931e+19,99.76848611497108
2026/01/23/17:10,109917,109673,2.467576756157181e+19,2.461863973342931e+19,99.76848611497108
2026/01/23/17:20,109917,109673,2.467576756157181e+19,2.461863973342931e+19,99.76848611497108
2026/01/23/17:30,109917,109673,2.467576756157181e+19,2.461863973342931e+19,99.76848611497108
2026/01/23/17:40,109917,109673,2.467576756157181e+19,2.461863973342931e+19,99.76848611497108
2026/01/23/17:50,109917,109673,2.467576756157181e+19,2.461863973342931e+19,99.76848611497108
2026/01/23/18:00,109917,109673,2.467576756157181e+19,2.461863973342931e+19,99.76848611497108
2026/01/23/18:10,109917,109673,2.467576756157181e+19,2.461863973342931e+19,99.76848611497108
2026/01/23/18:20,109917,109673,2.467576756157181e+19,2.461863973342931e+19,99.76848611497108
2026/01/23/18:30,109917,109673,2.467576756157181e+19,2.461863973342931e+19,99.76848611497108
2026/01/23/18:40,109917,109673,2.467576756157181e+19,2.461863973342931e+19,99.76848611497108
2026/01/23/18:50,109917,109673,2.467576756157181e+19,2.461863973342931e+19,99.76848611497108
2026/01/23/19:00,109917,109673,2.467576756157181e+19,2.461863973342931e+19,99.76848611497108
2026/01/23/19:10,109917,109673,2.467576756157181e+19,2.461863973342931e+19,99.76848611497108
2026/01/23/19:20,109917,109673,2.467576756157181e+19,2.461863973342931e+19,99.76848611497108
2026/01/23/19:30,109917,109673,2.467576756157181e+19,2.461863973342931e+19,99.76848611497108
2026/01/23/19:40,109917,109673,2.467576756157181e+19,2.461863973342931e+19,99.76848611497108
2026/01/23/19:50,109917,109673,2.467576756157181e+19,2.461863973342931e+19,99.76848611497108
2026/01/23/20:00,109917,109673,2.467576756157181e+19,2.461863973342931e+19,99.76848611497108
2026/01/23/20:10,109917,109673,2.467576756157181e+19,2.461863973342931e+19,99.76848611497108
2026/01/23/20:20,109917,109673,2.467576756157181e+19,2.461863973342931e+19,99.76848611497108
2026/01/23/20:30,109917,109673,2.467576756157181e+19,2.461863973342931e+19,99.76848611497108
2026/01/23/20:40,109917,109673,2.467576756157181e+19,2.461863973342931e+19,99.76848611497108
2026/01/23/20:50,109921,109677,2.46765728349693e+19,2.46194450068268e+19,99.76849366998994
2026/01/23/21:00,109974,109730,2.46887556529636e+19,2.46316278248211e+19,99.76860790820926
2026/01/23/21:10,109976,109732,2.468922424716453e+19,2.463209641902204e+19,99.76861229996298
2026/01/23/21:20,110069,109825,2.471097829789391e+19,2.465385046975141e+19,99.76881599969934
2026/01/23/21:30,110537,110293,2.482043221236947e+19,2.476330438422698e+19,99.76983548209918
2026/01/23/21:40,111006,110762,2.493010502797856e+19,2.487297719983607e+19,99.77084802459362
2026/01/23/21:50,111475,111231,2.503984541921342e+19,2.498271759107092e+19,99.77185231303919
2026/01/23/22:00,111944,111700,2.514958494333513e+19,2.509245711519263e+19,99.77284782921383
2026/01/23/22:10,112412,112168,2.525906353612462e+19,2.520193570798213e+19,99.77383235898355
2026/01/23/22:20,112881,112637,2.536879032264509e+19,2.53116624945026e+19,99.77481059437233
2026/01/23/22:30,113350,113106,2.547850092042301e+19,2.542137309228051e+19,99.77578026148035
2026/01/23/22:40,113819,113575,2.558819832375323e+19,2.553107049561074e+19,99.77674149848423
2026/01/23/22:50,114287,114043,2.569766507626505e+19,2.564053724812256e+19,99.77769253364866
2026/01/23/23:00,114756,114512,2.580739830245562e+19,2.575027047431313e+19,99.778637786448
2026/01/23/23:10,115225,114981,2.591710495414081e+19,2.585997712599831e+19,99.77957480882381
2026/01/23/23:20,115694,115450,2.602677671710419e+19,2.596964888896169e+19,99.78050363760582
2026/01/23/23:30,116162,115918,2.613624494823984e+19,2.607911712009734e+19,99.78142296930706
2026/01/23/23:40,116631,116387,2.624593523600812e+19,2.618880740786562e+19,99.78233647370996
2026/01/23/23:50,117100,116856,2.635568067191631e+19,2.629855284377381e+19,99.78324282778486
2026/01/24/0:00,117569,117325,2.646543283399109e+19,2.64083050058486e+19,99.78414171987724
2026/01/24/0:10,118037,117793,2.65749389748194e+19,2.65178111466769e+19,99.7850311972621
2026/01/24/0:20,118506,118262,2.668465177290598e+19,2.662752394476348e+19,99.78591503224898
2026/01/24/0:30,118975,118731,2.679439307787244e+19,2.673726524972994e+19,99.78679185613024
2026/01/24/0:40,119444,119200,2.690410724657588e+19,2.684697941843338e+19,99.78766131275451
2026/01/24/0:50,119912,119668,2.701358970430772e+19,2.695646187616522e+19,99.7885218929886
2026/01/24/1:00,120381,120137,2.712333270164167e+19,2.706620487349918e+19,99.78937754895054
2026/01/24/1:10,120850,120606,2.723303189807115e+19,2.717590406992866e+19,99.79022597132659
2026/01/24/1:20,121319,121075,2.734273128592828e+19,2.728560345778578e+19,99.79106758741436
2026/01/24/1:30,121787,121543,2.745217064101502e+19,2.739504281287252e+19,99.79190050619478
2026/01/24/1:40,122256,122012,2.756188987433433e+19,2.750476204619183e+19,99.79272891516887
2026/01/24/1:50,122725,122481,2.76715829149587e+19,2.761445508681621e+19,99.79355055936603
2026/01/24/2:00,123194,122950,2.778128931184137e+19,2.772416148369887e+19,99.79436581397917
2026/01/24/2:10,123661,123417,2.789045242219626e+19,2.783332459405376e+19,99.79517066529536
2026/01/24/2:20,123885,123641,2.794283462034745e+19,2.788570679220495e+19,99.79555464247389
2026/01/24/2:30,124354,124110,2.805248388060321e+19,2.799535605246071e+19,99.79635376180718
2026/01/24/2:40,124823,124579,2.816213165652072e+19,2.810500382837822e+19,99.79714664770673
2026/01/24/2:50,125291,125047,2.827150998309134e+19,2.821438215494884e+19,99.79793145758163
2026/01/24/3:00,125760,125516,2.838111435520059e+19,2.83239865270581e+19,99.79871182143336
2026/01/24/3:10,126229,125985,2.849073107192972e+19,2.843360324378723e+19,99.79948626801372
2026/01/24/3:20,126698,126454,2.860040519881826e+19,2.854327737067577e+19,99.80025517909496
2026/01/24/3:30,127166,126922,2.870979937567599e+19,2.865267154753349e+19,99.80101627533176
2026/01/24/3:40,127635,127391,2.881944204380314e+19,2.876231421566064e+19,99.80177330270423
2026/01/24/3:50,128039,127795,2.891387523483259e+19,2.88567474066901e+19,99.80242071435075
2026/01/24/4:00,128508,128264,2.902348747483771e+19,2.896635964669521e+19,99.80316690683011
2026/01/24/4:10,128976,128732,2.913286601412004e+19,2.907573818597754e+19,99.80390591123164
2026/01/24/4:20,129445,129201,2.924249966796542e+19,2.918537183982292e+19,99.80464109159219
2026/01/24/4:30,129914,129670,2.935212486199849e+19,2.929499703385599e+19,99.80537072388766
2026/01/24/4:40,130383,130139,2.94617554407083e+19,2.94046276125658e+19,99.80609496179727
2026/01/24/4:50,130851,130607,2.957113118087721e+19,2.951400335273471e+19,99.80681216490142
2026/01/24/5:00,131320,131076,2.968071792243504e+19,2.962359009429255e+19,99.80752545038906
2026/01/24/5:10,131789,131545,2.979034752915936e+19,2.973321970101686e+19,99.80823376401842
2026/01/24/5:20,132258,132014,2.989998215728642e+19,2.984285432914393e+19,99.80893691560757
2026/01/24/5:30,132726,132482,3.000938230631286e+19,2.995225447817036e+19,99.8096334421036
2026/01/24/5:40,133195,132951,3.011903846931561e+19,3.006191064117311e+19,99.81032652087916
2026/01/24/5:50,133664,133420,3.022869864591386e+19,3.017157081777136e+19,99.81101459638846
2026/01/24/6:00,134133,133889,3.033829869944625e+19,3.028117087130375e+19,99.8116973245321
2026/01/24/6:10,134601,134357,3.044763651964162e+19,3.039050869149913e+19,99.81237352165037
2026/01/24/6:20,135070,134826,3.055724602327614e+19,3.050011819513364e+19,99.81304654189393
2026/01/24/6:30,135539,135295,3.06667828774847e+19,3.06096550493422e+19,99.81371430980965
2026/01/24/6:40,136008,135764,3.077627352410199e+19,3.071914569595949e+19,99.81437704568826
2026/01/24/6:50,136476,136232,3.088556351662701e+19,3.082843568848452e+19,99.81503388108253
2026/01/24/7:00,136945,136701,3.099506969091646e+19,3.093794186277396e+19,99.81568736991987
2026/01/24/7:10,137414,137170,3.110460898327351e+19,3.104748115513101e+19,99.81633645298928
2026/01/24/7:20,137883,137639,3.121413571237812e+19,3.115700788423562e+19,99.81698090676319
2026/01/24/7:30,138351,138107,3.132339415827081e+19,3.126626633012831e+19,99.81761929165836
2026/01/24/7:40,138820,138576,3.143296753341859e+19,3.137583970527609e+19,99.81825505949521
2026/01/24/7:50,139289,139045,3.154252450268759e+19,3.148539667454509e+19,99.81888631603462
2026/01/24/8:00,139758,139514,3.165204877811279e+19,3.159492094997029e+19,99.81951301622534
2026/01/24/8:10,140226,139982,3.17613591000353e+19,3.17042312718928e+19,99.82013418266338
2026/01/24/8:20,140695,140451,3.187092585359221e+19,3.181379802544971e+19,99.82075253036284
2026/01/24/8:30,141164,140920,3.198051265635792e+19,3.192338482821542e+19,99.82136675307129
2026/01/24/8:40,141633,141389,3.2090092547089e+19,3.20329647189465e+19,99.82197674232735
2026/01/24/8:50,142101,141857,3.219942103655361e+19,3.214229320841111e+19,99.82258119461947
2026/01/24/9:00,142570,142326,3.230894749166126e+19,3.225181966351877e+19,99.82318263955445
2026/01/24/9:10,143039,142795,3.24185184607931e+19,3.23613906326506e+19,99.82378026247069
2026/01/24/9:20,143508,143264,3.252812513897354e+19,3.247099731083104e+19,99.8243740519983
2026/01/24/9:30,143923,143679,3.262509225307882e+19,3.256796442493632e+19,99.82489604106144
2026/01/24/9:40,144392,144148,3.273470014076205e+19,3.267757231261955e+19,99.82548235390321
2026/01/24/9:50,144861,144617,3.284431217801378e+19,3.278718434987128e+19,99.82606477543852
2026/01/24/10:00,145330,145086,3.295385865775688e+19,3.289673082961438e+19,99.82664297757722
2026/01/24/10:10,145798,145554,3.306324559694658e+19,3.300611776880408e+19,99.82721651455847
2026/01/24/10:20,146267,146023,3.31727984057471e+19,3.31156705776046e+19,99.8277871301548
2026/01/24/10:30,146736,146492,3.328237819458552e+19,3.322525036644302e+19,99.82835412839641
2026/01/24/10:40,147205,146961,3.339202856006509e+19,3.333490073192259e+19,99.82891776688638
2026/01/24/10:50,147597,147353,3.348361625487489e+19,3.342648842673239e+19,99.82938572791049
2026/01/24/11:00,148066,147822,3.359332867088019e+19,3.353620084273769e+19,99.82994293687835
2026/01/24/11:10,148535,148291,3.370300496464207e+19,3.364587713649958e+19,99.83049633644706
2026/01/24/11:20,149004,148760,3.381268986759179e+19,3.375556203944929e+19,99.83104618897164
2026/01/24/11:30,149472,149228,3.392215906395364e+19,3.386503123581114e+19,99.83159141481886
2026/01/24/11:40,149941,149697,3.40318211952682e+19,3.39746933671257e+19,99.83213408470058
2026/01/24/11:50,150410,150166,3.414151978600456e+19,3.408439195786206e+19,99.83267344716764
2026/01/24/12:00,150879,150635,3.425116848761149e+19,3.4194040659469e+19,99.83320911179085
2026/01/24/12:10,151347,151103,3.43606418474216e+19,3.430351401927911e+19,99.83374050928334
2026/01/24/12:20,151816,151572,3.447028236131693e+19,3.441315453317443e+19,99.83426933512268
2026/01/24/12:30,152285,152041,3.457991822422968e+19,3.452279039608718e+19,99.83479478530846
2026/01/24/12:40,152754,152510,3.468959310560628e+19,3.463246527746378e+19,99.83531709937161
2026/01/24/12:50,153222,152978,3.479900887919255e+19,3.474188105105005e+19,99.83583489880181
2026/01/24/13:00,153691,153447,3.490867759897225e+19,3.485154977082975e+19,99.83635063808839
2026/01/24/13:10,154160,153916,3.501832344429544e+19,3.496119561615294e+19,99.83686304047829
2026/01/24/13:20,154629,154385,3.512798933921446e+19,3.507086151107197e+19,99.83737233693952
2026/01/24/13:30,155097,154853,3.523744444211517e+19,3.518031661397267e+19,99.83787749353861
2026/01/24/13:40,155566,155322,3.534708443594384e+19,3.528995660780134e+19,99.83838036699738
2026/01/24/13:50,156035,155791,3.545676791066779e+19,3.539964008252529e+19,99.83888032804786
2026/01/24/14:00,156504,156260,3.556640425236901e+19,3.550927642422651e+19,99.83937699257666
2026/01/24/14:10,156972,156728,3.567586551709892e+19,3.561873768895642e+19,99.83986981867302
2026/01/24/14:20,157441,157197,3.578555414320042e+19,3.572842631505792e+19,99.84036064409149
2026/01/24/14:30,157910,157666,3.589521064014386e+19,3.583808281200136e+19,99.84084832732918
2026/01/24/14:40,158379,158135,3.600490167199043e+19,3.594777384384793e+19,99.84133319217771
2026/01/24/14:50,158847,158603,3.611435588642951e+19,3.605722805828701e+19,99.84181407437488
2026/01/24/15:00,159316,159072,3.622402809692599e+19,3.616690026878349e+19,99.84229299958128
2026/01/24/15:10,159785,159541,3.63337020760386e+19,3.62765742478961e+19,99.84276904119778
2026/01/24/15:20,160254,160010,3.644336432110041e+19,3.638623649295791e+19,99.84324216710854
2026/01/24/15:30,160722,160478,3.65527665991145e+19,3.6495638770972e+19,99.84371134264873
2026/01/24/15:40,161190,160946,3.666222244672557e+19,3.660509461858307e+19,99.84417794577098
2026/01/24/15:50,161250,161006,3.667625792179841e+19,3.661913009365591e+19,99.84423757662435
2026/01/24/16:00,161542,161298,3.674451254999328e+19,3.668738472185079e+19,99.84452691251579
2026/01/24/16:10,162010,161766,3.685392159746454e+19,3.679679376932204e+19,99.84498846888948
2026/01/24/16:20,162479,162235,3.696357691382564e+19,3.690644908568311e+19,99.84544832261308
2026/01/24/16:30,162948,162704,3.707324073473429e+19,3.701611290659176e+19,99.84590549137238
2026/01/24/16:40,163417,163173,3.718292117698118e+19,3.712579334883865e+19,99.84636003214861
2026/01/24/16:50,163885,163641,3.729234311375101e+19,3.723521528560849e+19,99.84681083736608
2026/01/24/17:00,163959,163715,3.730965183421136e+19,3.725252400606884e+19,99.84688190499237
2026/01/24/17:10,164284,164040,3.73856617795725e+19,3.732853395142998e+19,99.84719321412751
2026/01/24/17:20,164753,164509,3.749535171921074e+19,3.743822389106822e+19,99.84764023932797
2026/01/24/17:30,165221,164977,3.76047549232754e+19,3.754762709513287e+19,99.84808349832601
2026/01/24/17:40,165690,165446,3.771438118614299e+19,3.765725335800046e+19,99.84852508155825
2026/01/24/17:50,166159,165915,3.782398114508385e+19,3.776685331694133e+19,99.84896400005225
2026/01/24/18:00,166628,166384,3.793366237224848e+19,3.787653454410596e+19,99.84940070488865
2026/01/24/18:10,167095,166851,3.804282142508532e+19,3.798569359694279e+19,99.84983283047232
2026/01/24/18:20,167564,167320,3.815244956692357e+19,3.809532173878105e+19,99.85026432433305
2026/01/24/18:30,168033,167789,3.826211808419502e+19,3.820499025605249e+19,99.85069350312283
2026/01/24/18:40,168502,168258,3.837179841304281e+19,3.831467058490029e+19,99.85112027451102
2026/01/24/18:50,168970,168726,3.84811858808902e+19,3.842405805274767e+19,99.85154348330286
2026/01/24/19:00,169439,169195,3.859083918008886e+19,3.853371135194634e+19,99.85196531260715
2026/01/24/19:10,169908,169664,3.870043720811288e+19,3.864330937997036e+19,99.85238454068279
2026/01/24/19:20,170377,170133,3.881009310053703e+19,3.875296527239451e+19,99.85280162045854
2026/01/24/19:30,170845,170601,3.891954607403735e+19,3.886241824589483e+19,99.85321558469916
2026/01/24/19:40,171314,171070,3.902917628930558e+19,3.897204846116306e+19,99.8536278918134
2026/01/24/19:50,171543,171299,3.908269059728115e+19,3.902556276913863e+19,99.85382831307295
2026/01/24/20:00,171824,171580,3.914825770437269e+19,3.909112987623017e+19,99.85407312740729
2026/01/24/20:10,172292,172048,3.925751482796989e+19,3.920038699982737e+19,99.85447925475451
2026/01/24/20:20,172761,172517,3.936704206660241e+19,3.930991423845989e+19,99.85488412351157
2026/01/24/20:30,173230,172986,3.947656569701699e+19,3.941943786887447e+19,99.85528673243519
2026/01/24/20:40,173699,173455,3.958610075646226e+19,3.952897292831974e+19,99.85568715521143
2026/01/24/20:50,174167,173923,3.96953967597125e+19,3.963826893156998e+19,99.85608450146415
2026/01/24/21:00,174636,174392,3.980495049618889e+19,3.974782266804637e+19,99.85648059492502
2026/01/24/21:10,175105,174861,3.991452793339532e+19,3.98574001052528e+19,99.85687459904862
2026/01/24/21:20,175574,175330,4.002411157592778e+19,3.996698374778525e+19,99.8572664679036
2026/01/24/21:30,176042,175798,4.013340287297294e+19,4.007627504483042e+19,99.85765515990921
2026/01/24/21:40,176511,176267,4.024301610864694e+19,4.018588828050442e+19,99.85804287633837
2026/01/24/21:50,176980,176736,4.035257891425364e+19,4.029545108611111e+19,99.85842830946712
2026/01/24/22:00,177449,177205,4.046217484698333e+19,4.040504701884081e+19,99.85881177084879
2026/01/24/22:10,177917,177673,4.057150230378347e+19,4.051437447564095e+19,99.85919222878469
2026/01/24/22:20,178386,178142,4.068106194208798e+19,4.062393411394546e+19,99.85957144328276
2026/01/24/22:30,178855,178611,4.079062855977505e+19,4.073350073163253e+19,99.85994864467752
2026/01/24/22:40,179324,179080,4.090016168198286e+19,4.084303385384033e+19,99.86032371073074
2026/01/24/22:50,179792,179548,4.100951697137048e+19,4.095238914322796e+19,99.86069616917848
2026/01/24/23:00,180261,180017,4.111908914596762e+19,4.10619613178251e+19,99.86106737933876
2026/01/24/23:10,180730,180486,4.122867104025222e+19,4.11715432121097e+19,99.86143664905728
2026/01/24/23:20,181199,180955,4.133828333336438e+19,4.128115550522185e+19,99.86180406263651
2026/01/24/23:30,181667,181423,4.144764893839354e+19,4.139052111025102e+19,99.86216871256694
2026/01/24/23:40,182136,181892,4.155722290989525e+19,4.150009508175273e+19,99.86253213246134
2026/01/24/23:50,182605,182361,4.166679991712475e+19,4.160967208898222e+19,99.86289365092556
2026/01/25/0:00,183074,182830,4.177639049102813e+19,4.171926266288561e+19,99.86325331731378
2026/01/25/0:10,183542,183298,4.188574300188994e+19,4.182861517374742e+19,99.86361032645416
2026/01/25/0:20,184011,183767,4.19953219722848e+19,4.193819414414228e+19,99.86396620990256
2026/01/25/0:30,184480,184236,4.210486656312454e+19,4.204773873498202e+19,99.86432013017574
2026/01/25/0:40,184949,184705,4.221441218553228e+19,4.215728435738976e+19,99.86467221693994
2026/01/25/0:50,185417,185173,4.232371896196697e+19,4.226659113382445e+19,99.86502171939603
2026/01/25/1:00,185840,185596,4.242252100714706e+19,4.236539317900453e+19,99.86533608379168
2026/01/25/1:10,185893,185649,4.243488635681021e+19,4.237775852866769e+19,99.86537532429763
2026/01/25/1:20,186206,185962,4.250799118179737e+19,4.245086335365485e+19,99.86560685049029
2026/01/25/1:30,186674,186430,4.26173449336883e+19,4.256021710554577e+19,99.86595169588483
2026/01/25/1:40,187143,186899,4.272692457695659e+19,4.266979674881407e+19,99.8662954829814
2026/01/25/1:50,187612,187368,4.283653380820656e+19,4.277940598006404e+19,99.86663760331706
2026/01/25/2:00,188081,187837,4.29461302372549e+19,4.288900240911238e+19,99.86697793764672
2026/01/25/2:10,188549,188305,4.305549446124456e+19,4.299836663310203e+19,99.86731582378192
2026/01/25/2:20,189018,188774,4.316509556449446e+19,4.310796773635194e+19,99.86765272404607
2026/01/25/2:30,189487,189243,4.327470116318546e+19,4.321757333504294e+19,99.86798793150045
2026/01/25/2:40,189956,189712,4.338429375387723e+19,4.33271659257347e+19,99.86832140574509
2026/01/25/2:50,190424,190180,4.34936552014178e+19,4.343652737327528e+19,99.86865250143276
2026/01/25/3:00,190893,190649,4.360327222488262e+19,4.35461443967401e+19,99.86898270421567
2026/01/25/3:10,191362,191118,4.371287980757158e+19,4.365575197942906e+19,99.8693112227014
2026/01/25/3:20,191831,191587,4.382248520834653e+19,4.376535738020401e+19,99.86963809133388
2026/01/25/3:30,192299,192055,4.393184295065259e+19,4.387471512251007e+19,99.86996259590863
2026/01/25/3:40,192768,192524,4.404146299817129e+19,4.398433517002877e+19,99.87028626150568
2026/01/25/3:50,193237,192993,4.415106973865599e+19,4.409394191051347e+19,99.87060828088498
2026/01/25/4:00,193706,193462,4.426062760553243e+19,4.42034997773899e+19,99.87092856284899
2026/01/25/4:10,194174,193930,4.436998483117728e+19,4.431285700303476e+19,99.87124668092656
2026/01/25/4:20,194643,194399,4.447954210004858e+19,4.442241427190606e+19,99.87156381238363
2026/01/25/4:30,195112,194868,4.458913978187756e+19,4.453201195373504e+19,99.87187950155132
2026/01/25/4:40,195581,195337,4.46987606260913e+19,4.464163279794878e+19,99.87219370885828
2026/01/25/4:50,196049,195805,4.480807492999283e+19,4.47509471018503e+19,99.87250550658162
2026/01/25/5:00,196518,196274,4.491763017338166e+19,4.486050234523913e+19,99.87281646889649
2026/01/25/5:10,196987,196743,4.502718097426853e+19,4.497005314612601e+19,99.87312590549435
2026/01/25/5:20,197379,197135,4.511875357585932e+19,4.50616257477168e+19,99.87338340797365
2026/01/25/5:30,197569,197325,4.516312171337254e+19,4.510599388523001e+19,99.87350779579613
2026/01/25/5:40,198038,197794,4.527261939832277e+19,4.521549157018024e+19,99.87381373355075
2026/01/25/5:50,198476,198232,4.537487754155241e+19,4.531774971340989e+19,99.87409811058949
2026/01/25/6:00,198872,198628,4.546736171010954e+19,4.541023388196702e+19,99.87435420487611
2026/01/25/6:10,199340,199096,4.557671492267482e+19,4.55195870945323e+19,99.8746556695904
2026/01/25/6:20,199809,199565,4.568632349994912e+19,4.56291956718066e+19,99.87495639008338
2026/01/25/6:30,200278,200034,4.579587164602855e+19,4.573874381788603e+19,99.87525550646991
2026/01/25/6:40,200747,200503,4.590542609476033e+19,4.584829826661781e+19,99.87555321232702
2026/01/25/6:50,201215,200971,4.601477628432958e+19,4.595764845618706e+19,99.87584894949934
2026/01/25/7:00,201684,201440,4.612435327413196e+19,4.606722544598944e+19,99.8761438934374
2026/01/25/7:10,202152,201908,4.623366053339263e+19,4.617653270525011e+19,99.87643671843534
2026/01/25/7:20,202621,202377,4.634319204587962e+19,4.62860642177371e+19,99.87672875859313
2026/01/25/7:30,202971,202727,4.642496520946285e+19,4.636783738132033e+19,99.8769458891681
2026/01/25/7:40,203291,203047,4.649975106750805e+19,4.644262323936553e+19,99.87714379791069
2026/01/25/7:50,203760,203516,4.660937274254872e+19,4.65522449144062e+19,99.87743274628887
2026/01/25/8:00,204229,203985,4.671896449215832e+19,4.66618366640158e+19,99.87772026036212
2026/01/25/8:10,204697,204453,4.682832271065993e+19,4.677119488251741e+19,99.87800582033334
2026/01/25/8:20,205166,204922,4.693790392415098e+19,4.688077609600845e+19,99.87829062790099
2026/01/25/8:30,205635,205391,4.704748319429024e+19,4.699035536614772e+19,99.87857410372708
2026/01/25/8:40,206103,205859,4.715682580427913e+19,4.709969797613661e+19,99.8788556541536
2026/01/25/8:50,206571,206327,4.726616840147164e+19,4.720904057332911e+19,99.87913590190496
2026/01/25/9:00,207001,206757,4.736666469718299e+19,4.730953686904046e+19,99.87939233528951
2026/01/25/9:10,207470,207226,4.747628969429329e+19,4.741916186615076e+19,99.87967082408845
2026/01/25/9:20,207939,207695,4.758585712792145e+19,4.752872929977893e+19,99.87994788453857
2026/01/25/9:30,208407,208163,4.769524690052422e+19,4.76381190723817e+19,99.88022322588733
2026/01/25/9:40,208876,208632,4.780485741676456e+19,4.774772958862203e+19,99.88049785894249
2026/01/25/9:50,209345,209101,4.791446702662591e+19,4.785733919848339e+19,99.88077123322529
2026/01/25/10:00,209814,209570,4.802402366386334e+19,4.796689583572082e+19,99.88104322840088
2026/01/25/10:10,210282,210038,4.813338328837799e+19,4.807625546023547e+19,99.88131349961365
2026/01/25/10:20,210751,210507,4.824301487092208e+19,4.818588704277955e+19,99.88158321304054
2026/01/25/10:30,211220,210976,4.835265052369025e+19,4.829552269554772e+19,99.88185171335223
2026/01/25/10:40,211689,211445,4.846227965994625e+19,4.840515183180373e+19,99.88211898296288
2026/01/25/10:50,212157,211913,4.857167328064473e+19,4.85145454525022e+19,99.88238447579839
2026/01/25/11:00,212626,212382,4.868130149003733e+19,4.86241736618948e+19,99.88264934092977
2026/01/25/11:10,213095,212851,4.879090935917119e+19,4.873378153102867e+19,99.8829129669997
2026/01/25/11:20,213564,213320,4.890050208008282e+19,4.88433742519403e+19,99.88317537507291
2026/01/25/11:30,214032,213788,4.90098446879431e+19,4.895271685980058e+19,99.88343601473078
2026/01/25/11:40,214501,214257,4.911950306883643e+19,4.906237524069391e+19,99.8836962416691
2026/01/25/11:50,214970,214726,4.922911075803605e+19,4.917198292989353e+19,99.88395518979956
2026/01/25/12:00,215102,214858,4.925995905596331e+19,4.920283122782079e+19,99.88402786109177
2026/01/25/12:10,215102,214858,4.925995905596331e+19,4.920283122782079e+19,99.88402786109177
2026/01/25/12:20,215102,214858,4.925995905596331e+19,4.920283122782079e+19,99.88402786109177
2026/01/25/12:30,215491,215247,4.935091039783472e+19,4.92937825696922e+19,99.88424159213682
2026/01/25/12:40,215960,215716,4.946051051877953e+19,4.9403382690637e+19,99.88449810254014
2026/01/25/12:50,216428,216184,4.956990749787234e+19,4.951277966972982e+19,99.88475300635778
2026/01/25/13:00,216897,216653,4.967956777417037e+19,4.962243994602785e+19,99.88500739700029
2026/01/25/13:10,217366,217122,4.978920196790881e+19,4.973207413976628e+19,99.88526060694979
2026/01/25/13:20,217778,217534,4.988549165846616e+19,4.982836383032364e+19,99.88548207856978
2026/01/25/13:30,218246,218002,4.999488291612951e+19,4.993775508798699e+19,99.88573264940263
2026/01/25/13:40,218715,218471,5.010455709394506e+19,5.004742926580253e+19,99.88598276991969
2026/01/25/13:50,219184,218940,5.021418847739915e+19,5.015706064925662e+19,99.88623170089021
2026/01/25/14:00,219653,219409,5.032388414207871e+19,5.026675631393619e+19,99.88647969226454
2026/01/25/14:10,219789,219545,5.035568093701729e+19,5.029855310887477e+19,99.88655137398703
2026/01/25/14:20,219789,219545,5.035568093701729e+19,5.029855310887477e+19,99.88655137398703
2026/01/25/14:30,219789,219545,5.035568093701729e+19,5.029855310887477e+19,99.88655137398703
2026/01/25/14:40,219789,219545,5.035568093701729e+19,5.029855310887477e+19,99.88655137398703
2026/01/25/14:50,219789,219545,5.035568093701729e+19,5.029855310887477e+19,99.88655137398703
2026/01/25/15:00,219789,219545,5.035568093701729e+19,5.029855310887477e+19,99.88655137398703
2026/01/25/15:10,219789,219545,5.035568093701729e+19,5.029855310887477e+19,99.88655137398703
2026/01/25/15:20,219789,219545,5.035568093701729e+19,5.029855310887477e+19,99.88655137398703
2026/01/25/15:30,219789,219545,5.035568093701729e+19,5.029855310887477e+19,99.88655137398703
2026/01/25/15:40,219789,219545,5.035568093701729e+19,5.029855310887477e+19,99.88655137398703
2026/01/25/15:50,219789,219545,5.035568093701729e+19,5.029855310887477e+19,99.88655137398703
2026/01/25/16:00,220060,219816,5.041898612472655e+19,5.036185829658403e+19,99.8866938180764
2026/01/25/16:10,220527,220283,5.05281248883347e+19,5.047099706019217e+19,99.88693855497553
2026/01/25/16:20,220996,220752,5.063767001679721e+19,5.058054218865469e+19,99.88718314226628
2026/01/25/16:30,221465,221221,5.074727096371884e+19,5.069014313557632e+19,99.88742679742647
2026/01/25/16:40,221934,221690,5.085687781420985e+19,5.079974998606732e+19,99.88766941543045
2026/01/25/16:50,222402,222158,5.09662723153208e+19,5.090914448717828e+19,99.88791052288643
2026/01/25/17:00,222871,222627,5.107585071985609e+19,5.101872289171357e+19,99.88815100025282
2026/01/25/17:10,223339,223095,5.118526230714916e+19,5.112813447900664e+19,99.88839008424004
2026/01/25/17:20,223808,223564,5.129486275806156e+19,5.123773492991904e+19,99.88862855835686
2026/01/25/17:30,224276,224032,5.140422560387528e+19,5.134709777573276e+19,99.88886550186992
2026/01/25/17:40,224745,224501,5.15138177500266e+19,5.145668992188408e+19,99.88910193296149
2026/01/25/17:50,225214,224970,5.162341841175446e+19,5.156629058361193e+19,99.88933737846094
2026/01/25/18:00,225683,225439,5.173307143458262e+19,5.16759436064401e+19,99.88957193810779
2026/01/25/18:10,226151,225907,5.184247390865527e+19,5.178534608051275e+19,99.8898049729587
2026/01/25/18:20,226620,226376,5.195206265477283e+19,5.189493482663031e+19,99.89003742060802
2026/01/25/18:30,227089,226845,5.206165451197673e+19,5.200452668383421e+19,99.89026889621924
2026/01/25/18:40,227558,227314,5.217123554536585e+19,5.211410771722333e+19,99.89049937662901
2026/01/25/18:50,228026,227782,5.228058494595386e+19,5.222345711781134e+19,99.8907284067277
2026/01/25/19:00,228495,228251,5.239019419628221e+19,5.233306636813969e+19,99.89095702159742
2026/01/25/19:10,228964,228720,5.249977031694633e+19,5.24426424888038e+19,99.89118461319424
2026/01/25/19:20,229433,229189,5.260937776380434e+19,5.255224993566182e+19,99.89141132138265
2026/01/25/19:30,229901,229657,5.271872726020941e+19,5.266159943206688e+19,99.89163655666316
2026/01/25/19:40,230370,230126,5.282827060987817e+19,5.277114278173565e+19,99.89186125632543
2026/01/25/19:50,230839,230595,5.293783578929099e+19,5.288070796114847e+19,99.89208507055349
2026/01/25/20:00,231035,230791,5.298364060579069e+19,5.292651277764817e+19,99.89217836394528
2026/01/25/20:10,231319,231075,5.304998572915952e+19,5.2992857901017e+19,99.89231320733208
2026/01/25/20:20,231788,231544,5.315957600367992e+19,5.31024481755374e+19,99.89253520731887
2026/01/25/20:30,232257,232013,5.326917229327254e+19,5.321204446513002e+19,99.89275630597749
2026/01/25/20:40,232726,232482,5.337875479184429e+19,5.332162696370177e+19,99.89297646907409
2026/01/25/20:50,233194,232950,5.348810763625971e+19,5.343097980811719e+19,99.89319527149658
2026/01/25/21:00,233663,233419,5.359768252540148e+19,5.354055469725896e+19,99.89341362265907
2026/01/25/21:10,234132,233888,5.370729662634394e+19,5.365016879820141e+19,99.89363116051069
2026/01/25/21:20,234601,234357,5.381688009010316e+19,5.375975226196064e+19,99.89384775177068
2026/01/25/21:30,235069,234825,5.392621521763121e+19,5.386908738948869e+19,99.89406297491495
2026/01/25/21:40,235538,235294,5.403575690848385e+19,5.397862908034133e+19,99.89427773124511
2026/01/25/21:50,236007,235763,5.41452848230596e+19,5.408815699491708e+19,99.89449159178088
2026/01/25/22:00,236476,236232,5.4254834354255e+19,5.419770652611248e+19,99.89470463079934
2026/01/25/22:10,236944,236700,5.436414506277365e+19,5.430701723463112e+19,99.89491634959667
2026/01/25/22:20,237413,237169,5.447371476138826e+19,5.441658693324574e+19,99.89512771729859
2026/01/25/22:30,237882,237638,5.458325991112191e+19,5.452613208297939e+19,99.8953381893358
2026/01/25/22:40,238351,238107,5.469281214910933e+19,5.46356843209668e+19,99.8955478317941
2026/01/25/22:50,238819,238575,5.480214804300593e+19,5.474502021486341e+19,99.89575622455949
2026/01/25/23:00,239288,239044,5.491172211572945e+19,5.485459428758693e+19,99.8959642387064
2026/01/25/23:10,239757,239513,5.502133837935292e+19,5.49642105512104e+19,99.89617150395608
2026/01/25/23:20,240226,239982,5.51309457723299e+19,5.507381794418738e+19,99.89637792832643
2026/01/25/23:30,240694,240450,5.52402714116896e+19,5.518314358354708e+19,99.8965830060523
2026/01/25/23:40,241163,240919,5.534982784349064e+19,5.529270001534811e+19,99.89678770401227
2026/01/25/23:50,241632,241388,5.545936194768101e+19,5.540223411953849e+19,99.89699155176646
2026/01/26/0:00,242101,241857,5.556897386384584e+19,5.551184603570332e+19,99.8971947398516
2026/01/26/0:10,242569,242325,5.567832322898618e+19,5.562119540084366e+19,99.89739664409868
2026/01/26/0:20,243038,242794,5.578791779026039e+19,5.573078996211787e+19,99.89759820691408
2026/01/26/0:30,243507,243263,5.589745643038305e+19,5.584032860224053e+19,99.89779887710334
2026/01/26/0:40,243976,243732,5.60070710170281e+19,5.594994318888558e+19,99.89799890066531
2026/01/26/0:50,244444,244200,5.611639381658943e+19,5.605926598844691e+19,99.89819761346526
2026/01/26/1:00,244913,244669,5.622595079696488e+19,5.616882296882236e+19,99.89839597671045
2026/01/26/1:10,245382,245138,5.633554188216332e+19,5.62784140540208e+19,99.89859362982251
2026/01/26/1:20,245851,245607,5.644517893925445e+19,5.638805111111193e+19,99.89879059785778
2026/01/26/1:30,246319,246075,5.655457009299997e+19,5.649744226485744e+19,99.89898636299669
2026/01/26/1:40,246788,246544,5.666415194048548e+19,5.660702411234296e+19,99.89918171156515
2026/01/26/1:50,247257,247013,5.677372128400438e+19,5.671659345586186e+19,99.89937628386777
2026/01/26/2:00,247726,247482,5.688331172428259e+19,5.682618389614006e+19,99.89957014384214
2026/01/26/2:10,248194,247950,5.699266669967213e+19,5.69355388715296e+19,99.89976284415052
2026/01/26/2:20,248663,248419,5.71022139929441e+19,5.704508616480158e+19,99.89995514333371
2026/01/26/2:30,249132,248888,5.721180378681845e+19,5.715467595867593e+19,99.90014678027738
2026/01/26/2:40,249601,249357,5.732135169883768e+19,5.726422387069516e+19,99.90033761164135
2026/01/26/2:50,250069,249825,5.74306874197527e+19,5.737355959161018e+19,99.9005273474702
2026/01/26/3:00,250538,250294,5.754028443119786e+19,5.748315660305534e+19,99.90071681308626
2026/01/26/3:10,251007,250763,5.76498645314932e+19,5.759273670335068e+19,99.9009055292553
2026/01/26/3:20,251476,251232,5.775944243907767e+19,5.770231461093514e+19,99.90109352561224
2026/01/26/3:30,251944,251700,5.786880540374681e+19,5.781167757560429e+19,99.90128044333395
2026/01/26/3:40,252413,252169,5.79784033505817e+19,5.792127552243918e+19,99.90146705524627
2026/01/26/3:50,252882,252638,5.808797885471719e+19,5.803085102657466e+19,99.90165292497885
2026/01/26/4:00,253351,253107,5.819759066612557e+19,5.814046283798305e+19,99.90183815603251
2026/01/26/4:10,253819,253575,5.830692016646745e+19,5.824979233832493e+19,99.90202221626623
2026/01/26/4:20,254243,253999,5.840597837953999e+19,5.834885055139747e+19,99.90218838939519
2026/01/26/4:30,254712,254468,5.851555114081634e+19,5.845842331267382e+19,99.90237154563401
2026/01/26/4:40,255181,254937,5.862509050351399e+19,5.856796267537147e+19,99.90255396170502
2026/01/26/4:50,255649,255405,5.873446171925676e+19,5.867733389111424e+19,99.9027354189171
2026/01/26/5:00,256118,255874,5.884410649653229e+19,5.878697866838977e+19,99.90291665292617
2026/01/26/5:10,256541,256297,5.894290939912511e+19,5.888578157098259e+19,99.90307938864082
2026/01/26/5:20,257010,256766,5.905247570325274e+19,5.899534787511022e+19,99.90325921570232
2026/01/26/5:30,257478,257234,5.916182159094984e+19,5.910469376280732e+19,99.9034380169402
2026/01/26/5:40,257947,257703,5.927137371325515e+19,5.921424588511263e+19,99.90361649382568
2026/01/26/5:50,258416,258172,5.938096620402789e+19,5.932383837588537e+19,99.90379437756833
2026/01/26/6:00,258885,258641,5.949055691150495e+19,5.943342908336243e+19,99.90397160304366
2026/01/26/6:10,259353,259109,5.959994182844983e+19,5.954281400030731e+19,99.90414784580335
2026/01/26/6:20,259822,259578,5.970948448187143e+19,5.965235665372891e+19,99.90432369557659
2026/01/26/6:30,260291,260047,5.981905021072273e+19,5.976192238258021e+19,99.90449893814549
2026/01/26/6:40,260760,260516,5.992862210658877e+19,5.987149427844624e+19,99.90467354974236
2026/01/26/6:50,261228,260984,6.003796376759159e+19,5.998083593944907e+19,99.90484715910142
2026/01/26/7:00,261697,261453,6.014752314007737e+19,6.009039531193485e+19,99.90502048104378
2026/01/26/7:10,262166,261922,6.025706038602898e+19,6.019993255788646e+19,99.90519313790527
2026/01/26/7:20,262635,262391,6.036663770898511e+19,6.030950988084259e+19,99.90536523101066
2026/01/26/7:30,263103,262859,6.047592772795403e+19,6.041879989981151e+19,99.90553625171405
2026/01/26/7:40,263572,263328,6.0585504600952e+19,6.052837677280947e+19,99.90570710185746
2026/01/26/7:50,264041,263797,6.069504796368786e+19,6.063792013554534e+19,99.90587728314063
2026/01/26/8:00,264510,264266,6.080461228508159e+19,6.074748445693907e+19,99.90604688362343
2026/01/26/8:10,264978,264734,6.091393383408116e+19,6.085680600593863e+19,99.90621550022016
2026/01/26/8:20,265447,265203,6.102352262121896e+19,6.096639479307643e+19,99.90638392264385
2026/01/26/8:30,265916,265672,6.113313036867244e+19,6.107600254052992e+19,99.90655177021362
2026/01/26/8:40,266385,266141,6.124271841868477e+19,6.118559059054225e+19,99.90671898697904
2026/01/26/8:50,266853,266609,6.135200707072611e+19,6.129487924258359e+19,99.90688515197772
2026/01/26/9:00,267322,267078,6.146158454456705e+19,6.140445671642453e+19,99.9070511628266
2026/01/26/9:10,267582,267338,6.152235676811887e+19,6.146522893997635e+19,99.90714297835201
2026/01/26/9:20,267582,267338,6.152235676811887e+19,6.146522893997635e+19,99.90714297835201
2026/01/26/9:30,267582,267338,6.152235676811887e+19,6.146522893997635e+19,99.90714297835201
2026/01/26/9:40,267582,267338,6.152235676811887e+19,6.146522893997635e+19,99.90714297835201
2026/01/26/9:50,267582,267338,6.152235676811887e+19,6.146522893997635e+19,99.90714297835201
2026/01/26/10:00,267582,267338,6.152235676811887e+19,6.146522893997635e+19,99.90714297835201
2026/01/26/10:10,267582,267338,6.152235676811887e+19,6.146522893997635e+19,99.90714297835201
2026/01/26/10:20,267582,267338,6.152235676811887e+19,6.146522893997635e+19,99.90714297835201
2026/01/26/10:30,267582,267338,6.152235676811887e+19,6.146522893997635e+19,99.90714297835201
2026/01/26/10:40,267582,267338,6.152235676811887e+19,6.146522893997635e+19,99.90714297835201
2026/01/26/10:50,267582,267338,6.152235676811887e+19,6.146522893997635e+19,99.90714297835201
2026/01/26/11:00,267582,267338,6.152235676811887e+19,6.146522893997635e+19,99.90714297835201
2026/01/26/11:10,267582,267338,6.152235676811887e+19,6.146522893997635e+19,99.90714297835201
2026/01/26/11:20,267582,267338,6.152235676811887e+19,6.146522893997635e+19,99.90714297835201
2026/01/26/11:30,267582,267338,6.152235676811887e+19,6.146522893997635e+19,99.90714297835201
2026/01/26/11:40,267582,267338,6.152235676811887e+19,6.146522893997635e+19,99.90714297835201
2026/01/26/11:50,267582,267338,6.152235676811887e+19,6.146522893997635e+19,99.90714297835201
2026/01/26/12:00,267582,267338,6.152235676811887e+19,6.146522893997635e+19,99.90714297835201
2026/01/26/12:10,267582,267338,6.152235676811887e+19,6.146522893997635e+19,99.90714297835201
2026/01/26/12:20,267582,267338,6.152235676811887e+19,6.146522893997635e+19,99.90714297835201
2026/01/26/12:30,267582,267338,6.152235676811887e+19,6.146522893997635e+19,99.90714297835201
2026/01/26/12:40,267582,267338,6.152235676811887e+19,6.146522893997635e+19,99.90714297835201
2026/01/26/12:50,267582,267338,6.152235676811887e+19,6.146522893997635e+19,99.90714297835201
2026/01/26/13:00,267582,267338,6.152235676811887e+19,6.146522893997635e+19,99.90714297835201
2026/01/26/13:10,267582,267338,6.152235676811887e+19,6.146522893997635e+19,99.90714297835201
2026/01/26/13:20,267582,267338,6.152235676811887e+19,6.146522893997635e+19,99.90714297835201
2026/01/26/13:30,267582,267338,6.152235676811887e+19,6.146522893997635e+19,99.90714297835201
2026/01/26/13:40,267582,267338,6.152235676811887e+19,6.146522893997635e+19,99.90714297835201
2026/01/26/13:50,267582,267338,6.152235676811887e+19,6.146522893997635e+19,99.90714297835201
2026/01/26/14:00,267582,267338,6.152235676811887e+19,6.146522893997635e+19,99.90714297835201
2026/01/26/14:10,267582,267338,6.152235676811887e+19,6.146522893997635e+19,99.90714297835201
2026/01/26/14:20,267582,267338,6.152235676811887e+19,6.146522893997635e+19,99.90714297835201
2026/01/26/14:30,267582,267338,6.152235676811887e+19,6.146522893997635e+19,99.90714297835201
2026/01/26/14:40,267582,267338,6.152235676811887e+19,6.146522893997635e+19,99.90714297835201
2026/01/26/14:50,267582,267338,6.152235676811887e+19,6.146522893997635e+19,99.90714297835201
2026/01/26/15:00,267582,267338,6.152235676811887e+19,6.146522893997635e+19,99.90714297835201
2026/01/26/15:10,267582,267338,6.152235676811887e+19,6.146522893997635e+19,99.90714297835201
2026/01/26/15:20,267582,267338,6.152235676811887e+19,6.146522893997635e+19,99.90714297835201
2026/01/26/15:30,267582,267338,6.152235676811887e+19,6.146522893997635e+19,99.90714297835201
2026/01/26/15:40,267582,267338,6.152235676811887e+19,6.146522893997635e+19,99.90714297835201
2026/01/26/15:50,267582,267338,6.152235676811887e+19,6.146522893997635e+19,99.90714297835201
2026/01/26/16:00,267582,267338,6.152235676811887e+19,6.146522893997635e+19,99.90714297835201
2026/01/26/16:10,267582,267338,6.152235676811887e+19,6.146522893997635e+19,99.90714297835201
2026/01/26/16:20,267582,267338,6.152235676811887e+19,6.146522893997635e+19,99.90714297835201
2026/01/26/16:30,267582,267338,6.152235676811887e+19,6.146522893997635e+19,99.90714297835201
2026/01/26/16:40,267582,267338,6.152235676811887e+19,6.146522893997635e+19,99.90714297835201
2026/01/26/16:50,267582,267338,6.152235676811887e+19,6.146522893997635e+19,99.90714297835201
2026/01/26/17:00,267582,267338,6.152235676811887e+19,6.146522893997635e+19,99.90714297835201
2026/01/26/17:10,267582,267338,6.152235676811887e+19,6.146522893997635e+19,99.90714297835201
2026/01/26/17:20,267582,267338,6.152235676811887e+19,6.146522893997635e+19,99.90714297835201
2026/01/26/17:30,267582,267338,6.152235676811887e+19,6.146522893997635e+19,99.90714297835201
2026/01/26/17:40,267583,267339,6.152258916157393e+19,6.146546133343141e+19,99.90714332910716
2026/01/26/17:50,267874,267630,6.159063604903519e+19,6.153350822089267e+19,99.90724591949815
2026/01/26/18:00,267897,267653,6.159601685919959e+19,6.153888903105706e+19,99.90725402216654
2026/01/26/18:10,268212,267968,6.166973878810708e+19,6.161261095996456e+19,99.90736489360071
2026/01/26/18:20,268681,268437,6.177952068685544e+19,6.172239285871292e+19,99.90752950572069
2026/01/26/18:30,269127,268883,6.1883907907757e+19,6.182678007961448e+19,99.90768548710972
2026/01/26/18:40,269292,269048,6.192252451077833e+19,6.18653966826358e+19,99.90774305699927
2026/01/26/18:50,269760,269516,6.203208959432244e+19,6.197496176617991e+19,99.90790600717125
2026/01/26/19:00,270229,269985,6.2141842639196e+19,6.208471481105348e+19,99.90806866079879
2026/01/26/19:10,270698,270454,6.225160200044698e+19,6.219447417230446e+19,99.90823075020285
2026/01/26/19:20,271167,270923,6.236136631852603e+19,6.230423849038351e+19,99.90839227631619
2026/01/26/19:30,271635,271391,6.247088810664301e+19,6.241376027850049e+19,99.90855287979097
2026/01/26/19:40,272104,271860,6.258064250686049e+19,6.252351467871797e+19,99.90871326043631
2026/01/26/19:50,272573,272329,6.269039534178278e+19,6.263326751364026e+19,99.90887307723764
2026/01/26/20:00,273042,272798,6.280011795549001e+19,6.274299012734749e+19,99.90903229165427
2026/01/26/20:10,273510,273266,6.290962339066748e+19,6.285249556252496e+19,99.90919063719748
2026/01/26/20:20,273979,273735,6.301938920066973e+19,6.296226137252721e+19,99.90934880698286
2026/01/26/20:30,274448,274204,6.312915340795551e+19,6.307202557981299e+19,99.90950642443541
2026/01/26/20:40,274917,274673,6.323890973484595e+19,6.318178190670343e+19,99.90966348347553
2026/01/26/20:50,275385,275141,6.33484343898887e+19,6.329130656174618e+19,99.90981966848474
2026/01/26/21:00,275854,275610,6.345817634727006e+19,6.340104851912754e+19,99.90997562263703
2026/01/26/21:10,276323,276079,6.356793225118796e+19,6.351080442304544e+19,99.91013105803603
2026/01/26/21:20,276792,276548,6.36776438745228e+19,6.362051604638028e+19,99.91028589522706
2026/01/26/21:30,277098,276854,6.374923982306803e+19,6.369211199492551e+19,99.91038665198036
2026/01/26/21:40,277567,277323,6.385893647735368e+19,6.380180864921116e+19,99.91054058947132
2026/01/26/21:50,278036,277792,6.396865393008625e+19,6.391152610194373e+19,99.91069402803917
2026/01/26/22:00,278505,278261,6.407836375398817e+19,6.402123592584565e+19,99.9108469305461
2026/01/26/22:10,278973,278729,6.418785234295166e+19,6.413072451480914e+19,99.91099900361631
2026/01/26/22:20,279442,279198,6.429758967812909e+19,6.424046184998657e+19,99.91115090250116
2026/01/26/22:30,279911,279667,6.440732294189573e+19,6.435019511375321e+19,99.91130227816787
2026/01/26/22:40,280346,280102,6.450906922765157e+19,6.445194139950905e+19,99.91144217576459
2026/01/26/22:50,280793,280549,6.461359578022854e+19,6.455646795208602e+19,99.91158543731751
2026/01/26/23:00,281262,281018,6.472326301511534e+19,6.466613518697282e+19,99.91173524714108
2026/01/26/23:10,281731,281487,6.483291891348618e+19,6.477579108534366e+19,99.9118845347396
2026/01/26/23:20,282200,281956,6.494259740042339e+19,6.488546957228087e+19,99.91203334878911
2026/01/26/23:30,282668,282424,6.505206605347374e+19,6.499493822533122e+19,99.9121813777666
2026/01/26/23:40,283137,282893,6.516176210930294e+19,6.510463428116042e+19,99.91232921533538
2026/01/26/23:50,283606,283362,6.527147500438048e+19,6.521434717623796e+19,99.91247657856867
2026/01/27/0:00,284075,283831,6.538117848982136e+19,6.532405066167883e+19,99.91262343466106
2026/01/27/0:10,284543,284299,6.54906580693662e+19,6.543353024122368e+19,99.9127695005263
2026/01/27/0:20,284954,284710,6.558674912299373e+19,6.552962129485121e+19,99.91289730180803
2026/01/27/0:30,285328,285084,6.567418310369732e+19,6.56170552755548e+19,99.91301326420411
2026/01/27/0:40,285797,285553,6.578382388200532e+19,6.572669605386279e+19,99.91315824351442
2026/01/27/0:50,286265,286021,6.589330164683144e+19,6.583617381868891e+19,99.91330252587932
2026/01/27/1:00,286734,286490,6.600291902752041e+19,6.594579119937788e+19,99.91344651269331
2026/01/27/1:10,287203,286959,6.611259010075093e+19,6.60554622726084e+19,99.91359009221169
2026/01/27/1:20,287672,287428,6.622229196571284e+19,6.616516413757032e+19,99.91373323627624
2026/01/27/1:30,288140,287896,6.633175878230901e+19,6.627463095416648e+19,99.91387560168576
2026/01/27/1:40,288609,288365,6.644141833376186e+19,6.638429050561934e+19,99.91401774740035
2026/01/27/1:50,289078,288834,6.65510808420238e+19,6.649395301388128e+19,99.91415942848752
2026/01/27/2:00,289547,289303,6.66607438236177e+19,6.660361599547518e+19,99.9143006440287
2026/01/27/2:10,290015,289771,6.677015309928006e+19,6.671302527113753e+19,99.91444107061193
2026/01/27/2:20,290484,290240,6.687984024047563e+19,6.682271241233311e+19,99.91458139263325
2026/01/27/2:30,290953,290709,6.698948291710353e+19,6.693235508896101e+19,99.9147211985302
2026/01/27/2:40,291422,291178,6.709912511607823e+19,6.704199728793571e+19,99.91486054692413
2026/01/27/2:50,291747,291503,6.71751252610402e+19,6.711799743289768e+19,99.91495687143042
2026/01/27/3:00,292149,291905,6.726906124189428e+19,6.721193341375176e+19,99.91507562750564
2026/01/27/3:10,292618,292374,6.737871358256151e+19,6.732158575441899e+19,99.91521383370949
2026/01/27/3:20,292670,292426,6.739086800757446e+19,6.733374017943194e+19,99.91522912550094
2026/01/27/3:30,292670,292426,6.739086800757446e+19,6.733374017943194e+19,99.91522912550094
2026/01/27/3:40,292670,292426,6.739086800757446e+19,6.733374017943194e+19,99.91522912550094
2026/01/27/3:50,292670,292426,6.739086800757446e+19,6.733374017943194e+19,99.91522912550094
2026/01/27/4:00,292670,292426,6.739086800757446e+19,6.733374017943194e+19,99.91522912550094
2026/01/27/4:10,292670,292426,6.739086800757446e+19,6.733374017943194e+19,99.91522912550094
2026/01/27/4:20,292670,292426,6.739086800757446e+19,6.733374017943194e+19,99.91522912550094
2026/01/27/4:30,292670,292426,6.739086800757446e+19,6.733374017943194e+19,99.91522912550094
2026/01/27/4:40,292670,292426,6.739086800757446e+19,6.733374017943194e+19,99.91522912550094
2026/01/27/4:50,292670,292426,6.739086800757446e+19,6.733374017943194e+19,99.91522912550094
2026/01/27/5:00,292670,292426,6.739086800757446e+19,6.733374017943194e+19,99.91522912550094
2026/01/27/5:10,292670,292426,6.739086800757446e+19,6.733374017943194e+19,99.91522912550094
2026/01/27/5:20,292670,292426,6.739086800757446e+19,6.733374017943194e+19,99.91522912550094
2026/01/27/5:30,292670,292426,6.739086800757446e+19,6.733374017943194e+19,99.91522912550094
2026/01/27/5:40,292670,292426,6.739086800757446e+19,6.733374017943194e+19,99.91522912550094
2026/01/27/5:50,292672,292428,6.739133690349723e+19,6.733420907535471e+19,99.91522971532034
2026/01/27/6:00,293141,292897,6.750104419277586e+19,6.744391636463333e+19,99.91536748975413
2026/01/27/6:10,293609,293365,6.761051779966181e+19,6.755338997151928e+19,99.91550452503293
2026/01/27/6:20,293658,293414,6.762197675108575e+19,6.756484892294323e+19,99.9155188433003
2026/01/27/6:30,294127,293883,6.773165360071015e+19,6.767452577256763e+19,99.91565564236879
2026/01/27/6:40,294596,294352,6.784139582374248e+19,6.778426799559996e+19,99.91579208026477
2026/01/27/6:50,294871,294627,6.790569976744524e+19,6.784857193930272e+19,99.91587182174962
2026/01/27/7:00,295340,295096,6.801534200182889e+19,6.795821417368637e+19,99.91600743823211
2026/01/27/7:10,295809,295565,6.812499795608e+19,6.806787012793748e+19,99.91614263507303
2026/01/27/7:20,296278,296034,6.823469707611907e+19,6.817756924797655e+19,99.9162774503435
2026/01/27/7:30,296746,296502,6.834413558457705e+19,6.828700775643453e+19,99.91641151409132
2026/01/27/7:40,297215,296971,6.845382777948848e+19,6.839669995134596e+19,99.91654545845626
2026/01/27/7:50,297684,297440,6.856355341724955e+19,6.850642558910703e+19,99.91667901487709
2026/01/27/8:00,298153,297909,6.867325786635579e+19,6.861613003821327e+19,99.91681211884006
2026/01/27/8:10,298621,298377,6.87827051429614e+19,6.872557731481888e+19,99.91694448768222
2026/01/27/8:20,299090,298846,6.889240264983541e+19,6.883527482169289e+19,99.91707673713618
2026/01/27/8:30,299559,299315,6.900212341691078e+19,6.894499558876826e+19,99.91720859400608
2026/01/27/8:40,300028,299784,6.911179844421885e+19,6.905467061607633e+19,99.91733997750235
2026/01/27/8:50,300496,300252,6.922125316760528e+19,6.916412533946275e+19,99.9174706820112
2026/01/27/9:00,300965,300721,6.933086970610291e+19,6.927374187796038e+19,99.91760116614043
2026/01/27/9:10,301434,301190,6.944054713522171e+19,6.938341930707919e+19,99.91773131045284
2026/01/27/9:20,301903,301659,6.955024008321518e+19,6.949311225507266e+19,99.91786106263017
2026/01/27/9:30,302371,302127,6.965969626310296e+19,6.960256843496044e+19,99.91799012742354
2026/01/27/9:40,302840,302596,6.976943450872272e+19,6.97123066805802e+19,99.91811911828613
2026/01/27/9:50,303309,303065,6.987913937891816e+19,6.982201155077564e+19,99.91824766496802
2026/01/27/10:00,303778,303534,6.998881602051334e+19,6.993168819237082e+19,99.91837577574427
2026/01/27/10:10,304246,304002,7.009827101801279e+19,7.004114318987026e+19,99.91850322795003
2026/01/27/10:20,304715,304471,7.020794122580713e+19,7.015081339766461e+19,99.91863053218042
2026/01/27/10:30,305184,304940,7.031764044349481e+19,7.026051261535229e+19,99.91875747283012
2026/01/27/10:40,305653,305409,7.042741959115422e+19,7.03702917630117e+19,99.91888411008928
2026/01/27/10:50,306117,305873,7.053595466034927e+19,7.047882683220675e+19,99.91900892471421
2026/01/27/11:00,306224,305980,7.056100460523726e+19,7.050387677709474e+19,99.91903767745069
2026/01/27/11:10,306477,306233,7.062010977736697e+19,7.056298194922444e+19,99.91910543848967
2026/01/27/11:20,306946,306702,7.072981831415022e+19,7.067269048600769e+19,99.91923091349
2026/01/27/11:30,307414,307170,7.08392794375409e+19,7.078215160939838e+19,99.91935571818897
2026/01/27/11:40,307883,307639,7.094902071282572e+19,7.089189288468319e+19,99.91948045572926
2026/01/27/11:50,308352,308108,7.105873737625467e+19,7.100160954811215e+19,99.9196047801412
2026/01/27/12:00,308821,308577,7.116847696798231e+19,7.111134913983979e+19,99.91972874708527
2026/01/27/12:10,309289,309045,7.127797467935063e+19,7.122084685120811e+19,99.91985206033208
2026/01/27/12:20,309758,309514,7.138772297270344e+19,7.133059514456092e+19,99.91997527619088
2026/01/27/12:30,310227,309983,7.149745059891265e+19,7.144032277077012e+19,99.92009809068159
2026/01/27/12:40,310696,310452,7.160720357183313e+19,7.15500757436906e+19,99.9202205570209
2026/01/27/12:50,311164,310920,7.171667757235831e+19,7.165954974421579e+19,99.9203423386633
2026/01/27/13:00,311633,311389,7.182640863936362e+19,7.17692808112211e+19,99.92046403373813
2026/01/27/13:10,312102,311858,7.19361305360814e+19,7.187900270793888e+19,99.92058534742306
2026/01/27/13:20,312571,312327,7.204585645245752e+19,7.1988728624315e+19,99.92070629602381
2026/01/27/13:30,313039,312795,7.215532798114089e+19,7.209820015299836e+19,99.92082659764577
2026/01/27/13:40,313302,313058,7.221683492409823e+19,7.215970709595571e+19,99.92089402948417
2026/01/27/13:50,313771,313527,7.232657843600373e+19,7.22694506078612e+19,99.92101405959211
2026/01/27/14:00,314240,313996,7.243631157842537e+19,7.237918375028285e+19,99.92113371471065
2026/01/27/14:10,314632,314388,7.252803685364407e+19,7.247090902550154e+19,99.92123345588713
2026/01/27/14:20,315003,314759,7.261486705349542e+19,7.25577392253529e+19,99.92132764203721
2026/01/27/14:30,315239,314995,7.267011448457336e+19,7.261298665643083e+19,99.92138745267196
2026/01/27/14:40,315241,314997,7.267059270861903e+19,7.261346488047651e+19,99.92138796999829
2026/01/27/14:50,315294,315050,7.268323253141941e+19,7.262610470327688e+19,99.92140164085599
2026/01/27/15:00,315598,315354,7.27557512882363e+19,7.269862346009378e+19,99.92147998318896
2026/01/27/15:10,315915,315671,7.283134531362673e+19,7.277421748548421e+19,99.92156148167177
2026/01/27/15:20,316347,316103,7.293428422561545e+19,7.287715639747293e+19,99.92167218921927
2026/01/27/15:30,316815,316571,7.304585487066655e+19,7.298872704252403e+19,99.92179182755315
2026/01/27/15:40,317284,317040,7.315769755550377e+19,7.310056972736125e+19,99.92191139134856
2026/01/27/15:50,317753,317509,7.326955023082637e+19,7.321242240268385e+19,99.92203060075768
2026/01/27/16:00,318222,317978,7.338144640712863e+19,7.332431857898611e+19,99.92214949290373
2026/01/27/16:10,318690,318446,7.349306966404492e+19,7.343594183590239e+19,99.92226773435418
2026/01/27/16:20,319159,318915,7.360493835516727e+19,7.354781052702475e+19,99.92238587597633
2026/01/27/16:30,319628,319384,7.371678074997341e+19,7.365965292183089e+19,99.92250363138308
2026/01/27/16:40,320097,319853,7.382861771317477e+19,7.377148988503217e+19,99.92262102432346
2026/01/27/16:50,320565,320321,7.394021484360889e+19,7.388308701546629e+19,99.92273781153675
2026/01/27/17:00,321034,320790,7.405206072580384e+19,7.399493289766124e+19,99.92285450589399
2026/01/27/17:10,321503,321259,7.416387839409077e+19,7.410675056594816e+19,99.922970818976
2026/01/27/17:20,321972,321728,7.427568869903067e+19,7.421856087088806e+19,99.92308677422825
2026/01/27/17:30,322440,322196,7.438732213424823e+19,7.433019430610562e+19,99.9232021983
2026/01/27/17:40,322909,322665,7.449914988445168e+19,7.444202205630908e+19,99.92331747646624
2026/01/27/17:50,323378,323134,7.461099518592678e+19,7.455386735778418e+19,99.92343242708365
2026/01/27/18:00,323847,323603,7.472281179903984e+19,7.466568397089723e+19,99.92354700423179
2026/01/27/18:10,324315,324071,7.483439885527145e+19,7.477727102712884e+19,99.92366100480999
2026/01/27/18:20,324784,324540,7.494622433357444e+19,7.488909650543183e+19,99.92377490840855
2026/01/27/18:30,325253,325009,7.505801338245987e+19,7.500088555431726e+19,99.92388843566708
2026/01/27/18:40,325722,325478,7.516978755038621e+19,7.51126597222436e+19,99.92400161021567
2026/01/27/18:50,326190,325946,7.528137783564349e+19,7.522425000750088e+19,99.92411426333439
2026/01/27/19:00,326659,326415,7.539317498733665e+19,7.533604715919404e+19,99.92422679088367
2026/01/27/19:10,327128,326884,7.550499387354995e+19,7.544786604540735e+19,99.92433900698239
2026/01/27/19:20,327597,327353,7.56168248197702e+19,7.555969699162759e+19,99.92445090324968
2026/01/27/19:30,328065,327821,7.572840625264666e+19,7.567127842450406e+19,99.92456222048037
2026/01/27/19:40,328534,328290,7.584023369067114e+19,7.578310586252853e+19,99.92467345449434
2026/01/27/19:50,329003,328759,7.595206846439956e+19,7.589494063625696e+19,99.92478436822378
2026/01/27/20:00,329472,329228,7.606385577282853e+19,7.600672794468593e+19,99.92489490893911
2026/01/27/20:10,329940,329696,7.617548221935011e+19,7.611835439120751e+19,99.92500496684997
2026/01/27/20:20,330355,330111,7.627440011181212e+19,7.621727228366951e+19,99.92510222557128
2026/01/27/20:30,330824,330580,7.638621695630233e+19,7.632908912815972e+19,99.92521186358098
2026/01/27/20:40,331293,331049,7.649799583331049e+19,7.644086800516789e+19,99.92532114401129
2026/01/27/20:50,331761,331517,7.660956812359442e+19,7.655244029545182e+19,99.92542990445993
2026/01/27/21:00,332230,331986,7.672144970485393e+19,7.666432187671133e+19,99.92553864875811
2026/01/27/21:10,332699,332455,7.683333265117033e+19,7.677620482302773e+19,99.9256470776792
2026/01/27/21:20,333106,332862,7.693033971790379e+19,7.687321188976119e+19,99.92574083469268
2026/01/27/21:30,333574,333330,7.704182509511841e+19,7.69846972669758e+19,99.92584829334965
2026/01/27/21:40,334043,333799,7.715356366662133e+19,7.709643583847873e+19,99.92595568444582
2026/01/27/21:50,334512,334268,7.726533748769497e+19,7.720820965955237e+19,99.9260627986622
2026/01/27/22:00,334981,334737,7.737712674035289e+19,7.731999891221029e+19,99.92616961814271
2026/01/27/22:10,335374,335130,7.747074790162285e+19,7.741362007348024e+19,99.92625884002676
2026/01/27/22:20,335843,335599,7.758248443719482e+19,7.752535660905221e+19,99.92636504417585
2026/01/27/22:30,336312,336068,7.769423785535703e+19,7.763711002721442e+19,99.92647095882586
2026/01/27/22:40,336781,336537,7.780602039550897e+19,7.774889256736637e+19,99.92657659670523
2026/01/27/22:50,337249,337005,7.791756294194723e+19,7.786043511380463e+19,99.92668170565709
2026/01/27/23:00,337718,337474,7.802934982780333e+19,7.797222199966073e+19,99.92678674336173
2026/01/27/23:10,338187,337943,7.814114990557889e+19,7.808402207743628e+19,99.9268914928797
2026/01/27/23:20,338585,338341,7.823599212150738e+19,7.817886429336478e+19,99.92698011926035
2026/01/27/23:30,338585,338341,7.823599212150738e+19,7.817886429336478e+19,99.92698011926035
2026/01/27/23:40,338585,338341,7.823599212150738e+19,7.817886429336478e+19,99.92698011926035
2026/01/27/23:50,338627,338383,7.824600145586068e+19,7.818887362771807e+19,99.92698946006227
2026/01/28/0:00,339077,338833,7.835323058764785e+19,7.829610275950525e+19,99.92708937753537
2026/01/28/0:10,339257,339013,7.839611075703061e+19,7.8338982928888e+19,99.9271292573178
2026/01/28/0:20,339639,339395,7.848716573613102e+19,7.843003790798841e+19,99.9272137965401
2026/01/28/0:30,339994,339750,7.857181222030456e+19,7.851468439216195e+19,99.92729221010912
2026/01/28/0:40,340048,339804,7.858468826662111e+19,7.85275604384785e+19,99.92730412322973
2026/01/28/0:50,340516,340272,7.869623264035504e+19,7.863910481221244e+19,99.92740716267362
2026/01/28/1:00,340985,340741,7.880801797776278e+19,7.875089014962017e+19,99.9275101320798
2026/01/28/1:10,341454,341210,7.89198553592927e+19,7.88627275311501e+19,99.92761285752169
2026/01/28/1:20,341923,341679,7.903167057036603e+19,7.897454274222342e+19,99.92771527195323
2026/01/28/1:30,342391,342147,7.914320839954458e+19,7.908608057140198e+19,99.92781714401291
2026/01/28/1:40,342860,342616,7.925507042658524e+19,7.919794259844263e+19,99.92791902418972
2026/01/28/1:50,343329,343085,7.936688530347259e+19,7.930975747532998e+19,99.92802057441946
2026/01/28/2:00,343798,343554,7.947864789072264e+19,7.942152006258003e+19,99.92812179162742
2026/01/28/2:10,344266,344022,7.95901879570636e+19,7.953306012892099e+19,99.92822252389524
2026/01/28/2:20,344735,344491,7.970199866508488e+19,7.964487083694227e+19,99.92832321761131
2026/01/28/2:30,345204,344960,7.981381993645588e+19,7.975669210831328e+19,99.92842363867801
2026/01/28/2:40,345673,345429,7.992560074054975e+19,7.986847291240715e+19,99.92852374256398
2026/01/28/2:50,346141,345897,8.003717153903965e+19,7.998004371089705e+19,99.92862337955715
2026/01/28/3:00,346555,346311,8.01358332546181e+19,8.00787054264755e+19,99.92871125709632
2026/01/28/3:10,347024,346780,8.024761900660076e+19,8.019049117845815e+19,99.92881056304249
2026/01/28/3:20,347493,347249,8.035939074518929e+19,8.030226291704668e+19,99.9289095803081
2026/01/28/3:30,347961,347717,8.047095293333026e+19,8.041382510518765e+19,99.92900813764449
2026/01/28/3:40,348430,348186,8.058272248536079e+19,8.052559465721818e+19,99.92910660451689
2026/01/28/3:50,348899,348655,8.069449694035128e+19,8.063736911220867e+19,99.9292048029188
2026/01/28/4:00,349368,349124,8.080628693406894e+19,8.074915910592633e+19,99.92930274325163
2026/01/28/4:10,349836,349592,8.091787528161152e+19,8.086074745346892e+19,99.92940023703812
2026/01/28/4:20,350305,350061,8.102967218715754e+19,8.097254435901494e+19,99.92949764376357
2026/01/28/4:30,350659,350415,8.111406605256409e+19,8.105693822442149e+19,99.92957099684094
2026/01/28/4:40,350901,350657,8.117170176485677e+19,8.111457393671417e+19,99.92962100473378
2026/01/28/4:50,351369,351125,8.12831676284732e+19,8.12260398003306e+19,99.9297175174032
2026/01/28/5:00,351838,351594,8.139487349359403e+19,8.133774566545143e+19,99.92981397268576
2026/01/28/5:10,352307,352063,8.150657330570541e+19,8.144944547756281e+19,99.92991015837663
2026/01/28/5:20,352776,352532,8.161832422642034e+19,8.156119639827774e+19,99.9300061246245
2026/01/28/5:30,353244,353000,8.172980373534541e+19,8.167267590720281e+19,99.93010159631902
2026/01/28/5:40,353246,353002,8.173028215644507e+19,8.167315432830247e+19,99.93010200548035
