#time, delivered spill, recorded spill, delivered POT, recorded POT, efficiency[%]
2026/01/28/17:30,0,0,0,0,-nan
2026/01/28/17:40,1,1,59087424662996.63,59087424662996.63,100
2026/01/28/17:50,2,2,178637888414063,178637888414063,100
2026/01/28/18:00,5,5,833221135825158.2,833221135825158.2,100
2026/01/28/18:10,56,56,1.299536515438778e+16,1.299536515438778e+16,100
2026/01/28/18:20,225,225,5.335205808373682e+16,5.335205808373682e+16,100
2026/01/28/18:30,694,694,1.65360613099261e+17,1.653606130992609e+17,99.99999999999997
2026/01/28/18:40,1162,1162,2.771859100234396e+17,2.771859100234396e+17,99.99999999999999
2026/01/28/18:50,1630,1630,3.889968669266672e+17,3.889968669266672e+17,100
2026/01/28/19:00,1976,1976,4.716551524813321e+17,4.716551524813321e+17,100
2026/01/28/19:10,2445,2445,5.837149020106904e+17,5.837149020106904e+17,100
2026/01/28/19:20,2914,2914,6.957877045067181e+17,6.957877045067181e+17,100
2026/01/28/19:30,3382,3382,8.075963943337946e+17,8.075963943337946e+17,100
2026/01/28/19:40,3851,3851,9.196961381436356e+17,9.196961381436356e+17,100
2026/01/28/19:50,4320,4320,1.031755901462494e+18,1.031755901462494e+18,100
2026/01/28/20:00,4789,4789,1.14381499234657e+18,1.14381499234657e+18,100
2026/01/28/20:10,5257,5257,1.255703533187911e+18,1.255703533187911e+18,100
2026/01/28/20:20,5726,5726,1.367797221395485e+18,1.367797221395485e+18,100
2026/01/28/20:30,6195,6195,1.479944748140411e+18,1.479944748140411e+18,100
2026/01/28/20:40,6644,6644,1.587304013478334e+18,1.587304013478334e+18,100
2026/01/28/20:50,6644,6644,1.587304013478334e+18,1.587304013478334e+18,100
2026/01/28/21:00,6644,6644,1.587304013478334e+18,1.587304013478334e+18,100
2026/01/28/21:10,6718,6718,1.605008969948239e+18,1.605008969948239e+18,100
2026/01/28/21:20,7187,7187,1.717182097884414e+18,1.717182097884414e+18,100
2026/01/28/21:30,7655,7655,1.829080235197833e+18,1.829080235197833e+18,100
2026/01/28/21:40,8124,8124,1.941176167056182e+18,1.941176167056182e+18,100
2026/01/28/21:50,8539,8539,2.040383991907647e+18,2.040383991907647e+18,100
2026/01/28/22:00,8944,8944,2.137111294168689e+18,2.137111294168689e+18,100
2026/01/28/22:10,9412,9412,2.248921688243656e+18,2.248921688243656e+18,100
2026/01/28/22:20,9881,9881,2.360980846191906e+18,2.360980846191906e+18,100
2026/01/28/22:30,10350,10350,2.473065515770612e+18,2.473065515770612e+18,100
2026/01/28/22:40,10819,10819,2.585143130208334e+18,2.585143130208334e+18,100
2026/01/28/22:50,11287,11287,2.696962328342932e+18,2.696962328342932e+18,100
2026/01/28/23:00,11756,11756,2.809063393713055e+18,2.809063393713055e+18,100
2026/01/28/23:10,12225,12225,2.921161035598252e+18,2.921161035598252e+18,100
2026/01/28/23:20,12694,12694,3.03321793836364e+18,3.03321793836364e+18,100
2026/01/28/23:30,13162,13162,3.145008549770857e+18,3.145008549770857e+18,100
2026/01/28/23:40,13631,13631,3.257085462582363e+18,3.257085462582363e+18,100
2026/01/28/23:50,14100,14100,3.369147503903193e+18,3.369147503903193e+18,100
2026/01/29/0:00,14486,14486,3.461410353636823e+18,3.461410353636823e+18,100
2026/01/29/0:10,14773,14773,3.529947501172489e+18,3.529947501172489e+18,100
2026/01/29/0:20,15242,15242,3.642007494720507e+18,3.642007494720507e+18,100
2026/01/29/0:30,15711,15711,3.754085387463591e+18,3.754085387463591e+18,100
2026/01/29/0:40,16180,16180,3.866180012647619e+18,3.866180012647619e+18,100
2026/01/29/0:50,16648,16648,3.97807829019082e+18,3.97807829019082e+18,100
2026/01/29/1:00,17117,17117,4.09019312789054e+18,4.09019312789054e+18,100
2026/01/29/1:10,17586,17586,4.202313911895601e+18,4.202313911895601e+18,100
2026/01/29/1:20,18055,18055,4.314388073373176e+18,4.314388073373176e+18,100
2026/01/29/1:30,18523,18523,4.426266870276065e+18,4.426266870276065e+18,100
2026/01/29/1:40,18992,18992,4.538360056308539e+18,4.538360056308539e+18,100
2026/01/29/1:50,19461,19461,4.650465838332202e+18,4.650465838332202e+18,100
2026/01/29/2:00,19930,19930,4.762564171665929e+18,4.762564171665929e+18,100
2026/01/29/2:10,20398,20398,4.874391603911399e+18,4.874391603911399e+18,100
2026/01/29/2:20,20867,20867,4.986452738440468e+18,4.986452738440468e+18,100
2026/01/29/2:30,21336,21336,5.098500562104419e+18,5.098500562104419e+18,100
2026/01/29/2:40,21805,21805,5.210566560211625e+18,5.210566560211625e+18,100
2026/01/29/2:50,22273,22273,5.322378659682534e+18,5.322378659682534e+18,100
2026/01/29/3:00,22742,22742,5.4344684791682e+18,5.4344684791682e+18,100
2026/01/29/3:10,23211,23211,5.5465666433903e+18,5.5465666433903e+18,100
2026/01/29/3:20,23680,23680,5.658622986216897e+18,5.658622986216897e+18,100
2026/01/29/3:30,24148,24148,5.770476272688992e+18,5.770476272688992e+18,100
2026/01/29/3:40,24617,24617,5.882498909001449e+18,5.882498909001449e+18,100
2026/01/29/3:50,25086,25086,5.994540779755548e+18,5.994540779755548e+18,100
2026/01/29/4:00,25555,25555,6.106569382199771e+18,6.106569382199771e+18,100
2026/01/29/4:10,25979,25979,6.207874466441682e+18,6.207874466441682e+18,100
2026/01/29/4:20,25979,25979,6.207874466441682e+18,6.207874466441682e+18,100
2026/01/29/4:30,26294,26294,6.283144863918751e+18,6.283144863918751e+18,100
2026/01/29/4:40,26763,26763,6.395158281725554e+18,6.395158281725554e+18,100
2026/01/29/4:50,27231,27231,6.506930821072347e+18,6.506930821072347e+18,100
2026/01/29/5:00,27700,27700,6.61899104784219e+18,6.61899104784219e+18,100
2026/01/29/5:10,28169,28169,6.731051414093646e+18,6.731051414093646e+18,100
2026/01/29/5:20,28638,28638,6.843098805420049e+18,6.843098805420049e+18,100
2026/01/29/5:30,29106,29106,6.954898993885708e+18,6.954898993885708e+18,100
2026/01/29/5:40,29575,29575,7.066982276439478e+18,7.066982276439478e+18,100
2026/01/29/5:50,29996,29996,7.16758626216362e+18,7.16758626216362e+18,100
2026/01/29/6:00,30465,30465,7.279730807538942e+18,7.279730807538942e+18,100
2026/01/29/6:10,30933,30933,7.391650634701941e+18,7.391650634701941e+18,100
2026/01/29/6:20,31362,31362,7.494212401732589e+18,7.494212401732589e+18,100
2026/01/29/6:30,31362,31362,7.494212401732589e+18,7.494212401732589e+18,100
2026/01/29/6:40,31708,31708,7.576874295750115e+18,7.576874295750115e+18,100
2026/01/29/6:50,32176,32176,7.688680019403106e+18,7.688680019403106e+18,100
2026/01/29/7:00,32645,32645,7.80073488130977e+18,7.80073488130977e+18,100
2026/01/29/7:10,33114,33114,7.912794167775107e+18,7.912794167775107e+18,100
2026/01/29/7:20,33583,33583,8.024868868513663e+18,8.024868868513663e+18,100
2026/01/29/7:30,34051,34051,8.136670363485941e+18,8.136670363485941e+18,100
2026/01/29/7:40,34520,34520,8.248702769071345e+18,8.248702769071345e+18,100
2026/01/29/7:50,34989,34989,8.360797036308872e+18,8.360797036308872e+18,100
2026/01/29/8:00,35426,35426,8.465219397600355e+18,8.465219397600355e+18,100
2026/01/29/8:10,35875,35875,8.572473248592605e+18,8.572473248592605e+18,100
2026/01/29/8:20,36344,36344,8.684539807219072e+18,8.684539807219072e+18,100
2026/01/29/8:30,36813,36813,8.796596550495816e+18,8.796596550495816e+18,100
2026/01/29/8:40,37282,37282,8.908660865368313e+18,8.908660865368313e+18,100
2026/01/29/8:50,37750,37750,9.020485868791586e+18,9.020485868791586e+18,100
2026/01/29/9:00,38219,38219,9.132585952695098e+18,9.132585952695098e+18,100
2026/01/29/9:10,38688,38688,9.244656083433816e+18,9.244656083433816e+18,100
2026/01/29/9:20,39157,39157,9.356747057225642e+18,9.356747057225642e+18,100
2026/01/29/9:30,39625,39625,9.468612884608313e+18,9.468612884608313e+18,100
2026/01/29/9:40,40094,40094,9.580764562972742e+18,9.580764562972742e+18,100
2026/01/29/9:50,40563,40563,9.692828545400957e+18,9.692828545400957e+18,100
2026/01/29/10:00,41032,41032,9.804912777404934e+18,9.804912777404934e+18,100
2026/01/29/10:10,41500,41500,9.916775882554817e+18,9.916775882554817e+18,100
2026/01/29/10:20,41969,41969,1.002887749764738e+19,1.002887749764738e+19,100
2026/01/29/10:30,42438,42438,1.014094797336867e+19,1.014094797336867e+19,100
2026/01/29/10:40,42560,42560,1.017011176065276e+19,1.017011176065276e+19,100
2026/01/29/10:50,42724,42724,1.020932066779366e+19,1.020932066779366e+19,100
2026/01/29/11:00,42855,42855,1.024062715013132e+19,1.024062715013132e+19,100
2026/01/29/11:10,42855,42855,1.024062715013132e+19,1.024062715013132e+19,100
2026/01/29/11:20,42855,42855,1.024062715013132e+19,1.024062715013132e+19,100
2026/01/29/11:30,42855,42855,1.024062715013132e+19,1.024062715013132e+19,100
2026/01/29/11:40,42855,42855,1.024062715013132e+19,1.024062715013132e+19,100
2026/01/29/11:50,42855,42855,1.024062715013132e+19,1.024062715013132e+19,100
2026/01/29/12:00,42855,42855,1.024062715013132e+19,1.024062715013132e+19,100
2026/01/29/12:10,42855,42855,1.024062715013132e+19,1.024062715013132e+19,100
2026/01/29/12:20,42855,42855,1.024062715013132e+19,1.024062715013132e+19,100
2026/01/29/12:30,42973,42973,1.026882863901201e+19,1.026882863901201e+19,100
2026/01/29/12:40,43442,43442,1.038089925844593e+19,1.038089925844593e+19,100
2026/01/29/12:50,43674,43674,1.043637587379233e+19,1.043637587379233e+19,100
2026/01/29/13:00,44052,44052,1.052663824029545e+19,1.052663824029545e+19,100
2026/01/29/13:10,44521,44521,1.063878692218502e+19,1.063878692218502e+19,100
2026/01/29/13:20,44990,44990,1.075084882617845e+19,1.075084882617845e+19,100
2026/01/29/13:30,45458,45458,1.086269934993929e+19,1.086269934993929e+19,100
2026/01/29/13:40,45927,45927,1.097482690929652e+19,1.097482690929652e+19,100
2026/01/29/13:50,46396,46396,1.108693809928039e+19,1.108693809928039e+19,100
2026/01/29/14:00,46865,46865,1.119911077983827e+19,1.119911077983827e+19,100
2026/01/29/14:10,47260,47260,1.12935418064453e+19,1.12935418064453e+19,100
2026/01/29/14:20,47729,47729,1.140550041681219e+19,1.140550041681219e+19,100
2026/01/29/14:30,48198,48198,1.151746506265822e+19,1.151746506265822e+19,100
2026/01/29/14:40,48667,48667,1.162944488181599e+19,1.162944488181599e+19,100
2026/01/29/14:50,49135,49135,1.174112844090699e+19,1.174112844090699e+19,100
2026/01/29/15:00,49604,49604,1.185311047954196e+19,1.185311047954196e+19,100
2026/01/29/15:10,50073,50073,1.196509955430416e+19,1.196509955430416e+19,100
2026/01/29/15:20,50542,50542,1.207707997489818e+19,1.207707997489818e+19,100
2026/01/29/15:30,51010,51010,1.218882648568246e+19,1.218882648568246e+19,100
2026/01/29/15:40,51479,51479,1.230080554652098e+19,1.230080554652098e+19,100
2026/01/29/15:50,51948,51948,1.241278251129119e+19,1.241278251129119e+19,100
2026/01/29/16:00,52417,52417,1.252474227699621e+19,1.252474227699621e+19,100
2026/01/29/16:10,52885,52885,1.263651175371984e+19,1.263651175371984e+19,100
2026/01/29/16:20,53283,53283,1.273149009627771e+19,1.273149009627771e+19,100
2026/01/29/16:30,53752,53752,1.284340847484678e+19,1.284340847484678e+19,100
2026/01/29/16:40,54221,54221,1.295537530456757e+19,1.295537530456757e+19,100
2026/01/29/16:50,54689,54689,1.306711215972296e+19,1.306711215972296e+19,100
2026/01/29/17:00,55158,55158,1.317907248586985e+19,1.317907248586985e+19,100
2026/01/29/17:10,55627,55627,1.329100252217663e+19,1.329100252217663e+19,100
2026/01/29/17:20,56096,56096,1.340290696799869e+19,1.340290696799869e+19,100
2026/01/29/17:30,56564,56564,1.351462092985145e+19,1.351462092985145e+19,100
2026/01/29/17:40,57033,57033,1.362657951249744e+19,1.362657951249744e+19,100
2026/01/29/17:50,57502,57502,1.373856525176177e+19,1.373856525176177e+19,100
2026/01/29/18:00,57971,57971,1.38505551852266e+19,1.38505551852266e+19,100
2026/01/29/18:10,58235,58235,1.391357782138516e+19,1.391357782138516e+19,100
2026/01/29/18:20,58704,58704,1.402549157776328e+19,1.402549157776328e+19,100
2026/01/29/18:30,59052,59052,1.410853970738529e+19,1.410853970738529e+19,100
2026/01/29/18:40,59521,59521,1.422047023190998e+19,1.422047023190998e+19,100
2026/01/29/18:50,59940,59940,1.432053018965963e+19,1.432053018965963e+19,100
2026/01/29/19:00,60388,60388,1.442751252663393e+19,1.442751252663393e+19,100
2026/01/29/19:10,60707,60707,1.450374192595993e+19,1.450374192595993e+19,100
2026/01/29/19:20,61162,61162,1.461244374939622e+19,1.461244374939622e+19,100
2026/01/29/19:30,61476,61476,1.468746102847236e+19,1.468746102847236e+19,100
2026/01/29/19:40,61945,61945,1.479948353724807e+19,1.479948353724807e+19,100
2026/01/29/19:50,62414,62414,1.491157452668692e+19,1.491157452668692e+19,100
2026/01/29/20:00,62883,62883,1.502365822484768e+19,1.502365822484768e+19,100
2026/01/29/20:10,63351,63351,1.513547932915796e+19,1.513547932915796e+19,100
2026/01/29/20:20,63820,63820,1.524753777006517e+19,1.524753777006517e+19,100
2026/01/29/20:30,64155,64155,1.53275630525833e+19,1.53275630525833e+19,100
2026/01/29/20:40,64487,64487,1.540683728402771e+19,1.540683728402771e+19,100
2026/01/29/20:50,64955,64955,1.551861121798429e+19,1.551861121798429e+19,100
2026/01/29/21:00,65424,65424,1.563065488401761e+19,1.563065488401761e+19,100
2026/01/29/21:10,65893,65893,1.574265424000564e+19,1.574265424000564e+19,100
2026/01/29/21:20,66362,66362,1.585470153652117e+19,1.585470153652117e+19,100
2026/01/29/21:30,66830,66830,1.596652111072596e+19,1.596652111072596e+19,100
2026/01/29/21:40,67299,67299,1.60785722967702e+19,1.60785722967702e+19,100
2026/01/29/21:50,67718,67718,1.617863197987792e+19,1.617863197987792e+19,100
2026/01/29/22:00,68187,68187,1.629068084095333e+19,1.629068084095333e+19,100
2026/01/29/22:10,68655,68655,1.640253448538482e+19,1.640253448538482e+19,100
2026/01/29/22:20,69124,69124,1.651458347946633e+19,1.651458347946633e+19,100
2026/01/29/22:30,69593,69593,1.662665572904089e+19,1.662665572904089e+19,100
2026/01/29/22:40,70062,70062,1.673874555505365e+19,1.673874555505365e+19,100
2026/01/29/22:50,70530,70530,1.685059041748354e+19,1.685059041748354e+19,100
2026/01/29/23:00,70999,70999,1.696265981896546e+19,1.696265981896546e+19,100
2026/01/29/23:10,71468,71468,1.707473494468888e+19,1.707473494468888e+19,100
2026/01/29/23:20,71937,71937,1.718679027585131e+19,1.718679027585131e+19,100
2026/01/29/23:30,72405,72405,1.729855153328552e+19,1.729855153328552e+19,100
2026/01/29/23:40,72806,72806,1.739437680251568e+19,1.739437680251568e+19,100
2026/01/29/23:50,73079,73079,1.745959612988338e+19,1.745959612988338e+19,100
2026/01/30/0:00,73548,73548,1.757146632019123e+19,1.757146632019123e+19,100
2026/01/30/0:10,74016,74016,1.768310062748817e+19,1.768310062748817e+19,100
2026/01/30/0:20,74485,74485,1.779498358551744e+19,1.779498358551744e+19,100
2026/01/30/0:30,74954,74954,1.790686084996714e+19,1.790686084996714e+19,100
2026/01/30/0:40,75232,75232,1.79731929507475e+19,1.79731929507475e+19,100
2026/01/30/0:50,75700,75700,1.808487348130853e+19,1.808487348130853e+19,100
2026/01/30/1:00,76169,76169,1.819684823035525e+19,1.819684823035525e+19,100
2026/01/30/1:10,76270,76270,1.82209642167365e+19,1.82209642167365e+19,100
2026/01/30/1:20,76351,76351,1.82402892242636e+19,1.82402892242636e+19,100
2026/01/30/1:30,76819,76819,1.835203464170444e+19,1.835203464170444e+19,100
2026/01/30/1:40,77037,77037,1.84040329882994e+19,1.84040329882994e+19,100
2026/01/30/1:50,77506,77506,1.851599082463556e+19,1.851599082463556e+19,100
2026/01/30/2:00,77975,77975,1.862797127489828e+19,1.862797127489828e+19,100
2026/01/30/2:10,78319,78319,1.871008691707827e+19,1.871008691707827e+19,100
2026/01/30/2:20,78622,78622,1.878234884174623e+19,1.878234884174623e+19,100
2026/01/30/2:30,79091,79091,1.889427450040956e+19,1.889427450040956e+19,100
2026/01/30/2:40,79560,79560,1.900621632387408e+19,1.900621632387408e+19,100
2026/01/30/2:50,80028,80028,1.911791598757743e+19,1.911791598757743e+19,100
2026/01/30/3:00,80496,80496,1.922960436364083e+19,1.922960436364083e+19,100
2026/01/30/3:10,80965,80965,1.934151589655579e+19,1.934151589655579e+19,100
2026/01/30/3:20,81434,81434,1.945346378195623e+19,1.945346378195623e+19,100
2026/01/30/3:30,81902,81902,1.956517580761634e+19,1.956517580761634e+19,100
2026/01/30/3:40,82371,82371,1.967713581276074e+19,1.967713581276074e+19,100
2026/01/30/3:50,82840,82840,1.978907330736753e+19,1.978907330736753e+19,100
2026/01/30/4:00,83087,83087,1.984799780988448e+19,1.984799780988448e+19,100
2026/01/30/4:10,83555,83555,1.995964491271401e+19,1.995964491271401e+19,100
2026/01/30/4:20,84024,84024,2.007155121872521e+19,2.007155121872521e+19,100
2026/01/30/4:30,84493,84493,2.018348661869548e+19,2.018348661869548e+19,100
2026/01/30/4:40,84962,84962,2.029542738853393e+19,2.029542738853393e+19,100
2026/01/30/4:50,85359,85359,2.039015125276768e+19,2.039015125276768e+19,100
2026/01/30/5:00,85828,85828,2.050205608850105e+19,2.050205608850105e+19,100
2026/01/30/5:10,86297,86297,2.061402931249888e+19,2.061402931249888e+19,100
2026/01/30/5:20,86766,86766,2.072601659434247e+19,2.072601659434247e+19,100
2026/01/30/5:30,87161,87161,2.082028944020321e+19,2.082028944020321e+19,100
2026/01/30/5:40,87481,87481,2.089663469622755e+19,2.089663469622755e+19,100
2026/01/30/5:50,87950,87950,2.100853285042629e+19,2.100853285042629e+19,100
2026/01/30/6:00,88419,88419,2.112045720455661e+19,2.112045720455661e+19,100
2026/01/30/6:10,88688,88688,2.118465348743795e+19,2.118465348743795e+19,100
2026/01/30/6:20,89083,89083,2.127887756538846e+19,2.127887756538846e+19,100
2026/01/30/6:30,89552,89552,2.139073654155733e+19,2.139073654155733e+19,100
2026/01/30/6:40,90021,90021,2.150266292693626e+19,2.150266292693626e+19,100
2026/01/30/6:50,90419,90419,2.159759969112398e+19,2.159759969112398e+19,100
2026/01/30/7:00,90888,90888,2.170942765560027e+19,2.170942765560027e+19,100
2026/01/30/7:10,91357,91357,2.182133811387599e+19,2.182133811387599e+19,100
2026/01/30/7:20,91826,91826,2.193321864562427e+19,2.193321864562427e+19,100
2026/01/30/7:30,92294,92294,2.20448582695405e+19,2.20448582695405e+19,100
2026/01/30/7:40,92763,92763,2.215670123149622e+19,2.215670123149622e+19,100
2026/01/30/7:50,93232,93232,2.22685568893751e+19,2.22685568893751e+19,100
2026/01/30/8:00,93701,93701,2.238044771949252e+19,2.238044771949252e+19,100
2026/01/30/8:10,94101,94101,2.247585354098788e+19,2.247585354098788e+19,100
2026/01/30/8:20,94461,94461,2.256173305429024e+19,2.256173305429024e+19,100
2026/01/30/8:30,94585,94585,2.259132537996843e+19,2.259132537996843e+19,100
2026/01/30/8:40,94585,94585,2.259132537996843e+19,2.259132537996843e+19,100
2026/01/30/8:50,94585,94585,2.259132537996843e+19,2.259132537996843e+19,100
2026/01/30/9:00,94585,94585,2.259132537996843e+19,2.259132537996843e+19,100
2026/01/30/9:10,94585,94585,2.259132537996843e+19,2.259132537996843e+19,100
2026/01/30/9:20,94585,94585,2.259132537996843e+19,2.259132537996843e+19,100
2026/01/30/9:30,94585,94585,2.259132537996843e+19,2.259132537996843e+19,100
2026/01/30/9:40,94585,94585,2.259132537996843e+19,2.259132537996843e+19,100
2026/01/30/9:50,94585,94585,2.259132537996843e+19,2.259132537996843e+19,100
2026/01/30/10:00,94585,94585,2.259132537996843e+19,2.259132537996843e+19,100
2026/01/30/10:10,94585,94585,2.259132537996843e+19,2.259132537996843e+19,100
2026/01/30/10:20,94585,94585,2.259132537996843e+19,2.259132537996843e+19,100
2026/01/30/10:30,94585,94585,2.259132537996843e+19,2.259132537996843e+19,100
2026/01/30/10:40,94585,94585,2.259132537996843e+19,2.259132537996843e+19,100
2026/01/30/10:50,94585,94585,2.259132537996843e+19,2.259132537996843e+19,100
2026/01/30/11:00,94585,94585,2.259132537996843e+19,2.259132537996843e+19,100
2026/01/30/11:10,94585,94585,2.259132537996843e+19,2.259132537996843e+19,100
2026/01/30/11:20,94585,94585,2.259132537996843e+19,2.259132537996843e+19,100
2026/01/30/11:30,94628,94628,2.260158630206242e+19,2.260158630206242e+19,100
2026/01/30/11:40,94664,94664,2.261017826176001e+19,2.261017826176001e+19,100
2026/01/30/11:50,95133,95133,2.272220901968739e+19,2.272220901968739e+19,100
2026/01/30/12:00,95602,95602,2.283427990801003e+19,2.283427990801003e+19,100
2026/01/30/12:10,96069,96069,2.294590288264799e+19,2.294590288264799e+19,100
2026/01/30/12:20,96538,96538,2.305796928978353e+19,2.305796928978353e+19,100
2026/01/30/12:30,96928,96928,2.315116802530308e+19,2.315116802530308e+19,100
2026/01/30/12:40,97397,97397,2.326317354441019e+19,2.326317354441019e+19,100
2026/01/30/12:50,97865,97865,2.337492414471603e+19,2.337492414471603e+19,100
2026/01/30/13:00,98334,98334,2.348689444930028e+19,2.348689444930028e+19,100
2026/01/30/13:10,98803,98803,2.359889568164054e+19,2.359889568164054e+19,100
2026/01/30/13:20,99272,99272,2.371090503268032e+19,2.371090503268032e+19,100
2026/01/30/13:30,99740,99740,2.382268830433337e+19,2.382268830433337e+19,100
2026/01/30/13:40,100191,100191,2.393043533627129e+19,2.393043533627129e+19,100
2026/01/30/13:50,100191,100191,2.393043533627129e+19,2.393043533627129e+19,100
2026/01/30/14:00,100581,100581,2.40236394328487e+19,2.40236394328487e+19,100
2026/01/30/14:10,101049,101049,2.413544201098678e+19,2.413544201098678e+19,100
2026/01/30/14:20,101518,101518,2.424746052336194e+19,2.424746052336194e+19,100
2026/01/30/14:30,101987,101987,2.435949872719293e+19,2.435949872719293e+19,100
2026/01/30/14:40,102190,102190,2.440798661815344e+19,2.440798661815344e+19,100
2026/01/30/14:50,102621,102621,2.451091363677044e+19,2.451091363677044e+19,100
2026/01/30/15:00,103090,103090,2.462290947775201e+19,2.462290947775201e+19,100
2026/01/30/15:10,103559,103559,2.473493571587127e+19,2.473493571587127e+19,100
2026/01/30/15:20,104028,104028,2.484692082513996e+19,2.484692082513996e+19,100
2026/01/30/15:30,104496,104496,2.495869292360974e+19,2.495869292360974e+19,100
2026/01/30/15:40,104765,104765,2.502293318177017e+19,2.502293318177017e+19,100
2026/01/30/15:50,105234,105234,2.513497047754521e+19,2.513497047754521e+19,100
2026/01/30/16:00,105703,105703,2.524699746325132e+19,2.524699746325132e+19,100
2026/01/30/16:10,106171,106171,2.535881806107811e+19,2.535881806107811e+19,100
2026/01/30/16:20,106640,106640,2.547085110218012e+19,2.547085110218012e+19,100
2026/01/30/16:30,107109,107109,2.558287072924731e+19,2.558287072924731e+19,100
2026/01/30/16:40,107473,107473,2.566981390364987e+19,2.566981390364987e+19,100
2026/01/30/16:50,107941,107941,2.578163597086446e+19,2.578163597086446e+19,100
2026/01/30/17:00,108410,108410,2.589366238228762e+19,2.589366238228762e+19,100
2026/01/30/17:10,108879,108879,2.600571541542817e+19,2.600571541542817e+19,100
2026/01/30/17:20,109348,109348,2.611778271081893e+19,2.611778271081893e+19,100
2026/01/30/17:30,109816,109816,2.622954122618105e+19,2.622954122618105e+19,100
2026/01/30/17:40,110285,110285,2.634137978303048e+19,2.634137978303048e+19,100
2026/01/30/17:50,110754,110754,2.645315305626497e+19,2.645315305626497e+19,100
2026/01/30/18:00,111223,111223,2.656493149460196e+19,2.656493149460196e+19,100
2026/01/30/18:10,111691,111691,2.667647182589729e+19,2.667647182589729e+19,100
2026/01/30/18:20,112160,112160,2.678826609875829e+19,2.678826609875829e+19,100
2026/01/30/18:30,112611,112611,2.689576207826922e+19,2.689576207826922e+19,100
2026/01/30/18:40,112867,112867,2.695671764664823e+19,2.695671764664823e+19,100
2026/01/30/18:50,113335,113335,2.706817292319296e+19,2.706817292319296e+19,100
2026/01/30/19:00,113804,113804,2.717985775391042e+19,2.717985775391042e+19,100
2026/01/30/19:10,114273,114273,2.729156144787543e+19,2.729156144787543e+19,100
2026/01/30/19:20,114742,114742,2.740328099871912e+19,2.740328099871912e+19,100
2026/01/30/19:30,114999,114999,2.746448839291089e+19,2.746448839291089e+19,100
2026/01/30/19:40,114999,114999,2.746448839291089e+19,2.746448839291089e+19,100
2026/01/30/19:50,115058,115058,2.747853815078279e+19,2.747853815078279e+19,100
2026/01/30/20:00,115527,115527,2.759032224563923e+19,2.759032224563923e+19,100
2026/01/30/20:10,115995,115995,2.770187735020894e+19,2.770187735020894e+19,100
2026/01/30/20:20,116464,116464,2.781368862737938e+19,2.781368862737938e+19,100
2026/01/30/20:30,116933,116933,2.792551647088472e+19,2.792551647088472e+19,100
2026/01/30/20:40,117402,117402,2.803733640295862e+19,2.803733640295862e+19,100
2026/01/30/20:50,117795,117795,2.813104777244649e+19,2.813104777244649e+19,100
2026/01/30/21:00,118146,118146,2.821463852566838e+19,2.821463852566838e+19,100
2026/01/30/21:10,118615,118615,2.832631500713465e+19,2.832631500713465e+19,100
2026/01/30/21:20,119084,119084,2.843800871220085e+19,2.843800871220085e+19,100
2026/01/30/21:30,119552,119552,2.854948055488703e+19,2.854948055488703e+19,100
2026/01/30/21:40,120021,120021,2.866119940263397e+19,2.866119940263397e+19,100
2026/01/30/21:50,120490,120490,2.877291541447829e+19,2.877291541447829e+19,100
2026/01/30/22:00,120959,120959,2.888464075474431e+19,2.888464075474431e+19,100
2026/01/30/22:10,121427,121427,2.899612472558487e+19,2.899612472558487e+19,100
2026/01/30/22:20,121896,121896,2.910779400686887e+19,2.910779400686887e+19,100
2026/01/30/22:30,122365,122365,2.921947550513278e+19,2.921947550513278e+19,100
2026/01/30/22:40,122834,122834,2.933122255441694e+19,2.933122255441694e+19,100
2026/01/30/22:50,123302,123302,2.944270877788625e+19,2.944270877788625e+19,100
2026/01/30/23:00,123771,123771,2.955440887457213e+19,2.955440887457213e+19,100
2026/01/30/23:10,124240,124240,2.966608461586868e+19,2.966608461586868e+19,100
2026/01/30/23:20,124363,124363,2.969536943109376e+19,2.969536943109376e+19,100
2026/01/30/23:30,124831,124831,2.980681503053209e+19,2.980681503053209e+19,100
2026/01/30/23:40,125300,125300,2.991850075977288e+19,2.991850075977288e+19,100
2026/01/30/23:50,125734,125734,3.002184663536912e+19,3.002184663536912e+19,100
2026/01/31/0:00,126132,126132,3.011663481609535e+19,3.011663481609535e+19,100
2026/01/31/0:10,126600,126600,3.022808525517044e+19,3.022808525517044e+19,100
2026/01/31/0:20,127069,127069,3.033982519255611e+19,3.033982519255611e+19,100
2026/01/31/0:30,127538,127538,3.04515404609284e+19,3.04515404609284e+19,100
2026/01/31/0:40,128007,128007,3.056328993693218e+19,3.056328993693218e+19,100
2026/01/31/0:50,128475,128475,3.067479305492387e+19,3.067479305492387e+19,100
2026/01/31/1:00,128944,128944,3.07865228659931e+19,3.07865228659931e+19,100
2026/01/31/1:10,129413,129413,3.08982732578311e+19,3.08982732578311e+19,100
2026/01/31/1:20,129882,129882,3.101000200984358e+19,3.101000200984358e+19,100
2026/01/31/1:30,130293,130293,3.110790090172827e+19,3.110790090172827e+19,100
2026/01/31/1:40,130762,130762,3.121966230321049e+19,3.121966230321049e+19,100
2026/01/31/1:50,131231,131231,3.133143381467851e+19,3.133143381467851e+19,100
2026/01/31/2:00,131700,131700,3.144318255738797e+19,3.144318255738797e+19,100
2026/01/31/2:10,132168,132168,3.15546792673519e+19,3.15546792673519e+19,100
2026/01/31/2:20,132637,132637,3.166644573902254e+19,3.166644573902254e+19,100
2026/01/31/2:30,133106,133106,3.177823305591339e+19,3.177823305591339e+19,100
2026/01/31/2:40,133575,133575,3.189001006316097e+19,3.189001006316097e+19,100
2026/01/31/2:50,134043,134043,3.20015439116247e+19,3.20015439116247e+19,100
2026/01/31/3:00,134512,134512,3.211332487709049e+19,3.211332487709049e+19,100
2026/01/31/3:10,134981,134981,3.222514058812013e+19,3.222514058812013e+19,100
2026/01/31/3:20,135450,135450,3.233690225051928e+19,3.233690225051928e+19,100
2026/01/31/3:30,135918,135918,3.244842995133033e+19,3.244842995133033e+19,100
2026/01/31/3:40,136387,136387,3.25602064278048e+19,3.25602064278048e+19,100
2026/01/31/3:50,136856,136856,3.267197743911003e+19,3.267197743911003e+19,100
2026/01/31/4:00,137325,137325,3.278373048196311e+19,3.278373048196311e+19,100
2026/01/31/4:10,137747,137747,3.288427768067386e+19,3.288427768067386e+19,100
2026/01/31/4:20,138119,138119,3.297289495387403e+19,3.297289495387403e+19,100
2026/01/31/4:30,138588,138588,3.308471213830327e+19,3.308471213830327e+19,100
2026/01/31/4:40,139057,139057,3.319652672610152e+19,3.319652672610152e+19,100
2026/01/31/4:50,139525,139525,3.330802674390693e+19,3.330802674390693e+19,100
2026/01/31/5:00,139994,139994,3.34198212029326e+19,3.34198212029326e+19,100
2026/01/31/5:10,140463,140463,3.353162983960111e+19,3.353162983960111e+19,100
2026/01/31/5:20,140932,140932,3.364341438255822e+19,3.364341438255822e+19,100
2026/01/31/5:30,141400,141400,3.375495189822881e+19,3.375495189822881e+19,100
2026/01/31/5:40,141869,141869,3.386677542960696e+19,3.386677542960696e+19,100
2026/01/31/5:50,142338,142338,3.397855764032e+19,3.397855764032e+19,100
2026/01/31/6:00,142807,142807,3.409038852335855e+19,3.409038852335856e+19,100
2026/01/31/6:10,143275,143275,3.420196330781329e+19,3.420196330781329e+19,100
2026/01/31/6:20,143744,143744,3.43137821637e+19,3.43137821637e+19,100
2026/01/31/6:30,144213,144213,3.44255907318209e+19,3.44255907318209e+19,100
2026/01/31/6:40,144682,144682,3.453731711784439e+19,3.453731711784439e+19,100
2026/01/31/6:50,145150,145150,3.464886755050873e+19,3.464886755050873e+19,100
2026/01/31/7:00,145394,145394,3.470706133514189e+19,3.470706133514189e+19,100
2026/01/31/7:10,145833,145833,3.481157078680547e+19,3.481157078680547e+19,100
2026/01/31/7:20,146302,146302,3.492322701612902e+19,3.492322701612902e+19,100
2026/01/31/7:30,146770,146770,3.503470956248468e+19,3.503470956248469e+19,100
2026/01/31/7:40,147021,147021,3.509450726569981e+19,3.509450726569982e+19,100
2026/01/31/7:50,147484,147484,3.520473202432671e+19,3.520473202432671e+19,100
2026/01/31/8:00,147915,147915,3.530736055763363e+19,3.530736055763364e+19,100
2026/01/31/8:10,148211,148211,3.537781617772301e+19,3.537781617772301e+19,100
2026/01/31/8:20,148513,148513,3.544975654368924e+19,3.544975654368924e+19,100
2026/01/31/8:30,148966,148966,3.555762664527824e+19,3.555762664527825e+19,100
2026/01/31/8:40,149435,149435,3.566932467129485e+19,3.566932467129485e+19,100
2026/01/31/8:50,149903,149903,3.578080839100921e+19,3.578080839100921e+19,100
2026/01/31/9:00,150372,150372,3.58925044790788e+19,3.58925044790788e+19,100
2026/01/31/9:10,150841,150841,3.600423955465354e+19,3.600423955465354e+19,100
2026/01/31/9:20,151310,151310,3.61159825271092e+19,3.61159825271092e+19,100
2026/01/31/9:30,151778,151778,3.622745149126005e+19,3.622745149126005e+19,100
2026/01/31/9:40,152247,152247,3.633916632935869e+19,3.633916632935869e+19,100
2026/01/31/9:50,152716,152716,3.645092843828475e+19,3.645092843828475e+19,100
2026/01/31/10:00,153139,153139,3.655173654948168e+19,3.655173654948169e+19,100
2026/01/31/10:10,153607,153607,3.666328992494627e+19,3.666328992494627e+19,100
2026/01/31/10:20,154076,154076,3.677504162918602e+19,3.677504162918602e+19,100
2026/01/31/10:30,154545,154545,3.688681312246583e+19,3.688681312246583e+19,100
2026/01/31/10:40,155014,155014,3.699860267086902e+19,3.699860267086903e+19,100
2026/01/31/10:50,155482,155482,3.711011844283495e+19,3.711011844283496e+19,100
2026/01/31/11:00,155951,155951,3.722188073581011e+19,3.722188073581012e+19,100
2026/01/31/11:10,156332,156332,3.731267980118845e+19,3.731267980118846e+19,100
2026/01/31/11:20,156437,156437,3.733770046186361e+19,3.733770046186362e+19,100
2026/01/31/11:30,156437,156437,3.733770046186361e+19,3.733770046186362e+19,100
2026/01/31/11:40,156437,156437,3.733770046186361e+19,3.733770046186362e+19,100
2026/01/31/11:50,156437,156437,3.733770046186361e+19,3.733770046186362e+19,100
2026/01/31/12:00,156437,156437,3.733770046186361e+19,3.733770046186362e+19,100
2026/01/31/12:10,156437,156437,3.733770046186361e+19,3.733770046186362e+19,100
2026/01/31/12:20,156437,156437,3.733770046186361e+19,3.733770046186362e+19,100
2026/01/31/12:30,156437,156437,3.733770046186361e+19,3.733770046186362e+19,100
2026/01/31/12:40,156437,156437,3.733770046186361e+19,3.733770046186362e+19,100
2026/01/31/12:50,156437,156437,3.733770046186361e+19,3.733770046186362e+19,100
2026/01/31/13:00,156437,156437,3.733770046186361e+19,3.733770046186362e+19,100
2026/01/31/13:10,156437,156437,3.733770046186361e+19,3.733770046186362e+19,100
2026/01/31/13:20,156437,156437,3.733770046186361e+19,3.733770046186362e+19,100
2026/01/31/13:30,156437,156437,3.733770046186361e+19,3.733770046186362e+19,100
2026/01/31/13:40,156437,156437,3.733770046186361e+19,3.733770046186362e+19,100
2026/01/31/13:50,156437,156437,3.733770046186361e+19,3.733770046186362e+19,100
2026/01/31/14:00,156437,156437,3.733770046186361e+19,3.733770046186362e+19,100
2026/01/31/14:10,156437,156437,3.733770046186361e+19,3.733770046186362e+19,100
2026/01/31/14:20,156437,156437,3.733770046186361e+19,3.733770046186362e+19,100
2026/01/31/14:30,156437,156437,3.733770046186361e+19,3.733770046186362e+19,100
2026/01/31/14:40,156439,156439,3.733799764898152e+19,3.733799764898153e+19,100
2026/01/31/14:50,156503,156503,3.735323410407674e+19,3.735323410407675e+19,100
2026/01/31/15:00,156519,156519,3.735704413424976e+19,3.735704413424977e+19,100
2026/01/31/15:10,156519,156519,3.735704413424976e+19,3.735704413424977e+19,100
2026/01/31/15:20,156599,156599,3.737609206279963e+19,3.737609206279963e+19,100
2026/01/31/15:30,156599,156599,3.737609206279963e+19,3.737609206279963e+19,100
2026/01/31/15:40,156600,156600,3.737631867804408e+19,3.737631867804409e+19,100
2026/01/31/15:50,156600,156600,3.737631867804408e+19,3.737631867804409e+19,100
2026/01/31/16:00,156602,156602,3.737677136580667e+19,3.737677136580668e+19,100
2026/01/31/16:10,156653,156653,3.738831694506128e+19,3.738831694506129e+19,100
2026/01/31/16:20,157095,157095,3.748829145903914e+19,3.748829145903915e+19,100
2026/01/31/16:30,157463,157463,3.75715518573812e+19,3.757155185738121e+19,100
2026/01/31/16:40,157553,157553,3.759189229557909e+19,3.75918922955791e+19,100
2026/01/31/16:50,157984,157984,3.76895169779019e+19,3.768951697790191e+19,100
2026/01/31/17:00,158453,158453,3.779576362397544e+19,3.779576362397544e+19,100
2026/01/31/17:10,158922,158922,3.790203670420843e+19,3.790203670420844e+19,100
2026/01/31/17:20,159391,159391,3.800830128465385e+19,3.800830128465386e+19,100
2026/01/31/17:30,159859,159859,3.811434890766587e+19,3.811434890766587e+19,100
2026/01/31/17:40,160328,160328,3.822060593532284e+19,3.822060593532285e+19,100
2026/01/31/17:50,160797,160797,3.83268738606827e+19,3.832687386068271e+19,100
2026/01/31/18:00,161266,161266,3.843307950736446e+19,3.843307950736447e+19,100
2026/01/31/18:10,161734,161734,3.853904994890079e+19,3.853904994890079e+19,100
2026/01/31/18:20,162203,162203,3.864525351351024e+19,3.864525351351025e+19,100
2026/01/31/18:30,162672,162672,3.875150128524033e+19,3.875150128524034e+19,100
2026/01/31/18:40,163141,163141,3.885776191669063e+19,3.885776191669064e+19,100
2026/01/31/18:50,163609,163609,3.896378812441761e+19,3.896378812441761e+19,100
2026/01/31/19:00,164078,164078,3.907006034869563e+19,3.907006034869563e+19,100
2026/01/31/19:10,164547,164547,3.917630242771042e+19,3.917630242771043e+19,100
2026/01/31/19:20,164842,164842,3.924313321816705e+19,3.924313321816706e+19,100
2026/01/31/19:30,165310,165310,3.934919882139543e+19,3.934919882139544e+19,100
2026/01/31/19:40,165706,165706,3.943892376393303e+19,3.943892376393304e+19,100
2026/01/31/19:50,166175,166175,3.954517125196571e+19,3.954517125196572e+19,100
2026/01/31/20:00,166644,166644,3.965138145436769e+19,3.96513814543677e+19,100
2026/01/31/20:10,167112,167112,3.975736140382149e+19,3.97573614038215e+19,100
2026/01/31/20:20,167581,167581,3.986359718276376e+19,3.986359718276377e+19,100
2026/01/31/20:30,168050,168050,3.996976918813819e+19,3.99697691881382e+19,100
2026/01/31/20:40,168519,168519,4.007597916074954e+19,4.007597916074955e+19,100
2026/01/31/20:50,168987,168987,4.018199373545408e+19,4.018199373545409e+19,100
2026/01/31/21:00,169456,169456,4.028823420240033e+19,4.028823420240034e+19,100
2026/01/31/21:10,169925,169925,4.039450071073128e+19,4.039450071073129e+19,100
2026/01/31/21:20,170394,170394,4.050074421104461e+19,4.050074421104462e+19,100
2026/01/31/21:30,170862,170862,4.060673700059853e+19,4.060673700059854e+19,100
2026/01/31/21:40,171080,171080,4.065610391360576e+19,4.065610391360577e+19,100
2026/01/31/21:50,171479,171479,4.07463852620311e+19,4.074638526203111e+19,100
2026/01/31/22:00,171948,171948,4.085250024941468e+19,4.085250024941469e+19,100
2026/01/31/22:10,172349,172349,4.094322821829171e+19,4.094322821829172e+19,100
2026/01/31/22:20,172818,172818,4.104933897531764e+19,4.104933897531765e+19,100
2026/01/31/22:30,173287,173287,4.115545762456782e+19,4.115545762456783e+19,100
2026/01/31/22:40,173756,173756,4.126156587332387e+19,4.126156587332388e+19,100
2026/01/31/22:50,174224,174224,4.136749428592554e+19,4.136749428592555e+19,100
2026/01/31/23:00,174693,174693,4.147362813037774e+19,4.147362813037775e+19,100
2026/01/31/23:10,175162,175162,4.15797860845624e+19,4.15797860845624e+19,100
2026/01/31/23:20,175631,175631,4.168594342165089e+19,4.16859434216509e+19,100
2026/01/31/23:30,176099,176099,4.179183706692742e+19,4.179183706692743e+19,100
2026/01/31/23:40,176568,176568,4.189797308528316e+19,4.189797308528317e+19,100
2026/01/31/23:50,176979,176979,4.19909572909532e+19,4.19909572909532e+19,100
2026/02/01/0:00,177448,177448,4.209704445977095e+19,4.209704445977096e+19,100
2026/02/01/0:10,177916,177916,4.220294602807558e+19,4.220294602807559e+19,100
2026/02/01/0:20,178384,178384,4.230884391827328e+19,4.230884391827329e+19,100
2026/02/01/0:30,178761,178761,4.239413555054425e+19,4.239413555054426e+19,100
2026/02/01/0:40,179230,179230,4.250026026752213e+19,4.250026026752214e+19,100
2026/02/01/0:50,179698,179698,4.260616484121512e+19,4.260616484121512e+19,100
2026/02/01/1:00,180167,180167,4.271228087003476e+19,4.271228087003477e+19,100
2026/02/01/1:10,180636,180636,4.281842725681656e+19,4.281842725681657e+19,100
2026/02/01/1:20,181105,181105,4.292452697161445e+19,4.292452697161446e+19,100
2026/02/01/1:30,181573,181573,4.303037893864062e+19,4.303037893864063e+19,100
2026/02/01/1:40,182042,182042,4.313651848726297e+19,4.313651848726298e+19,100
2026/02/01/1:50,182511,182511,4.324262231059608e+19,4.324262231059608e+19,100
2026/02/01/2:00,182870,182870,4.33238524971349e+19,4.332385249713491e+19,100
2026/02/01/2:10,183144,183144,4.338583874995018e+19,4.338583874995019e+19,100
2026/02/01/2:20,183145,183145,4.338606529494214e+19,4.338606529494215e+19,100
2026/02/01/2:30,183604,183604,4.348995719132121e+19,4.348995719132121e+19,100
2026/02/01/2:40,184073,184073,4.359604427983996e+19,4.359604427983997e+19,100
2026/02/01/2:50,184541,184541,4.370195006177169e+19,4.370195006177169e+19,100
2026/02/01/3:00,184958,184958,4.379628218664953e+19,4.379628218664954e+19,100
2026/02/01/3:10,185242,185242,4.386053639704795e+19,4.386053639704796e+19,100
2026/02/01/3:20,185456,185456,4.39089800419702e+19,4.390898004197021e+19,100
2026/02/01/3:30,185924,185924,4.401487572383582e+19,4.401487572383583e+19,100
2026/02/01/3:40,186267,186267,4.409245333897926e+19,4.409245333897927e+19,100
2026/02/01/3:50,186736,186736,4.419860673309671e+19,4.419860673309672e+19,100
2026/02/01/4:00,187205,187205,4.430475325854745e+19,4.430475325854746e+19,100
2026/02/01/4:10,187495,187495,4.437037926852132e+19,4.437037926852133e+19,100
2026/02/01/4:20,187893,187893,4.446045731314224e+19,4.446045731314225e+19,100
2026/02/01/4:30,188362,188362,4.456662837298772e+19,4.456662837298773e+19,100
2026/02/01/4:40,188831,188831,4.467281020734649e+19,4.46728102073465e+19,100
2026/02/01/4:50,189232,189232,4.47636036645654e+19,4.47636036645654e+19,100
2026/02/01/5:00,189701,189701,4.486972356435136e+19,4.486972356435137e+19,100
2026/02/01/5:10,190170,190170,4.49759016602467e+19,4.497590166024671e+19,100
2026/02/01/5:20,190639,190639,4.508210844216929e+19,4.508210844216929e+19,100
2026/02/01/5:30,191107,191107,4.51880376526657e+19,4.51880376526657e+19,100
2026/02/01/5:40,191576,191576,4.529420767998863e+19,4.529420767998864e+19,100
2026/02/01/5:50,192045,192045,4.54004317284533e+19,4.54004317284533e+19,100
2026/02/01/6:00,192444,192444,4.549072636120961e+19,4.549072636120962e+19,100
2026/02/01/6:10,192860,192860,4.558488039447885e+19,4.558488039447885e+19,100
2026/02/01/6:20,193329,193329,4.569102180330311e+19,4.569102180330312e+19,100
2026/02/01/6:30,193798,193798,4.579722728471729e+19,4.57972272847173e+19,100
2026/02/01/6:40,194267,194267,4.590337592134155e+19,4.590337592134156e+19,100
2026/02/01/6:50,194684,194684,4.599778357294232e+19,4.599778357294233e+19,100
2026/02/01/7:00,195153,195153,4.610392142425651e+19,4.610392142425652e+19,100
2026/02/01/7:10,195622,195622,4.621005927569964e+19,4.621005927569965e+19,100
2026/02/01/7:20,196091,196091,4.63162041041648e+19,4.631620410416481e+19,100
2026/02/01/7:30,196559,196559,4.642217882222588e+19,4.642217882222589e+19,100
2026/02/01/7:40,197028,197028,4.652832481191129e+19,4.65283248119113e+19,100
2026/02/01/7:50,197497,197497,4.663451708577193e+19,4.663451708577194e+19,100
2026/02/01/8:00,197966,197966,4.674068185723188e+19,4.674068185723189e+19,100
2026/02/01/8:10,198434,198434,4.684662043991776e+19,4.684662043991776e+19,100
2026/02/01/8:20,198809,198809,4.69315541736301e+19,4.693155417363011e+19,100
2026/02/01/8:30,199278,199278,4.703779026470017e+19,4.703779026470017e+19,100
2026/02/01/8:40,199747,199747,4.714401993546216e+19,4.714401993546217e+19,100
2026/02/01/8:50,200215,200215,4.725000875420802e+19,4.725000875420803e+19,100
2026/02/01/9:00,200684,200684,4.735625601304351e+19,4.735625601304352e+19,100
2026/02/01/9:10,201153,201153,4.746251765055969e+19,4.74625176505597e+19,100
2026/02/01/9:20,201622,201622,4.756872411648484e+19,4.756872411648485e+19,100
2026/02/01/9:30,202090,202090,4.767477024264607e+19,4.767477024264608e+19,100
2026/02/01/9:40,202559,202559,4.778105102492693e+19,4.778105102492694e+19,100
2026/02/01/9:50,202954,202954,4.787056675024831e+19,4.787056675024832e+19,100
2026/02/01/10:00,203423,203423,4.797683889608481e+19,4.797683889608482e+19,100
2026/02/01/10:10,203891,203891,4.808286219338904e+19,4.808286219338905e+19,100
2026/02/01/10:20,204360,204360,4.818915399171222e+19,4.818915399171223e+19,100
2026/02/01/10:30,204829,204829,4.829541400976832e+19,4.829541400976833e+19,100
2026/02/01/10:40,205298,205298,4.840167799015771e+19,4.840167799015772e+19,100
2026/02/01/10:50,205766,205766,4.850776457494064e+19,4.850776457494064e+19,100
2026/02/01/11:00,206235,206235,4.861401135963154e+19,4.861401135963155e+19,100
2026/02/01/11:10,206704,206704,4.872032091956432e+19,4.872032091956433e+19,100
2026/02/01/11:20,207173,207173,4.882661322714431e+19,4.882661322714431e+19,100
2026/02/01/11:30,207641,207641,4.893267540496582e+19,4.893267540496583e+19,100
2026/02/01/11:40,208110,208110,4.903895451795632e+19,4.903895451795633e+19,100
2026/02/01/11:50,208508,208508,4.912917395759496e+19,4.912917395759497e+19,100
2026/02/01/12:00,208977,208977,4.923549256263917e+19,4.923549256263918e+19,100
2026/02/01/12:10,209424,209424,4.933683860282751e+19,4.933683860282751e+19,100
2026/02/01/12:20,209868,209868,4.943751794497622e+19,4.943751794497623e+19,100
2026/02/01/12:30,210337,210337,4.954385523443014e+19,4.954385523443015e+19,100
2026/02/01/12:40,210806,210806,4.965024781618803e+19,4.965024781618804e+19,100
2026/02/01/12:50,211274,211274,4.975632105701864e+19,4.975632105701865e+19,100
2026/02/01/13:00,211743,211743,4.986272131897261e+19,4.986272131897262e+19,100
2026/02/01/13:10,212212,212212,4.996908238926193e+19,4.996908238926194e+19,100
2026/02/01/13:20,212681,212681,5.007547116673057e+19,5.007547116673058e+19,100
2026/02/01/13:30,213149,213149,5.018163403351125e+19,5.018163403351126e+19,100
2026/02/01/13:40,213618,213618,5.028803733205741e+19,5.028803733205742e+19,100
2026/02/01/13:50,214087,214087,5.039438349575673e+19,5.039438349575673e+19,100
2026/02/01/14:00,214556,214556,5.050077003986821e+19,5.050077003986822e+19,100
2026/02/01/14:10,215024,215024,5.0606941446786e+19,5.060694144678601e+19,100
2026/02/01/14:20,215493,215493,5.071331811510106e+19,5.071331811510107e+19,100
2026/02/01/14:30,215962,215962,5.081970491046788e+19,5.081970491046789e+19,100
2026/02/01/14:40,216431,216431,5.092607385186512e+19,5.092607385186513e+19,100
2026/02/01/14:50,216893,216893,5.103085889705823e+19,5.103085889705824e+19,100
2026/02/01/15:00,217171,217171,5.109385442646773e+19,5.109385442646774e+19,100
2026/02/01/15:10,217640,217640,5.120012894029272e+19,5.120012894029273e+19,100
2026/02/01/15:20,218109,218109,5.130642633408225e+19,5.130642633408226e+19,100
2026/02/01/15:30,218577,218577,5.141247966590802e+19,5.141247966590802e+19,100
2026/02/01/15:40,219046,219046,5.151879905879823e+19,5.151879905879824e+19,100
2026/02/01/15:50,219515,219515,5.162512690658623e+19,5.162512690658623e+19,100
2026/02/01/16:00,219984,219984,5.17314212487688e+19,5.173142124876881e+19,100
2026/02/01/16:10,220452,220452,5.183746983744547e+19,5.183746983744548e+19,100
2026/02/01/16:20,220921,220921,5.194378182694867e+19,5.194378182694868e+19,100
2026/02/01/16:30,221390,221390,5.205011648889024e+19,5.205011648889025e+19,100
2026/02/01/16:40,221859,221859,5.215639227134905e+19,5.215639227134906e+19,100
2026/02/01/16:50,222327,222327,5.22624706577524e+19,5.226247065775241e+19,100
2026/02/01/17:00,222796,222796,5.236875094990628e+19,5.236875094990628e+19,100
2026/02/01/17:10,223265,223265,5.247500935744188e+19,5.247500935744189e+19,100
2026/02/01/17:20,223734,223734,5.258128575129531e+19,5.258128575129532e+19,100
2026/02/01/17:30,224202,224202,5.268735183256399e+19,5.2687351832564e+19,100
2026/02/01/17:40,224671,224671,5.279363325081297e+19,5.279363325081298e+19,100
2026/02/01/17:50,225140,225140,5.289993871752194e+19,5.289993871752195e+19,100
2026/02/01/18:00,225609,225609,5.300623526744315e+19,5.300623526744316e+19,100
2026/02/01/18:10,226077,226077,5.311230400927246e+19,5.311230400927247e+19,100
2026/02/01/18:20,226546,226546,5.321862544121557e+19,5.321862544121558e+19,100
2026/02/01/18:30,227015,227015,5.332488685938967e+19,5.332488685938968e+19,100
2026/02/01/18:40,227484,227484,5.343112045668894e+19,5.343112045668895e+19,100
2026/02/01/18:50,227952,227952,5.353715003309107e+19,5.353715003309108e+19,100
2026/02/01/19:00,228421,228421,5.364340022474269e+19,5.36434002247427e+19,100
2026/02/01/19:10,228890,228890,5.374970168164869e+19,5.37497016816487e+19,100
2026/02/01/19:20,229359,229359,5.3855991444002e+19,5.385599144400201e+19,100
2026/02/01/19:30,229827,229827,5.396207904358348e+19,5.396207904358348e+19,100
2026/02/01/19:40,230295,230295,5.406814506649509e+19,5.40681450664951e+19,100
2026/02/01/19:50,230577,230577,5.413203957819266e+19,5.413203957819267e+19,100
2026/02/01/20:00,230770,230770,5.417577007718371e+19,5.417577007718371e+19,100
2026/02/01/20:10,231238,231238,5.428187256121985e+19,5.428187256121985e+19,100
2026/02/01/20:20,231707,231707,5.438820155429727e+19,5.438820155429727e+19,100
2026/02/01/20:30,232076,232076,5.447187288432018e+19,5.447187288432019e+19,100
2026/02/01/20:40,232419,232419,5.454950028913843e+19,5.454950028913844e+19,100
2026/02/01/20:50,232887,232887,5.465543298241858e+19,5.465543298241859e+19,100
2026/02/01/21:00,233356,233356,5.476163948554563e+19,5.476163948554564e+19,100
2026/02/01/21:10,233762,233762,5.485355595021682e+19,5.485355595021683e+19,100
2026/02/01/21:20,234231,234231,5.495978866936101e+19,5.495978866936102e+19,100
2026/02/01/21:30,234699,234699,5.506579600790675e+19,5.506579600790675e+19,100
2026/02/01/21:40,235168,235168,5.517199769101706e+19,5.517199769101707e+19,100
2026/02/01/21:50,235637,235637,5.527823236997284e+19,5.527823236997285e+19,100
2026/02/01/22:00,236106,236106,5.538443931784667e+19,5.538443931784668e+19,100
2026/02/01/22:10,236573,236573,5.549021495973921e+19,5.549021495973922e+19,100
2026/02/01/22:20,237042,237042,5.559641966438796e+19,5.559641966438797e+19,100
2026/02/01/22:30,237436,237436,5.56857333555192e+19,5.568573335551921e+19,100
2026/02/01/22:40,237905,237905,5.579213212752359e+19,5.579213212752359e+19,100
2026/02/01/22:50,238373,238373,5.589827569310801e+19,5.589827569310802e+19,100
2026/02/01/23:00,238842,238842,5.600462519040908e+19,5.600462519040909e+19,100
2026/02/01/23:10,239311,239311,5.611102246735583e+19,5.611102246735584e+19,100
2026/02/01/23:20,239780,239780,5.621740395487493e+19,5.621740395487493e+19,100
2026/02/01/23:30,240080,240080,5.628543751007094e+19,5.628543751007095e+19,100
2026/02/01/23:40,240080,240080,5.628543751007094e+19,5.628543751007095e+19,100
2026/02/01/23:50,240080,240080,5.628543751007094e+19,5.628543751007095e+19,100
2026/02/02/0:00,240080,240080,5.628543751007094e+19,5.628543751007095e+19,100
2026/02/02/0:10,240080,240080,5.628543751007094e+19,5.628543751007095e+19,100
2026/02/02/0:20,240080,240080,5.628543751007094e+19,5.628543751007095e+19,100
2026/02/02/0:30,240080,240080,5.628543751007094e+19,5.628543751007095e+19,100
2026/02/02/0:40,240080,240080,5.628543751007094e+19,5.628543751007095e+19,100
2026/02/02/0:50,240080,240080,5.628543751007094e+19,5.628543751007095e+19,100
2026/02/02/1:00,240080,240080,5.628543751007094e+19,5.628543751007095e+19,100
2026/02/02/1:10,240427,240427,5.63638594175636e+19,5.636385941756361e+19,100
2026/02/02/1:20,240896,240896,5.646990296868747e+19,5.646990296868748e+19,100
2026/02/02/1:30,241364,241364,5.657592693876193e+19,5.657592693876194e+19,100
2026/02/02/1:40,241833,241833,5.66821586467837e+19,5.668215864678371e+19,100
2026/02/02/1:50,242302,242302,5.678836869029046e+19,5.678836869029047e+19,100
2026/02/02/2:00,242771,242771,5.689460680168328e+19,5.689460680168329e+19,100
2026/02/02/2:10,243239,243239,5.700063003556103e+19,5.700063003556104e+19,100
2026/02/02/2:20,243708,243708,5.710686100070419e+19,5.71068610007042e+19,100
2026/02/02/2:30,243907,243907,5.715192209698372e+19,5.715192209698373e+19,100
2026/02/02/2:40,244329,244329,5.724752491111753e+19,5.724752491111754e+19,100
2026/02/02/2:50,244797,244797,5.735352191026098e+19,5.735352191026099e+19,100
2026/02/02/3:00,245266,245266,5.745979663353405e+19,5.745979663353405e+19,100
2026/02/02/3:10,245705,245705,5.755927974459891e+19,5.755927974459892e+19,100
2026/02/02/3:20,246146,246146,5.765924229793441e+19,5.765924229793442e+19,100
2026/02/02/3:30,246614,246614,5.776528267415843e+19,5.776528267415844e+19,100
2026/02/02/3:40,247083,247083,5.787154352567316e+19,5.787154352567316e+19,100
2026/02/02/3:50,247552,247552,5.797782701870633e+19,5.797782701870634e+19,100
2026/02/02/4:00,248021,248021,5.808410944051863e+19,5.808410944051864e+19,100
2026/02/02/4:10,248489,248489,5.819018129535626e+19,5.819018129535626e+19,100
2026/02/02/4:20,248958,248958,5.829650897942461e+19,5.829650897942462e+19,100
2026/02/02/4:30,249376,249376,5.839121809134563e+19,5.839121809134563e+19,100
2026/02/02/4:40,249845,249845,5.849750039307707e+19,5.849750039307708e+19,100
2026/02/02/4:50,250313,250313,5.860359267445781e+19,5.860359267445782e+19,100
2026/02/02/5:00,250782,250782,5.870989956139485e+19,5.870989956139486e+19,100
2026/02/02/5:10,251200,251200,5.880462652998137e+19,5.880462652998137e+19,100
2026/02/02/5:20,251669,251669,5.89109332355911e+19,5.891093323559111e+19,100
2026/02/02/5:30,252137,252137,5.901703047519326e+19,5.901703047519327e+19,100
2026/02/02/5:40,252606,252606,5.912334107118307e+19,5.912334107118308e+19,100
2026/02/02/5:50,253075,253075,5.922963007882889e+19,5.92296300788289e+19,100
2026/02/02/6:00,253544,253544,5.933595109728053e+19,5.933595109728054e+19,100
2026/02/02/6:10,254012,254012,5.944199071594644e+19,5.944199071594645e+19,100
2026/02/02/6:20,254250,254250,5.949589851520218e+19,5.949589851520219e+19,100
2026/02/02/6:30,254664,254664,5.958971630677855e+19,5.958971630677856e+19,100
2026/02/02/6:40,255133,255133,5.969598066651455e+19,5.969598066651455e+19,100
2026/02/02/6:50,255601,255601,5.980203119308679e+19,5.98020311930868e+19,100
2026/02/02/7:00,256070,256070,5.990833442053095e+19,5.990833442053095e+19,100
2026/02/02/7:10,256485,256485,6.000237732367498e+19,6.000237732367498e+19,100
2026/02/02/7:20,256954,256954,6.010864906833899e+19,6.0108649068339e+19,100
2026/02/02/7:30,257422,257422,6.021470482672961e+19,6.021470482672962e+19,100
2026/02/02/7:40,257891,257891,6.032101626554291e+19,6.032101626554292e+19,100
2026/02/02/7:50,258360,258360,6.042729234485655e+19,6.042729234485656e+19,100
2026/02/02/8:00,258829,258829,6.053359898475659e+19,6.05335989847566e+19,100
2026/02/02/8:10,259297,259297,6.063966670215116e+19,6.063966670215117e+19,100
2026/02/02/8:20,259766,259766,6.074602171935374e+19,6.074602171935375e+19,100
2026/02/02/8:30,260235,260235,6.085235126552016e+19,6.085235126552017e+19,100
2026/02/02/8:40,260704,260704,6.095864496764544e+19,6.095864496764545e+19,100
2026/02/02/8:50,261172,261172,6.106471909234542e+19,6.106471909234543e+19,100
2026/02/02/9:00,261641,261641,6.117104706573517e+19,6.117104706573518e+19,100
2026/02/02/9:10,262109,262109,6.127715301674035e+19,6.127715301674036e+19,100
2026/02/02/9:20,262578,262578,6.138348539493976e+19,6.138348539493976e+19,100
2026/02/02/9:30,263046,263046,6.148965327831176e+19,6.148965327831177e+19,100
2026/02/02/9:40,263450,263450,6.158126289428386e+19,6.158126289428387e+19,100
2026/02/02/9:50,263919,263919,6.168763713648561e+19,6.168763713648561e+19,100
2026/02/02/10:00,264388,264388,6.179398431915019e+19,6.179398431915019e+19,100
2026/02/02/10:10,264856,264856,6.190009971471072e+19,6.190009971471072e+19,100
2026/02/02/10:20,265325,265325,6.200653638683647e+19,6.200653638683648e+19,100
2026/02/02/10:30,265794,265794,6.211294426487634e+19,6.211294426487634e+19,100
2026/02/02/10:40,266215,266215,6.220847790962033e+19,6.220847790962034e+19,100
2026/02/02/10:50,266683,266683,6.231467824080515e+19,6.231467824080516e+19,100
2026/02/02/11:00,267152,267152,6.242111078209245e+19,6.242111078209246e+19,100
2026/02/02/11:10,267621,267621,6.252755728967815e+19,6.252755728967816e+19,100
2026/02/02/11:20,268090,268090,6.2634008562845e+19,6.263400856284501e+19,100
2026/02/02/11:30,268558,268558,6.274020212319245e+19,6.274020212319246e+19,100
2026/02/02/11:40,269027,269027,6.28466533003745e+19,6.284665330037451e+19,100
2026/02/02/11:50,269476,269476,6.294854365821997e+19,6.294854365821998e+19,100
2026/02/02/12:00,269476,269476,6.294854365821997e+19,6.294854365821998e+19,100
2026/02/02/12:10,269476,269476,6.294854365821997e+19,6.294854365821998e+19,100
2026/02/02/12:20,269476,269476,6.294854365821997e+19,6.294854365821998e+19,100
2026/02/02/12:30,269476,269476,6.294854365821997e+19,6.294854365821998e+19,100
2026/02/02/12:40,269476,269476,6.294854365821997e+19,6.294854365821998e+19,100
2026/02/02/12:50,269476,269476,6.294854365821997e+19,6.294854365821998e+19,100
2026/02/02/13:00,269476,269476,6.294854365821997e+19,6.294854365821998e+19,100
2026/02/02/13:10,269476,269476,6.294854365821997e+19,6.294854365821998e+19,100
2026/02/02/13:20,269476,269476,6.294854365821997e+19,6.294854365821998e+19,100
2026/02/02/13:30,269476,269476,6.294854365821997e+19,6.294854365821998e+19,100
2026/02/02/13:40,269476,269476,6.294854365821997e+19,6.294854365821998e+19,100
2026/02/02/13:50,269476,269476,6.294854365821997e+19,6.294854365821998e+19,100
2026/02/02/14:00,269479,269479,6.294914029671984e+19,6.294914029671984e+19,100
2026/02/02/14:10,269534,269534,6.29622992327246e+19,6.296229923272461e+19,100
2026/02/02/14:20,269865,269865,6.30414383662825e+19,6.304143836628251e+19,100
2026/02/02/14:30,270334,270334,6.315356284978177e+19,6.315356284978178e+19,100
2026/02/02/14:40,270803,270803,6.32657280724008e+19,6.326572807240081e+19,100
2026/02/02/14:50,271271,271271,6.337766487150864e+19,6.337766487150865e+19,100
2026/02/02/15:00,271710,271710,6.348268658718463e+19,6.348268658718464e+19,100
2026/02/02/15:10,272054,272054,6.3564996320365e+19,6.356499632036501e+19,100
2026/02/02/15:20,272523,272523,6.367718092660774e+19,6.367718092660775e+19,100
2026/02/02/15:30,272991,272991,6.378911816366429e+19,6.37891181636643e+19,100
2026/02/02/15:40,273195,273195,6.383787832105405e+19,6.383787832105406e+19,100
2026/02/02/15:50,273664,273664,6.394999590242547e+19,6.394999590242548e+19,100
2026/02/02/16:00,274133,274133,6.406214344321792e+19,6.406214344321792e+19,100
2026/02/02/16:10,274601,274601,6.417404089797058e+19,6.417404089797059e+19,100
2026/02/02/16:20,275070,275070,6.428619014769339e+19,6.42861901476934e+19,100
2026/02/02/16:30,275539,275539,6.439836095938075e+19,6.439836095938076e+19,100
2026/02/02/16:40,276008,276008,6.451054095878284e+19,6.451054095878285e+19,100
2026/02/02/16:50,276476,276476,6.462247798690728e+19,6.462247798690729e+19,100
2026/02/02/17:00,276945,276945,6.473460445931919e+19,6.47346044593192e+19,100
2026/02/02/17:10,277414,277414,6.48467823827632e+19,6.48467823827632e+19,100
2026/02/02/17:20,277883,277883,6.495894480091555e+19,6.495894480091555e+19,100
2026/02/02/17:30,278351,278351,6.507088519543194e+19,6.507088519543194e+19,100
2026/02/02/17:40,278820,278820,6.518312472508056e+19,6.518312472508057e+19,100
2026/02/02/17:50,279289,279289,6.529529203703439e+19,6.52952920370344e+19,100
2026/02/02/18:00,279322,279322,6.530317962867119e+19,6.53031796286712e+19,100
2026/02/02/18:10,279322,279322,6.530317962867119e+19,6.53031796286712e+19,100
2026/02/02/18:20,279322,279322,6.530317962867119e+19,6.53031796286712e+19,100
2026/02/02/18:30,279322,279322,6.530317962867119e+19,6.53031796286712e+19,100
2026/02/02/18:40,279322,279322,6.530317962867119e+19,6.53031796286712e+19,100
2026/02/02/18:50,279714,279714,6.539672284056207e+19,6.539672284056208e+19,100
2026/02/02/19:00,280183,280183,6.550871305519596e+19,6.550871305519596e+19,100
2026/02/02/19:10,280652,280652,6.56207280766092e+19,6.562072807660921e+19,100
2026/02/02/19:20,281121,281121,6.573278655784002e+19,6.573278655784003e+19,100
2026/02/02/19:30,281589,281589,6.58446080879866e+19,6.584460808798661e+19,100
2026/02/02/19:40,282058,282058,6.595666137792911e+19,6.595666137792912e+19,100
2026/02/02/19:50,282527,282527,6.606871196862561e+19,6.606871196862561e+19,100
2026/02/02/20:00,282875,282875,6.61518400217697e+19,6.615184002176971e+19,100
2026/02/02/20:10,282875,282875,6.61518400217697e+19,6.615184002176971e+19,100
2026/02/02/20:20,283162,283162,6.622040547995897e+19,6.622040547995898e+19,100
2026/02/02/20:30,283631,283631,6.633245950880702e+19,6.633245950880703e+19,100
2026/02/02/20:40,284100,284100,6.644448414308755e+19,6.644448414308756e+19,100
2026/02/02/20:50,284568,284568,6.655627905647018e+19,6.655627905647019e+19,100
2026/02/02/21:00,285037,285037,6.666829478486297e+19,6.666829478486298e+19,100
2026/02/02/21:10,285506,285506,6.678035917710625e+19,6.678035917710626e+19,100
2026/02/02/21:20,285975,285975,6.689239782769639e+19,6.68923978276964e+19,100
2026/02/02/21:30,286443,286443,6.700416036221364e+19,6.700416036221365e+19,100
2026/02/02/21:40,286912,286912,6.711617784558774e+19,6.711617784558775e+19,100
2026/02/02/21:50,287381,287381,6.722823171541162e+19,6.722823171541163e+19,100
2026/02/02/22:00,287850,287850,6.734026047513866e+19,6.734026047513867e+19,100
2026/02/02/22:10,288114,288114,6.740336111073912e+19,6.740336111073913e+19,100
2026/02/02/22:20,288583,288583,6.751537143705383e+19,6.751537143705384e+19,100
2026/02/02/22:30,289052,289052,6.762738221646126e+19,6.762738221646127e+19,100
2026/02/02/22:40,289521,289521,6.773943228863912e+19,6.773943228863912e+19,100
2026/02/02/22:50,289989,289989,6.785120076842968e+19,6.785120076842969e+19,100
2026/02/02/23:00,290458,290458,6.796321403061762e+19,6.796321403061762e+19,100
2026/02/02/23:10,290927,290927,6.807519277668405e+19,6.807519277668406e+19,100
2026/02/02/23:20,291396,291396,6.818722239285632e+19,6.818722239285633e+19,100
2026/02/02/23:30,291864,291864,6.829902184094587e+19,6.829902184094588e+19,100
2026/02/02/23:40,292333,292333,6.841108363413318e+19,6.841108363413319e+19,100
2026/02/02/23:50,292802,292802,6.852311287411924e+19,6.852311287411925e+19,100
2026/02/03/0:00,293135,293135,6.860264243358665e+19,6.860264243358666e+19,100
2026/02/03/0:10,293603,293603,6.871443311017479e+19,6.87144331101748e+19,100
2026/02/03/0:20,294072,294072,6.882649805806134e+19,6.882649805806135e+19,100
2026/02/03/0:30,294541,294541,6.893859833443738e+19,6.893859833443739e+19,100
2026/02/03/0:40,295010,295010,6.905068280769968e+19,6.905068280769969e+19,100
2026/02/03/0:50,295440,295440,6.915345012067638e+19,6.915345012067639e+19,100
2026/02/03/1:00,295886,295886,6.926007991224258e+19,6.926007991224259e+19,100
2026/02/03/1:10,296355,296355,6.937218335993247e+19,6.937218335993247e+19,100
2026/02/03/1:20,296824,296824,6.948430779881252e+19,6.948430779881252e+19,100
2026/02/03/1:30,297292,297292,6.959617630085491e+19,6.959617630085492e+19,100
2026/02/03/1:40,297761,297761,6.970825933434634e+19,6.970825933434635e+19,100
2026/02/03/1:50,298230,298230,6.982036508786228e+19,6.982036508786228e+19,100
2026/02/03/2:00,298699,298699,6.993250485724663e+19,6.993250485724664e+19,100
2026/02/03/2:10,299167,299167,7.004438202487316e+19,7.004438202487316e+19,100
2026/02/03/2:20,299636,299636,7.015650246634656e+19,7.015650246634657e+19,100
2026/02/03/2:30,300024,300024,7.024925779008513e+19,7.024925779008514e+19,100
2026/02/03/2:40,300243,300243,7.03015963004212e+19,7.030159630042121e+19,100
2026/02/03/2:50,300711,300711,7.041341982940008e+19,7.041341982940009e+19,100
2026/02/03/3:00,301133,301133,7.051419329807397e+19,7.051419329807398e+19,100
2026/02/03/3:10,301602,301602,7.062627318467027e+19,7.062627318467028e+19,100
2026/02/03/3:20,302071,302071,7.073835089333831e+19,7.073835089333832e+19,100
2026/02/03/3:30,302539,302539,7.085017977064331e+19,7.085017977064332e+19,100
2026/02/03/3:40,303008,303008,7.096226957642975e+19,7.096226957642976e+19,100
2026/02/03/3:50,303477,303477,7.107436618343176e+19,7.107436618343177e+19,100
2026/02/03/4:00,303946,303946,7.11864967183151e+19,7.118649671831511e+19,100
2026/02/03/4:10,304414,304414,7.129833989646532e+19,7.129833989646533e+19,100
2026/02/03/4:20,304883,304883,7.141040070621242e+19,7.141040070621243e+19,100
2026/02/03/4:30,305352,305352,7.152250030419408e+19,7.152250030419409e+19,100
2026/02/03/4:40,305821,305821,7.163459871222845e+19,7.163459871222845e+19,100
2026/02/03/4:50,306289,306289,7.174646731216468e+19,7.174646731216469e+19,100
2026/02/03/5:00,306758,306758,7.185856679256805e+19,7.185856679256806e+19,100
2026/02/03/5:10,307227,307227,7.197067734507462e+19,7.197067734507463e+19,100
2026/02/03/5:20,307696,307696,7.208276622186938e+19,7.208276622186938e+19,100
2026/02/03/5:30,308164,308164,7.219466630677858e+19,7.219466630677859e+19,100
2026/02/03/5:40,308633,308633,7.230677266255643e+19,7.230677266255644e+19,100
2026/02/03/5:50,309102,309102,7.241888005074064e+19,7.241888005074065e+19,100
2026/02/03/6:00,309571,309571,7.253093203652414e+19,7.253093203652415e+19,100
2026/02/03/6:10,310039,310039,7.264278218068047e+19,7.264278218068048e+19,100
2026/02/03/6:20,310508,310508,7.275488848965902e+19,7.275488848965903e+19,100
2026/02/03/6:30,310977,310977,7.286699463904573e+19,7.286699463904574e+19,100
2026/02/03/6:40,311446,311446,7.297911266715038e+19,7.297911266715039e+19,100
2026/02/03/6:50,311914,311914,7.309098478400208e+19,7.309098478400209e+19,100
2026/02/03/7:00,312383,312383,7.320306466116889e+19,7.32030646611689e+19,100
2026/02/03/7:10,312792,312792,7.330077110181684e+19,7.330077110181685e+19,100
2026/02/03/7:20,313261,313261,7.341283395665356e+19,7.341283395665357e+19,100
2026/02/03/7:30,313729,313729,7.352465299013962e+19,7.352465299013963e+19,100
2026/02/03/7:40,314198,314198,7.363675152860011e+19,7.363675152860012e+19,100
2026/02/03/7:50,314667,314667,7.374884276961668e+19,7.374884276961669e+19,100
2026/02/03/8:00,315136,315136,7.386092697878874e+19,7.386092697878874e+19,100
2026/02/03/8:10,315604,315604,7.397281485757933e+19,7.397281485757933e+19,100
2026/02/03/8:20,316073,316073,7.408490890855768e+19,7.408490890855768e+19,100
2026/02/03/8:30,316542,316542,7.419700156501688e+19,7.419700156501688e+19,100
2026/02/03/8:40,317011,317011,7.430912199507424e+19,7.430912199507424e+19,100
2026/02/03/8:50,317479,317479,7.442096348234043e+19,7.442096348234043e+19,100
2026/02/03/9:00,317898,317898,7.452109977496278e+19,7.452109977496278e+19,100
2026/02/03/9:10,318367,318367,7.463316791067453e+19,7.463316791067453e+19,100
2026/02/03/9:20,318836,318836,7.474522753186736e+19,7.474522753186736e+19,100
2026/02/03/9:30,319304,319304,7.485708329793382e+19,7.485708329793382e+19,100
2026/02/03/9:40,319773,319773,7.496916511735592e+19,7.496916511735592e+19,100
2026/02/03/9:50,320242,320242,7.50811816229783e+19,7.50811816229783e+19,100
2026/02/03/10:00,320665,320665,7.518228466740586e+19,7.518228466740586e+19,100
2026/02/03/10:10,321133,321133,7.529415886140237e+19,7.529415886140237e+19,100
2026/02/03/10:20,321602,321602,7.540628429573207e+19,7.540628429573207e+19,100
2026/02/03/10:30,322071,322071,7.551837433072866e+19,7.551837433072866e+19,100
2026/02/03/10:40,322540,322540,7.563049508262702e+19,7.563049508262702e+19,100
2026/02/03/10:50,323008,323008,7.574239185872724e+19,7.574239185872724e+19,100
2026/02/03/11:00,323477,323477,7.585447986611277e+19,7.585447986611277e+19,100
2026/02/03/11:10,323946,323946,7.596655370605901e+19,7.596655370605901e+19,100
2026/02/03/11:20,324415,324415,7.607861501743923e+19,7.607861501743923e+19,100
2026/02/03/11:30,324883,324883,7.619049641769379e+19,7.619049641769379e+19,100
2026/02/03/11:40,325352,325352,7.630261528235293e+19,7.630261528235293e+19,100
2026/02/03/11:50,325821,325821,7.641471646156068e+19,7.641471646156068e+19,100
2026/02/03/12:00,325869,325869,7.642619282454223e+19,7.642619282454223e+19,100
2026/02/03/12:10,325869,325869,7.642619282454223e+19,7.642619282454223e+19,100
2026/02/03/12:20,325869,325869,7.642619282454223e+19,7.642619282454223e+19,100
2026/02/03/12:30,325869,325869,7.642619282454223e+19,7.642619282454223e+19,100
2026/02/03/12:40,325869,325869,7.642619282454223e+19,7.642619282454223e+19,100
2026/02/03/12:50,325869,325869,7.642619282454223e+19,7.642619282454223e+19,100
2026/02/03/13:00,325871,325871,7.642651241112237e+19,7.642651241112237e+19,100
2026/02/03/13:10,325878,325878,7.642801091788215e+19,7.642801091788215e+19,100
2026/02/03/13:20,325933,325933,7.643978703605173e+19,7.643978703605173e+19,100
2026/02/03/13:30,326248,326248,7.650714610588184e+19,7.650714610588184e+19,100
2026/02/03/13:40,326717,326717,7.660746102800631e+19,7.660746102800631e+19,100
2026/02/03/13:50,327186,327186,7.670777504344238e+19,7.670777504344238e+19,100
2026/02/03/14:00,327655,327655,7.680810718066614e+19,7.680810718066614e+19,100
2026/02/03/14:10,328123,328123,7.690823279038692e+19,7.690823279038692e+19,100
2026/02/03/14:20,328592,328592,7.700855973677384e+19,7.700855973677384e+19,100
2026/02/03/14:30,329061,329061,7.710886103324826e+19,7.710886103324826e+19,100
2026/02/03/14:40,329530,329530,7.720919818272906e+19,7.720919818272906e+19,100
2026/02/03/14:50,329998,329998,7.730930161723335e+19,7.730930161723335e+19,100
2026/02/03/15:00,330467,330467,7.740962166077014e+19,7.740962166077014e+19,100
2026/02/03/15:10,330936,330936,7.750996776347984e+19,7.750996776347984e+19,100
2026/02/03/15:20,331405,331405,7.76102947520737e+19,7.76102947520737e+19,100
2026/02/03/15:30,331873,331873,7.771045059792142e+19,7.771045059792142e+19,100
2026/02/03/15:40,332221,332221,7.778490419649778e+19,7.778490419649778e+19,100
2026/02/03/15:50,332690,332690,7.788510366514749e+19,7.788510366514749e+19,100
2026/02/03/16:00,333159,333159,7.798533048901544e+19,7.798533048901544e+19,100
2026/02/03/16:10,333627,333627,7.80853483596155e+19,7.80853483596155e+19,100
2026/02/03/16:20,334096,334096,7.818557616475655e+19,7.818557616475655e+19,100
2026/02/03/16:30,334565,334565,7.828580106696937e+19,7.828580106696937e+19,100
2026/02/03/16:40,335034,335034,7.838601574112803e+19,7.838601574112803e+19,100
2026/02/03/16:50,335502,335502,7.84859849192277e+19,7.84859849192277e+19,100
2026/02/03/17:00,335971,335971,7.858620858471971e+19,7.858620858471971e+19,100
2026/02/03/17:10,336440,336440,7.868641449659969e+19,7.868641449659969e+19,100
2026/02/03/17:20,336909,336909,7.878665933473848e+19,7.878665933473848e+19,100
2026/02/03/17:30,337377,337377,7.88866060759435e+19,7.88866060759435e+19,100
2026/02/03/17:40,337846,337846,7.898679431314327e+19,7.898679431314327e+19,100
2026/02/03/17:50,338315,338315,7.908701277784005e+19,7.908701277784005e+19,100
2026/02/03/18:00,338784,338784,7.918722747471435e+19,7.918722747471435e+19,100
2026/02/03/18:10,339031,339031,7.923998833384281e+19,7.923998833384281e+19,100
2026/02/03/18:20,339260,339260,7.928889065727533e+19,7.928889065727533e+19,100
2026/02/03/18:30,339729,339729,7.938903832262237e+19,7.938903832262237e+19,100
2026/02/03/18:40,340198,340198,7.948923793275314e+19,7.948923793275314e+19,100
2026/02/03/18:50,340666,340666,7.95891976370802e+19,7.95891976370802e+19,100
2026/02/03/19:00,341135,341135,7.968938715015037e+19,7.968938715015037e+19,100
2026/02/03/19:10,341604,341604,7.978961535409024e+19,7.978961535409024e+19,100
2026/02/03/19:20,342073,342073,7.988987517549347e+19,7.988987517549347e+19,100
2026/02/03/19:30,342541,342541,7.998987608720289e+19,7.998987608720289e+19,100
2026/02/03/19:40,343010,343010,8.009012841688354e+19,8.009012841688354e+19,100
2026/02/03/19:50,343479,343479,8.019040159967891e+19,8.019040159967891e+19,100
2026/02/03/20:00,343843,343843,8.026822636693666e+19,8.026822636693666e+19,100
2026/02/03/20:10,344232,344232,8.035126347062243e+19,8.035126347062243e+19,100
2026/02/03/20:20,344701,344701,8.045137002596513e+19,8.045137002596513e+19,100
2026/02/03/20:30,345170,345170,8.055148701086423e+19,8.055148701086423e+19,100
2026/02/03/20:40,345639,345639,8.065165069831882e+19,8.065165069831882e+19,100
2026/02/03/20:50,346107,346107,8.075158154986747e+19,8.075158154986747e+19,100
2026/02/03/21:00,346576,346576,8.085169984040894e+19,8.085169984040894e+19,100
2026/02/03/21:10,347045,347045,8.095181847812565e+19,8.095181847812565e+19,100
2026/02/03/21:20,347514,347514,8.105198851708258e+19,8.105198851708258e+19,100
2026/02/03/21:30,347982,347982,8.115188807586002e+19,8.115188807586002e+19,100
2026/02/03/21:40,348451,348451,8.125202675273705e+19,8.125202675273705e+19,100
2026/02/03/21:50,348920,348920,8.13521712296913e+19,8.13521712296913e+19,100
2026/02/03/22:00,349389,349389,8.145231123261771e+19,8.145231123261771e+19,100
2026/02/03/22:10,349857,349857,8.15522767485412e+19,8.15522767485412e+19,100
2026/02/03/22:20,350201,350201,8.162575838446841e+19,8.162575838446841e+19,100
2026/02/03/22:30,350670,350670,8.172589752491252e+19,8.172589752491252e+19,100
2026/02/03/22:40,351139,351139,8.182606820602932e+19,8.182606820602932e+19,100
2026/02/03/22:50,351607,351607,8.192602773147987e+19,8.192602773147987e+19,100
2026/02/03/23:00,352021,352021,8.201440701187575e+19,8.201440701187575e+19,100
2026/02/03/23:10,352353,352353,8.208525243739868e+19,8.208525243739868e+19,100
2026/02/03/23:20,352822,352822,8.21852900080841e+19,8.21852900080841e+19,100
2026/02/03/23:30,353290,353290,8.228511720633136e+19,8.228511720633136e+19,100
2026/02/03/23:40,353759,353759,8.23851670301281e+19,8.23851670301281e+19,100
2026/02/03/23:50,354228,354228,8.24852649048844e+19,8.24852649048844e+19,100
2026/02/04/0:00,354697,354697,8.25853455637804e+19,8.25853455637804e+19,100
2026/02/04/0:10,355165,355165,8.26852380121426e+19,8.26852380121426e+19,100
2026/02/04/0:20,355634,355634,8.278536018155771e+19,8.278536018155771e+19,100
2026/02/04/0:30,356103,356103,8.288549118372086e+19,8.288549118372086e+19,100
2026/02/04/0:40,356572,356572,8.298554357566662e+19,8.298554357566662e+19,100
2026/02/04/0:50,357040,357040,8.30854003009587e+19,8.30854003009587e+19,100
2026/02/04/1:00,357509,357509,8.318546408549433e+19,8.318546408549433e+19,100
2026/02/04/1:10,357795,357795,8.324652907153369e+19,8.324652907153369e+19,100
2026/02/04/1:20,358259,358259,8.334554840482441e+19,8.334554840482441e+19,100
2026/02/04/1:30,358727,358727,8.344548511632972e+19,8.344548511632972e+19,100
2026/02/04/1:40,359196,359196,8.35455545999659e+19,8.35455545999659e+19,100
2026/02/04/1:50,359665,359665,8.364565161132401e+19,8.364565161132401e+19,100
2026/02/04/2:00,360134,360134,8.374577817987305e+19,8.374577817987305e+19,100
2026/02/04/2:10,360547,360547,8.383390351491088e+19,8.383390351491088e+19,100
2026/02/04/2:20,361016,361016,8.39339596573165e+19,8.39339596573165e+19,100
2026/02/04/2:30,361485,361485,8.403404753030056e+19,8.403404753030056e+19,100
2026/02/04/2:40,361953,361953,8.413391545319437e+19,8.413391545319437e+19,100
2026/02/04/2:50,362421,362421,8.423378154389081e+19,8.423378154389081e+19,100
2026/02/04/3:00,362890,362890,8.43338943330672e+19,8.43338943330672e+19,100
2026/02/04/3:10,363273,363273,8.441567863837183e+19,8.441567863837183e+19,100
2026/02/04/3:20,363742,363742,8.451574897366743e+19,8.451574897366743e+19,100
2026/02/04/3:30,364134,364134,8.459935921845559e+19,8.459935921845559e+19,100
2026/02/04/3:40,364594,364594,8.469754844600505e+19,8.469754844600505e+19,100
2026/02/04/3:50,365063,365063,8.479767083778069e+19,8.479767083778069e+19,100
2026/02/04/4:00,365532,365532,8.489779891709883e+19,8.489779891709883e+19,100
2026/02/04/4:10,366000,366000,8.499767527839192e+19,8.499767527839192e+19,100
2026/02/04/4:20,366469,366469,8.509778349688485e+19,8.509778349688485e+19,100
2026/02/04/4:30,366938,366938,8.519790117252286e+19,8.519790117252286e+19,100
2026/02/04/4:40,367407,367407,8.529806038529145e+19,8.529806038529145e+19,100
2026/02/04/4:50,367875,367875,8.539801549240073e+19,8.539801549240073e+19,100
2026/02/04/5:00,368344,368344,8.549815325291458e+19,8.549815325291458e+19,100
2026/02/04/5:10,368813,368813,8.559825057895449e+19,8.559825057895449e+19,100
2026/02/04/5:20,369204,369204,8.568174259034856e+19,8.568174259034856e+19,100
2026/02/04/5:30,369672,369672,8.578160175805881e+19,8.578160175805881e+19,100
2026/02/04/5:40,369674,369674,8.578202821370973e+19,8.578202821370973e+19,100
2026/02/04/5:50,369674,369674,8.578202821370973e+19,8.578202821370973e+19,100
2026/02/04/6:00,369674,369674,8.578202821370973e+19,8.578202821370973e+19,100
2026/02/04/6:10,369674,369674,8.578202821370973e+19,8.578202821370973e+19,100
2026/02/04/6:20,369674,369674,8.578202821370973e+19,8.578202821370973e+19,100
2026/02/04/6:30,369674,369674,8.578202821370973e+19,8.578202821370973e+19,100
2026/02/04/6:40,369674,369674,8.578202821370973e+19,8.578202821370973e+19,100
2026/02/04/6:50,369674,369674,8.578202821370973e+19,8.578202821370973e+19,100
2026/02/04/7:00,369674,369674,8.578202821370973e+19,8.578202821370973e+19,100
2026/02/04/7:10,369674,369674,8.578202821370973e+19,8.578202821370973e+19,100
2026/02/04/7:20,369674,369674,8.578202821370973e+19,8.578202821370973e+19,100
2026/02/04/7:30,369674,369674,8.578202821370973e+19,8.578202821370973e+19,100
2026/02/04/7:40,369674,369674,8.578202821370973e+19,8.578202821370973e+19,100
2026/02/04/7:50,369674,369674,8.578202821370973e+19,8.578202821370973e+19,100
2026/02/04/8:00,369674,369674,8.578202821370973e+19,8.578202821370973e+19,100
2026/02/04/8:10,369674,369674,8.578202821370973e+19,8.578202821370973e+19,100
2026/02/04/8:20,369674,369674,8.578202821370973e+19,8.578202821370973e+19,100
2026/02/04/8:30,369674,369674,8.578202821370973e+19,8.578202821370973e+19,100
2026/02/04/8:40,369674,369674,8.578202821370973e+19,8.578202821370973e+19,100
2026/02/04/8:50,369674,369674,8.578202821370973e+19,8.578202821370973e+19,100
2026/02/04/9:00,369674,369674,8.578202821370973e+19,8.578202821370973e+19,100
2026/02/04/9:10,369674,369674,8.578202821370973e+19,8.578202821370973e+19,100
2026/02/04/9:20,369674,369674,8.578202821370973e+19,8.578202821370973e+19,100
2026/02/04/9:30,369674,369674,8.578202821370973e+19,8.578202821370973e+19,100
2026/02/04/9:40,369674,369674,8.578202821370973e+19,8.578202821370973e+19,100
2026/02/04/9:50,369674,369674,8.578202821370973e+19,8.578202821370973e+19,100
2026/02/04/10:00,369674,369674,8.578202821370973e+19,8.578202821370973e+19,100
2026/02/04/10:10,369674,369674,8.578202821370973e+19,8.578202821370973e+19,100
2026/02/04/10:20,369674,369674,8.578202821370973e+19,8.578202821370973e+19,100
2026/02/04/10:30,369674,369674,8.578202821370973e+19,8.578202821370973e+19,100
2026/02/04/10:40,369674,369674,8.578202821370973e+19,8.578202821370973e+19,100
2026/02/04/10:50,369674,369674,8.578202821370973e+19,8.578202821370973e+19,100
2026/02/04/11:00,369674,369674,8.578202821370973e+19,8.578202821370973e+19,100
2026/02/04/11:10,369674,369674,8.578202821370973e+19,8.578202821370973e+19,100
2026/02/04/11:20,369674,369674,8.578202821370973e+19,8.578202821370973e+19,100
2026/02/04/11:30,369674,369674,8.578202821370973e+19,8.578202821370973e+19,100
2026/02/04/11:40,369674,369674,8.578202821370973e+19,8.578202821370973e+19,100
2026/02/04/11:50,369674,369674,8.578202821370973e+19,8.578202821370973e+19,100
2026/02/04/12:00,369674,369674,8.578202821370973e+19,8.578202821370973e+19,100
2026/02/04/12:10,369674,369674,8.578202821370973e+19,8.578202821370973e+19,100
2026/02/04/12:20,369674,369674,8.578202821370973e+19,8.578202821370973e+19,100
2026/02/04/12:30,369674,369674,8.578202821370973e+19,8.578202821370973e+19,100
2026/02/04/12:40,369674,369674,8.578202821370973e+19,8.578202821370973e+19,100
2026/02/04/12:50,369674,369674,8.578202821370973e+19,8.578202821370973e+19,100
2026/02/04/13:00,369674,369674,8.578202821370973e+19,8.578202821370973e+19,100
2026/02/04/13:10,369674,369674,8.578202821370973e+19,8.578202821370973e+19,100
2026/02/04/13:20,369674,369674,8.578202821370973e+19,8.578202821370973e+19,100
2026/02/04/13:30,369674,369674,8.578202821370973e+19,8.578202821370973e+19,100
2026/02/04/13:40,369674,369674,8.578202821370973e+19,8.578202821370973e+19,100
2026/02/04/13:50,369674,369674,8.578202821370973e+19,8.578202821370973e+19,100
2026/02/04/14:00,369674,369674,8.578202821370973e+19,8.578202821370973e+19,100
2026/02/04/14:10,369674,369674,8.578202821370973e+19,8.578202821370973e+19,100
2026/02/04/14:20,369674,369674,8.578202821370973e+19,8.578202821370973e+19,100
2026/02/04/14:30,369674,369674,8.578202821370973e+19,8.578202821370973e+19,100
2026/02/04/14:40,369674,369674,8.578202821370973e+19,8.578202821370973e+19,100
2026/02/04/14:50,369674,369674,8.578202821370973e+19,8.578202821370973e+19,100
2026/02/04/15:00,369674,369674,8.578202821370973e+19,8.578202821370973e+19,100
2026/02/04/15:10,369674,369674,8.578202821370973e+19,8.578202821370973e+19,100
2026/02/04/15:20,369674,369674,8.578202821370973e+19,8.578202821370973e+19,100
2026/02/04/15:30,369674,369674,8.578202821370973e+19,8.578202821370973e+19,100
2026/02/04/15:40,369674,369674,8.578202821370973e+19,8.578202821370973e+19,100
2026/02/04/15:50,369674,369674,8.578202821370973e+19,8.578202821370973e+19,100
2026/02/04/16:00,369674,369674,8.578202821370973e+19,8.578202821370973e+19,100
2026/02/04/16:10,369674,369674,8.578202821370973e+19,8.578202821370973e+19,100
2026/02/04/16:20,369674,369674,8.578202821370973e+19,8.578202821370973e+19,100
2026/02/04/16:30,369674,369674,8.578202821370973e+19,8.578202821370973e+19,100
2026/02/04/16:40,369674,369674,8.578202821370973e+19,8.578202821370973e+19,100
2026/02/04/16:50,369674,369674,8.578202821370973e+19,8.578202821370973e+19,100
2026/02/04/17:00,369674,369674,8.578202821370973e+19,8.578202821370973e+19,100
2026/02/04/17:10,369674,369674,8.578202821370973e+19,8.578202821370973e+19,100
2026/02/04/17:20,369674,369674,8.578202821370973e+19,8.578202821370973e+19,100
2026/02/04/17:30,369674,369674,8.578202821370973e+19,8.578202821370973e+19,100
2026/02/04/17:40,369674,369674,8.578202821370973e+19,8.578202821370973e+19,100
2026/02/04/17:50,369679,369679,8.578291846850681e+19,8.578291846850681e+19,100
2026/02/04/18:00,369682,369682,8.578363314702891e+19,8.578363314702891e+19,100
2026/02/04/18:10,369691,369691,8.578577481462797e+19,8.578577481462797e+19,100
2026/02/04/18:20,369743,369743,8.579814308804252e+19,8.579814308804252e+19,100
2026/02/04/18:30,370059,370059,8.587331892731485e+19,8.587331892731485e+19,100
2026/02/04/18:40,370528,370528,8.598492324553474e+19,8.598492324553474e+19,100
2026/02/04/18:50,370996,370996,8.609634559524607e+19,8.609634559524607e+19,100
2026/02/04/19:00,371465,371465,8.620797244321101e+19,8.620797244321101e+19,100
2026/02/04/19:10,371934,371934,8.631960848526297e+19,8.631960848526297e+19,100
2026/02/04/19:20,372403,372403,8.643125866302169e+19,8.643125866302169e+19,100
2026/02/04/19:30,372871,372871,8.654267482912965e+19,8.654267482912965e+19,100
2026/02/04/19:40,373340,373340,8.665431147621687e+19,8.665431147621687e+19,100
2026/02/04/19:50,373809,373809,8.676595192462646e+19,8.676595192462646e+19,100
2026/02/04/20:00,374278,374278,8.687759581151019e+19,8.687759581151019e+19,100
2026/02/04/20:10,374746,374746,8.698902137223992e+19,8.698902137223992e+19,100
2026/02/04/20:20,375215,375215,8.710073425804747e+19,8.710073425804747e+19,100
2026/02/04/20:30,375684,375684,8.721238730535041e+19,8.721238730535041e+19,100
2026/02/04/20:40,376153,376153,8.732404712324576e+19,8.732404712324576e+19,100
2026/02/04/20:50,376621,376621,8.743546340000488e+19,8.743546340000488e+19,100
2026/02/04/21:00,377090,377090,8.754708528943899e+19,8.754708528943899e+19,100
2026/02/04/21:10,377559,377559,8.765875238831879e+19,8.765875238831879e+19,100
2026/02/04/21:20,378028,378028,8.777038709765241e+19,8.777038709765241e+19,100
2026/02/04/21:30,378496,378496,8.788177100456301e+19,8.788177100456301e+19,100
2026/02/04/21:40,378965,378965,8.7993444014365e+19,8.7993444014365e+19,100
2026/02/04/21:50,379434,379434,8.810512457496887e+19,8.810512457496887e+19,100
2026/02/04/22:00,379903,379903,8.821677256669859e+19,8.821677256669859e+19,100
2026/02/04/22:10,380371,380371,8.832816246582367e+19,8.832816246582367e+19,100
2026/02/04/22:20,380840,380840,8.843981446930437e+19,8.843981446930437e+19,100
2026/02/04/22:30,381309,381309,8.855148436338912e+19,8.855148436338912e+19,100
2026/02/04/22:40,381778,381778,8.866315772875127e+19,8.866315772875127e+19,100
2026/02/04/22:50,382246,382246,8.877455332550638e+19,8.877455332550638e+19,100
2026/02/04/23:00,382715,382715,8.888618471126132e+19,8.888618471126132e+19,100
2026/02/04/23:10,383184,383184,8.899783989472438e+19,8.899783989472438e+19,100
2026/02/04/23:20,383653,383653,8.910945515464732e+19,8.910945515464732e+19,100
2026/02/04/23:30,384121,384121,8.922086665756988e+19,8.922086665756988e+19,100
2026/02/04/23:40,384590,384590,8.933251532649416e+19,8.933251532649416e+19,100
2026/02/04/23:50,385059,385059,8.944418144960881e+19,8.944418144960881e+19,100
2026/02/05/0:00,385528,385528,8.955582693446192e+19,8.955582693446192e+19,100
2026/02/05/0:10,385995,385995,8.966695672192372e+19,8.966695672192372e+19,100
2026/02/05/0:20,386464,386464,8.977859567407586e+19,8.977859567407586e+19,100
2026/02/05/0:30,386933,386933,8.989024273325374e+19,8.989024273325374e+19,100
2026/02/05/0:40,387402,387402,9.000185729115066e+19,9.000185729115066e+19,100
2026/02/05/0:50,387870,387870,9.011328250338892e+19,9.011328250338892e+19,100
2026/02/05/1:00,388339,388339,9.022490240441334e+19,9.022490240441334e+19,100
2026/02/05/1:10,388808,388808,9.033657436746478e+19,9.033657436746478e+19,100
2026/02/05/1:20,389277,389277,9.044823427043192e+19,9.044823427043192e+19,100
2026/02/05/1:30,389745,389745,9.05596229137969e+19,9.05596229137969e+19,100
2026/02/05/1:40,390214,390214,9.067131031159284e+19,9.067131031159284e+19,100
2026/02/05/1:50,390683,390683,9.078294581193287e+19,9.078294581193287e+19,100
2026/02/05/2:00,391152,391152,9.089458536525056e+19,9.089458536525056e+19,100
2026/02/05/2:10,391620,391620,9.100599507271339e+19,9.100599507271339e+19,100
2026/02/05/2:20,392089,392089,9.111766099672515e+19,9.111766099672515e+19,100
2026/02/05/2:30,392558,392558,9.122931738077748e+19,9.122931738077748e+19,100
2026/02/05/2:40,393027,393027,9.134095585812724e+19,9.134095585812724e+19,100
2026/02/05/2:50,393495,393495,9.145235174637088e+19,9.145235174637088e+19,100
2026/02/05/3:00,393964,393964,9.156396010252768e+19,9.156396010252768e+19,100
2026/02/05/3:10,394433,394433,9.167561782881801e+19,9.167561782881801e+19,100
2026/02/05/3:20,394859,394859,9.177703268118492e+19,9.177703268118492e+19,100
2026/02/05/3:30,395327,395327,9.188854385532694e+19,9.188854385532694e+19,100
2026/02/05/3:40,395796,395796,9.200032396695311e+19,9.200032396695311e+19,100
2026/02/05/3:50,396265,396265,9.211212317685457e+19,9.211212317685457e+19,100
2026/02/05/4:00,396734,396734,9.222388411942632e+19,9.222388411942632e+19,100
2026/02/05/4:10,397202,397202,9.233543390115904e+19,9.233543390115904e+19,100
2026/02/05/4:20,397671,397671,9.244720109728811e+19,9.244720109728811e+19,100
2026/02/05/4:30,398140,398140,9.255898158947333e+19,9.255898158947333e+19,100
2026/02/05/4:40,398609,398609,9.267074292047287e+19,9.267074292047287e+19,100
2026/02/05/4:50,399077,399077,9.278223965075345e+19,9.278223965075345e+19,100
2026/02/05/5:00,399545,399545,9.289374979438525e+19,9.289374979438525e+19,100
2026/02/05/5:10,400013,400013,9.300530617507057e+19,9.300530617507057e+19,100
2026/02/05/5:20,400482,400482,9.311703828821208e+19,9.311703828821208e+19,100
2026/02/05/5:30,400950,400950,9.322857460250626e+19,9.322857460250626e+19,100
2026/02/05/5:40,401418,401418,9.334009979201606e+19,9.334009979201606e+19,100
2026/02/05/5:50,401887,401887,9.345187553402225e+19,9.345187553402225e+19,100
2026/02/05/6:00,402356,402356,9.356365449779221e+19,9.356365449779221e+19,100
2026/02/05/6:10,402824,402824,9.367517834132318e+19,9.367517834132318e+19,100
2026/02/05/6:20,403293,403293,9.378695290673311e+19,9.378695290673311e+19,100
2026/02/05/6:30,403613,403613,9.386320086583422e+19,9.386320086583422e+19,100
2026/02/05/6:40,403980,403980,9.39505330953747e+19,9.39505330953747e+19,100
2026/02/05/6:50,404448,404448,9.406187593669388e+19,9.406187593669388e+19,100
2026/02/05/7:00,404917,404917,9.417350453255838e+19,9.417350453255838e+19,100
2026/02/05/7:10,405386,405386,9.428515407677425e+19,9.428515407677425e+19,100
2026/02/05/7:20,405666,405666,9.435178906303046e+19,9.435178906303046e+19,100
2026/02/05/7:30,406134,406134,9.446315969342723e+19,9.446315969342723e+19,100
2026/02/05/7:40,406603,406603,9.457480883421305e+19,9.457480883421305e+19,100
2026/02/05/7:50,407072,407072,9.468649727844993e+19,9.468649727844993e+19,100
2026/02/05/8:00,407497,407497,9.478770776173814e+19,9.478770776173814e+19,100
2026/02/05/8:10,407964,407964,9.489889651295466e+19,9.489889651295466e+19,100
2026/02/05/8:20,408433,408433,9.501058734442599e+19,9.501058734442599e+19,100
2026/02/05/8:30,408902,408902,9.51222807829253e+19,9.51222807829253e+19,100
2026/02/05/8:40,409371,409371,9.52339578529156e+19,9.52339578529156e+19,100
2026/02/05/8:50,409668,409668,9.530468965754813e+19,9.530468965754813e+19,100
2026/02/05/9:00,410137,410137,9.54163481576629e+19,9.54163481576629e+19,100
2026/02/05/9:10,410606,410606,9.552800334622117e+19,9.552800334622117e+19,100
2026/02/05/9:20,411075,411075,9.563972134862923e+19,9.563972134862923e+19,100
2026/02/05/9:30,411543,411543,9.575119423667284e+19,9.575119423667284e+19,100
2026/02/05/9:40,412012,412012,9.586291558883269e+19,9.586291558883269e+19,100
2026/02/05/9:50,412481,412481,9.597465003481173e+19,9.597465003481173e+19,100
2026/02/05/10:00,412950,412950,9.608641579987701e+19,9.608641579987701e+19,100
2026/02/05/10:10,413418,413418,9.619794742309726e+19,9.619794742309726e+19,100
2026/02/05/10:20,413887,413887,9.63096669332044e+19,9.63096669332044e+19,100
2026/02/05/10:30,414356,414356,9.642143627202008e+19,9.642143627202008e+19,100
2026/02/05/10:40,414825,414825,9.653316413317153e+19,9.653316413317153e+19,100
2026/02/05/10:50,415293,415293,9.664468345093485e+19,9.664468345093485e+19,100
2026/02/05/11:00,415762,415762,9.675641982007802e+19,9.675641982007802e+19,100
2026/02/05/11:10,416231,416231,9.686816034469765e+19,9.686816034469765e+19,100
2026/02/05/11:20,416700,416700,9.697989282364149e+19,9.697989282364149e+19,100
2026/02/05/11:30,417168,417168,9.709139809479428e+19,9.709139809479428e+19,100
2026/02/05/11:40,417637,417637,9.720313112142243e+19,9.720313112142243e+19,100
2026/02/05/11:50,418106,418106,9.731491370467126e+19,9.731491370467126e+19,100
2026/02/05/12:00,418575,418575,9.742665991834275e+19,9.742665991834275e+19,100
2026/02/05/12:10,419043,419043,9.753814886274195e+19,9.753814886274195e+19,100
2026/02/05/12:20,419512,419512,9.764990946773547e+19,9.764990946773547e+19,100
2026/02/05/12:30,419981,419981,9.776167246539422e+19,9.776167246539422e+19,100
2026/02/05/12:40,420450,420450,9.787339046639641e+19,9.787339046639641e+19,100
2026/02/05/12:50,420918,420918,9.798491427965231e+19,9.798491427965231e+19,100
2026/02/05/13:00,421387,421387,9.809666500988124e+19,9.809666500988124e+19,100
2026/02/05/13:10,421856,421856,9.82083929369232e+19,9.82083929369232e+19,100
2026/02/05/13:20,422325,422325,9.832014761653446e+19,9.832014761653446e+19,100
2026/02/05/13:30,422744,422744,9.842000195481154e+19,9.842000195481154e+19,100
2026/02/05/13:40,423213,423213,9.853171337626216e+19,9.853171337626216e+19,100
2026/02/05/13:50,423682,423682,9.864340649813182e+19,9.864340649813182e+19,100
2026/02/05/14:00,424151,424151,9.875513711315858e+19,9.875513711315858e+19,100
2026/02/05/14:10,424619,424619,9.886665069192321e+19,9.886665069192321e+19,100
2026/02/05/14:20,425088,425088,9.897836608023444e+19,9.897836608023444e+19,100
2026/02/05/14:30,425557,425557,9.909007813308644e+19,9.909007813308644e+19,100
2026/02/05/14:40,426026,426026,9.920178347479967e+19,9.920178347479967e+19,100
2026/02/05/14:50,426494,426494,9.931323206029022e+19,9.931323206029022e+19,100
2026/02/05/15:00,426963,426963,9.942495498976754e+19,9.942495498976754e+19,100
2026/02/05/15:10,427432,427432,9.953668396257973e+19,9.953668396257973e+19,100
2026/02/05/15:20,427785,427785,9.962073582125081e+19,9.962073582125081e+19,100
2026/02/05/15:30,428253,428253,9.973217012343919e+19,9.973217012343919e+19,100
2026/02/05/15:40,428722,428722,9.984381949259671e+19,9.984381949259671e+19,100
2026/02/05/15:50,429191,429191,9.995548357926448e+19,9.995548357926448e+19,100
2026/02/05/16:00,429660,429660,1.000671332225092e+20,1.000671332225092e+20,100
2026/02/05/16:10,430128,430128,1.001785790747378e+20,1.001785790747378e+20,100
2026/02/05/16:20,430597,430597,1.002902413196238e+20,1.002902413196238e+20,100
2026/02/05/16:30,430697,430697,1.003140120172528e+20,1.003140120172528e+20,100
2026/02/05/16:40,431166,431166,1.004254823954272e+20,1.004254823954272e+20,100
2026/02/05/16:50,431634,431634,1.0053675659662e+20,1.0053675659662e+20,100
2026/02/05/17:00,432103,432103,1.006483106941952e+20,1.006483106941952e+20,100
2026/02/05/17:10,432572,432572,1.007598979231244e+20,1.007598979231244e+20,100
2026/02/05/17:20,433041,433041,1.008713920689251e+20,1.008713920689251e+20,100
2026/02/05/17:30,433509,433509,1.009826793543918e+20,1.009826793543918e+20,100
2026/02/05/17:40,433978,433978,1.010942418541189e+20,1.010942418541189e+20,100
2026/02/05/17:50,434447,434447,1.012057828640278e+20,1.012057828640278e+20,100
2026/02/05/18:00,434916,434916,1.013173315270055e+20,1.013173315270055e+20,100
2026/02/05/18:10,435284,435284,1.014048526495758e+20,1.014048526495758e+20,100
2026/02/05/18:20,435753,435753,1.015163461481088e+20,1.015163461481088e+20,100
2026/02/05/18:30,436222,436222,1.016278783543837e+20,1.016278783543837e+20,100
2026/02/05/18:40,436691,436691,1.017393883800887e+20,1.017393883800887e+20,100
2026/02/05/18:50,437159,437159,1.018506836239663e+20,1.018506836239663e+20,100
2026/02/05/19:00,437628,437628,1.019622183568028e+20,1.019622183568028e+20,100
2026/02/05/19:10,438097,438097,1.02073752613237e+20,1.02073752613237e+20,100
2026/02/05/19:20,438566,438566,1.021852572994521e+20,1.021852572994521e+20,100
2026/02/05/19:30,439034,439034,1.02296544631073e+20,1.02296544631073e+20,100
2026/02/05/19:40,439503,439503,1.024080703223969e+20,1.024080703223969e+20,100
2026/02/05/19:50,439972,439972,1.025196194722123e+20,1.025196194722123e+20,100
2026/02/05/20:00,440441,440441,1.026311377496102e+20,1.026311377496102e+20,100
2026/02/05/20:10,440909,440909,1.027424109827003e+20,1.027424109827003e+20,100
2026/02/05/20:20,441378,441378,1.028539399073197e+20,1.028539399073197e+20,100
2026/02/05/20:30,441509,441509,1.02885078949024e+20,1.02885078949024e+20,100
2026/02/05/20:40,441509,441509,1.02885078949024e+20,1.02885078949024e+20,100
2026/02/05/20:50,441558,441558,1.028967443064251e+20,1.028967443064251e+20,100
2026/02/05/21:00,441848,441848,1.029657155383519e+20,1.029657155383519e+20,100
2026/02/05/21:10,442317,442317,1.030772484130629e+20,1.030772484130629e+20,100
2026/02/05/21:20,442786,442786,1.03188813998103e+20,1.03188813998103e+20,100
2026/02/05/21:30,443254,443254,1.033001346621157e+20,1.033001346621157e+20,100
2026/02/05/21:40,443723,443723,1.034116640840858e+20,1.034116640840858e+20,100
2026/02/05/21:50,444125,444125,1.035072951381457e+20,1.035072951381457e+20,100
2026/02/05/22:00,444594,444594,1.03618820487931e+20,1.03618820487931e+20,100
2026/02/05/22:10,445062,445062,1.037300775683584e+20,1.037300775683584e+20,100
2026/02/05/22:20,445531,445531,1.038416355220139e+20,1.038416355220139e+20,100
2026/02/05/22:30,446000,446000,1.039531943987663e+20,1.039531943987663e+20,100
2026/02/05/22:40,446469,446469,1.040646791854575e+20,1.040646791854575e+20,100
2026/02/05/22:50,446937,446937,1.041759830593172e+20,1.041759830593172e+20,100
2026/02/05/23:00,447406,447406,1.042875035438088e+20,1.042875035438088e+20,100
2026/02/05/23:10,447875,447875,1.043990032858113e+20,1.043990032858113e+20,100
2026/02/05/23:20,448344,448344,1.045105291078063e+20,1.045105291078063e+20,100
2026/02/05/23:30,448812,448812,1.046218715988797e+20,1.046218715988797e+20,100
2026/02/05/23:40,449092,449092,1.046884632954748e+20,1.046884632954748e+20,100
2026/02/05/23:50,449561,449561,1.048001051371009e+20,1.048001051371009e+20,100
2026/02/06/0:00,450030,450030,1.049117716647936e+20,1.049117716647936e+20,100
2026/02/06/0:10,450422,450422,1.050051228146368e+20,1.050051228146368e+20,100
2026/02/06/0:20,450891,450891,1.051167586834624e+20,1.051167586834624e+20,100
2026/02/06/0:30,451360,451360,1.052283962387217e+20,1.052283962387217e+20,100
2026/02/06/0:40,451829,451829,1.053400474387094e+20,1.053400474387094e+20,100
2026/02/06/0:50,452297,452297,1.054514648977152e+20,1.054514648977152e+20,100
2026/02/06/1:00,452766,452766,1.055631213153577e+20,1.055631213153577e+20,100
2026/02/06/1:10,453235,453235,1.056748042648342e+20,1.056748042648342e+20,100
2026/02/06/1:20,453704,453704,1.057864774133438e+20,1.057864774133438e+20,100
2026/02/06/1:30,454117,454117,1.058848164136442e+20,1.058848164136442e+20,100
2026/02/06/1:40,454117,454117,1.058848164136442e+20,1.058848164136442e+20,100
2026/02/06/1:50,454118,454118,1.058850544202895e+20,1.058850544202895e+20,100
2026/02/06/2:00,454585,454585,1.059963072626969e+20,1.059963072626969e+20,100
2026/02/06/2:10,455053,455053,1.061077489479814e+20,1.061077489479814e+20,100
2026/02/06/2:20,455522,455522,1.062194662657777e+20,1.062194662657777e+20,100
2026/02/06/2:30,455885,455885,1.063059338485852e+20,1.063059338485852e+20,100
2026/02/06/2:40,456354,456354,1.064176302407849e+20,1.064176302407849e+20,100
2026/02/06/2:50,456822,456822,1.065290815566993e+20,1.065290815566993e+20,100
2026/02/06/3:00,457291,457291,1.066407286022037e+20,1.066407286022037e+20,100
2026/02/06/3:10,457760,457760,1.067524485812572e+20,1.067524485812572e+20,100
2026/02/06/3:20,458229,458229,1.068641716610129e+20,1.068641716610129e+20,100
2026/02/06/3:30,458697,458697,1.069756578671065e+20,1.069756578671065e+20,100
2026/02/06/3:40,459050,459050,1.070597436139933e+20,1.070597436139933e+20,100
2026/02/06/3:50,459519,459519,1.071714397931458e+20,1.071714397931458e+20,100
2026/02/06/4:00,459988,459988,1.072831581550355e+20,1.072831581550355e+20,100
2026/02/06/4:10,460456,460456,1.073946283743275e+20,1.073946283743275e+20,100
2026/02/06/4:20,460853,460853,1.074891609401731e+20,1.074891609401731e+20,100
2026/02/06/4:30,461117,461117,1.075519254791864e+20,1.075519254791864e+20,100
2026/02/06/4:40,461586,461586,1.076634549900464e+20,1.076634549900464e+20,100
2026/02/06/4:50,462054,462054,1.077747685073967e+20,1.077747685073967e+20,100
2026/02/06/5:00,462523,462523,1.078863382436177e+20,1.078863382436177e+20,100
2026/02/06/5:10,462992,462992,1.07997906064453e+20,1.07997906064453e+20,100
2026/02/06/5:20,463461,463461,1.081095480457802e+20,1.081095480457802e+20,100
2026/02/06/5:30,463929,463929,1.082209175847556e+20,1.082209175847556e+20,100
2026/02/06/5:40,464398,464398,1.083325498630097e+20,1.083325498630097e+20,100
2026/02/06/5:50,464867,464867,1.084441559672988e+20,1.084441559672988e+20,100
2026/02/06/6:00,465336,465336,1.085557159842967e+20,1.085557159842967e+20,100
2026/02/06/6:10,465804,465804,1.086670772524238e+20,1.086670772524238e+20,100
2026/02/06/6:20,466273,466273,1.087786686110948e+20,1.087786686110948e+20,100
2026/02/06/6:30,466742,466742,1.088902817352966e+20,1.088902817352966e+20,100
2026/02/06/6:40,467211,467211,1.090018457089263e+20,1.090018457089263e+20,100
2026/02/06/6:50,467679,467679,1.091132087374392e+20,1.091132087374392e+20,100
2026/02/06/7:00,468148,468148,1.092247609959414e+20,1.092247609959414e+20,100
2026/02/06/7:10,468617,468617,1.093363072059233e+20,1.093363072059233e+20,100
2026/02/06/7:20,469086,469086,1.094478552281469e+20,1.094478552281469e+20,100
2026/02/06/7:30,469554,469554,1.09559209014097e+20,1.09559209014097e+20,100
2026/02/06/7:40,470023,470023,1.096708067821762e+20,1.096708067821762e+20,100
2026/02/06/7:50,470442,470442,1.097705403558156e+20,1.097705403558156e+20,100
2026/02/06/8:00,470911,470911,1.098822183978041e+20,1.098822183978041e+20,100
2026/02/06/8:10,471379,471379,1.099936691668338e+20,1.099936691668338e+20,100
2026/02/06/8:20,471848,471848,1.101053585523427e+20,1.101053585523427e+20,100
2026/02/06/8:30,472317,472317,1.102170490079632e+20,1.102170490079632e+20,100
2026/02/06/8:40,472786,472786,1.10328738545492e+20,1.10328738545492e+20,100
2026/02/06/8:50,473119,473119,1.104080486932404e+20,1.104080486932404e+20,100
2026/02/06/9:00,473576,473576,1.105169170076276e+20,1.105169170076276e+20,100
2026/02/06/9:10,473796,473796,1.105692551672021e+20,1.105692551672021e+20,100
2026/02/06/9:20,474265,474265,1.106807947247892e+20,1.106807947247892e+20,100
2026/02/06/9:30,474733,474733,1.107921753053991e+20,1.107921753053991e+20,100
2026/02/06/9:40,475202,475202,1.109037910238713e+20,1.109037910238713e+20,100
2026/02/06/9:50,475671,475671,1.110154180129433e+20,1.110154180129433e+20,100
2026/02/06/10:00,476140,476140,1.111270536698954e+20,1.111270536698954e+20,100
2026/02/06/10:10,476608,476608,1.112384678585324e+20,1.112384678585324e+20,100
2026/02/06/10:20,477077,477077,1.11350071881536e+20,1.11350071881536e+20,100
2026/02/06/10:30,477546,477546,1.114616978186588e+20,1.114616978186588e+20,100
2026/02/06/10:40,478015,478015,1.115733559897088e+20,1.115733559897088e+20,100
2026/02/06/10:50,478483,478483,1.116847534758573e+20,1.116847534758573e+20,100
2026/02/06/11:00,478952,478952,1.117964191570113e+20,1.117964191570113e+20,100
2026/02/06/11:10,479421,479421,1.119081029559286e+20,1.119081029559286e+20,100
2026/02/06/11:20,479890,479890,1.120197606322206e+20,1.120197606322206e+20,100
2026/02/06/11:30,480358,480358,1.12131191232967e+20,1.12131191232967e+20,100
2026/02/06/11:40,480827,480827,1.122428413606889e+20,1.122428413606889e+20,100
2026/02/06/11:50,481296,481296,1.123545088090531e+20,1.123545088090531e+20,100
2026/02/06/12:00,481645,481645,1.124375909637152e+20,1.124375909637152e+20,100
2026/02/06/12:10,482113,482113,1.125489529965079e+20,1.125489529965079e+20,100
2026/02/06/12:20,482582,482582,1.126605180750518e+20,1.126605180750518e+20,100
2026/02/06/12:30,483051,483051,1.127720994283517e+20,1.127720994283517e+20,100
2026/02/06/12:40,483520,483520,1.128836666663773e+20,1.128836666663773e+20,100
2026/02/06/12:50,483988,483988,1.129949990293671e+20,1.129949990293671e+20,100
2026/02/06/13:00,484197,484197,1.130447164367847e+20,1.130447164367847e+20,100
2026/02/06/13:10,484666,484666,1.131562729193239e+20,1.131562729193239e+20,100
2026/02/06/13:20,485135,485135,1.132678654694387e+20,1.132678654694387e+20,100
2026/02/06/13:30,485603,485603,1.133792195712314e+20,1.133792195712314e+20,100
2026/02/06/13:40,486072,486072,1.134908545530658e+20,1.134908545530658e+20,100
2026/02/06/13:50,486296,486296,1.135441414479432e+20,1.135441414479432e+20,100
2026/02/06/14:00,486765,486765,1.136557599989898e+20,1.136557599989898e+20,100
2026/02/06/14:10,487233,487233,1.137671675330781e+20,1.137671675330781e+20,100
2026/02/06/14:20,487702,487702,1.138788309240015e+20,1.138788309240015e+20,100
2026/02/06/14:30,488171,488171,1.139904813676046e+20,1.139904813676046e+20,100
2026/02/06/14:40,488640,488640,1.141021790631893e+20,1.141021790631893e+20,100
2026/02/06/14:50,489108,489108,1.142136312499576e+20,1.142136312499576e+20,100
2026/02/06/15:00,489577,489577,1.14325294916039e+20,1.14325294916039e+20,100
2026/02/06/15:10,490046,490046,1.144370305036569e+20,1.144370305036569e+20,100
2026/02/06/15:20,490515,490515,1.145487004865284e+20,1.145487004865284e+20,100
2026/02/06/15:30,490983,490983,1.14660128149802e+20,1.14660128149802e+20,100
2026/02/06/15:40,491452,491452,1.147718137965636e+20,1.147718137965636e+20,100
2026/02/06/15:50,491921,491921,1.148835195869582e+20,1.148835195869582e+20,100
2026/02/06/16:00,492390,492390,1.149951787018727e+20,1.149951787018727e+20,100
2026/02/06/16:10,492858,492858,1.15106617192057e+20,1.15106617192057e+20,100
2026/02/06/16:20,493327,493327,1.152182287123945e+20,1.152182287123945e+20,100
2026/02/06/16:30,493796,493796,1.15329863934726e+20,1.15329863934726e+20,100
2026/02/06/16:40,494265,494265,1.15441518974373e+20,1.15441518974373e+20,100
2026/02/06/16:50,494733,494733,1.155529592285036e+20,1.155529592285036e+20,100
2026/02/06/17:00,495202,495202,1.156646400628336e+20,1.156646400628336e+20,100
2026/02/06/17:10,495671,495671,1.157762572213602e+20,1.157762572213602e+20,100
2026/02/06/17:20,496140,496140,1.15887928803517e+20,1.15887928803517e+20,100
2026/02/06/17:30,496608,496608,1.159993700561803e+20,1.159993700561803e+20,100
2026/02/06/17:40,497077,497077,1.161109761722597e+20,1.161109761722597e+20,100
2026/02/06/17:50,497546,497546,1.162226144127757e+20,1.162226144127757e+20,100
2026/02/06/18:00,498015,498015,1.163342288603824e+20,1.163342288603824e+20,100
2026/02/06/18:10,498483,498483,1.164455512582342e+20,1.164455512582342e+20,100
2026/02/06/18:20,498952,498952,1.165571935702384e+20,1.165571935702384e+20,100
2026/02/06/18:30,499421,499421,1.166688331326373e+20,1.166688331326373e+20,100
2026/02/06/18:40,499890,499890,1.167804755048045e+20,1.167804755048045e+20,100
2026/02/06/18:50,500358,500358,1.168919221944646e+20,1.168919221944646e+20,100
2026/02/06/19:00,500755,500755,1.169864456161441e+20,1.169864456161441e+20,100
2026/02/06/19:10,501214,501214,1.170957438269652e+20,1.170957438269652e+20,100
2026/02/06/19:20,501683,501683,1.172073920371856e+20,1.172073920371856e+20,100
2026/02/06/19:30,502151,502151,1.173188323601476e+20,1.173188323601476e+20,100
2026/02/06/19:40,502620,502620,1.174304630809236e+20,1.174304630809236e+20,100
2026/02/06/19:50,503089,503089,1.175421250364236e+20,1.175421250364236e+20,100
2026/02/06/20:00,503558,503558,1.176537791668538e+20,1.176537791668538e+20,100
2026/02/06/20:10,504026,504026,1.177651606068889e+20,1.177651606068889e+20,100
2026/02/06/20:20,504495,504495,1.178767947762392e+20,1.178767947762392e+20,100
2026/02/06/20:30,504964,504964,1.179884725119952e+20,1.179884725119952e+20,100
2026/02/06/20:40,505433,505433,1.181000881596365e+20,1.181000881596365e+20,100
2026/02/06/20:50,505901,505901,1.182115125848931e+20,1.182115125848931e+20,100
2026/02/06/21:00,506370,506370,1.183231585544424e+20,1.183231585544424e+20,100
2026/02/06/21:10,506839,506839,1.184348008211178e+20,1.184348008211178e+20,100
2026/02/06/21:20,507308,507308,1.185464442339085e+20,1.185464442339085e+20,100
2026/02/06/21:30,507776,507776,1.18657809136568e+20,1.18657809136568e+20,100
2026/02/06/21:40,508245,508245,1.187694424146962e+20,1.187694424146962e+20,100
2026/02/06/21:50,508714,508714,1.188810873867709e+20,1.188810873867709e+20,100
2026/02/06/22:00,509183,509183,1.189927159010079e+20,1.189927159010079e+20,100
2026/02/06/22:10,509651,509651,1.191041220233945e+20,1.191041220233945e+20,100
2026/02/06/22:20,510120,510120,1.192157715223333e+20,1.192157715223333e+20,100
2026/02/06/22:30,510589,510589,1.19327436008832e+20,1.19327436008832e+20,100
2026/02/06/22:40,511058,511058,1.19439074311304e+20,1.19439074311304e+20,100
2026/02/06/22:50,511274,511274,1.194904132338264e+20,1.194904132338264e+20,100
2026/02/06/23:00,511743,511743,1.196018699864023e+20,1.196018699864023e+20,100
2026/02/06/23:10,512119,512119,1.196912895141551e+20,1.196912895141551e+20,100
2026/02/06/23:20,512588,512588,1.19802894707073e+20,1.19802894707073e+20,100
2026/02/06/23:30,513056,513056,1.19914244071199e+20,1.19914244071199e+20,100
2026/02/06/23:40,513525,513525,1.200258798160091e+20,1.200258798160091e+20,100
2026/02/06/23:50,513994,513994,1.201375428278309e+20,1.201375428278309e+20,100
2026/02/07/0:00,514463,514463,1.202492050095483e+20,1.202492050095483e+20,100
2026/02/07/0:10,514720,514720,1.203103825940428e+20,1.203103825940428e+20,100
2026/02/07/0:20,515119,515119,1.204051792375094e+20,1.204051792375094e+20,100
2026/02/07/0:30,515588,515588,1.205166508421236e+20,1.205166508421236e+20,100
2026/02/07/0:40,516057,516057,1.20628124467396e+20,1.20628124467396e+20,100
2026/02/07/0:50,516525,516525,1.20739381488215e+20,1.20739381488215e+20,100
2026/02/07/1:00,516550,516550,1.207453282696646e+20,1.207453282696646e+20,100
2026/02/07/1:10,516550,516550,1.207453282696646e+20,1.207453282696646e+20,100
2026/02/07/1:20,516706,516706,1.207824018697629e+20,1.207824018697629e+20,100
2026/02/07/1:30,517174,517174,1.208936573775939e+20,1.208936573775939e+20,100
2026/02/07/1:40,517643,517643,1.210051660422791e+20,1.210051660422791e+20,100
2026/02/07/1:50,518112,518112,1.211167036689879e+20,1.211167036689879e+20,100
2026/02/07/2:00,518581,518581,1.212282223120075e+20,1.212282223120075e+20,100
2026/02/07/2:10,519049,519049,1.213394413815462e+20,1.213394413815462e+20,100
2026/02/07/2:20,519518,519518,1.21450917771813e+20,1.21450917771813e+20,100
2026/02/07/2:30,519987,519987,1.215624122314958e+20,1.215624122314958e+20,100
2026/02/07/2:40,520456,520456,1.216738730770115e+20,1.216738730770115e+20,100
2026/02/07/2:50,520739,520739,1.217411693070382e+20,1.217411693070382e+20,100
2026/02/07/3:00,521153,521153,1.21839658698579e+20,1.21839658698579e+20,100
2026/02/07/3:10,521622,521622,1.219512544099846e+20,1.219512544099846e+20,100
2026/02/07/3:20,522091,522091,1.220628677663892e+20,1.220628677663892e+20,100
2026/02/07/3:30,522559,522559,1.221742842294292e+20,1.221742842294292e+20,100
2026/02/07/3:40,523028,523028,1.222858867868892e+20,1.222858867868892e+20,100
2026/02/07/3:50,523497,523497,1.223975400321728e+20,1.223975400321728e+20,100
2026/02/07/4:00,523966,523966,1.225092020217787e+20,1.225092020217787e+20,100
2026/02/07/4:10,524434,524434,1.226205965673457e+20,1.226205965673457e+20,100
2026/02/07/4:20,524903,524903,1.227322270502559e+20,1.227322270502559e+20,100
2026/02/07/4:30,525372,525372,1.228437944490085e+20,1.228437944490085e+20,100
2026/02/07/4:40,525841,525841,1.229553978011252e+20,1.229553978011252e+20,100
2026/02/07/4:50,526309,526309,1.230667880285282e+20,1.230667880285282e+20,100
2026/02/07/5:00,526778,526778,1.231784364211339e+20,1.231784364211339e+20,100
2026/02/07/5:10,527247,527247,1.232900889675134e+20,1.232900889675134e+20,100
2026/02/07/5:20,527716,527716,1.234017417482883e+20,1.234017417482883e+20,100
2026/02/07/5:30,528036,528036,1.234779489927657e+20,1.234779489927657e+20,100
2026/02/07/5:40,528366,528366,1.235563293265709e+20,1.235563293265709e+20,100
2026/02/07/5:50,528835,528835,1.236677615946983e+20,1.236677615946983e+20,100
2026/02/07/6:00,529304,529304,1.237791607180565e+20,1.237791607180565e+20,100
2026/02/07/6:10,529772,529772,1.238903616631372e+20,1.238903616631372e+20,100
2026/02/07/6:20,530241,530241,1.240017899866814e+20,1.240017899866814e+20,100
2026/02/07/6:30,530710,530710,1.241132056368634e+20,1.241132056368634e+20,100
2026/02/07/6:40,531179,531179,1.24224663295457e+20,1.24224663295457e+20,100
2026/02/07/6:50,531647,531647,1.243358881485486e+20,1.243358881485486e+20,100
2026/02/07/7:00,532063,532063,1.244347329934306e+20,1.244347329934306e+20,100
2026/02/07/7:10,532532,532532,1.245462351754519e+20,1.245462351754519e+20,100
2026/02/07/7:20,533001,533001,1.246577341685905e+20,1.246577341685905e+20,100
2026/02/07/7:30,533469,533469,1.247690313097693e+20,1.247690313097693e+20,100
2026/02/07/7:40,533821,533821,1.248527780930399e+20,1.248527780930399e+20,100
2026/02/07/7:50,534207,534207,1.249445544765786e+20,1.249445544765786e+20,100
2026/02/07/8:00,534676,534676,1.250560126511497e+20,1.250560126511497e+20,100
2026/02/07/8:10,535144,535144,1.251672793532677e+20,1.251672793532677e+20,100
2026/02/07/8:20,535613,535613,1.252787947437973e+20,1.252787947437973e+20,100
2026/02/07/8:30,536082,536082,1.253903290136083e+20,1.253903290136083e+20,100
2026/02/07/8:40,536551,536551,1.255018578589992e+20,1.255018578589992e+20,100
2026/02/07/8:50,536972,536972,1.25601971267297e+20,1.25601971267297e+20,100
2026/02/07/9:00,537441,537441,1.257135308161486e+20,1.257135308161486e+20,100
2026/02/07/9:10,537909,537909,1.25824852971736e+20,1.25824852971736e+20,100
2026/02/07/9:20,538377,538377,1.259361823521953e+20,1.259361823521953e+20,100
2026/02/07/9:30,538830,538830,1.260439736138538e+20,1.260439736138538e+20,100
2026/02/07/9:40,539206,539206,1.261334111933503e+20,1.261334111933503e+20,100
2026/02/07/9:50,539675,539675,1.262449698032777e+20,1.262449698032777e+20,100
2026/02/07/10:00,540144,540144,1.263565285025338e+20,1.263565285025338e+20,100
2026/02/07/10:10,540559,540559,1.264552171628446e+20,1.264552171628446e+20,100
2026/02/07/10:20,540928,540928,1.265429615105432e+20,1.265429615105432e+20,100
2026/02/07/10:30,541210,541210,1.266100398992542e+20,1.266100398992542e+20,100
2026/02/07/10:40,541679,541679,1.267216278680823e+20,1.267216278680823e+20,100
2026/02/07/10:50,542147,542147,1.268329681249087e+20,1.268329681249087e+20,100
2026/02/07/11:00,542616,542616,1.269445178238144e+20,1.269445178238144e+20,100
2026/02/07/11:10,543037,543037,1.270447023968256e+20,1.270447023968256e+20,100
2026/02/07/11:20,543506,543506,1.271562073411454e+20,1.271562073411454e+20,100
2026/02/07/11:30,543974,543974,1.272674892398844e+20,1.272674892398844e+20,100
2026/02/07/11:40,544443,544443,1.273789871854983e+20,1.273789871854983e+20,100
2026/02/07/11:50,544912,544912,1.274905040600306e+20,1.274905040600306e+20,100
2026/02/07/12:00,545381,545381,1.276020401753641e+20,1.276020401753641e+20,100
2026/02/07/12:10,545849,545849,1.277133571627403e+20,1.277133571627403e+20,100
2026/02/07/12:20,546318,546318,1.278248635180265e+20,1.278248635180265e+20,100
2026/02/07/12:30,546573,546573,1.27885493981842e+20,1.27885493981842e+20,100
2026/02/07/12:40,546573,546573,1.27885493981842e+20,1.27885493981842e+20,100
2026/02/07/12:50,546957,546957,1.279768157369838e+20,1.279768157369838e+20,100
2026/02/07/13:00,547426,547426,1.280883181535041e+20,1.280883181535041e+20,100
2026/02/07/13:10,547895,547895,1.281998218836772e+20,1.281998218836772e+20,100
2026/02/07/13:20,548364,548364,1.283113181136918e+20,1.283113181136918e+20,100
2026/02/07/13:30,548832,548832,1.284226092961431e+20,1.284226092961431e+20,100
2026/02/07/13:40,549301,549301,1.285341047009807e+20,1.285341047009807e+20,100
2026/02/07/13:50,549770,549770,1.286456251095719e+20,1.286456251095719e+20,100
2026/02/07/14:00,550239,550239,1.287571433643958e+20,1.287571433643958e+20,100
2026/02/07/14:10,550646,550646,1.288539002111159e+20,1.288539002111159e+20,100
2026/02/07/14:20,550802,550802,1.288910139537093e+20,1.288910139537093e+20,100
2026/02/07/14:30,550802,550802,1.288910139537093e+20,1.288910139537093e+20,100
2026/02/07/14:40,550802,550802,1.288910139537093e+20,1.288910139537093e+20,100
2026/02/07/14:50,550802,550802,1.288910139537093e+20,1.288910139537093e+20,100
2026/02/07/15:00,550802,550802,1.288910139537093e+20,1.288910139537093e+20,100
2026/02/07/15:10,550802,550802,1.288910139537093e+20,1.288910139537093e+20,100
2026/02/07/15:20,550802,550802,1.288910139537093e+20,1.288910139537093e+20,100
2026/02/07/15:30,550802,550802,1.288910139537093e+20,1.288910139537093e+20,100
2026/02/07/15:40,550802,550802,1.288910139537093e+20,1.288910139537093e+20,100
2026/02/07/15:50,550802,550802,1.288910139537093e+20,1.288910139537093e+20,100
2026/02/07/16:00,550802,550802,1.288910139537093e+20,1.288910139537093e+20,100
2026/02/07/16:10,550802,550802,1.288910139537093e+20,1.288910139537093e+20,100
2026/02/07/16:20,550802,550802,1.288910139537093e+20,1.288910139537093e+20,100
2026/02/07/16:30,550802,550802,1.288910139537093e+20,1.288910139537093e+20,100
2026/02/07/16:40,550802,550802,1.288910139537093e+20,1.288910139537093e+20,100
2026/02/07/16:50,550802,550802,1.288910139537093e+20,1.288910139537093e+20,100
2026/02/07/17:00,550802,550802,1.288910139537093e+20,1.288910139537093e+20,100
2026/02/07/17:10,550802,550802,1.288910139537093e+20,1.288910139537093e+20,100
2026/02/07/17:20,550802,550802,1.288910139537093e+20,1.288910139537093e+20,100
2026/02/07/17:30,550802,550802,1.288910139537093e+20,1.288910139537093e+20,100
2026/02/07/17:40,550802,550802,1.288910139537093e+20,1.288910139537093e+20,100
2026/02/07/17:50,550802,550802,1.288910139537093e+20,1.288910139537093e+20,100
2026/02/07/18:00,550802,550802,1.288910139537093e+20,1.288910139537093e+20,100
2026/02/07/18:10,550802,550802,1.288910139537093e+20,1.288910139537093e+20,100
2026/02/07/18:20,550802,550802,1.288910139537093e+20,1.288910139537093e+20,100
2026/02/07/18:30,550802,550802,1.288910139537093e+20,1.288910139537093e+20,100
2026/02/07/18:40,550802,550802,1.288910139537093e+20,1.288910139537093e+20,100
2026/02/07/18:50,550802,550802,1.288910139537093e+20,1.288910139537093e+20,100
2026/02/07/19:00,550802,550802,1.288910139537093e+20,1.288910139537093e+20,100
2026/02/07/19:10,550802,550802,1.288910139537093e+20,1.288910139537093e+20,100
2026/02/07/19:20,550802,550802,1.288910139537093e+20,1.288910139537093e+20,100
2026/02/07/19:30,550802,550802,1.288910139537093e+20,1.288910139537093e+20,100
2026/02/07/19:40,550802,550802,1.288910139537093e+20,1.288910139537093e+20,100
2026/02/07/19:50,550802,550802,1.288910139537093e+20,1.288910139537093e+20,100
2026/02/07/20:00,550802,550802,1.288910139537093e+20,1.288910139537093e+20,100
2026/02/07/20:10,550802,550802,1.288910139537093e+20,1.288910139537093e+20,100
2026/02/07/20:20,550802,550802,1.288910139537093e+20,1.288910139537093e+20,100
2026/02/07/20:30,550802,550802,1.288910139537093e+20,1.288910139537093e+20,100
2026/02/07/20:40,550802,550802,1.288910139537093e+20,1.288910139537093e+20,100
2026/02/07/20:50,550802,550802,1.288910139537093e+20,1.288910139537093e+20,100
2026/02/07/21:00,550802,550802,1.288910139537093e+20,1.288910139537093e+20,100
2026/02/07/21:10,550802,550802,1.288910139537093e+20,1.288910139537093e+20,100
2026/02/07/21:20,550802,550802,1.288910139537093e+20,1.288910139537093e+20,100
2026/02/07/21:30,550802,550802,1.288910139537093e+20,1.288910139537093e+20,100
2026/02/07/21:40,550802,550802,1.288910139537093e+20,1.288910139537093e+20,100
2026/02/07/21:50,550802,550802,1.288910139537093e+20,1.288910139537093e+20,100
2026/02/07/22:00,550802,550802,1.288910139537093e+20,1.288910139537093e+20,100
2026/02/07/22:10,550802,550802,1.288910139537093e+20,1.288910139537093e+20,100
2026/02/07/22:20,550802,550802,1.288910139537093e+20,1.288910139537093e+20,100
2026/02/07/22:30,550802,550802,1.288910139537093e+20,1.288910139537093e+20,100
2026/02/07/22:40,550802,550802,1.288910139537093e+20,1.288910139537093e+20,100
2026/02/07/22:50,550802,550802,1.288910139537093e+20,1.288910139537093e+20,100
2026/02/07/23:00,550802,550802,1.288910139537093e+20,1.288910139537093e+20,100
2026/02/07/23:10,550802,550802,1.288910139537093e+20,1.288910139537093e+20,100
2026/02/07/23:20,550802,550802,1.288910139537093e+20,1.288910139537093e+20,100
2026/02/07/23:30,550802,550802,1.288910139537093e+20,1.288910139537093e+20,100
2026/02/07/23:40,550802,550802,1.288910139537093e+20,1.288910139537093e+20,100
2026/02/07/23:50,550802,550802,1.288910139537093e+20,1.288910139537093e+20,100
2026/02/08/0:00,550802,550802,1.288910139537093e+20,1.288910139537093e+20,100
2026/02/08/0:10,550802,550802,1.288910139537093e+20,1.288910139537093e+20,100
2026/02/08/0:20,550802,550802,1.288910139537093e+20,1.288910139537093e+20,100
2026/02/08/0:30,550802,550802,1.288910139537093e+20,1.288910139537093e+20,100
2026/02/08/0:40,550802,550802,1.288910139537093e+20,1.288910139537093e+20,100
2026/02/08/0:50,550802,550802,1.288910139537093e+20,1.288910139537093e+20,100
2026/02/08/1:00,550802,550802,1.288910139537093e+20,1.288910139537093e+20,100
2026/02/08/1:10,550802,550802,1.288910139537093e+20,1.288910139537093e+20,100
2026/02/08/1:20,550802,550802,1.288910139537093e+20,1.288910139537093e+20,100
2026/02/08/1:30,550802,550802,1.288910139537093e+20,1.288910139537093e+20,100
2026/02/08/1:40,550802,550802,1.288910139537093e+20,1.288910139537093e+20,100
2026/02/08/1:50,550802,550802,1.288910139537093e+20,1.288910139537093e+20,100
2026/02/08/2:00,550802,550802,1.288910139537093e+20,1.288910139537093e+20,100
2026/02/08/2:10,550802,550802,1.288910139537093e+20,1.288910139537093e+20,100
2026/02/08/2:20,550802,550802,1.288910139537093e+20,1.288910139537093e+20,100
2026/02/08/2:30,550802,550802,1.288910139537093e+20,1.288910139537093e+20,100
2026/02/08/2:40,550802,550802,1.288910139537093e+20,1.288910139537093e+20,100
2026/02/08/2:50,550802,550802,1.288910139537093e+20,1.288910139537093e+20,100
2026/02/08/3:00,550802,550802,1.288910139537093e+20,1.288910139537093e+20,100
2026/02/08/3:10,550802,550802,1.288910139537093e+20,1.288910139537093e+20,100
2026/02/08/3:20,550802,550802,1.288910139537093e+20,1.288910139537093e+20,100
2026/02/08/3:30,550802,550802,1.288910139537093e+20,1.288910139537093e+20,100
2026/02/08/3:40,550802,550802,1.288910139537093e+20,1.288910139537093e+20,100
2026/02/08/3:50,550802,550802,1.288910139537093e+20,1.288910139537093e+20,100
2026/02/08/4:00,550802,550802,1.288910139537093e+20,1.288910139537093e+20,100
2026/02/08/4:10,550802,550802,1.288910139537093e+20,1.288910139537093e+20,100
2026/02/08/4:20,550802,550802,1.288910139537093e+20,1.288910139537093e+20,100
2026/02/08/4:30,550802,550802,1.288910139537093e+20,1.288910139537093e+20,100
2026/02/08/4:40,550802,550802,1.288910139537093e+20,1.288910139537093e+20,100
2026/02/08/4:50,550802,550802,1.288910139537093e+20,1.288910139537093e+20,100
2026/02/08/5:00,550802,550802,1.288910139537093e+20,1.288910139537093e+20,100
2026/02/08/5:10,550802,550802,1.288910139537093e+20,1.288910139537093e+20,100
2026/02/08/5:20,550802,550802,1.288910139537093e+20,1.288910139537093e+20,100
2026/02/08/5:30,550802,550802,1.288910139537093e+20,1.288910139537093e+20,100
2026/02/08/5:40,550802,550802,1.288910139537093e+20,1.288910139537093e+20,100
2026/02/08/5:50,550802,550802,1.288910139537093e+20,1.288910139537093e+20,100
2026/02/08/6:00,550802,550802,1.288910139537093e+20,1.288910139537093e+20,100
2026/02/08/6:10,550802,550802,1.288910139537093e+20,1.288910139537093e+20,100
2026/02/08/6:20,550802,550802,1.288910139537093e+20,1.288910139537093e+20,100
2026/02/08/6:30,550802,550802,1.288910139537093e+20,1.288910139537093e+20,100
2026/02/08/6:40,550802,550802,1.288910139537093e+20,1.288910139537093e+20,100
2026/02/08/6:50,550802,550802,1.288910139537093e+20,1.288910139537093e+20,100
2026/02/08/7:00,550802,550802,1.288910139537093e+20,1.288910139537093e+20,100
2026/02/08/7:10,550802,550802,1.288910139537093e+20,1.288910139537093e+20,100
2026/02/08/7:20,550802,550802,1.288910139537093e+20,1.288910139537093e+20,100
2026/02/08/7:30,550802,550802,1.288910139537093e+20,1.288910139537093e+20,100
2026/02/08/7:40,550802,550802,1.288910139537093e+20,1.288910139537093e+20,100
2026/02/08/7:50,550802,550802,1.288910139537093e+20,1.288910139537093e+20,100
2026/02/08/8:00,550802,550802,1.288910139537093e+20,1.288910139537093e+20,100
2026/02/08/8:10,550802,550802,1.288910139537093e+20,1.288910139537093e+20,100
2026/02/08/8:20,550802,550802,1.288910139537093e+20,1.288910139537093e+20,100
2026/02/08/8:30,550802,550802,1.288910139537093e+20,1.288910139537093e+20,100
2026/02/08/8:40,550802,550802,1.288910139537093e+20,1.288910139537093e+20,100
2026/02/08/8:50,550802,550802,1.288910139537093e+20,1.288910139537093e+20,100
2026/02/08/9:00,550802,550802,1.288910139537093e+20,1.288910139537093e+20,100
2026/02/08/9:10,550802,550802,1.288910139537093e+20,1.288910139537093e+20,100
2026/02/08/9:20,550802,550802,1.288910139537093e+20,1.288910139537093e+20,100
2026/02/08/9:30,550802,550802,1.288910139537093e+20,1.288910139537093e+20,100
2026/02/08/9:40,550802,550802,1.288910139537093e+20,1.288910139537093e+20,100
2026/02/08/9:50,550802,550802,1.288910139537093e+20,1.288910139537093e+20,100
2026/02/08/10:00,550802,550802,1.288910139537093e+20,1.288910139537093e+20,100
2026/02/08/10:10,550802,550802,1.288910139537093e+20,1.288910139537093e+20,100
2026/02/08/10:20,550802,550802,1.288910139537093e+20,1.288910139537093e+20,100
2026/02/08/10:30,550802,550802,1.288910139537093e+20,1.288910139537093e+20,100
2026/02/08/10:40,550802,550802,1.288910139537093e+20,1.288910139537093e+20,100
2026/02/08/10:50,550802,550802,1.288910139537093e+20,1.288910139537093e+20,100
2026/02/08/11:00,550802,550802,1.288910139537093e+20,1.288910139537093e+20,100
2026/02/08/11:10,550802,550802,1.288910139537093e+20,1.288910139537093e+20,100
2026/02/08/11:20,550802,550802,1.288910139537093e+20,1.288910139537093e+20,100
2026/02/08/11:30,550802,550802,1.288910139537093e+20,1.288910139537093e+20,100
2026/02/08/11:40,550802,550802,1.288910139537093e+20,1.288910139537093e+20,100
2026/02/08/11:50,550802,550802,1.288910139537093e+20,1.288910139537093e+20,100
2026/02/08/12:00,550802,550802,1.288910139537093e+20,1.288910139537093e+20,100
2026/02/08/12:10,550802,550802,1.288910139537093e+20,1.288910139537093e+20,100
2026/02/08/12:20,550802,550802,1.288910139537093e+20,1.288910139537093e+20,100
2026/02/08/12:30,550802,550802,1.288910139537093e+20,1.288910139537093e+20,100
2026/02/08/12:40,550802,550802,1.288910139537093e+20,1.288910139537093e+20,100
2026/02/08/12:50,550802,550802,1.288910139537093e+20,1.288910139537093e+20,100
2026/02/08/13:00,550802,550802,1.288910139537093e+20,1.288910139537093e+20,100
2026/02/08/13:10,550802,550802,1.288910139537093e+20,1.288910139537093e+20,100
2026/02/08/13:20,550802,550802,1.288910139537093e+20,1.288910139537093e+20,100
2026/02/08/13:30,550802,550802,1.288910139537093e+20,1.288910139537093e+20,100
2026/02/08/13:40,550802,550802,1.288910139537093e+20,1.288910139537093e+20,100
2026/02/08/13:50,550802,550802,1.288910139537093e+20,1.288910139537093e+20,100
2026/02/08/14:00,550802,550802,1.288910139537093e+20,1.288910139537093e+20,100
2026/02/08/14:10,550802,550802,1.288910139537093e+20,1.288910139537093e+20,100
2026/02/08/14:20,550802,550802,1.288910139537093e+20,1.288910139537093e+20,100
2026/02/08/14:30,550802,550802,1.288910139537093e+20,1.288910139537093e+20,100
2026/02/08/14:40,551020,551020,1.289428126759741e+20,1.289428126759741e+20,100
2026/02/08/14:50,551488,551488,1.290540010014963e+20,1.290540010014963e+20,100
2026/02/08/15:00,551957,551957,1.29165431507896e+20,1.29165431507896e+20,100
2026/02/08/15:10,552426,552426,1.292768456848463e+20,1.292768456848463e+20,100
2026/02/08/15:20,552895,552895,1.293882361528366e+20,1.293882361528366e+20,100
2026/02/08/15:30,553363,553363,1.294993904794789e+20,1.294993904794789e+20,100
2026/02/08/15:40,553832,553832,1.296108177214052e+20,1.296108177214052e+20,100
2026/02/08/15:50,554301,554301,1.297222273879897e+20,1.297222273879897e+20,100
2026/02/08/16:00,554770,554770,1.298336291791838e+20,1.298336291791838e+20,100
2026/02/08/16:10,555238,555238,1.299447650782961e+20,1.299447650782961e+20,100
2026/02/08/16:20,555707,555707,1.300561905636672e+20,1.300561905636672e+20,100
2026/02/08/16:30,556176,556176,1.301676017805448e+20,1.301676017805448e+20,100
2026/02/08/16:40,556645,556645,1.30279005375635e+20,1.30279005375635e+20,100
2026/02/08/16:50,557113,557113,1.303902130123118e+20,1.303902130123118e+20,100
2026/02/08/17:00,557582,557582,1.30501627998018e+20,1.30501627998018e+20,100
2026/02/08/17:10,557867,557867,1.305693347891634e+20,1.305693347891634e+20,100
2026/02/08/17:20,558336,558336,1.306807919161066e+20,1.306807919161066e+20,100
2026/02/08/17:30,558804,558804,1.307920131623609e+20,1.307920131623609e+20,100
2026/02/08/17:40,559273,559273,1.309035195686901e+20,1.309035195686901e+20,100
2026/02/08/17:50,559742,559742,1.310149941602981e+20,1.310149941602981e+20,100
2026/02/08/18:00,560211,560211,1.31126442149499e+20,1.31126442149499e+20,100
2026/02/08/18:10,560679,560679,1.312376966200091e+20,1.312376966200091e+20,100
2026/02/08/18:20,561148,561148,1.313491846004465e+20,1.313491846004465e+20,100
2026/02/08/18:30,561617,561617,1.314606639091465e+20,1.314606639091465e+20,100
2026/02/08/18:40,562086,562086,1.315721603917836e+20,1.315721603917836e+20,100
2026/02/08/18:50,562554,562554,1.31683395251137e+20,1.31683395251137e+20,100
2026/02/08/19:00,563023,563023,1.317947957579727e+20,1.317947957579727e+20,100
2026/02/08/19:10,563492,563492,1.319062604433545e+20,1.319062604433545e+20,100
2026/02/08/19:20,563955,563955,1.320163303435111e+20,1.320163303435111e+20,100
2026/02/08/19:30,564381,564381,1.321174779182549e+20,1.321174779182549e+20,100
2026/02/08/19:40,564850,564850,1.322288058059783e+20,1.322288058059783e+20,100
2026/02/08/19:50,565319,565319,1.32340162176253e+20,1.32340162176253e+20,100
2026/02/08/20:00,565788,565788,1.324515056420081e+20,1.324515056420081e+20,100
2026/02/08/20:10,566256,566256,1.32562611545929e+20,1.32562611545929e+20,100
2026/02/08/20:20,566692,566692,1.326660869863915e+20,1.326660869863915e+20,100
2026/02/08/20:30,567025,567025,1.327451489870531e+20,1.327451489870531e+20,100
2026/02/08/20:40,567494,567494,1.328564929488431e+20,1.328564929488431e+20,100
2026/02/08/20:50,567962,567962,1.329675545114505e+20,1.329675545114505e+20,100
2026/02/08/21:00,568431,568431,1.330788316600619e+20,1.330788316600619e+20,100
2026/02/08/21:10,568900,568900,1.331901582662004e+20,1.331901582662004e+20,100
2026/02/08/21:20,569369,569369,1.333014797486438e+20,1.333014797486438e+20,100
2026/02/08/21:30,569837,569837,1.334125795293051e+20,1.334125795293051e+20,100
2026/02/08/21:40,570306,570306,1.335239377784995e+20,1.335239377784995e+20,100
2026/02/08/21:50,570775,570775,1.33635251368667e+20,1.33635251368667e+20,100
2026/02/08/22:00,571244,571244,1.337465692765598e+20,1.337465692765598e+20,100
2026/02/08/22:10,571712,571712,1.338576540582324e+20,1.338576540582324e+20,100
2026/02/08/22:20,572181,572181,1.339689941900118e+20,1.339689941900118e+20,100
2026/02/08/22:30,572650,572650,1.340803219317266e+20,1.340803219317266e+20,100
2026/02/08/22:40,573119,573119,1.341916768821217e+20,1.341916768821217e+20,100
2026/02/08/22:50,573587,573587,1.343027679909554e+20,1.343027679909554e+20,100
2026/02/08/23:00,574056,574056,1.344140991429072e+20,1.344140991429072e+20,100
2026/02/08/23:10,574525,574525,1.345254208097864e+20,1.345254208097864e+20,100
2026/02/08/23:20,574994,574994,1.34636707511244e+20,1.34636707511244e+20,100
2026/02/08/23:30,575416,575416,1.347368981967441e+20,1.347368981967441e+20,100
2026/02/08/23:40,575885,575885,1.348482993560076e+20,1.348482993560076e+20,100
2026/02/08/23:50,576354,576354,1.349597195349502e+20,1.349597195349502e+20,100
2026/02/09/0:00,576823,576823,1.350711025996436e+20,1.350711025996436e+20,100
2026/02/09/0:10,577291,577291,1.351822129574697e+20,1.351822129574697e+20,100
2026/02/09/0:20,577760,577760,1.352935970337243e+20,1.352935970337243e+20,100
2026/02/09/0:30,578174,578174,1.353918610295354e+20,1.353918610295354e+20,100
2026/02/09/0:40,578643,578643,1.355031768539758e+20,1.355031768539758e+20,100
2026/02/09/0:50,579111,579111,1.356142416612176e+20,1.356142416612176e+20,100
2026/02/09/1:00,579580,579580,1.357255777730678e+20,1.357255777730678e+20,100
2026/02/09/1:10,580049,580049,1.358368670389335e+20,1.358368670389335e+20,100
2026/02/09/1:20,580518,580518,1.359481704713098e+20,1.359481704713098e+20,100
2026/02/09/1:30,580986,580986,1.360592653690178e+20,1.360592653690178e+20,100
2026/02/09/1:40,581454,581454,1.361703609544336e+20,1.361703609544336e+20,100
2026/02/09/1:50,581923,581923,1.362816732372302e+20,1.362816732372302e+20,100
2026/02/09/2:00,582392,582392,1.363929748123454e+20,1.363929748123454e+20,100
2026/02/09/2:10,582590,582590,1.364399682916097e+20,1.364399682916097e+20,100
2026/02/09/2:20,582948,582948,1.365249105239875e+20,1.365249105239875e+20,100
2026/02/09/2:30,583417,583417,1.366361858697347e+20,1.366361858697347e+20,100
2026/02/09/2:40,583886,583886,1.367474864708393e+20,1.367474864708393e+20,100
2026/02/09/2:50,584354,584354,1.368585405096692e+20,1.368585405096692e+20,100
2026/02/09/3:00,584823,584823,1.369698129870587e+20,1.369698129870587e+20,100
2026/02/09/3:10,585292,585292,1.370811273265673e+20,1.370811273265673e+20,100
2026/02/09/3:20,585761,585761,1.371924237584188e+20,1.371924237584188e+20,100
2026/02/09/3:30,586183,586183,1.372926126631645e+20,1.372926126631645e+20,100
2026/02/09/3:40,586652,586652,1.374040218140554e+20,1.374040218140554e+20,100
2026/02/09/3:50,587121,587121,1.375153466447541e+20,1.375153466447541e+20,100
2026/02/09/4:00,587590,587590,1.376267199725265e+20,1.376267199725265e+20,100
2026/02/09/4:10,588058,588058,1.377378631158468e+20,1.377378631158468e+20,100
2026/02/09/4:20,588527,588527,1.378492729384757e+20,1.378492729384757e+20,100
2026/02/09/4:30,588996,588996,1.379606881669364e+20,1.379606881669364e+20,100
2026/02/09/4:40,589465,589465,1.380720234184973e+20,1.380720234184973e+20,100
2026/02/09/4:50,589881,589881,1.381708103354106e+20,1.381708103354106e+20,100
2026/02/09/5:00,590350,590350,1.382822619688963e+20,1.382822619688963e+20,100
2026/02/09/5:10,590819,590819,1.383936991990761e+20,1.383936991990761e+20,100
2026/02/09/5:20,591288,591288,1.385051312655211e+20,1.385051312655211e+20,100
2026/02/09/5:30,591708,591708,1.386049318488101e+20,1.386049318488101e+20,100
2026/02/09/5:40,592177,592177,1.387163708699352e+20,1.387163708699352e+20,100
2026/02/09/5:50,592646,592646,1.388278190887849e+20,1.388278190887849e+20,100
2026/02/09/6:00,593068,593068,1.389280746639512e+20,1.389280746639512e+20,100
2026/02/09/6:10,593536,593536,1.390391224976357e+20,1.390391224976357e+20,100
2026/02/09/6:20,594005,594005,1.391504789641405e+20,1.391504789641405e+20,100
2026/02/09/6:30,594474,594474,1.392617338822738e+20,1.392617338822738e+20,100
2026/02/09/6:40,594943,594943,1.393730558798948e+20,1.393730558798948e+20,100
2026/02/09/6:50,595411,595411,1.394841355756544e+20,1.394841355756544e+20,100
2026/02/09/7:00,595880,595880,1.39595432716575e+20,1.39595432716575e+20,100
2026/02/09/7:10,596349,596349,1.397067131805869e+20,1.397067131805869e+20,100
2026/02/09/7:20,596818,596818,1.398180281988639e+20,1.398180281988639e+20,100
2026/02/09/7:30,597286,597286,1.399291151077828e+20,1.399291151077828e+20,100
2026/02/09/7:40,597755,597755,1.40040411930539e+20,1.40040411930539e+20,100
2026/02/09/7:50,598224,598224,1.401517038096115e+20,1.401517038096115e+20,100
2026/02/09/8:00,598693,598693,1.402630388952211e+20,1.402630388952211e+20,100
2026/02/09/8:10,599160,599160,1.403738943406696e+20,1.403738943406696e+20,100
2026/02/09/8:20,599629,599629,1.404851975219842e+20,1.404851975219842e+20,100
2026/02/09/8:30,600098,600098,1.405964730576629e+20,1.405964730576629e+20,100
2026/02/09/8:40,600567,600567,1.407077674500101e+20,1.407077674500101e+20,100
2026/02/09/8:50,601035,601035,1.408187996768327e+20,1.408187996768327e+20,100
2026/02/09/9:00,601504,601504,1.409300575777677e+20,1.409300575777677e+20,100
2026/02/09/9:10,601791,601791,1.409981381839202e+20,1.409981381839202e+20,100
2026/02/09/9:20,602260,602260,1.411094888085792e+20,1.411094888085792e+20,100
2026/02/09/9:30,602728,602728,1.412206496810281e+20,1.412206496810281e+20,100
2026/02/09/9:40,603197,603197,1.413320999793704e+20,1.413320999793704e+20,100
2026/02/09/9:50,603666,603666,1.414435551790217e+20,1.414435551790217e+20,100
2026/02/09/10:00,604135,604135,1.415549968787794e+20,1.415549968787794e+20,100
2026/02/09/10:10,604521,604521,1.416466841581889e+20,1.416466841581889e+20,100
2026/02/09/10:20,604990,604990,1.417580244370476e+20,1.417580244370476e+20,100
2026/02/09/10:30,605459,605459,1.418693312702315e+20,1.418693312702315e+20,100
2026/02/09/10:40,605860,605860,1.419645582748732e+20,1.419645582748732e+20,100
2026/02/09/10:50,606133,606133,1.420294167029636e+20,1.420294167029636e+20,100
2026/02/09/11:00,606602,606602,1.42140893205417e+20,1.42140893205417e+20,100
2026/02/09/11:10,607071,607071,1.422523774376001e+20,1.422523774376001e+20,100
2026/02/09/11:20,607471,607471,1.423475136261378e+20,1.423475136261378e+20,100
2026/02/09/11:30,607932,607932,1.424571135216133e+20,1.424571135216133e+20,100
2026/02/09/11:40,608401,608401,1.425686453510184e+20,1.425686453510184e+20,100
2026/02/09/11:50,608870,608870,1.426802368985245e+20,1.426802368985245e+20,100
2026/02/09/12:00,609339,609339,1.427917812187129e+20,1.427917812187129e+20,100
2026/02/09/12:10,609807,609807,1.429031420026982e+20,1.429031420026982e+20,100
2026/02/09/12:20,610276,610276,1.430146888278026e+20,1.430146888278026e+20,100
2026/02/09/12:30,610745,610745,1.431262597480241e+20,1.431262597480241e+20,100
2026/02/09/12:40,611213,611213,1.432375706836164e+20,1.432375706836164e+20,100
2026/02/09/12:50,611681,611681,1.433489078999295e+20,1.433489078999295e+20,100
2026/02/09/13:00,612150,612150,1.434604410533071e+20,1.434604410533071e+20,100
2026/02/09/13:10,612619,612619,1.435720174627685e+20,1.435720174627685e+20,100
2026/02/09/13:20,613088,613088,1.436835582210482e+20,1.436835582210482e+20,100
2026/02/09/13:30,613556,613556,1.437948364396807e+20,1.437948364396807e+20,100
2026/02/09/13:40,614025,614025,1.439063995085824e+20,1.439063995085824e+20,100
2026/02/09/13:50,614494,614494,1.440179319016283e+20,1.440179319016283e+20,100
2026/02/09/14:00,614963,614963,1.441294897300432e+20,1.441294897300432e+20,100
2026/02/09/14:10,615431,615431,1.442408088989593e+20,1.442408088989593e+20,100
2026/02/09/14:20,615900,615900,1.443523857565858e+20,1.443523857565858e+20,100
2026/02/09/14:30,616369,616369,1.444639375541394e+20,1.444639375541394e+20,100
2026/02/09/14:40,616763,616763,1.445576993751077e+20,1.445576993751077e+20,100
2026/02/09/14:50,617231,617231,1.446690165523637e+20,1.446690165523637e+20,100
2026/02/09/15:00,617700,617700,1.447805583484032e+20,1.447805583484032e+20,100
2026/02/09/15:10,618169,618169,1.448920826890913e+20,1.448920826890913e+20,100
2026/02/09/15:20,618638,618638,1.450036149130772e+20,1.450036149130772e+20,100
2026/02/09/15:30,619106,619106,1.451148940514396e+20,1.451148940514396e+20,100
2026/02/09/15:40,619575,619575,1.452264252477017e+20,1.452264252477017e+20,100
2026/02/09/15:50,620044,620044,1.453379548885753e+20,1.453379548885753e+20,100
2026/02/09/16:00,620513,620513,1.454494921055853e+20,1.454494921055853e+20,100
2026/02/09/16:10,620981,620981,1.455607585250895e+20,1.455607585250895e+20,100
2026/02/09/16:20,621450,621450,1.456723219289123e+20,1.456723219289123e+20,100
2026/02/09/16:30,621919,621919,1.457838514840176e+20,1.457838514840176e+20,100
2026/02/09/16:40,622388,622388,1.458953405027047e+20,1.458953405027047e+20,100
2026/02/09/16:50,622787,622787,1.459902049880158e+20,1.459902049880158e+20,100
2026/02/09/17:00,623256,623256,1.46101808982705e+20,1.46101808982705e+20,100
2026/02/09/17:10,623725,623725,1.462133675630798e+20,1.462133675630798e+20,100
2026/02/09/17:20,624194,624194,1.463248971372763e+20,1.463248971372763e+20,100
2026/02/09/17:30,624662,624662,1.464362281484179e+20,1.464362281484179e+20,100
2026/02/09/17:40,625131,625131,1.465477664447366e+20,1.465477664447366e+20,100
2026/02/09/17:50,625600,625600,1.466593220483599e+20,1.466593220483599e+20,100
2026/02/09/18:00,626069,626069,1.46770857736348e+20,1.46770857736348e+20,100
2026/02/09/18:10,626537,626537,1.46882161320499e+20,1.46882161320499e+20,100
2026/02/09/18:20,627006,627006,1.46993721935386e+20,1.46993721935386e+20,100
2026/02/09/18:30,627475,627475,1.471052596212906e+20,1.471052596212906e+20,100
2026/02/09/18:40,627944,627944,1.472167988542376e+20,1.472167988542376e+20,100
2026/02/09/18:50,628412,628412,1.473280800788905e+20,1.473280800788905e+20,100
2026/02/09/19:00,628881,628881,1.474396213607841e+20,1.474396213607841e+20,100
2026/02/09/19:10,629350,629350,1.475511473971163e+20,1.475511473971163e+20,100
2026/02/09/19:20,629819,629819,1.47662617857331e+20,1.47662617857331e+20,100
2026/02/09/19:30,630287,630287,1.477739049681649e+20,1.477739049681649e+20,100
2026/02/09/19:40,630756,630756,1.478853705424853e+20,1.478853705424853e+20,100
2026/02/09/19:50,631225,631225,1.479968788039728e+20,1.479968788039728e+20,100
2026/02/09/20:00,631694,631694,1.481083626796027e+20,1.481083626796027e+20,100
2026/02/09/20:10,632162,632162,1.482196357086754e+20,1.482196357086754e+20,100
2026/02/09/20:20,632584,632584,1.483199139042436e+20,1.483199139042436e+20,100
2026/02/09/20:30,633053,633053,1.484313341857237e+20,1.484313341857237e+20,100
2026/02/09/20:40,633522,633522,1.485427265346198e+20,1.485427265346198e+20,100
2026/02/09/20:50,633990,633990,1.486539194568052e+20,1.486539194568052e+20,100
2026/02/09/21:00,634459,634459,1.487653373408086e+20,1.487653373408086e+20,100
2026/02/09/21:10,634928,634928,1.48876752429878e+20,1.48876752429878e+20,100
2026/02/09/21:20,635397,635397,1.489881596590755e+20,1.489881596590755e+20,100
2026/02/09/21:30,635865,635865,1.490993421118319e+20,1.490993421118319e+20,100
2026/02/09/21:40,636084,636084,1.491513719539129e+20,1.491513719539129e+20,100
2026/02/09/21:50,636553,636553,1.492627699296211e+20,1.492627699296211e+20,100
2026/02/09/22:00,637022,637022,1.493741555695579e+20,1.493741555695579e+20,100
2026/02/09/22:10,637490,637490,1.494853320672767e+20,1.494853320672767e+20,100
2026/02/09/22:20,637959,637959,1.495967429605461e+20,1.495967429605461e+20,100
2026/02/09/22:30,638103,638103,1.496309249097855e+20,1.496309249097855e+20,100
2026/02/09/22:40,638572,638572,1.497422361207034e+20,1.497422361207034e+20,100
2026/02/09/22:50,639040,639040,1.498533668107261e+20,1.498533668107261e+20,100
2026/02/09/23:00,639509,639509,1.499647120276703e+20,1.499647120276703e+20,100
2026/02/09/23:10,639978,639978,1.500760412817407e+20,1.500760412817407e+20,100
2026/02/09/23:20,640447,640447,1.501873841567015e+20,1.501873841567015e+20,100
2026/02/09/23:30,640915,640915,1.502985012411456e+20,1.502985012411456e+20,100
2026/02/09/23:40,641384,641384,1.504098325260261e+20,1.504098325260261e+20,100
2026/02/09/23:50,641853,641853,1.505211783383821e+20,1.505211783383821e+20,100
2026/02/10/0:00,642322,642322,1.506325299402122e+20,1.506325299402122e+20,100
2026/02/10/0:10,642790,642790,1.507436464364677e+20,1.507436464364677e+20,100
2026/02/10/0:20,643259,643259,1.50854979182674e+20,1.50854979182674e+20,100
2026/02/10/0:30,643680,643680,1.5095494717071e+20,1.5095494717071e+20,100
2026/02/10/0:40,644149,644149,1.510663540207026e+20,1.510663540207026e+20,100
2026/02/10/0:50,644617,644617,1.511775257636624e+20,1.511775257636624e+20,100
2026/02/10/1:00,645086,645086,1.51288928982347e+20,1.51288928982347e+20,100
2026/02/10/1:10,645555,645555,1.514003639180138e+20,1.514003639180138e+20,100
2026/02/10/1:20,646024,646024,1.51511804206986e+20,1.51511804206986e+20,100
2026/02/10/1:30,646492,646492,1.516230373099516e+20,1.516230373099516e+20,100
2026/02/10/1:40,646961,646961,1.517344577621688e+20,1.517344577621688e+20,100
2026/02/10/1:50,647430,647430,1.518458380996634e+20,1.518458380996634e+20,100
2026/02/10/2:00,647899,647899,1.519572613381458e+20,1.519572613381458e+20,100
2026/02/10/2:10,648261,648261,1.520432288809379e+20,1.520432288809379e+20,100
2026/02/10/2:20,648730,648730,1.521546248431858e+20,1.521546248431858e+20,100
2026/02/10/2:30,649199,649199,1.522661006489146e+20,1.522661006489146e+20,100
2026/02/10/2:40,649630,649630,1.523685072656637e+20,1.523685072656637e+20,100
2026/02/10/2:50,650065,650065,1.524717793906087e+20,1.524717793906087e+20,100
2026/02/10/3:00,650428,650428,1.525579708539119e+20,1.525579708539119e+20,100
2026/02/10/3:10,650888,650888,1.526670903498105e+20,1.526670903498105e+20,100
2026/02/10/3:20,651357,651357,1.527784437064156e+20,1.527784437064156e+20,100
2026/02/10/3:30,651825,651825,1.528895693459729e+20,1.528895693459729e+20,100
2026/02/10/3:40,652294,652294,1.53000874461055e+20,1.53000874461055e+20,100
2026/02/10/3:50,652763,652763,1.531122001373374e+20,1.531122001373374e+20,100
2026/02/10/4:00,653232,653232,1.532235353200026e+20,1.532235353200026e+20,100
2026/02/10/4:10,653700,653700,1.533345887007034e+20,1.533345887007034e+20,100
2026/02/10/4:20,654169,654169,1.534459824375149e+20,1.534459824375149e+20,100
2026/02/10/4:30,654638,654638,1.535573465994114e+20,1.535573465994114e+20,100
2026/02/10/4:40,655107,655107,1.536686954766608e+20,1.536686954766608e+20,100
2026/02/10/4:50,655575,655575,1.537797953224641e+20,1.537797953224641e+20,100
2026/02/10/5:00,656044,656044,1.538911002010999e+20,1.538911002010999e+20,100
2026/02/10/5:10,656513,656513,1.540023924788938e+20,1.540023924788938e+20,100
2026/02/10/5:20,656982,656982,1.541137109680873e+20,1.541137109680873e+20,100
2026/02/10/5:30,657450,657450,1.542248254792098e+20,1.542248254792098e+20,100
2026/02/10/5:40,657919,657919,1.543361843363546e+20,1.543361843363546e+20,100
2026/02/10/5:50,658388,658388,1.544475439660723e+20,1.544475439660723e+20,100
2026/02/10/6:00,658857,658857,1.545588801234316e+20,1.545588801234316e+20,100
2026/02/10/6:10,659325,659325,1.546700044236788e+20,1.546700044236788e+20,100
2026/02/10/6:20,659794,659794,1.547813758145748e+20,1.547813758145748e+20,100
2026/02/10/6:30,660212,660212,1.5488061856971e+20,1.5488061856971e+20,100
2026/02/10/6:40,660681,660681,1.549921038845558e+20,1.549921038845558e+20,100
2026/02/10/6:50,661149,661149,1.55103328688204e+20,1.55103328688204e+20,100
2026/02/10/7:00,661618,661618,1.552147827507694e+20,1.552147827507694e+20,100
2026/02/10/7:10,661886,661886,1.552784707694312e+20,1.552784707694312e+20,100
2026/02/10/7:20,662137,662137,1.553380487053027e+20,1.553380487053027e+20,100
2026/02/10/7:30,662605,662605,1.554491061443341e+20,1.554491061443341e+20,100
2026/02/10/7:40,663074,663074,1.555604576546299e+20,1.555604576546299e+20,100
2026/02/10/7:50,663543,663543,1.556718418718107e+20,1.556718418718107e+20,100
2026/02/10/8:00,664012,664012,1.557832378821864e+20,1.557832378821864e+20,100
2026/02/10/8:10,664480,664480,1.558944493767367e+20,1.558944493767367e+20,100
2026/02/10/8:20,664949,664949,1.560058728292079e+20,1.560058728292079e+20,100
2026/02/10/8:30,665291,665291,1.56087133343511e+20,1.56087133343511e+20,100
