#bin	ch	sum	cnt
81925	114	28.99704123	1
81925	112	237.9395628	3
81925	141	348.5365289	8
81925	140	462.7515288	7
81925	264	440.3173857	9
81925	244	282.4164756	7
81925	88	272.0501441	8
81925	155	542.6459555	10
81925	94	306.5162723	8
81925	188	268.7599134	8
81925	237	401.0124082	6
81925	236	631.5541592	11
81925	165	512.0586643	10
81925	137	287.2585214	6
81925	76	399.9720296	7
81925	209	327.621543	6
81925	230	377.8376904	6
81925	57	358.1589398	6
81925	78	354.6996463	8
81925	191	363.8522877	6
81925	95	485.3369249	9
81925	13	764.0403325	13
81925	84	280.6675682	5
81925	106	513.2312028	9
81925	104	408.9821846	8
81925	3	490.4416364	9
81925	19	433.3025742	13
81925	158	483.1964553	7
81925	239	682.3518136	11
81925	238	265.6398514	7
81925	15	275.9758453	7
81925	235	279.7636415	6
81925	53	588.1121395	9
81925	80	592.9196513	12
81925	201	345.6244733	8
81925	251	351.383671	8
81925	247	140.4991163	6
81925	245	267.5077647	6
81925	128	414.9275598	8
81925	177	359.8750647	6
81925	135	175.8962467	4
81925	134	261.4423313	7
81925	142	278.4290559	6
81925	10	883.6431073	22
81925	199	794.603735	12
81925	133	301.8292085	5
81925	146	524.4528393	14
81925	4	645.9460641	9
81925	176	338.0258997	7
81925	116	262.2684813	5
81925	115	68.31253571	3
81925	265	433.4005557	11
81925	63	468.2853648	9
81925	224	312.7948173	9
81925	0	392.5190509	5
81925	86	441.4939035	8
81925	215	371.3566396	9
81925	194	649.5362404	14
81925	192	227.984583	7
81925	260	565.676871	10
81925	182	504.4606296	10
81925	181	468.648488	10
81925	180	484.4483694	8
81925	179	776.7525577	12
81925	147	662.4382251	16
81925	47	345.190713	6
81925	44	465.5564128	10
81925	43	541.4875916	9
81925	37	925.1897317	15
81925	8	732.0654874	14
81925	7	496.5947627	11
81925	5	438.1329622	10
81925	218	641.7928268	12
81925	183	518.4482516	9
81925	233	439.1995224	11
81925	232	396.6496283	6
81925	175	261.012969	8
81925	174	191.8237585	5
81925	70	202.4829581	6
81925	186	537.1128016	10
81925	185	515.9251365	9
81925	184	414.3235425	7
81925	17	721.5118788	12
81925	16	419.180749	12
81925	167	856.0694451	13
81925	270	562.6844673	14
81925	269	595.5351534	12
81925	220	384.6131155	8
81925	169	283.6306043	5
81925	119	387.591436	8
81925	226	591.387661	13
81925	225	744.0061187	16
81925	36	591.5111143	13
81925	103	357.6075769	8
81925	102	806.8748394	16
81925	154	345.5334814	8
81925	9	646.3522834	17
81925	28	434.0107322	14
81925	62	372.7949195	10
81925	159	734.8850929	13
81925	205	193.9511637	5
81925	51	571.9069662	12
81925	32	374.2029971	9
81925	123	1042.728916	14
81925	187	552.0443771	11
81925	163	618.0411347	10
81925	100	352.5791737	9
81925	203	497.6679472	11
81925	11	1013.030021	15
81925	214	210.3365053	8
81925	213	154.4819269	6
81925	18	759.2838191	14
81925	121	349.1415246	7
81925	241	521.2513299	9
81925	56	273.3923914	6
81925	131	406.7665163	9
81925	120	357.6712088	8
81925	160	720.6744746	16
81925	223	376.4046464	9
81925	40	1193.353356	17
81925	109	164.7541325	5
81925	108	79.27639791	3
81925	258	175.1658641	6
81925	193	780.1879224	19
81925	83	1239.174753	18
81925	156	854.4467022	19
81925	246	443.065158	9
81925	97	668.122104	11
81925	217	598.4649474	15
81858	158	42.08651817	2
81907	54	7208.831088	152
81916	43	225.4798477	4
81854	101	21.21981755	2
81912	104	5890.440659	113
81918	254	6951.213767	142
81909	230	7804.988445	141
81853	41	23.18981271	2
81922	199	10789.1678	222
81917	45	6008.21518	88
81885	245	72.27144238	2
81882	65	9797.936537	175
81893	61	1208.435614	22
81861	206	238.8660793	20
81863	31	16.83576963	1
81858	155	14.03241553	1
81917	150	3812.726866	79
81856	97	71.98541718	6
81902	207	2985.723158	68
81917	270	3505.471699	71
81884	104	3909.259409	77
81922	43	11928.67278	233
81881	9	2157.083598	40
81893	51	808.0057831	20
81889	172	1501.4707	30
81920	44	7014.692652	124
81918	203	8625.684945	156
81879	105	11.2101627	1
81892	157	20.0804578	1
81919	191	3836.320578	84
81872	161	10.98372695	1
81884	67	3138.120279	61
81865	12	80.06317234	5
81859	215	26.15708887	1
81912	224	5896.360411	121
81908	114	10084.59229	161
81895	164	9610.702341	175
81918	233	14069.41878	210
81917	112	4511.487328	74
81897	131	52.72131513	3
81911	10	9808.420301	202
81923	20	3173.387306	63
81857	210	22.05027739	1
81915	40	12245.84953	209
81884	155	4552.735483	88
81922	70	8417.487805	187
81890	248	10.77191444	1
81880	10	44.36795163	2
81895	241	7156.50803	135
81859	243	12.28671511	1
81890	102	18.76309389	1
81896	161	10.40814318	1
81868	69	62.29888335	6
81911	199	7219.450707	152
81913	189	4794.88905	113
81853	18	38.9000154	1
81889	124	992.1969401	20
81918	176	7732.225116	159
81918	118	6051.885084	135
81891	107	28.13540915	1
81913	29	7971.958113	154
81912	40	7251.133396	124
81907	164	7727.34063	165
81859	35	11.01095932	1
81920	83	13476.89963	176
81862	109	38.68827788	2
81914	140	8071.108168	141
81894	215	9392.903133	171
81852	114	10.92840252	1
81920	46	9494.74899	153
81883	83	13831.46694	201
81849	78	73.87408299	4
81923	10	4876.156514	94
81875	110	274.2866737	6
81894	102	6760.912924	127
81894	112	9658.515705	164
81893	127	1641.794536	25
81913	95	6708.655688	119
81883	117	7948.879557	134
81922	232	11402.45763	227
81884	118	4038.411487	77
81853	49	17.95170618	1
81905	209	223.0999155	2
81874	250	20.30043766	2
81849	267	14.89423571	1
81915	0	11550.54345	152
81890	94	16.38886534	1
81882	120	9147.663817	155
81906	176	8860.572049	164
81893	71	1108.986659	17
81879	193	237.933755	20
81912	238	5517.840325	108
81882	204	11129.23396	195
81855	196	199.2548352	2
81905	195	31.49870301	1
81861	23	98.93383086	4
81890	68	93.07409216	1
81906	217	6164.519898	140
81893	117	816.7302439	18
81852	154	11.25164088	1
81902	227	3801.99972	71
81860	122	10.17877148	1
81908	269	6383.481859	129
81900	163	8034.298059	156
81865	104	10.87780443	1
81919	212	3762.523063	75
81882	166	10971.51999	203
81860	257	32.9775059	1
81851	86	11.18222384	1
81919	79	4302.466848	82
81897	11	32.2670916	3
81857	222	55.71950968	1
81917	118	2979.346253	69
81891	62	28.44011585	2
81866	132	24.88946253	1
81901	261	21020.77821	423
81856	151	17.48998809	1
81875	27	94.73605827	8
81895	162	10531.46122	178
81905	219	110.6447436	3
81854	59	31.97540513	3
81921	84	6492.539589	140
81898	148	37.35252582	3
81851	1	85.43639695	2
81917	55	7690.806796	115
81882	121	8600.695347	144
81892	168	14.75371845	1
81889	210	1932.419754	33
81916	71	180.6931158	4
81917	135	4870.363719	85
81895	13	14363.8567	210
81912	166	6142.469274	115
81898	47	83.51596923	3
81878	96	28.554179	2
81894	204	10649.27054	196
81860	178	25.6412458	1
81917	87	5335.168553	85
81909	141	10026.25308	182
81921	51	7645.782588	147
81925	77	433.9782456	8
81922	227	10593.29094	201
81911	31	9070.612588	180
81914	126	7173.430916	147
81925	166	478.4089481	10
81873	111	28.18707938	2
81915	147	8169.885644	181
81923	183	3100.536652	60
81922	91	8204.051005	178
81905	145	163.1580887	4
81854	137	54.60923324	2
81856	229	45.51305162	3
81881	24	1797.969595	35
81902	234	4730.206737	92
81902	141	4410.992342	101
81850	228	11.3993023	1
81916	262	60.46699975	2
81863	224	14.65817429	1
81913	5	8872.372482	157
81855	249	21.04139354	2
81917	265	3811.450799	79
81918	241	6432.959184	137
81894	52	6318.243588	124
81864	202	10.02940394	1
81913	196	6768.046642	134
81859	23	33.5239216	3
81893	10	1945.405178	31
81914	162	7079.980939	146
81871	209	31.99745108	1
81923	146	3413.578166	81
81851	30	19.11978511	1
81881	163	1144.001665	27
81854	81	14.78910973	1
81865	27	35.83686719	3
81859	9	72.00163722	2
81853	262	35.10555783	2
81905	159	33.49132801	1
81864	96	57.94315926	2
81857	206	360.1174853	30
81850	50	78.41403599	2
81925	139	451.6685122	8
81918	198	7851.337285	174
81849	220	10.14528523	1
81889	136	1385.919759	25
81895	170	9452.326919	183
81851	97	102.579144	6
81917	205	3894.265342	83
81909	160	6145.864879	141
81908	160	7245.771043	168
81919	151	3600.745126	87
81912	150	5795.312346	134
81858	20	114.6165367	2
81923	106	3011.254487	56
81903	221	13.37621526	1
81923	208	2484.649667	58
81885	111	22.96134084	2
81919	28	4157.130998	80
81874	123	81.88263872	7
81920	206	10010.60349	147
81918	147	10250.68091	210
81861	33	10.26626488	1
81915	42	8657.001798	173
81869	123	108.6164549	8
81868	254	151.5231094	3
81905	80	64.0284411	1
81902	81	3743.714473	81
81902	136	2786.600539	54
81911	174	4676.705255	123
81918	245	7302.224976	133
81925	55	827.1221874	17
81913	125	4269.215987	107
81925	234	525.202995	9
81875	197	149.2665764	1
81917	109	4394.270561	85
81873	184	57.07076302	1
81884	114	4164.131983	80
81880	53	13.85325233	1
81868	188	29.14809128	1
81875	209	16.42572197	1
81921	62	7435.321054	148
81900	92	4753.153224	102
81906	79	7687.492414	146
81862	133	11.7872417	1
81917	49	4432.833091	88
81909	239	6696.02414	139
81893	128	1054.030443	24
81869	199	25.97086791	2
81875	172	53.05460222	1
81851	146	57.33417356	2
81861	205	18.37847653	1
81916	162	148.3741177	3
81902	30	4330.525876	75
81919	254	3053.931219	69
81882	151	9816.865895	177
81858	183	28.16293373	2
81912	73	6649.483396	122
81900	235	6013.034919	126
81859	252	14.48221138	1
81875	75	69.67855531	2
81899	109	403.3728401	6
81859	233	155.8446501	11
81919	18	4479.02465	84
81879	87	79.88607106	3
81868	97	45.83926886	4
81882	49	9766.792773	186
81924	124	10.65493928	1
81879	221	16.11094128	1
81854	208	24.80917681	2
81882	61	10156.78754	196
81915	256	6851.658901	147
81910	202	6640.541947	155
81856	143	10.93268512	1
81861	114	11.43424624	1
81915	25	7745.399901	155
81919	268	4086.777577	80
81921	43	8070.79801	162
81850	182	150.1618949	1
81871	121	10.63785467	1
81907	56	7328.066686	144
81918	223	7400.854092	147
81879	208	12.88815591	1
81907	124	6268.259704	127
81861	242	36.25223398	1
81919	245	3580.126382	66
81894	207	9658.751115	165
81921	211	6341.059884	131
81894	262	7843.140224	148
81901	146	23680.87834	522
81912	252	6784.912946	122
81896	67	21.35203754	1
81914	182	7409.521683	161
81880	260	46.30484686	4
81907	17	8997.552104	169
81849	14	13.02467062	1
81900	76	7014.034554	132
81913	247	8505.625761	138
81921	155	10232.9845	193
81905	8	376.4257264	4
81918	77	8995.377699	156
81884	64	3704.318534	68
81870	127	89.33506883	5
81894	14	8840.205408	146
81900	94	7158.785856	117
81897	63	97.0923771	3
81907	69	9240.781002	155
81915	89	6997.549767	147
81874	129	63.75191195	3
81871	156	67.24650812	1
81908	202	6902.39551	160
81881	8	2226.122161	43
81917	78	3999.998642	69
81918	123	12236.4948	178
81891	262	10.73848363	1
81894	245	8731.407197	163
81854	176	69.41538994	1
81901	11	27053.76372	447
81908	121	8063.996611	149
81912	175	4873.117637	106
81889	107	2163.307511	39
81856	93	20.99983086	2
81891	151	12.57446881	1
81895	267	10027.96899	180
81893	240	929.515014	17
81920	76	6861.249205	139
81896	24	25.99859195	2
81883	241	8441.737599	162
81894	33	11869.68793	182
81901	183	24399.16319	489
81910	54	8352.46007	145
81873	226	12.85458665	1
81902	230	3520.789835	69
81867	44	21.82489008	1
81889	266	1515.408923	23
81906	243	6580.556514	134
81907	262	6708.704408	138
81862	198	22.15387551	2
81894	63	7934.227502	146
81917	220	3377.59647	72
81860	32	126.813184	2
81882	177	8320.865734	145
81884	227	4226.628351	77
81896	4	55.97408622	3
81921	164	10257.30391	191
81916	90	310.7374796	4
81895	248	8301.657751	141
81860	263	14.61164722	1
81884	123	7259.063807	125
81859	31	11.44022608	1
81885	159	22.76449151	1
81915	163	7629.977748	165
81922	209	11538.15417	213
81862	254	33.50753471	3
81904	81	102.5950223	1
81898	190	83.50384122	6
81892	1	15.14028667	1
81899	138	30.25363308	3
81855	160	15.99323704	1
81910	108	6916.415439	135
81860	123	95.35106486	8
81891	193	269.8366283	22
81869	206	209.8016336	17
81920	202	5924.769102	134
81918	78	7117.912331	137
81916	9	62.1599649	3
81891	98	10.09966567	1
81884	128	3772.832022	77
81864	233	69.18975296	6
81906	54	7423.356107	148
81912	126	5645.553415	112
81902	14	4165.295605	91
81893	77	1065.576256	18
81921	72	9775.346921	177
81868	183	54.98266984	1
81884	192	3243.871747	67
81875	86	143.5395829	3
81895	67	9699.939815	159
81923	51	3146.000406	65
81921	0	11192.42213	158
81881	19	937.7591067	21
81913	45	9530.794964	164
81885	27	37.53871317	3
81892	132	30.31085725	2
81913	107	8542.230975	162
81901	199	26878.00319	495
81910	50	7841.791952	142
81914	123	10550.77802	167
81921	208	8480.39396	184
81921	152	8673.682311	176
81911	71	5109.173256	121
81862	124	21.22835643	2
81864	46	21.86525457	1
81868	6	16.01512282	1
81889	206	3080.05246	37
81885	87	10.35116037	1
81860	187	153.0558134	2
81900	23	12177.60252	216
81880	216	14.43311737	1
81905	249	14.65142886	1
81914	249	7369.425088	161
81914	103	8025.457665	159
81911	242	4585.592527	119
81892	106	37.71000394	3
81921	181	11476.25622	215
81918	165	8762.588757	169
81917	136	4097.804066	82
81902	183	4521.996245	86
81921	156	8026.627428	172
81867	93	22.55043014	2
81893	108	1007.188347	21
81885	6	10.02624908	1
81855	54	173.6691084	2
81873	115	23.38858965	2
81884	255	4090.158985	82
81870	5	20.934985	2
81871	67	20.16586478	1
81914	235	5851.624324	132
81884	189	3421.303358	80
81868	71	28.31569712	1
81914	122	6968.976987	134
81909	210	7676.05777	138
81922	145	11261.95856	263
81870	268	96.46155863	2
81913	264	5768.491798	120
81924	201	10.8296433	1
81853	266	140.118392	1
81884	71	3922.590659	81
81858	264	52.34384782	1
81906	21	7269.654244	148
81881	142	2254.500788	46
81852	241	11.49346744	1
81865	196	11.60386626	1
81902	225	2561.313867	74
81867	82	15.67255832	1
81882	108	7622.754161	155
81913	93	7242.776567	136
81889	119	1282.571894	28
81915	169	8498.080206	170
81915	72	8628.970356	153
81875	5	113.6996013	1
81912	84	6957.94231	126
81901	235	16800.65454	369
81921	114	10091.56464	162
81868	1	62.03269051	2
81902	86	3430.8467	71
81895	182	9704.795479	166
81858	23	33.80587887	3
81916	191	148.2152775	2
81912	135	5622.183794	106
81850	236	23.5535034	1
81915	242	5589.105899	130
81875	127	20.68813596	2
81856	124	11.42073361	1
81912	234	6501.696087	131
81918	246	10018.70434	159
81909	25	8119.918605	152
81895	187	7132.035391	151
81909	209	7765.39208	142
81910	70	7195.11902	147
81915	73	8083.19062	152
81883	20	8763.692943	176
81853	155	64.52249061	2
81872	56	19.86823666	1
81858	216	113.8859211	1
81916	160	81.24411473	3
81890	5	60.70610237	3
81867	143	44.31121466	1
81914	265	7414.518236	159
81917	82	4235.431428	82
81858	176	10.07945064	1
81883	170	7570.898799	149
81858	159	103.4533049	1
81860	192	11.1130159	1
81908	66	7225.696991	152
81911	205	7831.897211	161
81858	193	172.4032937	14
81882	72	9394.468822	161
81921	137	10063.91797	165
81901	251	22753.22392	423
81915	110	9890.905871	154
81875	126	54.93424717	1
81921	262	7691.455449	161
81866	269	29.61281326	1
81851	194	13.97784783	1
81861	75	11.79523346	1
81854	175	123.3875309	3
81907	228	6253.821183	141
81910	69	12603.08468	185
81883	128	7487.539982	146
81918	188	5439.197748	144
81868	245	10.04457061	1
81913	160	5307.949055	116
81902	243	4801.802175	74
81859	113	167.113934	3
81889	233	3420.198783	49
81883	210	10499.70529	164
81890	216	24.55775171	2
81892	179	256.4214601	23
81919	125	2019.722205	55
81856	113	18.85146209	1
81872	93	75.60962122	5
81912	72	6934.921108	122
81906	24	7758.82744	156
81906	29	11152.96574	174
81908	119	7746.440174	161
81918	175	5997.538103	131
81921	57	7672.062557	149
81918	101	8534.030083	149
81908	189	7270.600222	164
81876	99	10.85746501	1
81905	199	34.32023101	1
81893	250	1020.172467	20
81850	204	30.57423287	3
81880	118	100.1195841	1
81881	78	2269.864932	38
81870	97	216.9457589	6
81860	41	78.29499561	2
81871	108	10.15127703	1
81899	264	53.21882007	3
81915	16	5971.588819	148
81896	146	173.5517699	3
81902	149	2809.681874	65
81913	254	5422.104191	105
81884	7	2919.56756	69
81870	23	98.40542182	6
81872	33	91.66633677	2
81889	88	1772.062136	27
81919	252	3863.480283	66
81849	77	16.93327465	1
81922	247	12491.96676	250
81924	145	11.293931	1
81892	223	10.11778714	1
81894	100	9904.425066	169
81922	99	15516.65715	255
81919	45	4592.877325	77
81889	160	1529.114946	35
81923	198	3203.772673	69
81923	193	5791.727493	100
81856	51	18.17730498	1
81891	118	15.67526231	1
81919	142	6499.861946	113
81850	203	71.96139455	1
81915	264	7323.162943	142
81870	111	60.74170477	2
81911	207	5714.948145	128
81885	256	41.18808264	3
81909	146	8185.355355	168
81865	25	113.8991427	1
81920	255	5769.007751	119
81925	54	527.0957989	14
81869	17	32.85121469	2
81914	201	7379.718015	145
81909	59	8713.918424	156
81870	214	11.30563573	1
81885	63	32.01531046	1
81862	223	20.54787678	2
81916	99	11.67334073	1
81856	266	59.31306082	3
81881	103	1499.079678	29
81901	239	20194.94366	387
81911	5	10359.71498	198
81901	108	24481.94296	474
81896	82	142.8633004	3
81896	136	242.3308097	6
81901	200	27057.51728	492
81857	63	27.09910185	1
81900	143	7245.276537	150
81914	222	6770.989026	147
81874	260	93.95796068	7
81907	183	6505.593315	143
81905	172	78.78174296	2
81923	168	2980.692969	64
81872	258	19.34503625	1
81908	68	8193.663509	161
81918	98	5141.155671	112
81894	23	11120.05503	189
81911	153	8266.334118	161
81909	30	8522.934976	155
81909	268	6697.846737	136
81909	246	8568.492683	147
81917	203	4275.459842	82
81916	197	13.03444501	1
81879	223	19.59606169	1
81881	150	1440.607022	27
81907	13	12662.26493	190
81871	45	88.40882812	3
81882	132	7461.084558	148
81882	263	8958.989639	171
81879	39	10.45694522	1
81859	207	14.69032553	1
81906	50	6848.396318	152
81849	5	1076.807891	96
81917	171	4032.996788	80
81889	239	1128.837897	18
81884	249	3842.547458	88
81915	269	6152.990956	124
81894	122	8507.465817	161
81881	75	2631.356926	38
81912	115	5762.648948	116
81880	162	69.04956904	2
81908	70	7611.331556	150
81850	47	35.08024416	1
81921	249	7123.023798	148
81916	51	121.5036487	2
81919	94	5058.885138	81
81914	41	10147.31455	168
81919	264	4284.312151	67
81908	263	7730.154498	159
81916	82	260.2032807	6
81883	198	7992.103905	154
81923	69	4799.10786	70
81872	123	127.1418153	8
81901	46	31223.67212	528
81921	66	6351.216732	133
81918	59	8126.697684	152
81857	126	40.10025126	1
81900	265	5642.63547	114
81913	214	5894.317685	120
81921	250	7061.260125	151
81882	209	8567.874874	133
81923	16	3534.624044	72
81885	85	11.95281505	1
81911	134	7610.014387	151
81865	198	129.0864482	1
81885	197	10.84361767	1
81885	151	31.56172346	2
81891	270	20.87288629	1
81855	151	35.73127373	3
81901	27	43437.96033	690
81869	67	47.39455033	2
81918	24	7242.806889	157
81875	166	16.23280445	1
81907	159	7492.041507	170
81863	125	35.36073204	2
81915	84	7256.250946	157
81885	213	10.24911268	1
81868	17	35.18735076	1
81860	153	66.41830611	3
81916	127	232.1327357	6
81884	112	4097.17354	68
81864	160	14.37430616	1
81920	174	5143.100161	117
81916	148	60.08657757	3
81850	96	33.84461468	1
81867	138	32.58783029	2
81895	99	11420.88047	178
81899	261	396.3952872	3
81852	37	41.88126773	4
81854	195	15.78999529	1
81893	21	1006.086737	16
81905	64	84.74012429	1
81891	106	10.96088258	1
81860	97	55.54756575	5
81891	28	15.33951048	1
81905	148	15.54387406	1
81871	260	32.31363872	3
81852	268	42.07469151	2
81922	174	8462.408236	220
81866	208	14.93839799	1
81907	255	6996.689092	143
81901	246	31432.11774	558
81893	134	1812.352325	25
81914	5	11335.85933	197
81874	221	55.80523561	2
81914	176	9078.556095	184
81913	90	6091.60662	122
81884	210	4196.196277	64
81850	243	23.23876376	1
81919	198	3362.127181	68
81893	67	770.8265838	16
81864	88	24.27562626	2
81862	43	25.71749099	2
81875	259	153.1943388	2
81921	106	9843.181811	173
81913	212	6708.046968	135
81921	177	7441.681633	156
81902	161	2029.148272	74
81909	5	10252.83263	186
81912	201	6720.642694	126
81866	81	77.72949551	3
81883	160	8132.066561	179
81896	110	91.21830807	8
81881	235	1464.167272	30
81872	234	13.3481715	1
81859	114	17.47347392	1
81921	141	8813.351345	174
81876	249	58.66958074	1
81895	209	9418.141508	158
81895	117	9836.769899	161
81912	265	5416.627454	109
81903	181	13.83595859	1
81882	207	7743.052374	153
81866	228	75.16210771	1
81893	195	639.9348635	20
81908	89	8149.41377	174
81850	0	27.91230476	2
81854	179	287.6945636	24
81908	271	6078.750856	118
81897	54	102.9762366	6
81881	192	1529.907024	27
81894	241	7782.58784	152
81913	268	5401.528053	120
81918	63	6819.342547	128
81908	103	8835.349171	149
81914	3	11773.47903	194
81901	33	30079.02664	492
81915	170	7732.419672	165
81870	129	15.19136264	1
81918	15	8806.703266	158
81865	262	11.73879746	1
81863	234	11.68321197	1
81906	129	6706.035959	142
81902	93	4213.100322	57
81906	11	8934.338766	145
81911	67	7380.394949	153
81925	25	470.2755426	9
81916	13	284.0229172	7
81901	152	26609.92447	516
81881	248	1391.47746	29
81917	93	4472.102669	80
81870	110	20.62619782	2
81920	196	6992.835395	135
81898	207	380.742819	3
81882	163	10449.03831	196
81923	269	2945.105689	68
81849	175	47.53049745	1
81903	51	28.72934802	1
81866	234	84.9592954	2
81917	213	3935.348952	78
81896	228	17.71332667	1
81865	247	28.60314262	1
81855	96	13.65214666	1
81893	154	818.4594693	20
81850	3	73.54525442	3
81917	77	4280.36113	72
81902	54	5129.129285	73
81873	85	27.01375957	2
81883	142	10012.95456	188
81891	15	59.33019811	2
81900	212	6637.956762	144
81876	213	38.95226314	1
81921	191	7257.900337	160
81860	269	10.68999172	1
81877	80	50.11058977	1
81894	115	8713.166315	158
81915	79	9024.659033	179
81922	26	14931.37881	277
81899	136	205.0513337	9
81920	261	6805.332813	138
81909	216	9111.664328	165
81854	92	17.59228034	1
81911	42	7574.967029	144
81875	101	22.13159031	2
81852	223	32.49602275	3
81907	208	7612.269483	157
81851	137	34.07978682	2
81895	5	12466.28199	187
81873	108	11.53644194	1
81857	170	52.38548875	1
81910	6	11125.6862	193
81873	69	104.4128459	9
81921	110	15622.10021	198
81904	1	28.39102371	1
81910	215	6014.178262	128
81921	6	12148.53781	192
81850	176	18.09251742	1
81902	8	3386.87761	59
81883	154	7138.988974	143
81872	69	93.70768904	8
81908	30	7705.91847	147
81889	92	1769.567157	37
81884	119	4682.63009	89
81881	98	1062.603775	21
81918	102	6229.112394	134
81900	2	12280.90109	225
81865	151	24.47143594	1
81889	62	1600.806414	29
81866	266	10.93815924	1
81910	40	10107.05557	171
81919	136	4257.51279	82
81853	83	62.73148369	5
81914	185	7305.985122	147
81863	12	56.27244343	1
81880	115	111.919522	2
81918	172	7795.45977	166
81918	164	7860.824085	159
81856	29	26.85575333	1
81916	170	286.3484499	7
81867	2	10.05717595	1
81891	61	10.0776308	1
81916	215	144.1851747	2
81910	242	4355.944621	117
81914	14	8813.11181	193
81913	56	7046.233092	132
81869	107	11.65599969	1
81885	229	48.56661024	1
81924	55	10.02516298	1
81863	179	119.4650025	10
81893	227	690.6549082	18
81908	216	8938.56303	151
81860	256	16.99398618	1
81918	97	11336.72038	178
81901	62	25499.70514	504
81907	138	5513.364277	124
81893	202	674.892594	14
81881	135	1296.776372	24
81893	101	1262.796116	24
81894	184	10784.21753	176
81870	155	31.01791698	1
81918	41	11617.64837	166
81893	12	1532.83419	23
81879	49	18.67302003	1
81894	214	11407.6928	174
81907	241	6373.906584	127
81902	206	6143.085929	95
81883	131	7985.731235	128
81853	5	1681.557561	153
81892	247	23.80991266	1
81870	250	98.723986	2
81921	26	9059.75655	175
81906	184	8578.841192	165
81919	247	4862.460962	83
81896	180	257.5838088	3
81872	149	13.89433552	1
81923	86	3887.914552	66
81915	215	6857.954038	145
81917	207	3284.62478	71
81901	255	16727.99795	363
81854	0	38.4367934	2
81902	35	3214.011834	79
81882	86	10009.44092	161
81918	219	7131.665953	150
81923	241	2202.940482	54
81883	166	9609.004649	176
81907	234	5890.661863	125
81907	160	7547.849145	167
81912	86	8081.999581	126
81908	120	7932.814267	147
81921	30	9529.103602	182
81889	75	1864.94488	31
81881	185	1973.865437	37
81916	118	222.9566848	5
81873	210	13.01353251	1
81893	177	791.3795306	14
81882	113	6704.552581	121
81884	264	4001.342604	77
81921	58	9853.957325	160
81870	238	13.47019656	1
81879	93	48.278997	4
81857	214	10.90121461	1
81922	170	11740.553	224
81881	147	1713.868993	32
81862	165	18.34905938	1
81873	96	91.4873642	2
81893	258	758.7177544	15
81917	143	5051.74842	99
81849	257	22.68272985	1
81904	28	18.40533487	1
81917	117	4408.797899	74
81921	160	8771.397233	190
81866	136	17.69548524	1
81865	10	20.45018499	2
81851	29	67.76822892	3
81871	145	118.3830861	1
81905	69	10.33656174	1
81882	119	8989.801921	158
81894	265	8264.565228	152
81919	57	3760.578618	78
81883	259	8700.631714	175
81906	4	11436.18043	184
81910	91	7027.669172	133
81901	185	31110.13978	582
81855	53	151.3042436	2
81874	101	77.84018824	7
81890	9	29.38501179	1
81894	159	9037.641136	182
81918	89	6780.256115	143
81895	160	8761.106639	182
81849	212	30.53906812	1
81866	206	226.3523113	20
81869	259	10.707415	1
81895	8	14189.67632	199
81865	246	31.32396959	3
81902	97	6599.766098	91
81895	96	10507.21255	175
81920	204	46798.64003	3444
81905	11	40.79759743	2
81895	32	9909.398548	176
81892	13	33.08928785	2
81889	248	1572.057826	32
81894	176	9326.269917	166
81863	157	52.98709378	2
81913	120	6163.608055	113
81921	48	6694.498225	146
81902	105	3466.1004	64
81908	61	9705.903689	156
81925	221	544.5545674	11
81921	172	7852.925684	149
81866	170	28.33991543	1
81883	242	6361.47846	145
81852	97	47.83752895	4
81884	248	3885.600973	77
81870	27	92.89475432	8
81901	3	31430.63559	525
81875	119	57.49364664	3
81873	153	13.14218954	1
81852	69	93.43005305	8
81910	8	12845.52152	191
81909	111	6896.595449	141
81850	78	25.62978209	1
81907	259	8992.464805	167
81908	211	5808.293554	141
81910	61	8675.149362	152
81923	131	2965.114138	57
81919	19	2958.693762	65
81921	166	10144.27814	189
81918	178	9828.69371	188
81903	147	31.44570102	1
81883	168	7227.667455	143
81866	108	11.52862451	1
81917	67	3145.454101	63
81917	186	4329.273946	90
81897	72	100.0275071	3
81875	248	43.19057015	3
81917	200	5399.388101	98
81920	120	8103.049173	141
81904	79	102.160971	1
81876	180	26.46291583	2
81902	153	4524.228982	85
81893	28	2028.124856	26
81893	196	1279.739948	21
81868	121	60.98418398	3
81908	73	9995.243857	176
81913	119	6910.427575	131
81852	147	179.4965166	3
81895	253	7444.260381	143
81865	145	32.50831846	2
81870	117	19.92512465	1
81920	135	7508.728663	133
81911	157	7737.35804	166
81901	212	20766.26803	432
81917	43	3976.866324	73
81894	144	10047.19882	184
81862	96	21.98971399	2
81923	197	3109.365509	74
81890	163	164.6413523	1
81902	76	4427.622896	67
81925	117	273.5239949	6
81906	137	9265.34556	158
81890	88	30.56334433	2
81882	206	13915.58521	211
81921	162	9501.346649	173
81876	119	10.19379446	1
81879	99	10.11510008	1
81864	27	231.7230197	5
81902	162	4497.455364	78
81852	137	47.77556763	1
81893	38	737.9547997	11
81898	48	202.2271529	6
81856	31	46.0044866	3
81909	234	5749.025366	114
81909	88	8967.057398	144
81893	140	1197.112114	20
81874	248	10.66761775	1
81894	156	10082.52201	187
81915	221	7781.4673	162
81862	93	22.77231883	2
81880	184	93.5756477	2
81923	77	4661.944752	75
81913	233	11178.06731	162
81917	60	3883.534895	77
81889	271	1553.217111	30
81863	266	298.866299	6
81914	72	7288.800033	139
81882	24	7371.977458	148
81851	246	65.2808645	5
81901	186	25817.24205	504
81893	35	971.0320584	15
81889	200	1592.016097	36
81852	8	37.41531844	2
81914	172	6978.271176	137
81907	174	6763.641362	155
81884	171	3791.069773	71
81910	116	5735.139205	113
81919	17	5037.792804	94
81884	24	3803.502305	75
81912	16	5201.545486	116
81912	53	7859.56702	141
81914	160	7456.12758	163
81850	102	18.56243445	1
81913	181	7049.779498	130
81907	209	7402.194245	135
81885	41	20.55420934	2
81918	135	8306.499658	142
81916	171	449.2786934	5
81913	82	6088.477548	114
81855	263	28.1422773	1
81909	103	8402.141539	160
81872	211	10.66229526	1
81875	111	140.8317679	2
81849	139	94.3525262	2
81906	98	4795.104742	112
81917	260	6276.535321	96
81876	201	64.1340841	1
81901	13	32893.40096	543
81876	55	88.7002849	6
81917	92	2946.693464	74
81884	141	5087.679946	91
81900	136	7748.725554	120
81925	21	478.3607591	14
81892	93	43.03328775	4
81854	207	16.58639584	1
81910	119	8303.703669	147
81881	56	1946.677738	34
81923	260	4889.766393	76
81869	101	42.12116651	4
81915	191	6360.65904	149
81865	109	13.84341711	1
81852	88	11.06554101	1
81908	127	9423.761295	186
81859	258	18.54207543	1
81876	97	10.4471597	1
81904	40	24.31290731	1
81889	40	2378.759302	38
81907	27	12957.01961	194
81894	15	8392.041753	143
81911	33	10416.1074	177
81918	263	8283.706429	159
81894	42	9606.074234	169
81869	55	110.2158457	10
81868	225	10.60700133	1
81855	41	31.21326011	3
81866	112	11.15956993	1
81892	207	11.67566709	1
81914	12	11996.9622	190
81875	44	15.79183914	1
81876	103	28.68836192	1
81902	43	4857.259653	91
81921	253	7323.240411	146
81850	79	11.32357192	1
81921	115	9125.207501	176
81923	235	3046.350882	58
81874	121	24.25007681	2
81917	16	4520.206103	88
81906	200	7440.596105	160
81852	105	24.97326523	1
81872	65	42.01832314	1
81902	263	3614.739782	77
81889	185	2041.106389	35
81863	268	10.06515426	1
81897	260	284.2886545	15
81921	17	8161.886717	160
81894	135	8720.32711	160
81911	229	6671.905911	137
81885	152	15.87363844	1
81871	66	14.82763748	1
81914	270	6844.648612	141
81902	104	3474.904767	74
81913	169	7271.902504	143
81902	13	5466.852488	88
81903	56	11.63119264	1
81905	87	44.41096221	1
81912	183	5827.060315	118
81922	147	11007.91403	225
81866	139	26.08884169	2
81877	182	50.64356107	1
81911	232	7941.976493	143
81859	194	36.49218313	1
81923	140	3378.912864	58
81857	154	44.48288297	1
81901	217	20624.04075	420
81863	158	10.6396393	1
81923	216	3992.447498	73
81896	88	12.39535875	1
81884	138	3858.598505	81
81861	223	31.45974231	2
81885	269	64.84206367	1
81875	201	17.04903788	1
81859	49	35.45120719	1
81915	181	7492.265766	154
81863	129	27.53195463	1
81876	179	126.5049601	10
81904	23	12.10366638	1
81901	157	22954.02196	483
81851	153	125.5824014	1
81879	238	37.83520191	1
81882	93	9420.04303	149
81921	9	7391.613961	147
81894	171	10714.73274	190
81915	149	8740.857688	189
81855	193	241.8999239	20
81923	155	3995.28355	69
81900	151	10753.67584	201
81916	122	32.30941606	2
81901	119	22479.58555	435
81895	235	8497.519219	155
81873	143	94.02277872	2
81858	236	35.25904216	1
81853	205	30.40479204	2
81907	72	9277.559083	161
81882	34	7677.990702	150
81893	124	447.0294337	10
81862	27	24.21422393	2
81917	181	4320.489264	78
81901	164	27826.80302	507
81863	2	86.21262014	1
81914	150	7523.23523	158
81855	114	60.18740253	2
81883	113	7530.234005	145
81862	88	26.85541669	2
81866	230	23.21213077	2
81910	92	5763.801459	134
81871	204	74.00266948	4
81895	26	11531.07662	190
81906	144	9130.272844	183
81874	5	10.50362852	1
81860	127	20.9769578	2
81895	20	9064.442925	170
81896	219	42.39926436	3
81895	135	8220.443693	165
81880	61	13.58768224	1
81851	82	21.97142894	2
81861	245	15.93620681	1
81902	174	2640.221409	64
81867	80	14.63651134	1
81915	266	8939.278447	161
81914	231	6627.945255	138
81920	159	7807.0616	159
81912	105	5824.264415	116
81897	187	43.88491464	3
81893	183	1413.520049	22
81883	195	6402.095407	129
81912	93	7896.476486	132
81920	17	6679.399209	131
81891	236	37.39504024	3
81913	172	6612.880063	127
81905	59	16.06510065	1
81862	101	24.29284305	2
81907	80	7326.863297	143
81863	269	79.20460237	2
81853	59	11.21538187	1
81881	198	1328.046379	30
81871	96	116.0111563	2
81889	14	1789.75105	38
81925	168	476.3743453	11
81913	253	5230.640784	105
81916	95	204.4540742	5
81914	179	12050.79198	211
81905	14	271.0418407	4
81905	138	39.42797133	2
81911	28	8934.950867	155
81865	210	33.21735578	2
81859	143	66.01925416	1
81856	238	10.04666245	1
81910	189	6479.820343	142
81910	180	7258.384045	161
81865	130	14.06037248	1
81914	82	7673.917631	143
81882	60	8130.527394	165
81860	260	127.0659541	10
81917	166	4582.435493	86
81850	184	77.29696759	3
81908	112	7350.829932	131
81860	225	13.48798312	1
81902	208	3217.48606	65
81890	4	10.55981871	1
81869	110	185.3144758	5
81867	46	162.471923	2
81909	175	7372.176566	147
81924	113	40.21659327	2
81921	202	7508.284406	166
81898	123	400.1817294	12
81881	50	1773.121102	30
81884	254	5239.184724	84
81921	179	15604.66871	240
81884	134	4935.485067	79
81868	82	10.17800979	1
81866	141	10.26011955	1
81918	54	8155.204383	167
81916	218	17.83326681	1
81924	152	13.37704166	1
81849	121	13.30931368	1
81853	120	35.69098387	3
81884	11	5501.030564	87
81883	55	15739.99232	214
81892	213	10.05145229	1
81867	215	18.06140207	1
81881	44	1857.981055	33
81856	10	23.66984205	2
81908	170	7956.002082	159
81908	50	6652.72237	134
81902	121	4226.198966	80
81921	95	10668.4137	172
81907	62	6167.061024	132
81862	173	61.42783028	1
81872	202	24.27215382	1
81905	217	242.4269526	5
81916	76	115.0242265	3
81901	132	22086.62776	426
81893	231	931.4017562	21
81919	58	5076.533836	82
81908	17	9910.858123	184
81882	105	9240.5205	160
81908	228	6257.065847	136
81916	34	11.3368556	1
81872	260	71.29860567	6
81863	258	54.92098503	1
81908	176	8427.798411	164
81858	249	29.4926377	2
81892	15	126.1499306	3
81870	60	38.03174218	1
81907	108	10194.50962	172
81921	144	9408.600174	199
81882	51	8730.330112	151
81854	55	379.2361605	14
81868	136	54.87842757	3
81893	6	1467.644858	23
81858	110	54.72523919	3
81917	238	4152.167299	82
81868	5	13.76603531	1
81913	210	7786.94399	129
81875	77	27.84513888	1
81876	261	18.5861377	1
81921	136	8422.603261	160
81908	71	5690.727945	140
81912	231	5303.227022	116
81889	25	2211.979953	40
81892	227	26.56743107	1
81875	269	51.23379022	3
81924	74	30.60851031	1
81898	93	36.54974316	3
81914	26	8594.979571	157
81895	230	11196.06971	169
81921	264	7817.023837	153
81915	234	7257.310176	149
81893	33	1596.152689	23
81904	6	19.30349268	1
81922	46	13799.26369	243
81901	202	16701.61982	396
81879	255	22.78139532	2
81921	123	12529.08407	193
81911	77	9249.538337	146
81911	57	7179.875066	143
81878	263	12.2807076	1
81902	204	27807.79666	2243
81894	130	8614.842642	150
81867	238	10.05177524	1
81905	81	122.3311454	1
81917	188	3475.76694	78
81889	209	2016.188797	34
81874	30	83.66170366	2
81881	110	1681.976978	26
81901	153	25595.50891	525
81917	235	2555.243336	59
81857	244	57.5578814	2
81872	269	54.87263658	2
81874	175	10.23495161	1
81854	87	36.14298418	2
81899	219	30.32854074	3
81924	164	11.63429509	1
81900	268	6454.270833	117
81913	228	5899.251495	125
81921	196	8731.247796	169
81868	161	10.18211022	1
81900	239	6557.077776	141
81893	27	2092.266733	27
81889	142	1860.487398	42
81923	94	2750.415876	58
81855	80	16.72094878	1
81851	235	47.40790799	2
81893	261	867.4248527	18
81849	131	67.57527457	1
81914	105	7664.749164	153
81905	266	63.36521925	2
81916	207	182.3546937	3
81921	148	7964.525544	176
81868	90	24.62126032	1
81897	179	158.6066028	15
81894	105	7764.537927	146
81881	214	1943.544873	29
81875	225	10.68967526	1
81923	43	3433.850347	73
81918	250	6206.543313	127
81909	178	8040.424661	157
81850	202	36.17056472	1
81870	123	79.85985359	7
81863	82	39.80620948	2
81915	96	9422.792948	158
81856	99	10.39692949	1
81919	249	4400.888729	87
81882	270	7617.873385	162
81894	140	11821.79271	165
81913	191	6281.43188	135
81911	49	7785.529175	171
81866	264	74.61087788	4
81857	211	44.42657111	2
81862	62	10.46294649	1
81864	271	44.7661769	2
81900	164	8795.667639	159
81912	189	5674.978956	114
81853	99	58.68897066	2
81915	5	9593.669896	170
81916	38	127.9692914	2
81883	214	9973.070699	163
81900	86	7934.714745	144
81915	37	8791.599279	157
81893	232	1376.937529	27
81911	122	6511.278743	139
81861	40	15.01992574	1
81906	205	7692.816298	176
81909	48	6875.790895	153
81878	88	15.58144116	1
81909	13	10850.9981	163
81921	81	8313.900154	159
81895	201	9224.989037	162
81855	125	23.47479836	1
81880	11	10.81800435	1
81890	34	15.57347009	1
81898	77	160.69296	3
81869	136	30.28957148	2
81897	87	35.9337234	3
81915	86	8214.518549	153
81910	111	7085.758612	124
81860	16	11.09311739	1
81923	25	3962.628704	80
81925	145	585.8481827	15
81921	243	7236.526311	133
81853	104	65.77125709	2
81916	268	107.5335114	4
81921	213	8135.034088	152
81923	129	3177.160455	59
81905	137	112.2292507	2
81864	41	15.91256622	1
81905	139	84.47969331	1
81895	229	8151.65231	161
81916	201	113.4399892	2
81909	190	6241.933669	125
81857	83	88.52415417	7
81921	161	9133.881434	191
81921	218	7089.624546	145
81861	121	25.88068176	2
81913	176	6725.264657	133
81899	114	526.5668349	6
81914	78	8946.584057	152
81914	130	7118.070057	152
81921	74	9160.944374	179
81869	147	14.41099239	1
81883	157	7638.980919	155
81853	232	15.58998725	1
81906	14	7757.888995	164
81882	78	9199.996663	153
81909	244	6389.420666	125
81858	226	46.711111	1
81884	149	4225.775554	90
81912	182	6335.184529	114
81912	45	8916.214966	136
81917	17	5392.506159	95
81900	169	7229.903682	126
81895	140	9351.147753	152
81898	13	292.6633718	6
81859	128	11.8523543	1
81908	153	9217.027186	183
81883	260	12816.58244	193
81895	113	6578.289745	137
81904	270	50.18014024	2
81876	214	28.88001542	1
81897	266	31.83206925	3
81882	47	7793.484652	139
81881	232	1440.742897	31
81923	207	3498.425642	72
81899	252	310.791516	6
81921	130	7777.338126	146
81875	72	17.96654737	1
81920	253	5959.920146	122
81915	168	7117.05881	152
81900	40	8594.245242	162
81891	261	50.69540894	3
81855	50	110.2436543	1
81895	218	8704.436839	156
81921	45	12114.64354	195
81883	98	7018.730068	142
81911	271	4958.854664	100
81909	119	7538.220858	160
81895	70	7530.657739	155
81883	180	7624.641247	155
81916	32	63.55231434	2
81895	175	9121.716719	167
81908	143	8719.236057	174
81894	85	11360.09315	166
81912	140	6458.834918	118
81870	12	10.86176549	1
81919	92	3516.613467	73
81918	211	6033.338386	146
81892	144	10.30123521	1
81858	185	28.65245702	1
81917	141	5709.857734	109
81921	236	6893.17071	142
81850	112	46.3407068	2
81892	206	106.3656113	9
81897	239	67.84093803	3
81894	217	8770.740057	164
81881	138	1566.515574	30
81889	178	1867.771166	37
81897	232	299.3341308	9
81892	21	90.87221524	1
81921	1	10775.19459	193
81923	209	2546.799794	41
81860	84	44.73186387	1
81871	88	25.1148194	2
81906	27	15165.67789	230
81883	69	13587.95066	198
81855	34	29.01405034	1
81910	127	6751.747288	140
81849	203	28.0283264	1
81893	243	1231.615528	22
81891	254	21.91792078	2
81882	174	6867.129816	169
81923	267	2773.915613	56
81854	96	31.28544309	2
81902	135	2558.859156	54
81878	94	67.48603792	1
81880	263	11.50025931	1
81906	16	7821.985655	158
81882	110	14797.2511	172
81920	104	7460.752369	125
81871	79	11.59834942	1
81893	238	1013.409237	21
81899	111	435.0624935	6
81868	220	48.19983815	2
81853	55	223.7419077	8
81912	106	6151.022058	108
81925	255	208.4912063	5
81911	29	8287.247499	167
81916	151	63.03801011	2
81902	159	3117.660175	82
81861	79	23.6725704	1
81895	265	8410.789207	160
81898	124	30.01143831	3
81925	126	234.8576396	8
81876	57	72.73538717	2
81919	228	3029.39324	63
81901	44	24417.30684	456
81855	119	10.60550283	1
81908	221	6230.294871	137
81850	126	34.62230442	3
81915	116	6664.28568	139
81906	72	8004.601489	148
81874	110	120.5578231	4
81900	261	6864.033474	123
81856	112	37.3201377	2
81850	119	96.97687799	3
81869	112	38.3636818	1
81849	232	35.95303159	2
81919	250	3088.727444	70
81908	249	9861.652801	176
81910	44	8678.603668	161
81901	107	30448.69677	543
81854	259	22.40435669	2
81905	258	59.88353049	2
81911	114	7686.078362	134
81909	98	6039.797522	141
81911	257	5590.899813	113
81914	152	9171.224726	198
81850	242	19.9908559	1
81853	146	27.09780691	2
81897	116	83.81840712	3
81884	256	3808.145089	72
81849	114	40.29341213	1
81908	254	8963.528164	163
81911	74	7688.61199	158
81906	268	6712.803986	139
81902	46	5513.110931	83
81861	55	114.0018662	9
81856	5	1726.937305	158
81910	51	8997.469823	165
81898	128	177.3300166	6
81880	259	12.35978437	1
81920	173	6326.15048	138
81896	99	16.50580173	1
81891	102	11.5128883	1
81893	113	1041.622344	19
81914	188	6154.03477	145
81889	123	1857.929176	32
81879	159	11.13877898	1
81918	189	6769.118693	155
81922	75	13719.03189	239
81858	200	40.58958423	3
81871	222	10.45138776	1
81923	23	5542.086247	99
81889	147	1521.68419	35
81894	212	9811.280514	156
81923	42	3425.049179	59
81920	228	7510.899951	149
81898	271	39.6880506	3
81916	252	10.21662353	1
81900	228	6100.049658	114
81909	89	6394.336048	130
81913	248	9082.5092	166
81867	42	128.9784196	4
81902	132	3890.492643	63
81855	110	217.0289516	8
81901	234	16919.74236	342
81873	130	22.09396837	2
81918	46	12398.01639	200
81900	115	7615.293024	141
81881	166	1383.954806	30
81911	144	7347.949598	170
81911	125	4821.203479	120
81919	69	5617.713357	91
81906	209	8238.3187	144
81910	141	10205.78469	173
81865	156	21.97780706	1
81906	168	7703.387201	157
81915	220	6530.985094	123
81901	135	28373.53047	522
81892	164	39.64663851	2
81854	68	10.60024171	1
81908	251	7449.302753	157
81916	235	91.23088477	5
81910	231	6979.226983	151
81882	147	6717.848862	152
81884	260	6693.248252	96
81908	134	9697.105099	168
81872	42	106.3844781	1
81908	259	7307.805602	140
81914	248	7844.527699	149
81889	117	1376.488384	32
81857	64	36.22223806	2
81907	256	6752.632404	137
81902	22	3885.087089	83
81866	260	68.24656804	4
81882	74	8947.760045	148
81921	169	10411.53753	198
81908	14	8176.46847	168
81860	96	10.72254294	1
81915	167	7762.624827	151
81852	259	129.8990259	2
81910	220	6862.689494	140
81850	266	79.46077116	3
81922	64	11915.06466	250
81917	154	4408.994392	90
81865	44	20.10697344	1
81915	206	13531.21187	186
81914	211	5863.744694	126
81849	33	44.86544989	1
81894	149	8888.124612	172
81871	231	11.44472634	1
81889	249	1674.611886	31
81913	48	6065.136216	129
81871	122	21.53588298	2
81916	267	86.48744653	2
81913	79	6004.716109	119
81900	138	6325.276449	150
81891	249	80.33992785	2
81913	256	7181.093253	137
81881	252	1624.03241	37
81907	225	6477.2182	129
81885	103	21.24020096	1
81909	16	6830.532824	134
81925	99	168.9609334	4
81867	207	148.3712613	1
81896	101	361.5204036	3
81908	60	7607.873182	160
81892	110	23.77738369	2
81913	162	5789.833287	120
81881	31	1737.033344	33
81854	138	12.21942124	1
81889	55	2738.369246	45
81898	209	41.2969899	3
81858	214	23.27108823	2
81853	116	26.82117417	2
81869	95	12.58193353	1
81854	166	12.6045058	1
81859	200	10.35656881	1
81907	232	7628.216255	148
81914	240	6863.951576	138
81922	137	14009.43589	249
81906	244	6559.615837	142
81914	268	6071.189676	117
81910	5	11506.4458	207
81921	186	7617.986422	155
81918	271	5920.993801	112
81901	80	21298.77693	438
81923	192	3483.090506	72
81909	132	6246.458915	129
81921	171	9840.334135	175
81909	257	5248.932842	105
81852	107	28.04419492	2
81860	119	39.64362455	2
81893	201	833.5196578	16
81860	3	14.60138989	1
81916	1	397.233178	5
81855	3	77.9326891	2
81912	131	6662.635865	121
81919	169	3559.708993	80
81900	29	8929.793172	159
81894	252	6268.960853	108
81894	48	9806.007093	180
81913	71	4918.012291	125
81901	45	31547.30531	534
81876	233	32.40740515	3
81904	112	10.4339509	1
81914	149	8044.371976	185
81901	194	23880.25156	480
81870	42	18.31118767	1
81862	51	118.8095801	1
81909	106	7087.733638	143
81866	222	10.13982409	1
81894	256	8053.597792	157
81911	234	5557.222394	140
81910	149	7374.529932	156
81868	70	13.92788133	1
81917	59	3590.128534	78
81899	199	83.27067963	6
81920	264	7836.350003	141
81919	231	4534.157795	90
81856	127	54.01153575	3
81868	106	95.81271909	2
81914	112	6434.001388	132
81908	149	7138.504711	158
81861	139	53.45804315	2
81873	160	25.41818036	1
81910	120	7859.882892	154
81890	189	30.75142017	1
81884	181	3772.30644	75
81908	193	15973.88619	231
81892	140	11.90450696	1
81865	23	79.97055989	7
81913	92	4435.561633	102
81922	226	10013.29414	195
81851	121	24.39984	2
81910	152	7685.194498	163
81918	267	5719.722325	110
81909	188	5938.836841	138
81908	210	9105.93159	152
81881	244	1619.580663	26
81917	116	3338.724822	71
81918	35	7925.830747	151
81916	20	185.0407663	6
81889	213	2021.076733	37
81883	233	13389.57322	209
81906	147	8740.195561	172
81922	204	53498.26348	3681
81906	88	11447.85592	175
81893	263	1331.936537	21
81857	41	32.35398087	3
81873	39	33.95611242	1
81907	29	8516.497812	169
81881	69	2390.417956	41
81922	229	11326.81301	234
81881	100	1544.386948	24
81902	232	2824.108846	62
81895	161	9270.420206	176
81923	265	2784.103922	51
81889	241	1355.979899	24
81921	14	7621.49944	148
81849	151	49.19072849	2
81850	37	66.9070485	4
81882	255	6647.287838	147
81897	247	42.78096123	3
81883	9	9290.799153	158
81862	263	83.67520383	2
81892	6	10.04489602	1
81851	232	15.2158478	1
81881	269	1309.626336	31
81858	206	437.2617954	37
81892	259	36.59372745	3
81896	111	58.52200836	3
81919	78	3561.934497	68
81874	87	17.14866443	1
81862	78	59.2340786	2
81863	64	26.83285693	1
81894	153	9029.778703	172
81916	188	60.33403251	1
81852	29	55.79994564	2
81849	141	58.66297683	2
81895	27	19533.28605	258
81856	134	57.51823567	2
81920	214	7190.304591	137
81918	240	5802.115539	127
81902	25	2799.875047	66
81901	123	35278.58178	507
81912	157	6024.779992	142
81849	193	137.7687836	12
81902	188	3157.854772	82
81855	85	31.96463309	3
81870	131	12.62301834	1
81895	136	8262.548571	144
81910	27	12240.20554	181
81880	209	10.12692186	1
81900	264	7541.260023	141
81910	79	7656.723773	158
81914	110	13732.9612	178
81871	153	10.65392357	1
81851	10	17.23058402	1
81916	251	72.1452729	1
81856	8	26.78599248	2
81882	100	7953.377788	137
81874	179	318.9282371	28
81899	188	97.77770778	3
81862	154	12.65363087	1
81891	2	71.68053853	1
81916	106	248.1478349	4
81882	210	9221.130575	139
81906	86	8542.889859	145
81854	9	62.44910801	1
81913	67	5747.081022	135
81913	22	5594.783991	111
81919	39	3172.506079	71
81911	44	7630.786906	148
81899	149	38.64770649	3
81910	178	8023.642414	168
81884	47	4331.459302	82
81901	155	25727.94541	516
81917	264	4631.128612	94
81917	158	3318.906054	75
81914	55	13699.26278	199
81908	194	9768.665101	187
81909	270	5867.174414	109
81880	128	56.28820885	1
81900	246	7371.274479	144
81905	101	55.71239733	3
81913	102	7054.513476	137
81883	80	8661.359522	147
81909	51	7386.473764	134
81924	119	36.9343904	1
81870	48	51.1028953	3
81907	50	7509.160841	159
81905	173	16.00437023	1
81911	92	5705.585669	130
81893	149	861.306896	17
81916	36	84.05779447	1
81902	7	2631.532372	51
81858	115	39.6011221	2
81916	147	55.95237442	2
81889	56	1755.454886	32
81905	49	154.560253	3
81902	6	4138.586684	67
81863	189	63.557585	1
81908	99	9629.961303	161
81891	179	213.3649065	19
81859	256	19.27770319	1
81853	17	12.13604182	1
81905	117	21.58704983	1
81864	22	35.75876049	1
81917	14	3530.112818	80
81881	104	1748.868449	26
81923	264	2245.604097	46
81915	3	11116.14688	188
81868	134	24.64953501	1
81911	64	6959.226071	137
81881	201	1791.899756	30
81912	116	5821.178066	101
81908	20	7853.728333	161
81900	248	7443.019467	150
81869	141	50.35152675	2
81899	105	292.5645411	3
81906	5	11209.13575	209
81860	160	11.64651055	1
81883	5	12015.24523	207
81925	227	646.37925	8
81875	17	26.41513869	1
81889	259	1672.359654	32
81857	97	54.78098817	5
81893	5	1752.011444	25
81922	178	12176.43565	261
81871	213	28.87943482	2
81873	37	58.93279722	5
81854	21	121.3149515	3
81880	54	158.2723149	1
81890	10	40.2932813	2
81904	204	30588.68465	2717
81885	241	51.44626424	2
81907	41	10240.89158	147
81914	92	5130.729455	120
81868	109	12.32539553	1
81850	234	17.0170892	1
81874	8	36.43314111	1
81889	85	1730.91334	30
81849	230	223.1386507	3
81895	149	9875.392154	188
81912	153	5911.287912	137
81918	270	6756.425515	140
81894	71	6599.863737	152
81849	76	13.65404183	1
81858	253	14.98225276	1
81921	50	7030.783131	136
81861	151	23.07040532	2
81872	135	70.68694956	4
81921	98	6758.830441	139
81871	101	155.8029176	2
81900	269	7097.712336	141
81867	213	23.76489597	1
81910	94	8174.744721	153
81915	209	8311.275502	148
81870	136	11.20253004	1
81907	231	6066.602773	119
81924	133	10.89811304	1
81870	46	10.14612712	1
81919	215	3430.060965	81
81901	176	29120.31509	546
81906	139	5424.608333	113
81923	195	2955.760888	56
81883	92	6396.693283	145
81918	171	7039.547658	150
81917	107	4889.137441	94
81904	197	10.56766292	1
81895	82	9134.150487	145
81892	37	17.31263526	1
81907	247	8140.53735	153
81900	270	8037.020799	162
81875	204	92.39728714	6
81863	161	18.01109211	1
81904	193	125.4640369	10
81894	178	8649.095982	173
81895	106	8655.409408	160
81883	151	9451.744507	190
81913	116	5632.925444	103
81917	66	3581.412795	74
81906	162	9738.381465	173
81919	144	5123.768199	96
81855	4	21.26283359	1
81919	53	5308.695428	92
81898	139	92.40109131	3
81881	60	787.491528	17
81875	266	92.27904174	3
81857	167	12.17478756	1
81895	223	9284.124069	172
81851	51	46.40487008	1
81877	241	24.94137928	2
81922	61	10748.1575	224
81863	18	50.072208	2
81899	211	61.18823181	3
81922	262	9830.618899	224
81918	8	11624.03521	192
81910	213	7808.608288	162
81862	100	82.46118825	3
81898	14	95.47750179	6
81894	97	17737.97711	208
81855	69	223.1288667	19
81883	150	7120.820662	163
81921	194	9254.435071	181
81905	220	119.4942832	1
81916	248	482.3814794	6
81912	25	6720.956673	113
81922	59	10626.75004	224
81881	239	1383.69231	25
81882	262	6921.734847	141
81904	186	63.07973734	2
81873	40	15.4752981	1
81850	145	14.38149638	1
81896	126	59.93963752	4
81882	67	7372.677225	166
81870	221	30.93663798	3
81918	242	5976.52612	135
81916	97	351.9139149	5
81919	183	4319.867438	89
81863	159	39.28117113	1
81904	114	30.89932612	1
81849	247	21.84162628	2
81891	142	18.7650817	1
81910	251	6589.489375	125
81868	255	12.35876604	1
81881	73	2042.260846	36
81869	64	18.86589062	1
81893	176	576.9501169	13
81920	193	12905.0884	200
81916	121	109.7237876	2
81914	159	8530.525051	176
81917	114	5690.982196	95
81897	137	54.89343393	3
81901	116	18510.35969	342
81920	257	5155.228605	109
81913	57	6315.001802	128
81876	250	22.93459607	2
81922	95	11063.5955	195
81906	61	8029.966791	142
81920	263	6288.507692	120
81917	21	2869.115249	66
81870	31	28.71865873	2
81897	71	80.03858904	6
81902	119	4310.675806	80
81905	109	162.3743545	2
81859	180	25.55011086	2
81895	18	11387.20132	197
81920	94	6349.951931	128
81916	185	126.9573717	3
81864	197	10.25489194	1
81894	200	9964.872804	191
81894	24	7488.528535	142
81913	132	6691.738165	123
81911	270	6555.386114	129
81913	227	6625.085869	131
81921	41	14670.25383	193
81861	20	29.50110404	1
81857	182	72.32098639	2
81851	59	10.46642988	1
81914	118	5806.429212	132
81909	202	6347.960704	138
81859	205	21.2772397	2
81924	191	24.63580713	1
81920	6	9660.71927	172
81918	186	8409.923416	167
81852	169	11.12286102	1
81870	93	94.18210953	3
81910	17	10235.73218	168
81907	88	11502.24938	184
81909	120	7608.606702	129
81895	84	8869.553369	166
81920	4	11491.10016	175
81893	181	1120.195778	21
81921	93	8448.903921	175
81913	144	6815.601992	149
81921	178	8395.161333	179
81854	86	15.58438339	1
81894	213	8190.370145	158
81880	167	16.84481354	1
81859	27	35.89409357	3
81856	216	35.27745973	1
81906	181	8029.704222	162
81862	75	10.59512963	1
81881	66	1078.892405	25
81883	221	9337.198031	171
81909	225	7377.907832	147
81910	126	7046.11169	142
81913	243	6069.575779	134
81876	157	54.09772202	1
81881	23	3364.117906	50
81860	55	69.94170739	6
81884	31	5427.212889	94
81880	157	46.63511238	1
81870	125	22.17387961	2
81911	191	6600.108213	155
81896	267	21.90404683	1
81862	4	13.76295918	1
81893	64	849.388425	18
81880	55	218.0288028	14
81910	139	5220.202364	104
81921	268	7354.179158	154
81889	257	1824.167612	27
81879	265	13.54972487	1
81870	90	20.79246632	1
81883	189	7076.011461	160
81866	169	23.91510584	1
81875	104	29.34377341	1
81875	271	17.1938637	1
81884	9	3308.828024	63
81854	131	26.80457064	1
81893	204	865.7139602	19
81852	34	11.73705862	1
81902	224	3203.992365	61
81853	40	10.94406248	1
81916	60	144.8202029	3
81864	69	137.4221626	12
81883	230	8131.949117	161
81903	104	20.58731167	1
81884	6	5075.239026	88
81921	122	7844.404722	145
81875	63	11.3823727	1
81910	117	7623.172716	136
81867	112	10.65296421	1
81914	57	8780.103006	186
81864	33	10.26474303	1
81895	118	6835.015232	139
81892	81	10.11404181	1
81919	265	3632.479978	74
81920	89	7106.635974	134
81852	47	13.65377194	1
81911	102	5858.072132	126
81874	37	11.18425291	1
81855	55	360.0184262	11
81881	140	1663.391559	34
81853	93	21.30028073	2
81922	114	10990.70266	198
81909	64	7477.232212	143
81923	36	2529.317836	52
81898	27	326.5863557	9
81884	129	4017.288692	83
81880	121	41.60547056	3
81882	186	7481.725121	149
81918	170	6796.97777	150
81893	69	2298.224415	29
81895	200	10976.61982	195
81902	237	2787.517218	58
81874	254	184.5722925	1
81914	56	8026.580635	175
81923	149	3087.340328	64
81861	254	147.164995	4
81889	165	1657.455586	29
81855	167	13.376838	1
81850	117	21.38632262	2
81872	256	13.42624005	1
81910	199	10494.32583	186
81920	269	6431.943147	132
81921	239	6280.85538	123
81872	25	56.62787404	3
81920	161	8122.096585	177
81881	164	1562.952647	27
81849	159	10.17017698	1
81910	124	6745.463177	140
81911	262	6983.202792	149
81891	141	24.57626241	1
81920	36	6514.535771	131
81923	203	3583.892005	70
81913	85	7460.565054	126
81894	208	7020.405755	141
81869	169	12.67665562	1
81914	0	8213.770566	135
81880	87	73.20075623	2
81854	23	57.13902222	5
81867	140	44.21699109	2
81910	109	7953.924463	142
81860	213	20.34826172	1
81912	108	4802.016953	109
81882	138	6783.834286	136
81905	82	11.68560412	1
81860	251	30.89599448	2
81881	268	1428.480282	34
81885	37	63.66997623	6
81905	253	15.56950024	1
81911	132	6070.55522	123
81910	259	7695.61347	144
81863	112	11.41569878	1
81922	66	9487.785794	217
81893	91	693.4642126	13
81896	138	93.59806656	6
81850	265	10.21435202	1
81912	185	5926.306144	111
81916	54	202.6729175	3
81851	34	38.48215519	2
81903	160	16.10376842	1
81922	231	10883.09282	233
81871	208	12.80590642	1
81882	71	5668.988757	120
81896	134	94.25133141	3
81924	103	11.90967882	1
81893	96	1410.869851	29
81881	120	1637.79965	35
81910	125	4885.478357	113
81857	198	22.29510311	2
81920	230	6841.548384	127
81883	175	7195.973531	160
81860	130	13.61042821	1
81903	82	12.68421269	1
81849	69	55.00779671	5
81883	0	11135.47026	154
81923	62	3606.769307	66
81916	229	89.26590085	2
81922	56	11750.0718	229
81919	122	3110.679315	56
81864	232	18.06269194	1
81884	208	2428.452792	53
81875	132	12.91853733	1
81908	8	10505.20956	179
81880	252	194.1047119	4
81900	167	10249.73872	204
81916	6	225.930814	4
81907	38	7094.286601	150
81863	249	11.40657244	1
81882	191	6320.610143	129
81884	99	4329.683866	84
81864	123	74.93598848	5
81908	239	7574.827202	156
81894	56	8176.864293	148
81914	229	6558.995055	143
81880	153	11.33202723	1
81918	11	11047.8413	193
81904	131	11.12046432	1
81916	190	157.6731492	4
81912	177	6125.72589	112
81854	211	18.13810138	1
81920	208	6937.588496	138
81920	27	11779.91942	182
81919	55	8271.678127	118
81922	77	12227.52914	222
81920	68	7473.424636	136
81921	135	7908.592674	156
81911	51	8549.006099	154
81883	59	9543.696096	171
81909	147	8119.496286	169
81893	99	1713.197845	28
81875	268	45.26233114	1
81849	73	32.55972287	1
81899	152	175.1716707	3
81924	196	36.09805367	1
81879	260	129.7410616	9
81860	264	87.86064847	1
81857	73	11.70739309	1
81894	138	9358.393519	173
81900	266	8039.262099	153
81869	46	21.86558994	2
81867	90	10.70620769	1
81881	82	2055.463691	33
81922	96	13682.45033	221
81918	28	11350.15749	188
81914	38	7081.495969	151
81855	223	10.16708428	1
81915	23	12023.55016	203
81855	255	10.995413	1
81863	111	65.16274499	3
81898	134	158.3064257	3
81908	88	11894.33955	193
81899	201	55.50445518	3
81867	195	57.89026149	3
81869	240	32.54633893	1
81908	235	5996.551103	135
81921	112	7185.334131	133
81917	175	4815.395515	93
81918	148	8529.851723	193
81918	92	5581.040231	123
81914	187	6242.73119	141
81885	16	28.27449265	1
81904	96	28.78469456	2
81872	128	16.59704911	1
81916	202	20.48022217	1
81902	201	4722.382831	81
81916	187	100.2317818	2
81849	224	59.4535777	2
81891	36	17.91241617	1
81908	41	14185.21697	191
81900	166	9446.487327	183
81913	6	9641.256244	169
81917	25	5192.48108	93
81850	171	49.6635555	1
81920	225	6572.383351	136
81858	35	14.57764935	1
81914	95	9155.481932	156
81893	11	1868.010865	29
81925	161	852.5818113	17
81884	244	2830.444524	60
81925	243	346.2554705	11
81881	80	1445.364961	31
81881	181	1315.043293	26
81853	119	43.29011569	4
81920	245	7036.844914	138
81922	38	10211.40156	206
81905	222	35.7244363	2
81883	118	6101.188137	126
81871	194	21.52407428	2
81909	116	6300.605028	113
81870	28	47.36716053	2
81899	55	131.1020065	12
81909	204	47583.03031	3584
81862	2	27.71883312	2
81912	85	7427.144266	135
81854	234	58.60582641	2
81883	173	6970.902265	150
81902	133	4557.088974	84
81852	179	153.1334143	14
81885	178	13.43768342	1
81920	50	6760.320777	137
81920	157	6065.828585	139
81915	179	14870.17329	216
81892	182	11.34371068	1
81898	236	33.56102817	3
81884	177	4311.559197	85
81895	138	7552.262983	151
81882	224	6886.790229	140
81924	84	10.52479947	1
81857	265	14.92953391	1
81892	124	15.51001846	1
81918	253	6264.506948	127
81889	0	2688.474522	32
81920	96	7210.594198	134
81852	144	18.49662415	1
81865	90	52.33059744	1
81910	48	9508.985422	194
81902	198	3633.659259	74
81856	135	64.33591545	3
81868	233	114.8146887	8
81895	100	9425.723419	154
81916	16	96.8176585	2
81921	116	8269.920862	163
81873	149	15.42736497	1
81910	227	9325.526867	169
81889	173	1293.33536	28
81903	189	11.2237914	1
81914	157	7731.704667	168
81881	231	2208.48375	38
81859	69	122.6499617	11
81860	72	30.38766081	1
81868	244	43.27761035	1
81896	143	42.67680531	3
81893	252	817.0712901	14
81889	76	1489.448297	30
81858	55	73.38539817	6
81865	233	55.83295523	5
81909	260	11370.76306	150
81910	200	11321.76501	208
81857	247	22.00888301	1
81912	226	4790.199411	116
81913	105	5913.94742	117
81883	103	8589.641521	156
81868	31	54.53815894	2
81892	102	25.3385813	1
81912	118	3935.580663	88
81864	175	10.51302625	1
81881	89	1421.418301	30
81923	92	2326.466544	55
81914	258	7245.451534	157
81895	257	8088.074449	157
81884	270	3811.066016	74
81920	63	8389.702573	160
81873	194	15.39911617	1
81915	70	6194.19728	127
81860	255	12.37143639	1
81875	107	91.69572729	3
81856	228	10.92476284	1
81921	225	6317.609831	143
81872	204	41.20957282	4
81854	147	25.08326227	1
81914	241	6785.28475	155
81917	113	4778.425089	98
81894	175	7604.242605	159
81855	40	62.53433234	2
81870	248	36.94537006	2
81910	114	8359.069933	154
81907	99	10596.07392	182
81898	40	31.68709797	3
81857	135	20.7179017	1
81876	123	109.6586129	7
81856	231	20.12032446	1
81892	208	58.53352589	1
81884	245	3742.77925	77
81875	95	17.16110919	1
81896	200	10.55920134	1
81898	122	39.66444696	3
81923	100	3707.783337	68
81860	109	25.33315272	1
81922	102	10735.3568	230
81855	97	57.80331514	5
81881	176	1774.229663	36
81901	25	28038.55688	483
81862	134	13.54379981	1
81856	252	37.21654801	2
81909	109	10287.34729	166
81894	65	9173.188625	174
81852	104	37.37027315	2
81853	84	10.79038914	1
81907	185	7132.07928	146
81878	198	14.71298629	1
81865	95	19.93066529	1
81914	44	7658.547112	154
81919	20	4103.267909	84
81889	89	995.107309	20
81889	188	1089.442818	29
81884	55	8862.555423	109
81925	60	551.4051024	12
81894	117	8038.479125	142
81862	115	14.12600439	1
81913	54	8568.934707	142
81901	43	22846.94181	444
81924	81	13.91052769	1
81919	130	4102.591965	75
81922	84	9209.116893	191
81894	25	10111.65319	155
81922	177	8648.42119	208
81883	165	11586.57418	205
81862	155	37.54024552	1
81908	62	7614.993235	150
81867	23	32.6270354	3
81857	169	25.30256246	1
81854	250	40.71267241	3
81893	259	384.5027405	11
81895	139	6332.438192	111
81861	71	25.63027494	2
81882	258	7388.669583	158
81916	158	53.89621036	2
81917	124	3435.01669	65
81905	162	21.84632224	2
81895	190	9278.94774	170
81922	57	10411.91377	227
81880	111	22.53664456	2
81909	139	4608.591363	95
81883	87	11757.70931	181
81916	195	67.90110438	4
81915	50	7131.331334	142
81849	50	31.19117289	1
81902	27	6084.009358	104
81871	41	32.90896655	2
81880	146	11.57681081	1
81880	72	15.30674323	1
81925	157	941.2095684	19
81889	108	1702.802395	32
81917	8	6619.200952	103
81882	116	8658.110141	154
81862	227	18.26490195	1
81916	7	62.59180057	2
81883	88	12303.24183	174
81919	99	5284.710044	91
81923	124	2330.38451	45
81863	109	45.60897055	2
81916	57	176.5096755	5
81922	107	13224.38165	253
81867	173	21.83260978	1
81895	51	10735.82357	171
81869	140	37.42193315	1
81873	5	32.74356347	2
81865	79	118.5649991	1
81907	102	7147.897192	138
81864	254	61.9499622	2
81895	69	13122.38091	193
81860	69	94.09042485	7
81895	255	8314.91575	158
81881	87	2564.735575	40
81922	201	9178.673525	191
81900	58	9121.240296	141
81864	38	36.31809273	1
81915	223	7355.301655	159
81916	255	132.1473337	2
81889	137	1587.847879	24
81914	86	9033.109789	165
81900	173	11298.60626	186
81868	200	110.5218781	4
81894	228	7748.111503	152
81860	196	14.69034642	1
81915	105	7433.327879	145
81923	101	4845.700953	77
81849	155	16.36426504	1
81914	2	7315.035461	151
81857	249	48.57397279	3
81882	234	7774.027457	144
81905	57	18.78562123	1
81911	79	6099.161594	129
81868	158	70.06307158	2
81875	99	35.12733455	3
81905	257	68.69566059	3
81889	41	2351.106716	36
81901	163	24198.01596	465
81854	178	10.21956504	1
81850	267	18.2156384	1
81855	225	80.35799345	1
81915	262	5830.388185	131
81919	257	4272.707147	91
81863	91	37.86096724	1
81865	199	151.0864512	1
81911	120	6535.202186	122
81883	223	8369.577484	158
81900	205	5953.858374	126
81891	136	29.6978139	2
81881	171	1762.019482	36
81909	102	7307.000553	151
81867	231	40.77642352	1
81871	10	39.40529144	3
81857	60	12.08761965	1
81910	233	13302.04056	205
81852	246	60.1574968	4
81850	121	36.4540221	3
81902	196	3190.477766	64
81919	87	5630.516499	96
81923	96	3147.437217	69
81916	193	801.5083405	17
81861	149	13.71258015	1
81908	35	8717.934303	161
81855	115	54.26862402	1
81856	81	10.35816408	1
81890	127	13.72568142	1
81923	151	4291.08246	80
81851	130	35.94556763	1
81904	147	123.8189175	1
81850	100	11.76792784	1
81889	93	1941.471294	39
81914	104	8990.259748	163
81879	23	32.80386762	3
81883	240	9050.982825	165
81883	70	8019.590724	160
81855	260	42.97335484	2
81865	106	12.62699045	1
81910	257	6366.921891	145
81925	61	257.2594561	8
81882	80	8617.072549	155
81904	110	20.52657116	2
81890	199	10.05407678	1
81906	44	7390.00902	136
81874	49	76.2784019	2
81920	190	7320.903453	144
81884	137	4770.272377	84
81912	112	6630.994565	133
81906	83	13386.94604	218
81914	244	5859.628347	130
81910	145	8038.824136	171
81867	45	164.7622662	1
81883	169	7597.252927	148
81907	197	7258.804766	159
81908	24	8234.091877	156
81921	120	8712.972998	150
81902	4	4858.604538	84
81861	123	78.37748111	5
81912	127	6818.220249	137
81907	112	8722.058741	148
81909	145	8533.693378	185
81910	129	8698.800405	161
81889	96	1415.509288	23
81869	113	12.42121919	1
81862	113	88.64156597	2
81922	67	11740.191	236
81874	146	38.64022674	1
81908	197	7577.397885	171
81864	137	29.50169128	2
81912	267	5152.701564	105
81919	181	5487.335476	111
81898	135	99.27324726	6
81902	179	3210.300426	71
81901	169	28313.17448	537
81892	255	28.62557173	1
81867	49	99.14764105	3
81906	108	7909.83479	145
81876	1	11.69020466	1
81904	11	24.30601073	1
81883	71	7741.695416	165
81861	143	10.58955777	1
81901	19	24767.84797	486
81884	121	4211.374747	78
81882	264	8297.11232	153
81911	97	13562.81401	179
81860	126	29.85736163	1
81908	38	7772.587702	161
81883	67	7253.240028	153
81914	243	6696.365682	132
81882	104	9199.15731	149
81910	12	10720.78863	173
81868	47	12.47644874	1
81895	1	13426.60451	205
81895	129	8834.96956	171
81907	162	8784.124452	179
81893	87	1250.322761	21
81900	157	7412.318001	144
81855	265	83.94147062	2
81918	204	52801.84933	4029
81903	261	40.20979035	1
81921	176	9005.195234	158
81910	198	8416.604308	166
81905	84	99.63789195	2
81873	112	66.58693483	2
81909	9	7896.264424	161
81894	59	7865.146731	141
81884	153	4251.279377	83
81890	222	33.45742482	2
81884	197	3038.5759	69
81900	177	8576.102064	153
81851	61	14.10590564	1
81874	213	12.64553083	1
81876	269	29.61897725	1
81900	262	5828.324955	111
81900	171	8768.062188	171
81855	111	56.30617984	2
81896	48	10.56424174	1
81914	61	8328.180704	147
81889	17	2164.466826	40
81884	269	3115.155805	66
81917	222	3279.844239	65
81922	146	10404.16799	241
81925	143	312.6021908	7
81882	90	8475.484506	159
81850	247	12.52259977	1
81874	267	27.55171518	2
81867	113	34.01666656	2
81872	250	44.31994373	1
81918	16	8208.95994	165
81899	137	381.4580853	3
81911	219	7172.323015	139
81901	271	20135.86083	384
81900	13	15764.33742	192
81922	211	8993.254036	175
81897	206	246.5441875	21
81896	6	63.72869685	3
81871	233	30.4123528	2
81885	105	26.66211838	1
81922	175	11532.53855	256
81916	116	42.63857091	1
81915	30	8778.844132	166
81923	1	4917.268118	94
81881	151	1660.100682	33
81909	8	12054.96922	186
81883	254	9299.07476	152
81876	91	24.46718155	2
81914	208	7750.88824	157
81900	45	12470.7042	198
81907	4	9902.858471	170
81895	252	9123.966294	162
81864	161	10.35350899	1
81901	29	31662.88052	534
81906	85	7770.617111	150
81858	88	109.3199843	3
81919	0	5360.247351	83
81921	140	7821.818772	135
81920	117	6040.490546	117
81894	110	14880.21315	188
81899	122	100.0127384	9
81881	125	975.4405251	20
81913	197	5576.25736	140
81901	79	22743.39056	444
81889	110	3112.717175	38
81881	154	1813.878071	32
81856	66	10.76687914	1
81907	121	8035.505533	158
81884	191	4078.222629	87
81866	100	33.24215174	1
81892	18	11.78045803	1
81912	2	6929.440437	138
81891	235	71.71416565	1
81903	214	10.61051844	1
81858	2	79.35103046	3
81900	133	7342.067619	153
81920	91	6791.112128	126
81884	26	7013.579384	115
81914	189	6821.900294	156
81883	36	8647.318248	170
81920	148	6844.956216	158
81917	106	3967.574922	80
81875	48	10.68038137	1
81861	271	18.63790594	1
81906	32	8666.110281	166
81922	134	12332.13591	225
81916	213	106.8696524	3
81922	242	6709.469296	164
81849	59	10.2306389	1
81853	101	10.72957823	1
81867	246	21.02511227	2
81921	193	16703.16742	233
81909	245	5949.852297	127
81856	271	15.54382723	1
81895	88	11883.23361	185
81862	248	43.03867526	2
81863	83	72.61763003	6
81891	75	10.04491355	1
81871	141	158.9527204	2
81885	198	27.49251603	1
81916	239	285.7134572	5
81866	48	42.75157124	2
81912	214	6489.337086	118
81863	77	11.93714587	1
81898	112	196.46552	9
81890	161	183.6679606	3
81880	166	11.4276205	1
81909	52	6075.10734	121
81897	182	93.09540226	6
81920	239	5856.056128	117
81861	129	27.12564499	2
81872	268	93.0098923	2
81870	34	29.19847583	1
81919	70	3558.370854	78
81923	200	4253.095413	79
81912	253	5107.724448	113
81900	10	7295.877195	153
81914	23	12816.38051	230
81920	33	8850.330301	143
81917	153	4434.950239	87
81881	213	1476.952141	28
81871	223	12.54096752	1
81881	161	1931.304047	36
81905	103	52.175301	1
81873	145	81.20589579	3
81892	46	38.89288712	2
81855	149	11.00551984	1
81905	261	119.8965134	2
81925	197	290.312666	8
81920	57	7373.944334	142
81922	154	12049.42047	286
81857	178	10.675243	1
81911	162	9494.977562	194
81880	39	142.2818885	2
81900	219	7279.078452	156
81858	127	34.31245947	2
81874	44	10.65799518	1
81901	263	18122.35366	369
81881	265	1371.813607	25
81921	82	9057.042186	152
81909	235	5804.398509	119
81884	182	3640.497465	69
81912	17	7406.515901	127
81900	220	7203.225174	165
81910	71	6072.716461	143
81893	218	1064.161826	18
81920	93	8161.623924	132
81869	260	45.12669471	4
81854	83	148.7088366	13
81889	148	1710.078342	35
81876	259	23.19129212	2
81870	39	17.25608067	1
81918	158	8015.097142	158
81893	208	665.9185011	14
81895	206	17838.31098	228
81920	130	6993.151364	133
81875	68	10.01565794	1
81858	109	14.37939554	1
81889	139	831.8202557	17
81882	88	9641.071461	167
81905	226	25.80975694	1
81868	166	24.90999197	2
81859	198	80.53554304	1
81907	52	7462.172923	144
81876	205	13.6575294	1
81913	84	5990.837642	124
81879	131	40.78911541	1
81917	258	3422.548773	69
81907	132	6423.389365	133
81857	150	10.42197768	1
81922	71	7479.123801	178
81916	138	245.6967249	6
81917	122	3335.367699	75
81896	186	11.20480369	1
81874	3	144.0309814	2
81909	34	5258.399224	101
81849	127	29.52084803	1
81914	133	8892.364776	153
81904	228	10.2024918	1
81876	140	15.42266544	1
81918	183	7012.019611	136
81922	24	9449.636613	200
81914	90	6162.787362	135
81889	176	2081.824488	34
81914	16	7406.531632	150
81862	39	10.9953165	1
81892	16	38.41169707	2
81870	148	13.48902889	1
81883	85	10223.45283	179
81890	164	22.52987989	1
81917	119	4032.57292	86
81860	23	74.7068567	7
81901	171	25419.31361	480
81902	176	4257.703288	87
81919	216	4501.698534	85
81889	262	1690.76132	29
81909	264	7563.221916	145
81911	82	8448.569999	150
81873	22	23.58881059	2
81906	261	6480.879517	128
81914	175	7984.884668	181
81919	97	7797.912176	109
81922	45	14106.86917	254
81852	233	102.2552576	9
81895	166	8391.144997	165
81916	79	51.39718654	3
81915	180	7809.027326	164
81879	107	63.82807757	2
81872	118	49.60257612	2
81861	236	11.24100037	1
81854	252	67.91641998	1
81856	133	15.60948086	1
81854	67	21.35918781	2
81906	102	7296.379735	144
81850	225	24.34068932	2
81906	166	9002.176341	165
81902	251	2548.745518	58
81922	166	10259.60242	211
81906	150	8225.721625	159
81918	163	7286.246353	159
81893	88	1335.417495	23
81909	269	5026.296032	118
81883	37	11200.73409	195
81882	114	7965.074381	121
81894	141	11353.86537	208
81870	253	34.14455496	2
81870	169	54.19620615	3
81925	26	524.223337	12
81884	124	4186.210794	84
81900	232	8320.912752	153
81880	40	154.5448813	3
81876	200	37.27479817	3
81852	3	74.39845875	2
81916	242	65.27686587	2
81874	84	10.37596001	1
81880	18	10.26260074	1
81918	74	9348.768259	171
81894	192	8439.061186	164
81850	70	27.02817188	1
81872	12	95.59441236	1
81873	21	94.44643522	1
81914	88	10000.53603	160
81905	265	86.23627647	1
81918	227	8277.619724	161
81912	254	7379.120001	129
81893	248	1502.708066	23
81875	93	34.36612946	3
81855	104	20.94367272	1
81922	58	13180.42954	214
81885	193	86.94500953	8
81902	67	2480.139024	68
81906	114	10034.15941	173
81890	101	33.24468218	3
81895	80	11367.85289	182
81850	237	43.12054288	1
81914	218	7051.570819	140
81895	126	8270.879898	160
81879	14	57.61920746	2
81854	112	100.4164319	2
81857	263	66.14807774	2
81905	99	188.5422546	4
81884	122	4539.357374	79
81866	271	24.3160829	1
81901	51	25645.21125	471
81915	201	6739.516452	139
81920	142	9865.210871	178
81901	99	26642.98581	441
81883	102	8700.481502	148
81925	69	274.0512029	5
81883	121	6310.266754	125
81856	191	30.31736251	1
81879	127	21.30161631	2
81915	251	6453.821216	133
81876	107	12.49588131	1
81896	102	219.6863801	3
81902	90	2771.633638	70
81908	199	9171.047793	167
81894	250	8499.578527	157
81917	250	2377.728594	55
81923	156	3369.132266	71
81870	17	10.01656098	1
81923	66	3362.669717	64
81913	266	7482.653928	139
81855	128	10.37743653	1
81866	60	71.48294069	1
81902	192	3717.426151	67
81917	97	5613.834468	80
81870	269	14.85683875	1
81917	13	5916.862643	89
81896	63	10.15952146	1
81872	223	107.1200109	1
81922	36	12225.98346	253
81902	69	6463.49408	80
81873	268	18.15999703	1
81909	229	7211.603048	145
81850	248	10.51891359	1
81906	100	6851.396737	126
81910	177	7956.386572	152
81862	105	32.83237382	1
81890	28	114.9095419	2
81871	181	14.35095878	1
81894	16	7760.233689	147
81860	137	97.47668382	3
81856	259	12.9841896	1
81923	202	2829.698875	57
81902	223	3875.53337	59
81882	99	9044.143907	142
81919	129	4265.383417	84
81901	26	31540.17239	567
81884	204	5803.278645	99
81857	102	50.58266695	1
81880	116	132.2606461	1
81911	188	4941.313862	133
81922	182	9406.973828	213
81894	88	14336.12651	203
81917	134	5318.611162	102
81850	254	14.74375782	1
81917	63	3565.379949	79
81870	151	12.39076113	1
81851	120	19.23822732	1
81911	255	4770.115935	108
81921	205	7386.641399	170
81913	17	7509.699362	137
81894	61	10391.82957	157
81891	69	129.9876298	12
81921	227	8818.826417	161
81901	243	20275.18174	378
81850	109	14.8806118	1
81881	61	1061.660021	24
81922	181	8896.494226	199
81914	163	7808.22028	173
81902	244	3194.758441	64
81892	95	14.03267099	1
81884	216	4630.377293	83
81875	214	11.82412086	1
81856	214	23.794943	2
81875	210	176.2830749	1
81919	106	5057.225007	87
81921	197	7387.06903	172
81913	129	5570.756852	119
81881	250	1252.904578	31
81921	83	13761.31368	181
81916	167	105.9138894	2
81860	245	11.72015907	1
81902	139	2399.642884	45
81917	168	3492.002419	80
81878	55	21.16483868	2
81904	192	10.1774935	1
81913	167	7531.079784	148
81884	103	3673.086396	68
81875	7	11.09177983	1
81889	32	2012.135052	36
81923	113	1615.361371	35
81908	138	5925.029162	120
81889	30	2420.427343	37
81853	135	31.20626841	2
81893	186	1103.490017	21
81910	232	9442.152709	171
81895	77	12064.11386	194
81915	12	11258.06661	188
81860	240	10.6586239	1
81920	85	8158.000147	153
81866	227	20.87427557	2
81913	263	6110.316947	123
81863	209	75.88924223	4
81923	136	4177.116066	69
81889	97	2485.296739	45
81893	122	1021.995709	18
81913	42	6207.545894	114
81900	130	7176.548499	129
81908	205	6562.03334	138
81908	150	7014.959389	157
81901	89	24836.54356	471
81925	67	274.4048412	6
81908	252	7646.744408	145
81906	123	11602.87581	166
81883	18	11346.54932	177
81922	263	9124.499274	214
81897	259	360.8366409	12
81922	156	11901.72574	270
81864	128	11.30386431	1
81856	202	30.76916788	1
81895	123	13802.31841	202
81903	119	15.72218406	1
81883	10	10611.86431	190
81908	100	8446.755308	139
81920	212	5892.105527	126
81882	12	13009.26503	201
81918	71	6314.384037	140
81891	227	13.34390965	1
81866	259	24.20952593	1
81865	264	69.62928614	1
81884	117	3910.728626	89
81897	28	31.79425665	3
81859	53	15.83079071	1
81873	64	23.70769989	1
81903	69	55.21538451	5
81905	236	20.88906631	1
81879	214	14.20800854	1
81875	98	14.68370317	1
81902	258	3229.59789	57
81919	175	4644.268016	88
81922	116	9304.03773	170
81916	270	129.2075387	2
81912	242	3073.565933	79
81896	80	356.262168	3
81908	45	9644.066093	167
81863	152	11.99138412	1
81876	181	14.03489261	1
81883	146	7312.981023	169
81906	158	7349.087458	157
81890	77	38.60660206	1
81917	236	4460.402551	85
81874	137	68.1886906	3
81882	137	8935.585111	146
81901	215	22181.66088	411
81901	0	29924.01072	435
81884	243	3516.628383	70
81860	113	19.04302497	1
81918	260	12696.5767	176
81869	97	80.90924552	7
81922	197	8481.514042	205
81870	120	23.1442524	2
81872	8	138.4504969	2
81849	85	21.52079501	2
81869	54	10.0390248	1
81893	168	1190.420594	25
81889	152	2392.016784	40
81849	31	10.59999233	1
81853	248	73.41398807	3
81869	134	11.07939932	1
81914	271	5369.815582	110
81911	211	6911.746398	134
81915	203	8600.77194	169
81855	155	37.70482804	2
81909	80	7716.328014	146
81920	189	6444.848198	135
81856	0	60.20682376	4
81883	74	6962.245892	122
81906	120	7854.922731	136
81922	108	10039.39214	212
81881	94	1655.738643	29
81867	257	18.07290724	1
81869	238	10.93696659	1
81922	60	9869.111695	206
81902	130	2847.08554	60
81876	270	29.90032582	2
81856	17	19.54323368	1
81863	99	21.89655053	2
81915	161	7507.993892	154
81918	21	7084.945652	152
81924	266	113.5633388	1
81862	8	46.84609941	1
81909	240	6453.037574	133
81876	188	21.42145834	1
81910	155	9174.636769	176
81895	211	6948.040913	153
81915	114	8988.059196	156
81913	192	7499.884393	149
81916	269	60.4681994	1
81873	193	212.7681954	19
81918	56	8050.825972	161
81881	215	1237.859608	26
81875	0	12.78872711	1
81871	105	116.4436686	1
81860	77	181.8672005	2
81870	59	20.69979937	2
81920	65	7547.066444	153
81895	83	12686.64594	200
81891	164	12.97406293	1
81881	20	1183.089444	22
81893	68	1447.668078	26
81912	8	9627.306245	134
81919	148	3524.416704	79
81914	158	8042.162085	163
81865	200	78.98168292	4
81898	173	173.0947716	3
81907	223	7955.447232	154
81917	53	5215.35593	92
81867	253	68.30192448	4
81901	254	21356.78665	387
81918	257	6087.09963	123
81884	62	3903.338911	76
81914	21	7172.27998	142
81896	64	10.69570955	1
81855	124	10.19776448	1
81882	123	9646.224006	144
81906	9	7383.685882	163
81922	225	8945.70076	184
81922	88	15639.15141	274
81882	46	10404.62091	167
81891	226	18.17802732	1
81882	70	6724.333117	128
81900	156	7824.105078	168
81896	36	28.24229141	1
81916	220	134.7519977	2
81909	77	8455.338529	139
81902	189	4057.954764	89
81884	23	7070.945785	109
81922	214	12842.43843	215
81922	31	12778.84628	253
81917	79	4484.357363	78
81910	179	13796.19561	221
81865	175	38.66895114	2
81851	101	11.9428671	1
81884	266	5109.669327	76
81907	166	7934.066364	168
81910	95	8109.198628	140
81912	258	6456.508563	134
81856	85	22.55696278	2
81922	195	9595.481736	216
81860	100	14.27162512	1
81895	38	8667.658126	157
81893	142	1126.495761	22
81902	115	3052.509425	68
81852	235	123.861457	1
81867	121	62.17202694	3
81912	62	5637.270208	111
81910	170	7018.777357	140
81918	199	9747.958699	173
81896	18	10.01317043	1
81922	22	8393.551302	190
81903	99	10.86357548	1
81921	219	8553.544096	183
81872	34	19.09354834	1
81860	115	13.85198872	1
81918	44	7882.149188	157
81897	99	112.0674476	3
81883	1	12429.98128	210
81890	119	117.2472273	1
81916	104	245.7855615	5
81873	77	10.13121259	1
81896	50	79.81749597	3
81858	83	183.7402856	10
81922	212	8382.080613	184
81915	98	5392.720875	119
81918	130	6782.670414	139
81861	208	18.78157427	1
81895	183	7411.227631	159
81885	40	29.86761622	1
81868	206	64.67901082	6
81919	42	4410.898224	73
81853	246	60.97938167	5
81920	175	5913.220838	131
81924	211	13.85455999	1
81883	228	8447.455663	180
81872	17	12.41837399	1
81855	81	12.4831725	1
81858	205	27.23425607	2
81894	165	13005.69078	204
81907	129	7994.308741	166
81919	160	3518.669484	78
81859	227	10.48570526	1
81864	127	27.4696978	2
81885	206	113.9188651	8
81914	101	10855.73892	170
81925	105	452.9836907	7
81914	135	7948.713988	148
81899	218	57.57848967	3
81862	121	10.06490788	1
81880	222	63.04280161	3
81885	130	40.26099661	3
81895	172	9647.305785	185
81921	220	7072.863869	152
81919	93	6288.928046	103
81918	10	10706.16091	202
81913	216	7313.642141	133
81850	206	397.4078001	35
81902	47	4095.529203	73
81855	20	56.68484446	2
81872	5	30.9958751	2
81922	78	10007.41752	209
81863	211	11.35755978	1
81914	75	10041.75659	158
81910	100	8920.366922	148
81869	250	17.17040015	1
81907	34	8616.586679	156
81896	120	10.00110404	1
81910	245	6875.644285	125
81919	261	3217.791832	63
81921	195	6958.272845	166
81919	56	4171.451567	75
81867	239	14.61519098	1
81893	63	1266.677528	21
81907	110	11649.45761	169
81850	268	50.8516167	1
81861	54	49.2489774	1
81912	74	6358.487386	117
81909	56	7296.377999	139
81908	10	10981.33642	204
81918	1	11441.51063	195
81920	102	6366.058467	136
81920	226	7307.305644	148
81923	41	3890.286592	63
81870	85	42.43304543	4
81913	207	5577.953893	108
81864	248	41.52700264	3
81920	67	5981.51195	124
81853	136	40.22772469	2
81872	184	98.47685493	1
81894	133	9286.259036	170
81911	213	7330.67181	152
81851	249	23.29017174	1
81913	61	6897.301111	126
81851	9	15.30052955	1
81892	184	96.73801576	1
81879	22	11.34258395	1
81894	116	9574.400749	161
81892	249	86.6963888	3
81884	38	4985.766856	91
81909	96	8423.451586	155
81909	101	9240.890287	159
81921	55	15851.91618	227
81913	126	6159.835365	129
81925	91	489.8702279	10
81900	35	10053.47448	171
81893	78	986.331117	20
81911	210	9410.915765	175
81894	199	11094.21426	180
81863	162	18.12732879	1
81871	124	15.58131445	1
81905	234	28.0940832	1
81917	30	4432.042128	90
81864	215	126.1443449	1
81904	118	41.93895825	1
81905	191	87.21988449	1
81924	14	14.70748019	1
81895	184	9161.025166	171
81885	118	11.80482566	1
81850	195	13.72220749	1
81865	189	133.3163762	2
81916	26	97.45536728	2
81894	36	9267.59163	167
81902	28	3789.695464	78
81923	180	2840.821826	73
81922	190	9289.10427	198
81907	245	7540.68486	150
81897	95	93.73382853	3
81849	152	145.1374997	4
81905	107	14.63360447	1
81909	3	11246.98517	190
81919	176	4636.329732	90
81893	158	1099.383831	21
81917	71	2652.954381	58
81889	167	2074.424391	40
81915	246	8695.29272	170
81907	128	7508.638822	145
81912	146	5004.597494	111
81857	99	10.77290198	1
81922	151	14229.42597	280
81898	6	128.0542122	6
81863	156	178.4276726	2
81857	111	46.96740618	2
81925	89	349.8102482	7
81919	195	2738.192934	76
81910	38	7430.524277	151
81896	139	186.0097932	6
81909	143	7646.412503	163
81893	29	1863.841789	31
81916	265	121.6525256	3
81911	118	5327.64012	134
81885	211	12.42356496	1
81879	77	27.28584451	1
81916	225	95.48218737	2
81906	45	9407.838961	165
81901	270	23074.63624	456
81902	190	4330.371434	77
81923	153	3219.516502	55
81863	127	55.57297156	2
81904	122	58.4738527	3
81895	205	8756.429382	177
81922	65	12710.39089	228
81870	256	40.33475482	1
81903	179	112.1128404	10
81912	168	6324.25324	128
81879	158	10.10307035	1
81894	53	9013.438543	159
81922	221	12248.93143	247
81910	18	9461.576277	159
81897	250	103.7477434	6
81910	269	6128.37993	134
81880	178	10.53077015	1
81906	26	9092.549841	174
81907	22	6787.186572	138
81882	244	8377.226744	145
81893	120	908.0675304	15
81922	230	11770.02463	240
81871	3	12.76171361	1
81909	242	4883.06715	123
81902	108	3244.099585	64
81870	191	51.06953942	1
81902	142	6608.945075	102
81871	146	112.9862362	1
81894	0	12401.46767	154
81917	194	4505.839116	81
81918	127	9465.751949	160
81883	212	7832.255894	152
81881	228	1558.156735	32
81902	220	5245.010036	79
81918	255	5330.1171	125
81913	245	6181.147129	126
81910	246	10037.96116	180
81873	137	13.77523668	1
81860	71	13.02895192	1
81879	134	10.24456069	1
81918	138	8853.051582	156
81906	93	8838.305011	155
81889	26	3091.02005	41
81922	251	9325.361971	208
81889	100	2040.341687	36
81883	235	6156.96699	122
81868	270	43.11143928	1
81920	82	7257.513784	129
81921	68	8332.542938	160
81898	181	31.89443109	3
81904	68	48.82665543	1
81918	4	11314.26929	185
81911	18	8450.444714	175
81912	42	5644.77252	110
81915	249	8363.58122	157
81867	131	75.21168941	2
81916	23	375.5482064	8
81856	71	21.84722268	2
81884	271	3727.999047	63
81850	49	107.7486858	1
81922	252	10411.9084	200
81900	227	8533.219122	132
81918	251	5410.995146	112
81915	200	8616.470157	174
81898	162	132.5386047	9
81864	37	60.13222996	5
81879	56	16.42877013	1
81866	164	20.46336573	1
81923	189	2860.867782	67
81859	181	160.3819016	2
81923	67	3170.352419	62
81920	72	6327.273345	114
81919	3	4652.501455	78
81858	92	12.29234924	1
81901	133	21062.86721	393
81878	260	27.52895439	2
81861	26	15.87827756	1
81907	2	9006.176838	158
81923	199	3608.022208	67
81871	106	87.04476267	1
81881	200	1923.100443	44
81907	64	8010.227194	144
81905	73	121.7510109	3
81912	207	5501.969444	110
81922	217	11476.24504	207
81912	243	4566.584355	95
81924	180	21.79187692	1
81922	53	12380.22085	251
81851	106	64.91425671	1
81922	238	11475.98418	223
81912	76	7089.275726	134
81901	190	24117.90089	429
81859	73	11.94092867	1
81881	173	2004.215962	40
81872	137	38.28951546	2
81894	32	10415.4479	176
81863	147	12.01574287	1
81902	157	4012.598184	75
81917	147	5677.503981	115
81883	94	10309.78062	173
81913	146	6272.29587	148
81883	149	7329.466535	158
81870	35	13.66351816	1
81853	189	19.62491256	1
81913	231	4778.135775	104
81919	258	4259.110981	75
81902	211	1878.685107	45
81861	204	21.4190164	2
81916	130	88.23674918	3
81915	261	6107.315673	134
81924	210	130.6982759	2
81906	183	7288.964588	149
81918	83	13960.30503	199
81858	96	51.65246858	2
81911	15	6968.209008	136
81915	218	5943.484846	120
81869	109	16.46065653	1
81917	219	3402.287904	74
81898	76	59.96182017	3
81920	111	9298.632507	172
81882	269	7884.508951	152
81895	260	14796.83701	218
81861	137	14.07066354	1
81911	12	11176.34555	194
81881	62	2035.257114	33
81923	39	2514.768226	50
81900	221	11758.24537	204
81859	169	86.83672728	2
81923	218	2907.49063	58
81881	15	1894.289307	35
81882	144	9114.753347	185
81879	164	11.4174822	1
81894	263	7779.390394	149
81897	268	73.03887258	6
81880	124	11.03620482	1
81910	175	7939.822077	173
81867	47	145.0735562	2
81915	103	5933.350179	124
81908	95	8700.319586	148
81915	214	8507.810705	170
81860	249	10.0232989	1
81923	44	3519.259002	80
81906	167	7646.086566	162
81863	110	65.65040512	3
81906	6	10818.58597	169
81895	68	11332.2418	188
81867	150	12.42704085	1
81920	15	6245.596563	121
81882	218	6774.370235	123
81891	140	27.21187128	2
81882	21	8082.738233	166
81871	87	55.24251725	5
81920	160	7918.971521	164
81881	129	1612.648853	31
81875	175	16.51572312	1
81900	236	5851.214835	120
81855	57	122.867443	2
81906	30	9457.983259	171
81870	96	32.05450686	3
81870	86	10.73592677	1
81905	62	61.12707692	1
81919	180	5108.375696	108
81899	102	209.3261743	3
81873	204	55.85923552	5
81914	246	10151.66762	167
81898	217	33.61954503	3
81920	106	8445.750849	156
81870	82	10.0149643	1
81852	54	10.11720214	1
81916	88	351.2920824	5
81906	255	6579.262396	143
81884	140	5170.48224	80
81889	153	1925.511584	40
81872	7	31.14783802	2
81872	126	47.68203519	2
81855	48	120.3506069	3
81858	203	11.83740701	1
81893	31	1087.227516	21
81872	85	20.24257307	2
81872	48	26.90669746	2
81889	34	1283.369318	23
81906	216	7319.460438	138
81903	253	66.17641833	1
81915	140	9366.364866	158
81907	109	8509.410744	155
81908	223	6737.494254	140
81882	48	10054.34893	186
81921	159	8506.866102	174
81892	199	10.83359889	1
81913	112	7702.610913	134
81902	52	3930.948512	74
81885	39	10.92616918	1
81901	180	26001.71126	507
81873	246	58.84994766	5
81895	104	9148.620998	155
81876	12	12.24803226	1
81903	106	28.2485106	1
81855	266	56.08687188	2
81922	76	11759.96422	211
81923	14	3839.998562	73
81871	136	14.25354651	1
81902	164	2761.00701	60
81915	57	6604.173904	141
81918	149	8275.155776	182
81866	157	10.02563809	1
81861	195	16.24071126	1
81866	151	24.00958274	1
81918	154	8750.542573	178
81908	266	7843.085604	146
81920	194	6606.757022	138
81919	256	4740.636989	98
81925	48	669.1197375	14
81893	150	841.0252425	19
81910	252	6819.436647	141
81919	200	4233.068331	85
81925	198	306.8541308	10
81915	172	5894.502649	136
81881	79	1983.475155	36
81860	203	15.60502111	1
81916	206	617.0597555	9
81879	138	10.03625182	1
81859	138	13.01782421	1
81880	95	92.17464426	3
81919	66	3532.821616	76
81855	195	134.5725335	1
81882	239	5534.959163	128
81910	238	7838.442418	166
81854	152	63.97516538	1
81857	5	1253.21838	114
81857	90	17.18933273	1
81900	252	6359.397171	138
81875	123	128.9595819	10
81908	87	9351.894723	167
81919	150	3705.094886	88
81852	240	74.73544285	1
81907	92	5593.728035	125
81922	74	10142.18344	208
81894	268	7356.503826	140
81916	179	357.6915308	16
81892	193	134.8804267	12
81921	266	9180.854523	163
81893	4	1337.204654	22
81919	60	4074.809035	83
81889	269	1540.813818	30
81870	75	46.69204508	4
81909	126	5731.257314	123
81889	141	2240.458482	41
81903	259	27.38270045	1
81854	239	11.64095708	1
81918	181	9726.009354	185
81868	96	11.33993801	1
81909	248	7501.24951	136
81895	29	12626.64419	197
81889	156	2423.797066	36
81907	239	7095.365839	158
81916	59	151.717193	5
81867	244	11.51597773	1
81851	132	40.10527742	1
81895	146	9841.644057	192
81901	188	17427.16265	399
81869	111	22.67734725	2
81881	113	1447.351348	29
81872	40	26.19814619	2
81912	191	5909.009527	122
81856	9	11.37570513	1
81866	119	12.33318737	1
81914	213	8038.574123	169
81869	83	106.4556256	9
81907	58	9309.099257	156
81904	128	100.6714603	1
81906	64	7913.057466	143
81894	109	9506.659014	155
81894	106	8830.138267	151
81882	173	8201.908448	174
81891	120	30.07492003	2
81876	88	34.60432904	3
81880	251	13.76874097	1
81854	58	11.12313031	1
81881	174	945.2537727	29
81853	77	107.7710207	2
81860	214	11.66911143	1
81920	153	7822.976887	160
81882	141	12269.21255	194
81905	248	22.5785901	2
81884	61	4577.720134	79
81872	9	22.57420533	1
81884	268	3937.102579	69
81896	206	236.744637	20
81862	206	92.60584337	8
81867	69	205.4611676	9
81917	231	4212.143298	85
81897	96	92.60147391	9
81851	239	15.85009736	1
81872	37	53.21836504	5
81850	142	10.06157144	1
81920	218	7127.744698	135
81893	189	1239.957375	27
81861	218	26.4618363	1
81909	241	7581.89084	138
81874	228	33.89628779	1
81911	209	7527.881255	145
81900	107	7673.739879	147
81893	146	1064.971012	27
81907	251	7071.827378	157
81909	261	6907.851111	128
81858	179	92.56223477	7
81925	93	312.5251714	7
81919	76	4959.901652	91
81910	102	6375.203632	138
81902	32	2899.330515	62
81906	53	9238.568523	156
81854	231	62.08544444	3
81878	18	40.48693132	1
81913	241	5618.305079	126
81908	187	6918.932635	162
81859	137	10.39812712	1
81876	56	85.79282376	2
81920	58	7972.301171	139
81858	1	66.34498359	3
81853	249	26.04641766	2
81893	45	2207.017111	30
81915	39	7895.194982	169
81856	128	13.99566494	1
81919	224	3720.006945	77
81918	108	6189.150904	123
81917	169	4018.107976	85
81891	27	92.98630769	8
81866	186	37.29238772	2
81919	71	2785.763507	72
81882	103	8864.343243	157
81910	85	8584.835229	152
81853	105	14.36484629	1
81861	46	14.84736849	1
81900	123	12265.61086	174
81908	191	6921.863216	160
81900	74	7818.972378	150
81863	35	10.2841759	1
81910	84	6209.647523	127
81918	215	6985.269648	149
81912	139	3923.048251	79
81914	84	7110.08278	142
81878	202	21.10356767	1
81907	233	13575.08147	204
81895	121	9581.644414	160
81880	122	18.53315433	1
81894	55	15389.34157	226
81907	210	8327.90422	151
81923	74	3290.690205	65
81914	98	7268.899896	154
81914	207	6171.338939	128
81881	131	1873.700956	29
81912	246	8468.450721	141
81922	79	9679.861463	218
81897	120	75.67915941	3
81892	60	52.24414217	1
81858	162	39.87905596	2
81922	208	8137.433817	193
81876	190	23.79370017	1
81863	244	38.56129231	2
81917	31	5200.382266	88
81866	105	69.08925675	1
81883	47	9852.356806	174
81902	163	3985.742821	83
81904	80	177.2499188	2
81912	219	6424.70915	134
81906	18	10132.76329	172
81916	226	40.88567683	1
81890	133	21.18128893	2
81889	234	1925.05605	28
81907	229	5854.930659	126
81873	123	145.6598879	9
81895	266	11894.58517	182
81893	125	427.8387683	12
81911	195	5941.296208	129
81852	55	77.85331516	7
81894	254	10400.64637	169
81862	146	11.38355854	1
81874	54	27.79075774	2
81908	206	11807.80719	168
81882	126	5862.728413	132
81922	244	9604.767766	186
81900	81	6836.051373	129
81900	145	9852.241425	213
81878	37	20.27705001	2
81914	230	7142.183149	142
81908	180	7654.551555	165
81915	224	6606.295108	139
81895	128	9206.38524	163
81914	76	8598.224838	158
81910	11	9352.012207	171
81910	57	9142.729495	179
81900	176	9412.1901	171
81855	17	73.52638332	1
81868	214	10.03761821	1
81873	55	124.8665345	10
81916	91	22.97361991	2
81866	203	28.42298257	2
81863	134	16.56920706	1
81872	163	11.41297861	1
81879	124	11.27856348	1
81893	212	937.3478317	20
81901	203	22047.21375	426
81883	183	8480.239043	169
81853	45	41.65791876	2
81905	143	39.79421142	1
81905	63	28.84473123	1
81909	200	9683.538914	184
81889	199	1574.522336	37
81860	164	10.41750775	1
81893	41	953.3298262	11
81917	259	4046.608369	83
81912	237	5825.150173	121
81875	262	82.54095768	1
81909	208	6293.844909	132
81911	227	7811.149726	155
81851	2	131.4362597	2
81917	172	4613.405606	88
81884	224	3753.872767	79
81898	170	32.44436778	3
81858	248	49.56405475	3
81901	211	16202.84173	372
81849	11	97.76876618	2
81860	11	11.36399074	1
81852	220	25.9137651	2
81879	83	130.7292276	9
81918	6	10822.9693	176
81894	266	11712.83081	187
81852	252	19.72522487	1
81906	122	7091.828215	140
81904	241	10.41487529	1
81914	212	6978.796549	145
81906	110	12522.74994	168
81869	246	46.59785431	4
81854	13	164.0685165	2
81909	92	4737.214994	102
81896	240	49.61169414	3
81897	6	164.6975855	3
81899	7	46.4719251	3
81856	55	141.316883	10
81885	247	13.26746313	1
81905	146	133.5423106	2
81906	236	7020.768317	143
81911	187	6353.153505	160
81855	264	12.38001963	1
81899	73	35.39410731	3
81895	12	12706.29603	206
81858	204	74.5875547	5
81884	159	4999.999093	109
81883	43	9280.037924	170
81873	169	29.72579649	1
81915	91	6491.137605	151
81889	86	1738.050068	29
81915	41	14970.37122	223
81870	218	12.46461323	1
81882	157	9834.517087	188
81862	77	77.94655066	1
81922	48	10189.75065	230
81865	24	59.19286397	1
81920	236	5978.926115	108
81894	127	11407.8995	194
81881	40	1975.40532	38
81923	46	3653.02342	68
81863	16	24.80846492	1
81864	32	15.11358367	1
81910	67	6767.39465	137
81859	135	13.47925017	1
81881	216	2358.464888	36
81908	52	7304.838615	149
81889	16	1789.679416	32
81861	225	191.1560061	2
81885	29	22.53140109	2
81856	88	23.38440577	2
81920	23	11204.24496	190
81919	197	3432.447688	67
81868	116	71.14711795	1
81909	238	6324.601843	144
81916	73	29.25819814	2
81923	22	3575.294187	71
81904	77	11.96524318	1
81907	10	10206.93101	193
81911	63	6239.77969	125
81882	79	7865.301861	150
81890	142	26.97239818	2
81892	17	53.0743658	1
81904	130	10.0974405	1
81890	148	18.94479121	1
81919	132	3352.164967	59
81859	6	84.42302917	1
81911	9	7551.26443	152
81917	36	4595.338188	90
81905	204	37456.66353	3317
81912	101	7752.813947	145
81862	193	183.6898103	15
81884	154	4052.655222	82
81872	136	247.5958971	3
81902	191	3108.502308	57
81864	173	29.7376709	2
81884	68	4471.51346	88
81916	77	54.10535923	2
81869	100	27.93180665	2
81902	37	2909.958251	51
81857	71	12.79292665	1
81861	87	16.83892684	1
81884	237	3655.795333	67
81890	116	65.74266178	2
81889	220	1303.305035	25
81911	108	6687.735475	123
81865	194	21.55144936	2
81921	182	9982.907168	191
81878	135	11.6873171	1
81868	124	11.03173867	1
81902	150	2653.348833	70
81907	89	7371.010493	153
81900	46	9276.892026	177
81872	105	32.63253622	3
81871	167	10.49690301	1
81915	164	7431.992908	163
81916	214	69.07758261	4
81922	33	12596.81195	236
81892	111	20.98842373	1
81901	228	18774.46204	393
81872	249	61.37344441	5
81909	149	7148.199122	143
81880	25	10.02356484	1
81884	76	4735.755425	85
81901	148	19896.1768	450
81893	44	1523.518811	32
81867	241	42.36452009	1
81883	91	8104.468636	152
81915	28	8993.074686	162
81883	224	7534.29957	145
81903	11	11.80696582	1
81905	231	15.80562059	1
81892	160	17.1993695	1
81912	213	4763.24807	107
81908	116	7255.356178	131
81915	194	7103.640459	150
81910	261	7993.811567	156
81917	206	6831.922402	91
81868	41	73.20415219	2
81852	33	97.5206229	2
81908	218	6779.808702	150
81916	24	106.6603904	5
81913	141	7647.316565	161
81883	23	11319.62475	185
81911	140	8901.461822	147
81924	182	70.72030213	2
81879	217	31.43013523	2
81875	147	13.66604812	1
81918	229	7199.083296	145
81895	216	9374.097993	154
81850	214	15.8436524	1
81870	197	10.35896784	1
81872	75	10.45340513	1
81864	152	53.28563016	2
81849	196	13.53073073	1
81919	190	3714.857295	81
81905	211	25.36579048	2
81908	43	7953.476099	161
81853	128	30.0760214	1
81872	21	22.8095402	1
81874	230	11.82326959	1
81894	51	9902.151806	155
81900	204	8987.070312	165
81908	165	11284.61715	190
81917	9	4097.743966	79
81860	206	207.1564381	18
81882	188	6753.281634	138
81854	271	22.54187714	2
81891	263	10.29072341	1
81881	14	1589.847797	35
81910	249	9474.136615	179
81895	196	9672.555782	173
81880	57	10.40758368	1
81917	35	4329.273445	95
81908	262	7076.847796	153
81903	14	36.70742661	1
81885	12	10.00550498	1
81916	168	103.9364641	3
81897	190	113.0799327	6
81883	120	7147.575136	117
81860	248	10.17824377	1
81921	117	8938.646703	154
81857	255	10.6652722	1
81906	51	9814.613157	162
81894	26	11441.44581	182
81908	225	9113.128927	174
81900	131	7051.221102	126
81880	41	208.9061847	4
81918	249	7948.368554	156
81924	267	17.48567849	1
81868	57	12.64843204	1
81914	238	6743.114909	141
81922	220	10157.42432	216
81901	103	26777.63983	486
81867	35	68.889119	1
81875	61	99.11609714	2
81910	45	11164.34108	178
81917	126	4112.610639	88
81911	26	9070.901409	172
81881	11	2181.61881	37
81906	55	15018.67613	212
81866	122	21.21333847	2
81892	35	42.51989214	1
81913	121	7911.078079	136
81871	214	30.31364549	2
81883	11	10661.87729	177
81925	196	175.8270672	6
81879	20	10.99790696	1
81854	26	10.18700366	1
81907	258	6011.50548	134
81920	42	6906.473969	143
81920	1	9127.219947	154
81892	115	45.26433699	2
81883	58	10756.00088	184
81849	1	10.34950612	1
81860	227	10.57702849	1
81895	148	8718.755567	174
81902	64	3569.139327	64
81858	21	15.3153042	1
81883	196	8146.954954	151
81889	128	1360.347189	26
81851	204	22.19210582	2
81925	1	297.3507641	8
81911	189	5309.035055	128
81899	91	83.01005289	3
81875	29	14.75707134	1
81865	31	11.04533812	1
81881	230	1865.107384	34
81921	103	7924.151413	143
81907	221	7295.721585	153
81919	244	3149.520613	63
81921	153	9644.175587	199
81915	208	7537.517562	151
81902	147	2978.59999	83
81902	178	2608.178028	50
81876	113	29.96628799	2
81879	151	48.78852573	1
81882	22	8479.791744	163
81915	135	6860.797396	139
81853	131	14.03038421	1
81878	49	10.96952379	1
81882	235	7140.015353	138
81925	46	397.615774	9
81892	30	10.68778616	1
81910	10	12275.14353	226
81890	78	13.85163008	1
81864	83	129.2955792	11
81866	111	28.73057681	2
81895	234	8778.578357	169
81919	61	4476.342709	83
81922	15	10791.16268	214
81869	114	54.44560918	1
81884	148	4049.317152	87
81925	130	503.7968253	9
81891	138	45.9164071	2
81851	247	104.4251295	3
81881	13	2403.881847	38
81869	172	49.84508687	2
81869	93	10.23354137	1
81906	256	5846.85649	137
81917	138	3518.024349	81
81883	163	10339.32433	189
81915	94	8563.787742	169
81884	196	3294.769174	63
81853	68	50.40353823	2
81863	128	31.90958956	2
81882	252	9385.349158	167
81908	145	8588.036643	190
81918	0	10951.15019	160
81915	60	6138.107446	143
81905	149	78.98101258	1
81919	25	4887.905597	97
81865	14	10.5053757	1
81882	54	8081.961589	150
81883	231	7614.071732	150
81881	123	2308.915784	39
81908	27	15537.78509	240
81852	153	10.15467321	1
81908	1	10123.31692	159
81915	66	5007.692145	121
81896	23	74.51473212	7
81913	136	6608.869614	132
81893	135	1151.15314	26
81900	49	8720.891436	189
81862	50	29.30783132	2
81904	151	44.51591089	1
81914	69	10050.89017	175
81851	193	223.6302207	19
81894	145	8767.17891	169
81907	141	10188.03569	213
81853	0	17.09312567	1
81909	205	7004.489897	152
81851	236	14.1639597	1
81918	150	7096.230914	156
81885	240	18.31913792	1
81912	121	5889.932644	101
81906	215	6496.268236	130
81917	34	4961.730528	100
81860	75	175.6455749	3
81882	205	7134.339052	153
81849	183	10.05651839	1
81908	4	11585.6875	188
81849	192	13.17360258	1
81892	44	20.68516537	2
81858	269	76.7623538	1
81918	111	7236.089407	136
81908	51	7577.163915	145
81881	262	788.5808938	21
81884	66	2601.14888	52
81919	115	3981.204203	74
81912	179	11893.78837	191
81914	81	6948.776314	132
81859	59	12.88800054	1
81882	87	10883.00774	157
81856	28	38.89151051	2
81909	40	9145.393186	151
81920	126	6771.916085	130
81903	27	46.08669623	4
81867	91	17.34482847	1
81902	66	3579.598986	70
81851	168	28.68443022	2
81876	124	133.688255	2
81883	177	7807.644534	151
81893	25	608.5003488	17
81854	206	794.966825	66
81889	226	1894.588206	31
81898	83	147.4103309	12
81898	164	44.73397875	3
81895	178	10321.48639	188
81873	205	10.32455512	1
81908	82	9863.508169	173
81858	131	92.85822207	2
81851	206	484.6803018	41
81893	114	1213.76905	20
81924	218	35.05483705	1
81883	262	7518.773479	149
81893	257	1359.225373	21
81873	264	37.41772601	3
81864	124	56.63931445	2
81921	267	7758.325592	154
81855	88	25.69743532	2
81920	201	7580.490846	131
81913	77	8871.681945	143
81916	85	96.40887781	4
81908	98	6439.681472	130
81910	128	7109.764418	134
81913	209	6062.81797	121
81916	126	111.0044689	2
81869	87	10.99358805	1
81884	49	4302.309729	85
81879	254	10.74933656	1
81889	29	2547.993701	38
81901	206	33078.82039	489
81901	268	22948.18477	471
81895	233	16540.38744	239
81918	144	8071.259402	174
81891	159	27.20913901	2
81860	33	41.89364368	3
81899	110	721.5750136	15
81875	8	10.29595687	1
81904	115	22.41609216	1
81882	35	8522.308625	157
81901	60	24555.55161	474
81912	61	8575.80887	129
81856	204	32.30240989	3
81903	122	11.46632276	1
81908	2	7048.138771	139
81906	107	8346.634763	160
81889	202	1300.64718	27
81902	170	4417.252712	102
81910	156	7925.203368	175
81912	206	10338.35431	142
81884	222	3782.720604	76
81895	186	9365.171381	160
81914	236	7335.679287	138
81852	243	15.8418703	1
81870	91	29.60925814	2
81922	106	10399.23442	205
81853	256	10.16599859	1
81910	221	9820.105194	175
81868	131	21.21460525	1
81891	0	198.463774	1
81855	256	10.08340284	1
81925	178	504.5810764	11
81889	13	3285.670805	53
81913	261	5149.592882	117
81860	190	117.1506127	2
81909	57	6773.360748	138
81907	123	12299.24568	172
81901	172	25106.21577	483
81917	4	6508.997564	97
81858	111	85.93821759	2
81879	75	10.90569405	1
81908	142	11826.32264	218
81868	16	14.24524629	1
81895	81	9463.092402	175
81900	258	8877.955671	174
81906	43	6339.940733	132
81856	137	62.80812773	5
81907	145	9563.000101	206
81877	190	24.19898932	1
81852	18	10.37576238	1
81858	118	22.01904299	1
81913	103	7481.110379	159
81907	146	8300.370031	190
81892	266	44.14622624	2
81910	106	7529.557539	139
81916	84	109.6362057	2
81904	97	36.42015132	3
81895	198	9815.278154	183
81868	24	10.6300815	1
81901	12	26804.83712	474
81907	235	5479.846665	135
81889	149	2093.343023	43
81872	114	34.4062087	3
81904	260	21.21239615	2
81889	102	1468.231398	32
81883	84	8304.632906	151
81912	34	6714.987104	123
81892	204	50.13531816	4
81900	134	10074.90077	159
81897	204	122.7946825	9
81920	240	6242.199821	135
81919	201	3096.692515	68
81871	107	23.76983118	1
81914	117	7121.536453	143
81879	266	31.6916287	1
81882	117	9333.469784	173
81907	157	8821.783996	187
81907	134	7366.958396	148
81854	149	20.34617226	1
81880	20	19.04312545	1
81925	208	183.3866247	6
81902	85	2724.504264	57
81898	97	61.37875182	6
81849	228	10.73671426	1
81904	172	10.59836047	1
81919	90	3713.783674	72
81875	59	30.0037983	1
81917	256	4052.495429	87
81889	193	2653.913151	55
81881	210	1434.082454	27
81857	147	34.46572146	1
81894	60	8317.440268	160
81894	6	11422.75533	171
81866	24	10.06180203	1
81854	269	24.66311732	1
81910	236	8075.113083	148
81873	65	10.83307965	1
81908	3	10646.44878	178
81869	68	21.52323423	1
81878	189	23.31123808	1
81889	101	2646.531255	42
81900	259	8947.235859	183
81865	121	24.02489694	1
81919	52	4474.344492	89
81864	57	34.45721227	1
81862	261	30.41949049	2
81849	51	45.06909316	1
81882	222	7223.755321	157
81880	68	10.2617625	1
81914	80	6783.655313	130
81922	210	11970.93588	216
81905	155	116.0471605	2
81901	221	23210.7946	444
81919	91	3555.615069	67
81865	137	114.5168944	3
81901	267	19525.99329	417
81913	36	7471.788491	140
81882	156	8823.17531	195
81908	13	13290.95223	199
81922	121	9208.107213	168
81866	99	10.75769017	1
81879	177	24.08297873	1
81894	11	10772.02841	188
81874	53	91.38296721	2
81897	198	91.61889339	3
81912	264	5609.609934	114
81859	109	42.42864034	3
81909	201	9066.475519	168
81906	242	5496.570563	125
81863	69	82.23594107	7
81899	154	31.05827565	3
81874	91	12.915022	1
81901	5	30517.45661	627
81911	39	6740.215984	142
81910	39	7507.323355	145
81853	162	21.23919245	1
81912	170	6685.56353	135
81883	141	10123.53195	169
81872	232	48.03205926	3
81870	124	34.78611066	3
81912	149	6745.830624	145
81867	133	22.00804783	1
81920	77	8396.108963	146
81893	264	1107.70206	19
81905	250	16.60075362	1
81895	239	6683.516686	131
81871	253	17.23914224	1
81924	98	32.00427374	1
81898	247	117.9569145	3
81893	81	777.5469276	16
81896	68	111.0221486	1
81861	257	11.3549161	1
81861	115	10.01080023	1
81916	189	167.9176345	3
81851	227	24.99116418	2
81901	189	20476.50949	489
81913	75	8492.694852	150
81873	4	24.20847093	2
81884	174	2960.56328	71
81862	83	140.7336037	12
81883	271	5131.910616	101
81894	91	9350.092761	170
81907	44	8183.222159	158
81883	191	7049.126672	151
81853	171	11.20826578	1
81860	270	15.38590294	1
81891	244	13.9466421	1
81878	4	22.41683357	1
81907	213	7111.324558	151
81865	98	33.35631526	2
81881	172	1755.892505	37
81852	164	19.12538069	1
81867	100	44.85630636	1
81864	253	17.32186536	1
81919	1	6075.065014	107
81925	252	274.0505157	6
81868	107	16.77096991	1
81859	37	20.89404037	2
81920	7	7285.105951	141
81881	222	1653.184741	25
81925	72	242.3690031	6
81908	240	7955.026269	158
81906	222	5275.75519	117
81913	110	10167.44052	155
81916	10	135.5726197	2
81862	19	32.62471487	1
81908	84	6623.034902	136
81855	257	14.26875527	1
81865	201	10.28188727	1
81901	127	29142.52977	507
81909	220	5850.07682	126
81900	119	7974.585561	129
81865	248	144.8789619	2
81879	95	99.18430594	1
81911	86	9134.759159	168
81874	41	18.16960347	1
81879	224	51.88891592	1
81881	29	1663.337122	27
81914	253	8398.272094	161
81856	6	10.32942932	1
81923	211	2623.041174	55
81889	204	1747.704985	33
81895	179	17930.78646	278
81908	9	7217.785254	152
81871	100	185.9640171	1
81906	131	10468.98092	197
81853	16	25.11915526	1
81861	265	23.04532293	1
81870	159	10.33420551	1
81917	38	3650.956819	86
81890	141	47.0966322	3
81908	118	5338.352317	120
81902	175	2798.155903	69
81918	29	11064.67918	190
81912	271	4415.322736	94
81902	140	5371.813105	77
81875	142	12.41984192	1
81867	269	46.82380522	2
81884	220	4770.136805	83
81867	186	14.6638527	1
81866	31	20.89272049	1
81913	173	5884.1808	128
81867	259	12.27682954	1
81909	95	8127.784913	140
81917	246	4695.172644	79
81920	14	6852.640082	135
81885	98	11.69363371	1
81901	256	20173.96273	414
81921	107	10242.55622	189
81910	193	13518.33628	211
81876	84	53.55595557	2
81910	97	13923.783	178
81863	251	10.10285892	1
81906	116	6382.160233	116
81870	204	100.2410629	4
81854	193	162.2201707	14
81923	229	2913.415159	57
81899	48	37.54023744	3
81881	53	1584.191393	28
81872	189	12.3402354	1
81883	206	16029.50947	256
81857	16	23.13175403	1
81914	58	10590.8705	190
81863	11	18.97379138	1
81908	172	8501.096334	171
81883	236	7569.970106	144
81873	258	12.40108006	1
81852	7	15.16207928	1
81924	44	53.11596652	1
81912	94	5653.733612	110
81884	70	3982.228303	73
81905	198	22.02314555	1
81923	5	3637.341019	72
81853	69	122.0310522	10
81865	249	111.661529	3
81889	180	1697.982654	35
81917	239	3322.191128	72
81912	152	6964.255044	136
81922	2	11349.71758	227
81852	165	14.43198609	1
81924	136	130.7258702	3
81870	262	24.86522437	2
81884	72	5148.900313	91
81858	238	19.55915508	1
81866	46	13.11232042	1
81901	105	18525.70445	390
81883	116	5107.835773	102
81920	213	6353.914541	129
81905	179	203.6469106	4
81907	7	6827.00252	152
81916	139	159.1455828	4
81873	223	37.83926807	3
81912	210	6825.991275	134
81918	256	6923.006346	141
81912	198	5289.865994	111
81894	269	7763.671514	149
81884	257	2933.639356	53
81873	206	484.9942315	44
81912	208	5787.422229	122
81917	19	3343.142836	73
81869	24	35.32259263	2
81849	256	15.45236195	1
81906	20	6778.856099	135
81898	127	104.6080953	6
81850	215	81.74944308	1
81868	182	21.4558173	1
81893	26	1051.905987	17
81914	108	8137.500616	154
81902	129	4165.765434	78
81911	190	7293.334636	140
81906	249	7635.517488	162
81883	53	8641.7554	163
81901	101	36338.46247	528
81860	37	30.77016517	3
81858	137	76.52810918	5
81915	198	7690.396162	159
81909	148	6277.262709	140
81894	216	10985.0023	184
81864	31	12.05300418	1
81880	96	38.15166956	1
81873	245	10.17273715	1
81893	225	1193.006266	24
81895	210	11386.2495	170
81910	16	8009.221556	155
81898	233	219.0028477	15
81907	79	6914.752373	153
81913	16	6009.912297	132
81889	24	1884.396357	37
81874	18	12.32898187	1
81906	111	8731.431644	152
81891	63	40.25635905	1
81910	173	8897.40414	163
81884	176	4640.453359	86
81894	57	8573.218608	159
81919	189	3529.265846	76
81855	93	26.35411642	2
81903	195	18.15626586	1
81901	39	22030.13486	441
81900	15	3953.604837	120
81889	144	2076.310553	37
81922	98	9095.622332	210
81895	39	9000.24062	156
81908	25	10186.29555	188
81908	53	8932.379646	162
81921	240	7463.15572	140
81857	125	35.01216337	1
81908	204	47026.3599	3427
81917	69	5514.610639	91
81880	239	10.18035238	1
81874	125	13.17738205	1
81903	157	25.18548998	1
81863	119	92.29742873	3
81874	126	10.28684368	1
81915	121	6936.350813	125
81865	4	27.33641718	1
81910	32	8012.400902	147
81852	231	35.58175978	2
81889	208	1317.175885	27
81885	23	65.77215094	6
81900	147	7403.058129	162
81865	240	19.34435993	1
81919	110	10495.67978	123
81855	180	40.68034009	2
81867	194	41.09329037	3
81862	23	25.34172023	2
81906	240	6943.596171	147
81900	271	5972.93025	117
81868	94	11.20924692	1
81909	118	5941.683552	136
81915	229	6650.780749	152
81889	43	1897.613203	29
81889	215	1773.350568	30
81875	25	19.02985132	1
81922	248	12466.67685	223
81916	62	177.1353276	3
81860	224	32.99588753	2
81908	47	6121.523807	119
81850	183	67.74935458	4
81861	4	10.37054389	1
81912	138	5030.548149	111
81856	65	27.7409917	2
81898	136	52.46807778	3
81923	109	2092.514198	37
81900	52	7407.611067	135
81915	113	7782.131801	149
81913	260	9274.181173	152
81924	57	102.6991905	2
81913	152	8627.539297	169
81900	238	6866.164773	150
81909	61	8211.307769	142
81879	35	11.79791564	1
81919	267	3731.988167	77
81867	193	280.9709984	17
81894	87	12346.77812	185
81923	139	2375.709224	42
81917	152	4158.186553	103
81880	93	12.89510125	1
81895	203	9443.014465	145
81865	60	44.50550899	2
81872	251	45.00734071	2
81850	136	33.08417331	2
81918	237	6805.70986	156
81925	42	529.0641685	13
81865	162	15.18658899	1
81900	41	10840.60728	180
81874	181	34.40903346	1
81900	247	7179.611331	141
81901	208	16749.59493	354
81924	109	11.92887248	1
81920	124	5887.17369	119
81902	252	4064.371595	75
81860	202	15.11772761	1
81905	221	107.660525	3
81853	200	56.12534405	3
81915	1	11037.44899	192
81900	257	8377.291332	168
81902	246	3451.120592	61
81915	160	7521.00371	166
81873	266	14.57055602	1
81891	260	203.3677295	9
81882	189	8004.121345	180
81900	108	9360.694614	180
81881	35	1849.887825	31
81899	132	81.44210601	3
81854	233	158.6594504	14
81906	23	10988.79339	196
81899	3	53.86270503	3
81897	20	136.8579349	6
81884	173	4515.130545	83
81917	39	3137.748235	61
81919	233	5734.204151	94
81868	139	51.88171772	3
81920	66	5896.337346	123
81878	1	24.72731652	1
81922	92	8281.661849	191
81854	194	10.8419335	1
81915	245	6586.506996	139
81894	142	12282.33278	203
81914	178	6414.648248	141
81861	221	12.94757362	1
81898	155	32.19709458	3
81900	26	7549.741311	147
81912	38	4754.919366	100
81873	254	33.21175903	3
81905	98	83.96231797	1
81909	11	9935.996525	152
81923	80	4006.008199	74
81860	67	10.77454641	1
81907	33	11007.87814	181
81908	156	8254.546871	177
81874	206	328.3956323	29
81916	237	194.7633321	6
81911	161	6083.826476	152
81861	38	10.61002836	1
81884	60	3699.762795	79
81921	216	7364.617462	147
81865	266	17.67027572	1
81899	243	279.5008609	3
81889	195	1266.767178	29
81893	109	1324.195556	24
81857	189	10.01712629	1
81922	192	11350.00598	247
81872	263	107.1474855	2
81874	90	12.68891114	1
81904	219	51.74823844	2
81882	199	8860.274395	156
81862	196	22.77631782	2
81884	51	4492.011789	74
81874	31	32.19060687	2
81849	123	112.1163544	9
81923	270	3160.682912	68
81884	221	5725.103128	95
81855	18	14.31687633	1
81913	190	5595.97584	120
81864	97	233.3087848	2
81859	13	34.57266001	3
81923	135	3359.466321	65
81892	233	55.72217605	5
81923	145	3970.002832	88
81893	83	1263.79478	23
81850	133	46.6442549	2
81893	167	1618.567636	27
81862	233	43.04215814	4
81911	158	6071.009214	134
81875	90	10.02036887	1
81849	27	57.8467449	5
81906	140	9932.052086	168
81911	45	9847.410597	166
81882	190	7810.130201	148
81882	148	6355.588665	146
81881	86	2184.117633	31
81914	214	9764.911556	178
81874	107	83.65048721	1
81865	215	12.3083856	1
81910	192	7472.197661	152
81850	115	62.63767077	1
81899	193	439.7992269	39
81921	242	4558.157152	117
81911	231	6370.639112	130
81853	129	53.20770873	3
81883	112	8932.050575	139
81912	123	8543.532107	131
81913	188	4108.152552	108
81875	223	10.72429225	1
81908	12	11205.25892	186
81925	207	482.8852658	9
81882	109	9397.799069	146
81874	270	52.61788149	3
81908	162	8569.303375	170
81912	60	6665.057439	134
81883	82	8114.409637	135
81855	73	24.41404534	2
81868	0	62.70602762	4
81849	260	109.2800268	9
81922	235	9632.545128	213
81858	157	18.60797283	1
81895	236	8723.959539	171
81861	124	50.68853626	2
81895	232	11264.95636	168
81909	198	7207.983198	142
81884	83	9920.457989	127
81850	6	97.94549351	2
81913	20	5545.941525	119
81859	147	15.61475562	1
81857	40	104.7334381	1
81862	179	143.5196896	13
81906	172	7731.410765	163
81890	124	34.80221928	1
81891	103	13.96867562	1
81899	39	82.05185343	3
81865	220	103.4493972	1
81901	32	25677.59575	474
81905	121	24.21998294	2
81912	6	9018.14713	154
81920	246	9423.109335	159
81918	160	6827.023296	138
81873	3	15.43603044	1
81925	231	504.1507512	8
81911	155	8264.773032	157
81893	141	1164.963044	21
81873	110	46.14332147	4
81895	33	12883.65278	194
81870	14	11.89066621	1
81914	164	8894.296437	178
81914	125	5225.856076	133
81906	148	7675.050337	168
81849	239	12.23184785	1
81912	99	6771.606627	122
81853	130	20.99400081	1
81874	204	22.73757882	2
81920	156	7990.019006	151
81919	232	4202.596646	78
81864	77	10.41798457	1
81891	54	10.83599814	1
81867	233	75.12044988	7
81916	238	381.2985025	7
81858	75	31.3326152	3
81884	240	4259.392786	80
81864	174	31.79509748	1
81895	95	9202.854382	138
81906	109	6942.625397	137
81898	220	33.94454775	3
81883	237	7759.796536	154
81866	200	46.41028129	4
81911	240	6935.445303	134
81875	134	108.4313962	1
81889	10	1868.838724	32
81897	251	66.5461194	3
81854	97	180.3071468	15
81914	89	6958.743397	132
81883	77	10652.09149	169
81908	40	10190.83314	183
81919	255	4008.908716	85
81902	210	3705.613533	69
81871	102	146.3544437	2
81910	59	10332.78296	179
81863	163	12.42257244	1
81907	158	7139.515948	167
81882	26	10474.14013	167
81908	34	8246.376399	166
81913	98	4980.329355	104
81884	184	4639.547064	88
81897	249	37.53338043	3
81907	95	8918.929482	154
81883	140	7365.707893	128
81891	267	12.3797055	1
81910	25	9520.653423	167
81900	65	8613.195441	153
81882	194	7513.69168	145
81856	75	26.46574126	2
81856	247	17.58731	1
81924	206	34.96058343	3
81900	79	6908.790963	129
81913	78	6278.719836	114
81899	203	41.78569497	3
81880	129	40.97857231	2
81911	260	10996.84475	181
81883	54	9081.822561	148
81916	112	116.2604339	3
81924	173	11.92357972	1
81855	236	26.04180925	1
81915	186	8195.706486	154
81892	103	56.17070265	2
81852	95	10.13769284	1
81880	3	10.6861329	1
81906	165	11340.79691	207
81851	31	12.28405313	1
81897	147	36.96329214	3
81855	182	13.31104184	1
81885	133	79.37148859	3
81899	216	38.91579606	3
81893	23	1546.62317	29
81916	11	173.2475998	2
81893	162	1176.454611	24
81895	107	11473.42187	183
81854	226	10.10219409	1
81853	220	23.39425647	1
81879	262	62.87570337	3
81885	17	33.39192356	1
81884	57	4347.613341	75
81909	253	5533.816992	117
81865	80	105.180739	2
81925	170	233.3740561	4
81901	65	28528.84558	525
81869	118	26.95038637	1
81852	207	11.44541796	1
81894	84	8215.38178	158
81862	129	10.04049533	1
81903	55	82.37637683	5
81911	135	7577.714	146
81895	45	13454.25317	189
81883	60	8432.194605	169
81895	97	18383.75353	216
81906	124	6276.097957	131
81855	0	70.47600781	2
81851	128	37.8996684	1
81914	205	8246.704051	161
81874	1	86.62384106	3
81880	32	15.73917574	1
81881	219	1734.918532	35
81882	17	11011.02494	183
81920	37	8238.826347	141
81906	262	5289.488466	123
81868	235	23.68427611	1
81860	131	51.20609439	2
81918	222	5286.123957	122
81855	165	10.4935217	1
81879	41	22.44117162	1
81871	218	50.4299096	3
81853	27	34.032962	3
81898	218	71.62473432	3
81864	56	19.39039418	1
81912	87	7488.966136	129
81896	201	31.84964442	3
81856	163	35.68233509	1
81885	19	35.51817765	1
81865	204	21.65884537	2
81894	232	8950.078875	154
81852	44	26.27719301	1
81895	180	9630.535659	179
81852	11	10.09442114	1
81916	271	58.84642538	2
81853	204	33.61267701	2
81913	158	5485.248602	121
81916	109	369.9779194	8
81867	177	10.49493502	1
81882	52	7589.367639	145
81880	127	49.88274303	2
81915	230	7668.346757	144
81876	245	59.61848202	1
81896	135	16.71228406	1
81859	47	138.1751123	1
81852	10	17.12248578	1
81899	160	85.47939873	3
81901	139	21453.66392	396
81867	154	10.26832294	1
81859	115	10.48776378	1
81894	222	7329.654879	146
81906	163	9189.274735	172
81911	268	6459.448606	126
81919	221	3580.948464	72
81876	87	11.62887001	1
81899	179	452.78757	36
81884	157	5798.790348	107
81882	94	7686.572673	149
81920	12	10277.01652	185
81913	154	7212.776899	155
81900	234	6073.897968	153
81916	108	292.6529592	7
81913	12	7397.312839	141
81856	47	13.05978714	1
81865	93	45.47073955	4
81913	13	9674.018782	144
81884	63	3619.485755	59
81858	128	12.39996566	1
81918	195	6369.446886	134
81862	215	63.6138415	1
81913	114	6302.963027	121
81900	105	8204.426595	153
81906	169	7951.625304	156
81900	180	5418.329919	117
81856	87	10.23094865	1
81924	217	26.31773505	1
81917	86	5459.325092	73
81890	156	28.80714091	1
81920	250	5666.512158	117
81906	260	10515.95433	146
81908	230	7192.485734	138
81893	136	978.8974161	19
81902	75	5111.891528	86
81881	208	1356.617315	29
81920	43	6436.546306	122
81907	119	8083.11217	167
81906	251	7951.673713	163
81907	0	13095.66558	192
81859	14	22.12707707	1
81891	206	91.80125468	8
81853	263	11.80730591	1
81906	104	7798.185113	149
81894	160	8264.708444	163
81924	252	13.53017343	1
81871	76	13.72617	1
81895	76	11951.26311	184
81892	123	54.03803449	5
81908	79	6700.709748	141
81873	27	141.5615087	12
81911	170	8508.31796	164
81858	135	64.27639489	2
81864	36	15.76449032	1
81889	36	2146.520078	37
81914	29	10688.22319	178
81880	193	256.3111171	22
81892	245	48.94374348	2
81851	145	10.54308659	1
81864	110	28.96526612	2
81906	245	7034.904712	144
81861	253	49.50885467	3
81889	7	1748.45731	33
81918	193	16003.20475	222
81850	8	49.69494113	3
81862	49	12.55314014	1
81880	105	10.63991803	1
81881	16	2150.960149	37
81925	144	424.0203244	8
81850	103	57.22910625	2
81864	11	10.90208873	1
81869	75	11.50643023	1
81921	154	9523.262474	191
81855	21	33.83522157	1
81900	229	5731.465692	117
81909	237	6033.829374	129
81907	120	8693.076698	147
81875	73	16.15745412	1
81906	271	5595.977316	107
81918	55	14904.00087	219
81901	128	25347.96549	471
81897	55	102.4074084	9
81924	3	11.69841221	1
81882	18	9611.357181	191
81916	41	10.68917935	1
81905	214	75.57740172	1
81911	115	5700.567142	117
81893	50	1126.985648	21
81909	4	10986.13228	177
81894	147	10855.34178	200
81884	251	4415.484943	83
81913	156	6417.8196	138
81893	161	799.8108361	18
81911	88	10396.31879	181
81850	56	25.88460766	1
81895	55	18709.58707	246
81911	208	5732.50458	139
81919	84	2319.73843	56
81881	146	1461.943603	40
81880	35	90.8933889	2
81883	34	8996.227223	146
81891	153	66.8914134	3
81921	128	7759.86377	158
81912	119	6646.220842	120
81866	79	47.52920877	1
81865	138	13.25770737	1
81917	125	2269.078238	62
81892	61	12.88510707	1
81863	230	10.50855706	1
81866	131	10.46574288	1
81890	245	28.64284727	1
81902	152	4504.921458	94
81915	216	7204.048373	139
81866	19	11.60755576	1
81902	186	5152.270633	81
81876	4	19.5405037	1
81876	85	28.59384832	2
81902	111	4322.860221	80
81894	129	8714.660978	151
81921	44	8795.463542	171
81893	254	1305.786993	21
81911	36	7927.929229	165
81854	69	193.1366756	14
81858	170	10.73617519	1
81912	55	14130.09266	201
81918	137	9918.162418	165
81913	163	6587.607	135
81913	73	8587.37143	156
81917	11	5055.292234	84
81902	200	5350.179073	98
81894	146	7554.087052	168
81892	154	22.98887493	1
81912	81	6624.611432	118
81877	104	20.18354063	1
81919	222	2390.816468	45
81882	267	6615.089934	123
81901	110	36165.31756	495
81853	193	155.615201	13
81919	242	2276.959682	58
81906	265	5597.514711	119
81858	263	15.98681969	1
81911	98	5741.319506	134
81892	121	13.18348304	1
81923	173	2632.04394	54
81867	263	14.4674661	1
81877	193	11.30831026	1
81914	256	6654.679494	131
81853	6	31.50627613	1
81852	13	66.57209793	3
81895	54	11928.74502	186
81873	185	126.6428117	1
81850	83	78.85558815	7
81924	35	86.67174442	2
81875	79	10.68788004	1
81880	238	46.16131231	2
81870	88	10.16355472	1
81896	86	10.02209771	1
81849	112	15.41999183	1
81908	0	11019.17759	156
81889	217	1572.931836	29
81924	49	23.50301697	2
81922	34	9554.199582	196
81868	242	15.31671191	1
81912	71	4045.324852	103
81916	153	316.5901474	5
81906	178	7859.772006	159
81895	231	10912.36108	192
81911	237	6672.753054	157
81872	130	11.57935837	1
81915	61	7750.756588	143
81872	233	42.41298466	4
81912	125	3701.046014	90
81901	168	23001.34474	495
81882	167	10556.1578	202
81849	250	26.79385039	2
81874	252	97.11823887	2
81851	122	55.27145764	2
81924	108	28.77351441	2
81901	138	23313.56301	465
81906	177	8662.656935	158
81921	85	9283.975592	149
81871	211	18.75391086	1
81925	216	607.7041415	11
81919	133	3331.006761	72
81915	104	7294.162329	134
81884	45	6528.256426	90
81865	155	53.57999688	1
81901	149	22701.61179	519
81923	190	3303.002606	70
81874	114	15.6159101	1
81915	112	7607.44873	144
81904	188	13.05992242	1
81914	226	8214.566598	157
81875	219	14.45349725	1
81860	138	38.20770259	3
81913	87	7853.734359	135
81851	123	53.80107045	5
81898	179	232.6230821	21
81922	237	9267.537976	214
81876	251	11.07961335	1
81856	199	10.10549889	1
81849	124	18.5363658	1
81895	30	10754.96355	176
81912	14	5826.654894	118
81856	95	11.51013299	1
81885	55	148.3237317	13
81851	229	46.73786151	4
81889	20	1597.509386	30
81912	141	6503.183261	131
81918	70	5502.18199	118
81923	215	2883.717027	58
81871	118	69.82881525	1
81919	192	4092.597808	77
81919	226	4226.581272	90
81890	25	112.7666382	1
81900	64	7208.30427	123
81911	266	7187.916778	129
81853	89	11.7298804	1
81856	110	32.63598336	2
81880	254	37.20038964	3
81911	204	40094.73633	2894
81880	233	245.7856675	9
81910	161	7614.362301	162
81864	171	23.85786709	1
81853	250	47.98611842	1
81915	190	6693.482736	137
81880	13	11.325041	1
81910	243	5890.497047	121
81863	270	10.86662011	1
81924	97	108.5003445	6
81904	84	38.43624198	2
81884	207	3940.331535	68
81857	260	148.1528361	5
81893	137	1671.204111	28
81897	127	41.13688752	3
81890	237	29.09372339	1
81914	120	7825.622721	146
81907	59	8070.161716	166
81871	23	11.52959453	1
81881	96	1421.399366	20
81873	159	14.46813288	1
81852	103	142.1688661	4
81901	226	20848.8286	396
81864	227	24.00805695	1
81891	6	11.31350836	1
81876	247	10.46241994	1
81896	81	253.2454203	3
81906	237	6624.50952	139
81901	97	46981.30152	594
81868	23	91.9887694	8
81868	105	10.32991049	1
81902	182	4097.910179	81
81882	7	6903.44232	142
81869	210	31.13952059	1
81862	31	33.71821742	3
81911	226	7180.102344	143
81851	167	120.4566594	1
81883	25	8062.192759	149
81883	261	7327.505337	148
81883	32	9702.163878	170
81916	75	218.5042594	4
81906	258	6300.015569	128
81907	180	7630.56518	155
81900	195	7426.013112	153
81922	11	13998.13224	249
81922	180	8717.279502	200
81901	93	30646.96724	489
81857	128	48.18862193	1
81869	99	39.14725516	2
81902	99	3834.419905	60
81925	39	531.8963234	13
81906	33	10267.65351	189
81912	263	5770.339161	113
81921	189	6398.796539	127
81890	118	85.17150365	1
81915	43	6820.73959	141
81915	22	7276.540954	158
81873	220	20.1403294	2
81870	170	45.8103085	1
81890	110	45.01574114	3
81897	21	40.78353294	3
81925	204	403.1444178	9
81920	0	9980.536073	127
81854	204	65.1724282	5
81911	236	8543.408555	163
81910	66	6962.907222	157
81892	244	47.82838141	1
81860	143	35.01054318	1
81865	96	180.1961327	2
81915	236	6764.33609	146
81897	124	66.10391241	3
81868	7	50.91401738	2
81910	4	11099.19793	196
81876	105	71.21721316	2
81916	89	296.0559782	8
81900	225	6098.592906	138
81891	77	11.87869857	1
81857	259	11.71970262	1
81915	232	7636.293963	158
81905	120	10.4735223	1
81917	46	5599.458029	95
81916	240	77.94523504	2
81901	219	22609.0601	444
81915	53	10065.98598	185
81852	121	46.65358136	1
81879	94	59.33460261	4
81873	19	10.74966716	1
81855	131	59.3104166	2
81861	107	11.41183324	1
81911	181	7368.816532	151
81902	257	3148.668531	78
81896	243	48.73595775	3
81912	22	6978.433763	138
81884	152	3762.74946	81
81904	9	39.46861646	2
81892	166	35.07955008	1
81917	211	3705.656934	71
81911	109	7686.258638	129
81900	121	7113.451881	144
81894	194	10034.9508	182
81917	257	3038.867952	74
81883	167	8628.025503	172
81885	22	28.55993326	1
81916	128	151.1802369	5
81915	267	7066.572308	151
81876	94	73.00748043	2
81905	116	169.9674242	2
81900	117	6744.107298	111
81903	204	36137.09325	3215
81921	63	9443.602605	184
81852	271	10.83273296	1
81882	185	8427.846282	152
81920	73	8014.770061	153
81924	31	12.70128544	1
81889	155	1702.465687	35
81911	46	9586.735616	156
81855	198	118.9757339	1
81918	100	7411.889423	133
81872	97	23.47308283	2
81913	113	5984.539303	125
81908	169	9039.599785	171
81870	8	10.1659687	1
81892	125	11.54657845	1
81878	153	10.09294812	1
81915	271	5680.426638	114
81859	270	24.69523965	1
81893	79	789.3573173	15
81923	181	2576.494412	58
81862	137	43.48184818	3
81853	247	81.7646376	2
81864	60	17.70394325	1
81914	141	8788.415356	174
81907	84	7639.885645	153
81856	70	10.73238528	1
81911	90	7821.355054	150
81892	105	107.4106368	2
81873	247	25.36537725	2
81881	21	1431.79288	24
81909	131	8352.326191	159
81900	127	9683.89587	204
81923	182	2593.99343	57
81890	27	85.75284153	7
81894	139	8009.674485	141
81884	160	4155.315708	96
81851	265	21.41916078	1
81913	250	5870.121259	130
81901	122	23819.4067	444
81880	229	34.2244571	1
81909	50	5781.536963	119
81867	256	10.11846577	1
81913	91	5636.5262	115
81913	38	5359.869594	127
81883	26	9430.595358	160
81893	222	1058.316506	23
81850	135	57.97724513	2
81919	27	6994.592252	116
81889	163	2008.004327	38
81859	118	23.46743152	1
81867	48	123.2439619	1
81883	100	8470.29067	135
81858	270	16.93192218	1
81923	48	4352.699486	81
81913	21	6210.405792	121
81906	157	7834.801489	143
81883	75	9725.347964	153
81919	113	4567.594093	86
81872	3	73.01526064	4
81875	13	60.25913943	3
81909	211	5486.753637	110
81910	218	6106.664111	125
81894	121	9590.336188	152
81919	117	3193.420765	58
81923	4	4665.610121	65
81862	104	15.28827526	1
81909	197	6127.855221	134
81906	125	4589.57357	119
81921	67	6504.752034	140
81896	145	48.65150282	4
81884	195	2670.771993	61
81897	214	30.76644933	3
81905	238	83.39887812	1
81860	74	74.08543012	1
81914	32	8303.278387	163
81865	5	44.2061094	2
81894	131	8563.054038	151
81919	269	3688.015124	80
81864	76	12.45785389	1
81925	68	130.3248244	4
81919	73	4826.430771	85
81895	246	10742.85846	174
81859	206	371.6893334	32
81913	134	7273.710314	127
81902	228	2270.958033	50
81901	232	26489.51645	444
81889	64	2196.035592	37
81918	84	7219.771572	146
81908	113	6738.778335	143
81850	28	11.01968632	1
81916	105	163.504373	6
81876	72	34.35264914	1
81906	8	11596.57921	170
81874	55	99.51445028	8
81917	76	4964.257959	94
81920	48	6842.697404	140
81915	71	5116.043865	135
81909	19	6049.857081	139
81874	269	12.93891482	1
81895	145	9547.256574	215
81883	111	8144.838248	137
81913	186	5953.98395	126
81876	114	61.77097462	3
81859	18	43.06667297	2
81916	103	314.6317692	4
81895	141	11786.03808	200
81893	80	797.1174326	12
81878	179	55.77428483	5
81918	231	7568.628207	158
81860	135	10.54432612	1
81920	61	7312.677267	136
81901	247	27456.51607	450
81865	82	51.60857559	3
81872	208	18.93848272	1
81851	13	32.71819577	3
81893	207	925.0240255	22
81875	143	41.68033818	1
81890	207	83.88863401	1
81921	8	10152.54221	170
81919	7	3073.568382	67
81851	96	141.1526793	1
81866	215	30.8326319	1
81884	147	5352.514847	115
81913	23	8311.472438	142
81858	230	11.66477229	1
81860	233	97.61307157	8
81866	49	20.83909208	1
81881	64	1562.572459	29
81901	165	35307.98384	597
81918	213	6620.834007	143
81871	129	21.20259605	1
81883	172	7268.08751	153
81906	66	5710.540072	116
81869	221	21.46702208	2
81860	83	94.96848447	8
81901	57	23342.36504	477
81900	185	7021.5804	138
81893	147	1275.173878	25
81900	56	7573.503894	129
81919	64	4696.892786	91
81905	227	46.28394263	1
81910	188	5838.792706	143
81901	9	18135.49718	366
81908	21	9118.420262	190
81870	202	34.0184572	1
81920	118	4796.382027	107
81907	127	10095.04232	188
81878	232	20.30322566	1
81876	219	122.5666283	1
81912	78	7440.447205	131
81884	130	4000.505197	80
81908	234	6973.81588	138
81884	167	4761.239164	96
81897	23	63.59990808	6
81910	209	9909.866755	187
81901	28	28596.87309	522
81923	144	3430.002116	77
81912	82	6759.282022	120
81864	165	11.62270624	1
81923	90	3599.509053	68
81872	206	493.9527927	42
81849	144	20.7818401	1
81884	250	3867.648864	89
81889	65	2234.699775	37
81871	119	26.89570064	1
81892	218	10.23151842	1
81895	124	7619.994236	152
81921	187	6041.611178	138
81894	240	7943.092444	156
81915	62	7123.865831	149
81873	48	79.3497794	3
81862	80	16.30440767	1
81896	260	54.51905317	4
81909	7	7415.317161	151
81915	101	7956.84063	129
81925	171	594.3605415	9
81884	228	3463.38206	69
81925	127	204.0710936	8
81855	112	13.09190197	1
81881	45	2422.334968	38
81889	2	2438.762087	42
81894	113	7455.133894	146
81917	54	4525.588382	79
81874	109	25.16708789	1
81918	60	7517.055175	157
81900	0	14117.2605	162
81885	233	69.33716622	6
81914	77	9363.908099	176
81878	195	11.07160266	1
81912	21	6019.089648	126
81908	105	7975.481585	136
81891	12	14.5151562	1
81917	244	3520.194267	70
81894	43	8517.517272	152
81890	55	176.7323038	15
81911	131	8534.7843	160
81905	56	69.04607959	1
81911	173	6122.81258	132
81916	66	19.98336953	1
81871	103	141.6059917	2
81892	131	47.20008371	2
81916	205	62.78170559	2
81917	161	4657.411688	99
81883	123	12302.90494	181
81881	106	1170.020671	24
81871	130	13.03577247	1
81854	148	19.66402267	1
81878	101	10.01333964	1
81882	58	11011.66915	169
81895	87	10589.69414	176
81898	229	87.02190765	3
81917	57	4501.3257	85
81923	55	6835.395198	90
81907	42	6880.613606	136
81909	1	11394.56701	177
81881	193	2421.923695	53
81918	9	8044.514264	158
81849	110	88.93652799	4
81863	168	29.70063136	1
81864	219	18.42726739	1
81872	143	16.56785507	1
81889	201	1801.816616	35
81850	123	96.84973071	5
81857	91	17.1597344	1
81884	259	3951.749002	75
81904	171	21.19490409	1
81894	9	10380.37521	198
81900	18	8806.045992	168
81916	4	118.1277651	2
81913	14	6160.791634	123
81914	114	8621.1577	156
81881	101	2255.57224	46
81902	270	1828.646468	41
81908	104	8032.11906	150
81892	25	15.30062508	1
81858	136	77.20689208	3
81871	46	10.44947679	1
81902	118	3346.500239	73
81872	124	17.75319499	1
81921	157	8354.670702	157
81879	7	14.12927679	1
81879	63	10.43938812	1
81917	73	4776.832826	76
81906	211	5990.315187	116
81895	208	9682.909881	170
81891	97	108.7118791	9
81881	182	1199.069606	28
81885	184	10.79382963	1
81892	267	90.78306653	2
81917	24	4359.118609	83
81877	260	10.07464634	1
81915	263	6622.396933	135
81861	255	10.94693395	1
81857	233	50.82128204	4
81912	269	4929.923226	111
81911	203	8503.90813	159
81875	260	96.44302456	7
81902	9	2258.933883	41
81917	267	4169.525348	80
81884	14	3574.716513	70
81883	89	8217.763377	153
81891	92	21.11190518	1
81881	167	1234.855435	24
81885	219	10.25501638	1
81874	178	11.13505038	1
81884	127	4833.981924	79
81920	132	6221.989062	126
81907	14	9534.090699	187
81857	104	18.92679481	1
81925	87	524.5060543	7
81906	12	7662.208747	143
81872	129	11.20118156	1
81874	258	34.93793407	2
81878	164	13.21815024	1
81895	173	11571.90622	191
81913	226	6529.388674	127
81894	236	8100.258733	157
81909	212	6253.877167	130
81863	213	30.54909886	2
81896	197	66.10922535	4
81883	162	10176.35988	189
81914	121	8059.336653	145
81923	99	3704.834614	66
81880	30	162.6731744	2
81882	180	8068.069123	164
81879	51	61.76560214	3
81917	225	3327.343052	67
81902	106	2111.348618	48
81874	215	14.34735082	1
81900	32	10295.74614	183
81917	233	8202.402793	104
81849	43	32.66432709	1
81906	187	6122.634759	142
81880	234	157.9958273	1
81889	120	1345.070754	28
81907	8	10453.56383	170
81916	224	28.31096951	1
81917	245	3830.269147	80
81905	150	31.30646687	1
81858	265	82.59482395	2
81920	21	6763.189939	139
81906	225	7058.448966	146
81905	254	49.06872957	2
81915	7	6657.096288	152
81863	233	88.93311712	8
81906	56	7270.676073	140
81865	54	91.06781782	1
81883	19	7681.082619	168
81861	152	90.89471296	2
81876	100	86.25978462	2
81882	178	7950.191498	163
81893	129	937.9011545	22
81882	5	9760.768432	174
81925	73	526.1911618	9
81907	3	10441.74227	182
81895	157	10227.55216	191
81917	190	4808.511452	93
81853	81	14.40199351	1
81862	13	16.69559802	1
81915	44	7217.55169	140
81921	173	7611.899385	155
81884	22	4156.610535	73
81918	117	7922.645637	143
81918	36	7965.99445	144
81920	119	8357.768026	150
81918	37	9266.107988	152
81906	13	10620.046	152
81914	232	6831.575147	149
81922	47	8958.995812	202
81862	156	55.27248345	3
81902	219	3829.411651	68
81860	170	45.22428076	1
81870	260	108.825457	8
81901	145	23015.45344	522
81908	147	7780.364843	175
81901	238	23843.46916	459
81925	138	437.3133903	10
81913	249	7465.352692	145
81910	56	8108.082502	150
81860	172	117.45592	1
81912	230	5762.616697	106
81855	123	126.6860627	11
81885	34	18.95881957	1
81921	31	9697.865916	173
81924	179	51.74647195	5
81920	25	8047.911406	152
81856	269	26.20467177	1
81921	184	8106.87148	154
81871	1	91.35205732	1
81902	173	3964.905663	80
81859	199	37.02625096	1
81920	220	6811.544416	130
81907	253	6578.02883	125
81880	88	14.62792205	1
81897	31	73.8765528	3
81909	73	8127.854616	143
81882	16	8353.467834	171
81921	146	7332.134515	163
81908	26	10293.68316	184
81861	106	10.96135819	1
81858	24	17.25318456	1
81909	217	7188.528216	144
81918	17	8562.322543	167
81875	140	38.4584122	2
81875	235	10.23995289	1
81898	263	40.97948499	3
81909	2	8645.464535	155
81859	1	12.61942225	1
81921	201	8981.908535	170
81912	50	6261.747355	121
81921	97	15455.90347	190
81883	13	11446.93249	186
81913	18	7364.874625	140
81862	37	47.50167925	4
81922	172	11188.58114	242
81913	2	8489.48041	165
81914	136	7875.365966	148
81874	177	17.88010131	1
81894	40	11994.01384	205
81921	119	8520.855071	162
81862	52	11.91085693	1
81878	78	17.29845751	1
81902	214	2458.614616	62
81879	111	15.13456751	1
81923	2	4060.487099	65
81871	239	18.31547296	1
81862	168	23.94980547	1
81920	115	6130.967911	126
81862	15	13.35783608	1
81908	232	8678.757829	162
81852	208	16.42684903	1
81856	203	11.60093281	1
81924	172	24.30811337	1
81874	83	109.6818283	5
81898	227	51.29418219	3
81900	54	7936.784382	135
81858	33	12.70752687	1
81858	233	66.53782486	6
81923	85	3626.198173	66
81860	162	14.89075629	1
81921	232	8405.278746	161
81889	35	1807.270162	34
81921	256	6212.60007	140
81858	85	26.85090442	2
81868	222	17.87248957	1
81883	101	9870.334204	175
81910	197	7220.070342	169
81905	42	20.77185795	1
81884	132	3429.413324	69
81882	251	8612.95382	162
81918	124	6230.496974	134
81856	91	23.87949131	1
81920	34	7253.567075	136
81903	0	16.70261123	1
81912	83	10907.56412	150
81903	130	91.42592802	3
81897	51	51.80275893	3
81860	56	16.01019485	1
81909	233	13843.24716	186
81867	176	91.47753673	1
81877	144	119.8068363	2
81915	59	8160.131184	143
81894	50	8498.184917	164
81875	19	14.5398328	1
81860	13	15.13292199	1
81861	10	10.00431869	1
81905	50	99.01957483	1
81906	94	7040.059902	143
81861	97	154.5718112	11
81883	178	8537.062607	170
81918	76	9241.179558	165
81912	111	6616.690175	114
81884	168	3960.555039	85
81859	44	25.02579068	1
81918	159	8564.49709	182
81865	260	58.82473291	5
81857	45	11.42599439	1
81864	199	30.72868068	2
81917	94	2823.62728	64
81895	46	12274.23874	180
81881	261	1554.383378	30
81916	145	236.73736	6
81918	145	8956.15005	197
81921	89	7352.191921	156
81918	200	8998.306144	166
81917	32	4384.151617	86
81893	102	1486.558184	29
81894	218	9182.293487	167
81872	43	61.8625078	1
81900	197	6472.485465	138
81912	167	6065.413983	118
81921	71	6780.773528	164
81923	102	2628.088573	57
81920	88	9409.679245	146
81911	167	8212.67418	170
81854	133	63.03910624	2
81907	227	8109.924376	144
81858	119	121.1538896	3
81862	128	31.52240975	1
81875	159	13.22982419	1
81868	269	10.76305939	1
81924	246	11.91303604	1
81902	181	3043.402368	70
81891	128	37.40767273	3
81882	261	5888.164564	130
81908	185	7749.761574	166
81873	59	81.02772262	4
81904	127	39.54451411	3
81882	213	7022.106504	141
81859	96	26.71963526	2
81867	260	33.82738073	3
81900	59	4945.343652	102
81849	37	76.27945125	6
81905	1	12.30823077	1
81885	124	23.05229786	2
81866	26	20.4895036	2
81899	238	85.94347323	3
81856	244	23.80676373	1
81920	19	5310.636053	114
81893	256	1502.95984	25
81881	74	1943.112693	41
81865	192	14.0084039	1
81873	174	25.79153008	1
81883	27	14925.83418	209
81898	196	33.56509572	3
81861	270	53.71008312	1
81895	249	7719.112176	156
81918	262	7953.307003	148
81909	243	6526.905128	140
81908	97	14589.59545	196
81884	80	4923.234823	85
81908	129	7697.652621	156
81912	128	4952.359144	109
81881	169	1346.667587	23
81899	176	203.7182217	6
81854	10	46.57286274	1
81923	127	2953.766696	57
81893	163	1224.553731	23
81883	21	8528.509533	170
81867	262	48.85058241	2
81904	257	11.97020984	1
81879	201	10.29494156	1
81899	100	56.29716756	3
81870	126	10.73575396	1
81860	5	1042.827517	96
81921	36	7356.001386	149
81889	48	1420.134575	32
81900	181	6823.129365	147
81854	177	10.72899818	1
81923	212	2174.257974	57
81900	172	9397.785972	180
81913	183	5362.99924	123
81900	209	7837.439694	156
81871	42	29.60057896	1
81849	105	41.08101313	3
81883	219	10912.10524	177
81919	208	3678.43661	81
81869	70	47.49806971	2
81865	193	134.0716624	12
81921	78	8742.940777	143
81898	34	251.405592	3
81918	91	7993.85905	148
81884	145	5325.149603	112
81925	79	443.736663	12
81857	152	13.32344394	1
81921	185	7646.279222	169
81879	110	21.1705759	2
81925	101	1193.100204	22
81916	263	191.3258593	3
81877	23	11.73013934	1
81889	129	1779.151487	32
81863	220	11.32739409	1
81864	53	87.86723912	1
81923	226	3062.019837	67
81870	0	11.03652661	1
81866	229	12.06988764	1
81921	209	10264.64891	180
81922	28	11698.05654	231
81901	258	22017.86577	459
81920	251	6478.084694	112
81905	7	221.2151158	3
81883	99	9893.05441	161
81882	43	9809.170896	178
81906	179	13157.79789	229
81912	204	47929.54595	3666
81918	224	6836.008793	135
81912	96	7388.467917	135
81863	262	44.82854122	2
81903	85	10.3475492	1
81911	11	11080.72786	169
81901	40	32661.09943	528
81915	117	7421.55641	141
81884	91	3697.810539	71
81917	221	4726.596489	82
81901	73	29667.75243	513
81902	61	5304.677819	101
81880	248	10.57990271	1
81921	10	11502.27402	237
81898	18	44.66287794	3
81915	17	9592.421571	164
81852	230	73.19136081	3
81881	38	983.7602713	24
81897	27	35.31559236	3
81881	191	1169.181369	31
81884	107	5281.810612	83
81902	202	4422.862242	99
81889	28	2045.035816	37
81854	251	50.58247831	2
81923	56	3310.988648	66
81854	56	15.79121487	1
81881	121	2420.581947	39
81918	196	8593.740303	164
81899	106	359.7264102	3
81905	124	182.1791633	5
81889	42	1437.974081	27
81919	5	4492.824661	93
81884	162	4033.588535	79
81870	9	11.74345557	1
81920	247	7127.407987	127
81900	1	14244.93825	243
81912	203	6421.380433	120
81902	50	4141.741469	73
81911	113	6394.697311	128
81908	261	6687.061565	133
81921	53	10099.8045	175
81921	224	6499.605068	151
81866	254	103.5869272	1
81901	167	26656.55172	498
81921	121	7524.416503	156
81916	254	72.34875361	3
81913	130	5076.434805	105
81857	78	79.20604579	2
81907	103	7708.384382	142
81882	8	9727.002108	176
81858	44	13.05307801	1
81918	206	15438.93915	214
81899	104	331.9917444	6
81917	89	4358.013439	80
81908	123	12219.79083	210
81910	207	6583.627927	148
81884	30	4643.730233	82
81850	86	28.6005338	1
81921	118	5477.140461	127
81866	51	10.16022291	1
81918	20	6973.178141	143
81856	27	48.48847842	4
81909	10	9321.206913	185
81924	25	11.07965842	1
81889	130	1679.978958	28
81884	105	3406.939012	67
81878	110	14.17251925	1
81885	3	10.04866923	1
81866	121	11.80439521	1
81910	96	8916.770454	160
81921	214	8645.079306	157
81861	95	10.15088962	1
81866	91	14.75544468	1
81916	156	131.7211477	4
81891	81	13.81907657	1
81889	22	1220.747238	28
81877	55	83.09394241	4
81915	9	7318.589852	158
81912	222	5372.593128	111
81884	65	3311.806687	61
81923	34	2820.531851	62
81912	169	7553.112811	139
81881	259	2356.181108	36
81890	58	11.65296833	1
81925	136	209.8698524	6
81849	266	60.25288097	2
81917	204	45843.49491	3647
81885	93	48.5044668	3
81900	260	14335.21227	183
81904	267	11.26328036	1
81908	140	8990.207844	153
81855	101	10.00934953	1
81893	139	881.2855328	15
81895	48	10938.77892	202
81903	110	32.07079855	3
81902	195	1374.951072	34
81880	27	66.19006002	6
81909	191	6084.144768	130
81911	178	7921.07678	167
81868	268	10.50702719	1
81850	13	35.24557705	2
81911	81	8611.260627	175
81921	247	8022.550594	148
81921	104	8365.837963	147
81868	150	20.35110215	1
81918	136	6218.802462	141
81905	9	212.9716684	4
81873	267	28.51576418	1
81876	92	15.09634632	1
81917	195	2858.462267	74
81902	165	3751.0316	61
81894	150	6741.451916	138
81901	195	15883.13856	348
81849	254	11.03923294	1
81859	248	44.35167504	4
81909	247	6435.730193	124
81921	29	11113.24756	203
81914	217	7628.148467	150
81921	87	9542.728088	173
81917	230	3714.018654	76
81881	194	1742.004433	34
81855	120	10.66939756	1
81914	137	10210.70408	176
81899	139	100.3450321	6
81864	251	18.45409015	1
81920	162	10027.01271	170
81881	195	1528.358433	32
81865	178	11.78562054	1
81915	119	7450.403482	147
81885	234	42.65180951	1
81908	238	7795.874122	161
81913	9	6756.756122	140
81879	29	12.37413502	1
81874	58	10.14649742	1
81852	129	176.0575885	4
81912	134	5881.148075	116
81913	174	4965.890021	113
81857	110	94.12161366	8
81908	268	6734.098197	148
81872	247	14.78968416	1
81906	78	7043.686258	143
81867	151	22.24566901	1
81875	109	129.1489648	3
81921	223	8037.731685	164
81854	115	23.5793755	1
81914	223	8901.820776	169
81914	245	6843.659415	148
81869	179	173.428367	15
81915	99	8420.28849	158
81899	143	130.4574584	3
81866	179	248.8983602	20
81909	218	6062.654096	126
81902	235	2139.102373	63
81912	63	5429.063563	114
81871	78	92.71022322	1
81881	197	1468.592183	27
81893	39	715.4338095	12
81921	238	6222.712474	131
81853	132	10.01961826	1
81923	221	3337.400512	62
81875	74	23.84346297	1
81913	185	5938.878998	117
81921	113	6398.466581	139
81874	237	26.82795706	2
81867	179	95.0368957	7
81867	125	20.31820385	2
81885	24	11.65548773	1
81892	139	13.61865893	1
81873	9	11.23692873	1
81903	233	42.72854573	3
81874	209	10.88374801	1
81880	197	11.23733656	1
81920	187	6171.760884	149
81909	65	7633.10813	147
81914	156	7352.511023	174
81858	97	79.4432111	7
81869	233	135.9174509	11
81911	141	8630.452072	180
81917	156	3321.145012	76
81870	196	12.81185684	1
81885	176	19.5517561	1
81879	137	16.00602244	1
81860	221	10.54448276	1
81851	89	70.63457621	1
81909	226	6152.291899	125
81909	252	6455.667198	123
81880	243	26.45208271	2
81858	252	14.04172304	1
81883	159	10291.0271	205
81881	0	3545.728031	41
81921	27	14834.74926	237
81907	260	12883.92173	202
81898	232	110.4157216	9
81894	4	13687.96485	205
81872	109	14.35264344	1
81900	231	7808.571708	135
81916	178	206.0909975	2
81865	53	96.62175505	1
81918	192	8590.467534	167
81911	80	7926.07339	143
81925	66	263.2176175	6
81914	264	8397.320226	165
81861	128	12.06792941	1
81915	265	5899.467819	135
81884	53	4998.338099	84
81907	182	7207.193867	152
81857	148	16.59612023	1
81862	195	26.76573693	1
81881	237	1026.320625	22
81923	184	2449.253522	55
81906	197	7925.34072	157
81909	26	8245.652283	148
81899	46	33.39652026	3
81923	53	3870.334741	74
81882	85	9949.644141	160
81884	74	4026.874687	74
81863	267	62.18852167	3
81923	13	4510.136128	73
81882	53	8267.924506	158
81854	130	16.43943498	1
81914	48	6949.181079	145
81892	100	14.50523805	1
81864	186	15.34819929	1
81921	167	10252.29934	209
81882	170	7529.393728	154
81911	171	7460.243588	168
81892	96	53.29393052	2
81861	190	10.98544213	1
81867	135	35.43688975	3
81918	194	8324.717496	162
81893	20	884.8734283	19
81922	68	12310.95512	257
81920	110	13326.07424	194
81921	54	10013.71005	175
81912	7	6412.927862	137
81915	78	9925.497084	181
81912	227	6421.027306	119
81864	82	10.5339866	1
81870	251	39.15771984	3
81857	93	81.27780222	4
81879	205	10.11527933	1
81895	226	9470.645108	158
81901	249	21217.82196	426
81908	179	16662.89659	249
81921	24	7424.463774	159
81868	53	11.05309865	1
81922	104	11885.06251	237
81852	123	57.88720382	5
81925	111	149.2149641	4
81904	121	10.42661149	1
81921	16	7586.089724	149
81897	212	103.1691119	3
81909	176	7488.492828	148
81881	152	1141.132132	29
81915	45	9929.223793	156
81918	48	8864.924838	164
81911	169	9675.91994	192
81921	18	9405.615433	157
81863	97	21.22004942	2
81921	269	6205.993721	143
81874	112	11.37086937	1
81854	47	18.48228845	1
81923	21	3042.300136	61
81902	83	8359.853905	103
81918	185	8262.115494	151
81908	67	7707.731287	153
81852	134	192.7832053	3
81855	46	75.50215795	1
81922	267	8836.591737	197
81882	250	7310.591876	151
81901	16	20173.02251	402
81916	165	187.4040027	5
81916	5	122.4797835	4
81901	37	31919.91978	507
81873	179	79.85973385	7
81925	240	441.9893863	11
81913	15	5910.214901	121
81906	135	8056.726457	141
81913	34	6262.936246	120
81900	6	9116.03763	150
81862	258	24.65869392	2
81893	172	1539.017426	24
81853	196	124.3242323	1
81919	159	4206.606748	88
81859	150	12.24926241	1
81914	251	6624.479001	151
81894	261	9951.021446	176
81895	194	10033.79206	178
81893	103	1128.953008	23
81852	46	46.72538695	1
81899	90	103.9981373	3
81867	14	12.78915395	1
81883	126	6522.691187	145
81912	184	6802.2885	133
81907	270	6716.876959	139
81923	196	3208.819761	68
81921	65	6944.800763	145
81907	176	8496.70291	163
81864	178	24.91706152	1
81858	86	24.5501689	1
81912	124	5571.506589	106
81851	184	10.52967365	1
81899	5	38.13520851	3
81913	200	6515.340517	138
81900	199	7623.587121	114
81920	244	6668.290225	133
81903	5	101.4287769	2
81881	218	1772.688853	34
81864	259	27.15231823	2
81854	253	11.07962605	1
81889	135	1419.859496	31
81863	241	13.65531764	1
81865	69	139.4048503	12
81907	207	8020.761463	170
81884	214	5452.167435	92
81920	152	6570.850974	146
81913	41	10734.21058	159
81885	263	20.90032728	1
81897	19	136.9562404	6
81922	140	12434.86594	211
81880	58	10.64895237	1
81865	55	308.1842671	8
81855	150	126.7254633	2
81906	227	8473.710485	162
81864	90	16.61456858	1
81881	30	1593.381281	26
81853	123	68.1453452	4
81918	174	6416.013821	136
81923	238	2585.798699	56
81895	101	11775.93221	195
81856	77	10.27481845	1
81923	185	2113.807053	46
81910	133	7067.715306	141
81881	37	1988.541597	35
81909	133	6330.783852	118
81901	244	22335.74797	450
81882	172	7503.329706	167
81882	212	6757.019196	123
81902	56	6316.117883	115
81919	179	8415.396357	139
81856	237	32.33253732	1
81905	54	121.892227	1
81917	255	3502.427382	78
81902	101	3722.057508	65
81858	244	20.28349897	1
81901	81	18776.53648	375
81905	203	111.1775442	2
81923	177	4190.639962	71
81850	88	40.87993412	3
81893	160	728.2799789	16
81849	138	45.44888261	2
81921	133	9168.12336	178
81866	255	15.4968365	1
81852	102	142.7066031	5
81883	139	5236.79121	94
81875	148	32.79003351	2
81882	233	14544.91131	214
81876	45	11.63192286	1
81879	157	48.8671273	1
81897	80	39.40383648	3
81883	253	6967.308191	131
81925	45	418.4264552	6
81917	65	4881.914478	98
81889	265	1070.746973	27
81906	192	6994.46923	143
81898	5	199.4685792	12
81857	88	104.5146051	4
81880	34	11.92023252	1
81858	231	89.631374	2
81917	27	7745.192579	127
81893	157	1302.164087	22
81889	183	1187.330868	30
81922	188	7107.921745	193
81910	138	6303.056775	134
81900	250	5293.868583	117
81923	256	3192.471985	61
81895	105	8555.155371	151
81890	76	23.53257094	2
81908	258	6426.83998	138
81880	228	171.3889541	1
81883	76	9356.054366	158
81865	94	101.0283799	2
81897	231	126.6211578	6
81852	2	103.3478131	3
81865	34	108.8635284	2
81885	153	32.70138346	1
81916	208	85.98904141	2
81915	88	8632.729932	156
81916	244	74.64749839	1
81918	244	7981.111275	139
81924	214	10.37726404	1
81925	81	423.1957454	9
81917	201	5001.316511	87
81902	171	5279.421515	91
81855	75	22.88848629	2
81906	196	8677.131549	166
81892	159	68.05685929	2
81912	59	6561.868199	120
81920	90	6848.627517	132
81880	33	42.29293981	2
81919	11	5734.050707	96
81870	215	26.06670023	2
81909	159	7901.763366	166
81893	118	474.3903864	13
81918	190	7504.186417	155
81894	22	8152.551767	151
81876	136	13.66512414	1
81862	184	10.36829241	1
81899	157	32.61990927	3
81911	179	12045.70613	212
81894	93	12375.77484	177
81925	263	222.2507273	6
81856	161	28.15302773	1
81909	112	7418.907266	136
81902	127	6222.897829	94
81897	125	31.20440787	3
81925	27	1110.126414	14
81923	247	3524.065213	67
81870	119	20.79648401	2
81891	95	84.84733111	1
81872	73	10.05074053	1
81922	191	9952.222376	232
81905	119	35.57061602	1
81874	223	10.43689186	1
81852	56	33.48667035	1
81882	179	14996.34567	245
81923	160	2666.389266	70
81907	19	7549.870213	152
81856	246	32.11803094	3
81915	51	7691.562783	154
81922	0	13561.61804	189
81912	245	5878.280035	121
81896	151	10.3183288	1
81885	250	10.15812514	1
81893	47	1253.365049	25
81925	92	302.0779219	7
81906	231	7141.18495	151
81907	170	7378.169913	159
81860	9	11.01357348	1
81863	212	53.91934426	1
81862	142	33.22420712	1
81913	139	4126.578578	92
81865	49	11.2954689	1
81864	209	22.25109508	1
81859	119	49.67777292	3
81855	153	10.03804877	1
81906	92	6379.43011	127
81894	89	9594.275032	161
81883	143	6721.596546	164
81920	143	6981.796046	133
81852	81	87.28335105	2
81908	219	7862.998586	158
81907	40	8417.528926	153
81902	49	4261.795815	100
81882	256	7448.604187	146
81907	217	7388.1545	159
81909	70	6727.278245	136
81868	138	10.62142032	1
81903	37	10.2756052	1
81895	112	9444.846026	153
81908	184	8638.038717	166
81875	162	55.89976929	2
81883	238	7880.922521	155
81919	164	4720.616421	82
81911	103	6848.902571	135
81903	96	10.35552264	1
81872	203	19.83571452	1
81925	74	570.1159125	11
81908	83	12368.7609	190
81918	243	6664.958362	143
81871	140	105.4292887	1
81902	216	4135.725127	79
81890	114	12.16389753	1
81858	134	31.64619723	2
81881	85	1328.501996	25
81908	139	4810.510284	96
81903	246	30.05254743	1
81859	185	38.73609558	2
81919	77	5075.138765	80
81882	171	9947.36327	183
81925	206	868.7173027	14
81916	234	43.83819641	1
81870	3	48.41059963	2
81869	252	34.60413472	2
81880	133	19.10995399	1
81874	6	13.76265056	1
81909	180	6770.643531	153
81867	115	20.58575566	1
81918	104	7809.768137	148
81912	262	5342.912379	114
81895	74	9530.10706	165
81864	55	82.80028728	7
81889	211	1433.700885	30
81923	115	2461.500721	49
81852	157	21.04086386	1
81862	25	61.70749834	1
81863	124	38.94498269	3
81894	170	9711.174081	177
81917	40	4740.722528	73
81892	147	13.80923386	1
81919	59	4290.396398	84
81902	77	4950.799962	83
81901	47	23042.30685	450
81863	221	12.28997274	1
81855	199	52.12344301	1
81906	219	5896.093531	120
81853	54	21.0965739	2
81922	194	11516.59215	207
81909	196	5971.143386	119
81923	119	3205.557358	65
81913	142	9114.276442	166
81855	113	15.97393469	1
81907	93	9494.009514	167
81924	17	50.62950765	1
81892	130	25.42672356	1
81904	55	47.76344418	4
81849	259	29.50703913	1
81911	138	5664.032368	112
81905	110	216.1082689	1
81859	171	32.59821132	2
81853	85	44.53920131	1
81882	133	8964.841966	163
81917	247	3838.256637	65
81884	241	3621.131425	71
81923	271	2133.261989	39
81923	31	2375.507496	45
81918	134	8235.842992	152
81911	70	6969.61507	150
81923	52	3387.748716	68
81854	132	36.66392348	1
81873	144	114.2504778	4
81914	266	9941.166129	169
81862	246	10.61229969	1
81891	259	31.45011068	2
81893	13	1899.798178	28
81882	2	9930.012581	182
81872	11	46.51443676	2
81852	124	15.29650395	1
81874	216	22.93353032	2
81921	261	7544.337873	159
81912	113	6066.542942	123
81923	175	2847.608328	62
81854	222	24.46130062	1
81900	168	7884.856923	159
81901	143	24561.21555	540
81914	45	10851.13644	176
81913	145	6929.791973	146
81923	72	3624.655241	72
81892	254	10.30390759	1
81910	157	7196.057618	162
81916	194	413.1591283	8
81911	91	6764.813167	138
81920	105	6951.566893	141
81895	258	8319.509904	151
81870	147	24.69896589	1
81923	35	2579.28984	54
81914	134	8507.87055	152
81867	107	50.59434243	1
81859	87	11.07623963	1
81909	20	6756.990499	142
81925	82	885.2147105	14
81884	0	5494.438222	77
81906	170	6696.777262	139
81859	269	36.78723601	2
81875	23	69.20105249	6
81885	251	49.96155951	1
81919	227	4366.245258	83
81866	75	20.24487292	2
81900	263	7457.743515	165
81851	148	113.7914323	2
81876	156	37.89146108	1
81923	217	3405.311906	65
81885	194	10.34496387	1
81909	18	9350.395831	164
81876	222	123.6321835	1
81923	234	3045.330738	62
81854	167	10.34469975	1
81913	222	5146.966676	110
81901	121	26319.27919	450
81856	258	23.65349999	2
81859	97	112.6138022	10
81919	2	3692.675393	82
81909	72	7164.837672	134
81858	28	26.8591084	2
81907	150	8585.346794	178
81878	107	105.4165546	1
81916	129	196.2087905	3
81903	151	15.84643989	1
81892	87	24.28693929	2
81900	21	6503.376018	141
81923	150	2988.113117	70
81904	12	83.14379006	1
81919	154	5221.508691	102
81889	57	1797.537311	31
81916	230	161.5775478	4
81916	19	75.55249919	2
81907	179	13589.72426	240
81907	31	8510.669339	162
81881	42	1641.851422	32
81856	76	13.76161159	1
81894	197	7837.076146	175
81918	103	7796.711855	143
81850	48	86.61770101	2
81901	179	50432.69637	714
81873	102	47.80809617	1
81911	121	8027.71844	133
81875	84	129.8935098	2
81923	122	2258.969878	52
81913	115	6201.72992	120
81907	204	40782.05475	2978
81924	265	69.50243793	1
81909	166	8270.406854	147
81895	167	10401.35144	192
81889	253	1117.94495	25
81858	160	20.98222584	1
81890	85	122.0477893	2
81876	260	61.53855565	3
81923	108	1772.609839	35
81917	268	4318.654974	85
81917	164	4056.500527	85
81900	48	10123.98892	192
81874	96	18.22681152	1
81915	247	6827.995515	138
81923	11	4890.763228	82
81882	200	7679.582746	156
81894	253	6263.472216	128
81889	133	2157.888297	35
81915	195	4995.56349	122
81855	49	102.3933147	1
81897	109	100.6995169	6
81864	59	62.56577044	1
81923	164	2858.87629	55
81879	106	10.58088305	1
81849	263	82.50272991	2
81865	52	28.2323459	1
81871	110	47.35928339	4
81890	0	33.80876995	2
81867	34	67.28666813	2
81869	48	11.38431205	1
81871	266	19.02715479	1
81885	260	33.3739797	3
81852	159	13.97486836	1
81895	195	7401.690559	154
81894	101	11143.07958	189
81923	105	2661.279606	48
81899	115	442.7718695	9
81854	213	41.86982342	1
81873	255	18.38667317	1
81914	195	6243.527489	140
81862	89	77.03199097	2
81873	248	51.83439334	4
81858	45	88.32046132	1
81901	49	25252.2583	507
81884	136	3973.108335	71
81856	73	30.34538495	1
81861	138	124.5680566	1
81851	260	23.93047738	2
81874	103	10.58374763	1
81881	225	906.4735241	17
81915	49	7238.106637	172
81900	137	10395.40365	180
81852	65	39.20941577	3
81903	75	14.4687034	1
81906	175	6792.918563	153
81865	149	12.1641799	1
81919	32	4368.645299	83
81861	41	21.36783543	1
81913	97	11241.07739	155
81918	112	7892.064934	133
81910	121	9575.9863	165
81916	81	241.7859557	7
81890	50	11.55042018	1
81914	132	6136.074991	130
81883	132	6095.949219	111
81909	172	7032.060769	140
81915	123	12054.48615	181
81902	24	4387.122113	82
81907	67	7922.538942	156
81869	258	11.08491168	1
81881	257	1835.650403	41
81902	103	3113.470054	58
81895	103	9662.738619	159
81896	65	14.94034616	1
81910	210	10578.86314	186
81896	57	11.33531467	1
81894	162	9338.731698	168
81893	192	1201.833453	25
81872	27	35.0952161	3
81906	207	6596.942816	133
81878	204	22.279145	2
81854	182	17.946607	1
81849	100	10.07993917	1
81854	79	22.70996408	2
81910	235	6111.202839	124
81884	194	4704.617418	89
81910	241	7173.011815	136
81874	133	29.83188722	1
81906	235	6822.192437	150
81905	58	19.93445834	1
81881	84	1428.603993	26
81918	264	8680.198581	162
81923	65	3263.075043	65
81916	125	38.53060871	3
81885	59	36.01792076	1
81889	231	3023.296604	46
81915	120	6229.934758	112
81865	41	33.36380915	3
81913	124	6196.598783	136
81897	211	52.95299553	3
81917	83	8198.548002	109
81900	80	8380.837782	144
81874	127	92.63066943	4
81904	160	52.13876728	2
81884	43	4516.949097	84
81908	247	8900.203998	154
81850	16	15.60974317	1
81919	241	2764.947098	70
81910	112	8428.851664	151
81900	196	8458.655382	171
81902	239	3667.800963	72
81857	9	10.1038191	1
81909	236	6306.56918	134
81867	52	47.7900127	1
81923	29	4548.682097	69
81883	56	8659.560502	148
81917	130	3686.936031	61
81920	141	8362.189951	165
81870	41	74.32993158	1
81922	49	8954.97441	196
81908	49	7725.532516	156
81920	87	8873.544675	144
81910	240	7395.467375	153
81893	175	831.492774	20
81914	119	7953.749487	142
81909	69	11130.80927	161
81876	151	32.71947931	3
81917	108	4613.138654	85
81855	130	93.13967909	1
81883	256	7880.091901	157
81908	158	6579.44721	163
81919	173	4881.699592	96
81918	25	9897.513001	183
81901	236	23142.27482	408
81857	23	35.52238332	3
81912	39	6174.203835	122
81874	268	95.4778566	2
81906	34	7716.225875	146
81910	62	6208.984194	131
81855	136	10.09778769	1
81882	55	15271.68264	189
81863	85	57.13290035	3
81905	18	65.3557544	1
81922	100	12269.07633	230
81891	45	10.82420642	1
81905	29	13.47303858	1
81895	185	10088.23807	175
81889	197	2351.821828	37
81863	33	11.36481323	1
81917	84	4249.952217	85
81874	33	11.65574126	1
81902	260	5201.664045	76
81850	270	45.71553032	2
81874	136	64.24841742	1
81913	206	10228.95859	147
81904	8	11.39404397	1
81863	243	34.57775702	1
81919	251	2872.948964	65
81890	98	20.01387722	1
81896	257	11.27297488	1
81850	110	59.95642689	5
81875	1	23.96649091	1
81925	71	125.1200848	4
81918	269	5877.070162	132
81867	31	10.21588637	1
81867	129	134.8043978	1
81918	140	10541.519	168
81909	182	7706.980746	153
81914	10	10581.86715	209
81906	246	8961.811782	166
81910	122	8736.542721	160
81851	179	98.58935338	8
81918	57	8254.420889	150
81860	128	18.18901761	1
81861	65	22.66720382	1
81881	159	1904.661742	40
81850	141	12.20182359	1
81893	255	1087.571821	21
81869	27	76.6902868	7
81894	10	13096.79589	196
81879	192	14.52312312	1
81862	158	16.8976988	1
81904	198	12.56458048	1
81902	271	1748.533586	35
81857	30	13.72377868	1
81895	169	9471.400321	178
81889	125	728.1616354	15
81879	132	18.40013805	1
81865	117	10.74889135	1
81908	242	5065.545158	116
81917	170	3329.357277	71
81870	71	11.92590033	1
81922	1	13717.64228	273
81911	247	8823.223368	155
81902	95	2254.424898	49
81883	246	12056.70779	188
81909	262	6260.141432	140
81923	159	3735.568612	69
81895	61	10168.10363	186
81904	177	36.08046936	2
81917	173	3417.280166	74
81866	270	48.98236192	1
81913	237	5292.9762	115
81863	122	98.53530215	3
81914	11	11204.99175	193
81863	130	38.39696298	2
81910	136	6854.742215	138
81892	119	17.24274677	1
81918	40	9123.603146	163
81917	192	4099.915379	77
81915	125	4558.695561	116
81893	85	1684.168691	29
81870	257	23.74273223	2
81917	22	3575.025032	75
81882	159	9225.213666	203
81906	127	8277.895987	159
81920	215	5488.517574	117
81868	246	96.39249419	3
81868	179	184.6591854	16
81917	174	2639.670316	73
81862	269	35.49332889	1
81893	75	1864.177997	21
81920	169	8571.93793	155
81914	261	5891.196502	135
81915	15	7477.951041	154
81923	45	4695.101199	76
81917	240	4027.69486	72
81868	201	34.00030659	3
81923	244	2347.126267	43
81849	206	302.0703252	21
81914	237	6859.073063	149
81904	60	43.7522717	2
81902	143	5038.216876	113
81897	98	35.90237793	3
81900	267	6140.64807	132
81882	202	6071.302363	135
81910	190	6319.216181	136
81902	112	4348.822477	88
81874	65	23.12042687	2
81924	4	21.51031051	1
81883	204	9984.800875	183
81915	97	11208.6292	160
81852	234	57.49275982	1
81923	243	2757.457818	56
81891	215	14.77231695	1
81880	266	10.06867622	1
81849	111	44.85434293	1
81856	119	50.29503054	3
81912	171	6442.994493	132
81863	137	42.54403318	3
81879	185	31.0938024	1
81858	130	31.58760957	2
81853	178	31.37894066	3
81910	89	6541.143943	133
81907	173	7505.399262	144
81895	7	8693.276696	162
81901	196	20470.9547	408
81909	60	6564.607156	145
81849	40	11.61082642	1
81872	110	55.39452733	5
81892	19	13.43757069	1
81902	259	3237.22479	62
81873	168	27.51253893	2
81900	125	4150.416243	102
81877	114	10.48651502	1
81923	64	4162.384137	68
81910	15	7302.186603	153
81879	162	14.37952203	1
81851	151	16.93510318	1
81919	102	3938.35483	80
81918	220	7407.816749	145
81907	211	7051.876386	156
81894	95	8259.281988	145
81874	94	14.86878822	1
81923	228	2949.635766	65
81904	148	175.5280444	2
81917	162	4750.162482	86
81910	167	9843.892398	201
81856	201	14.08999234	1
81894	198	8231.421085	180
81883	213	8014.328807	167
81912	24	5734.761554	119
81913	83	11414.602	158
81911	264	6561.616481	144
81858	27	68.27258925	6
81900	207	5473.853136	141
81850	244	19.99532836	1
81881	99	1814.526408	29
81858	178	14.5674141	1
81894	118	7663.321294	150
81871	235	15.1701165	1
81857	14	12.44211271	1
81859	121	11.56523173	1
81883	197	7679.680912	168
81922	4	13358.64767	261
81918	116	7019.662664	133
81891	233	184.6442134	15
81879	261	33.78424053	2
81851	133	30.25558533	1
81852	80	26.94292491	2
81894	203	8695.455815	142
81913	234	6813.914133	128
81921	149	8208.170846	174
81884	58	4930.707489	85
81867	92	71.00725382	1
81909	93	8377.355955	137
81906	174	6131.732023	136
81884	3	4469.019416	78
81855	221	22.30410034	2
81909	32	7045.915141	133
81923	83	5657.580384	86
81918	113	7271.523765	136
81921	22	8644.841305	173
81856	130	18.72919441	1
81895	151	12339.44681	225
81853	2	31.01144144	1
81909	125	3631.369703	95
81925	228	329.4603014	5
81871	135	58.22829555	1
81912	211	5654.644219	114
81894	114	11465.7583	164
81897	136	63.74032233	3
81909	75	10071.23726	154
81906	156	7841.550173	163
81923	58	3515.119576	57
81906	228	6614.732634	139
81914	151	10175.35618	200
81863	138	49.87081904	3
81913	96	7488.106102	135
81913	225	7075.429587	127
81882	196	8745.263817	160
81870	141	13.73174556	1
81858	101	10.26957008	1
81909	222	6481.64208	126
81923	219	3500.89877	69
81923	88	4186.548598	68
81914	51	9290.484934	170
81905	85	63.44105988	2
81862	11	18.57946049	1
81874	187	27.75172513	1
81876	137	63.31832659	3
81914	9	7416.545125	166
81904	179	32.62034347	3
81894	186	9115.334669	169
81920	24	6322.448154	123
81900	187	7329.383796	132
81911	166	8623.429691	169
81900	129	8988.869409	177
81907	181	7851.98805	160
81897	5	73.74909603	3
81853	195	13.28325583	1
81901	41	48078.64593	606
81910	107	7818.907939	140
81874	113	23.86705518	1
81859	170	27.61391387	1
81868	127	54.39648719	4
81884	202	3938.58974	94
81863	123	101.8185656	9
81911	66	6108.516957	144
81881	246	1902.399402	30
81862	249	79.26064689	1
81914	102	7298.818099	146
81852	9	19.55864993	1
81859	90	33.82656737	1
81894	1	11811.43548	184
81923	224	2792.790323	54
81855	47	54.70886697	2
81919	266	4518.856108	82
81894	111	10029.52079	160
81924	257	14.15138657	1
81910	268	6769.493085	148
81873	239	10.20296651	1
81908	250	8226.621505	166
81915	150	8006.940777	174
81915	68	6300.913542	132
81905	53	67.23711241	2
81914	74	7032.228552	154
81923	188	2388.803066	66
81863	6	34.45876441	2
81856	193	143.7118417	13
81922	239	7613.333836	174
81852	83	91.68784742	8
81900	165	10160.35491	192
81892	76	32.03403968	2
81876	104	11.55570087	1
81883	161	8459.320862	189
81919	111	5799.201133	100
81915	270	6826.883847	143
81912	80	6413.52405	118
81913	232	6272.568967	115
81853	202	14.52104468	1
81901	92	19046.22443	411
81911	165	10251.07009	195
81908	212	7515.20993	157
81900	102	6470.017308	120
81923	242	1957.777499	46
81860	65	12.23748027	1
81915	77	9563.256129	172
81861	196	21.44176733	1
81893	239	1058.217212	18
81851	257	113.4148572	1
81879	85	44.01623727	4
81856	74	51.47696118	2
81889	115	1659.268896	28
81923	79	3913.336618	72
81910	87	9479.269832	167
81869	12	12.53177426	1
81907	184	6816.760975	154
81914	202	6771.043041	151
81861	134	21.50465113	1
81913	60	5212.002588	112
81894	72	9910.314371	175
81856	42	14.57421243	1
81862	99	68.20213778	3
81913	111	6007.294044	113
81875	163	11.32698055	1
81899	155	36.82365093	3
81920	181	6585.877177	128
81901	112	20782.9749	375
81854	1	46.06461581	2
81849	262	20.68683087	1
81915	14	8312.17164	175
81890	179	236.3531732	21
81904	268	24.31160987	1
81902	154	2777.840676	69
81901	21	23017.42098	495
81921	215	6350.341375	125
81911	78	7073.064287	131
81907	36	8023.357145	154
81849	142	27.52648998	1
81869	224	93.55296758	1
81893	2	1415.123443	25
81920	107	8670.454679	164
81911	119	7598.94617	140
81860	112	16.11482577	1
81860	45	17.2220141	1
81879	168	13.39568002	1
81852	214	27.37181618	2
81894	180	6931.334423	139
81871	72	36.42673282	2
81918	197	8433.265026	165
81873	29	11.73157613	1
81881	72	1657.603798	31
81897	203	48.07736142	3
81897	48	31.13311728	3
81883	114	7909.170297	140
81876	268	20.97204572	1
81883	155	7454.580155	148
81867	130	70.90044007	3
81902	226	2955.731103	60
81881	27	2153.082509	27
81917	212	3884.995896	72
81882	143	9986.515136	194
81890	24	11.61972443	1
81869	124	13.65546013	1
81905	161	100.1148642	1
81915	139	6616.801108	128
81884	247	4125.233451	75
81859	268	10.23525965	1
81869	103	17.29007322	1
81905	218	103.5439967	3
81882	115	7909.192183	145
81895	191	8279.914043	179
81875	237	45.89275244	1
81919	51	5074.433518	96
81867	197	15.05351387	1
81909	81	7368.52986	141
81860	229	10.95177276	1
81923	172	3394.822451	64
81865	164	27.60631323	2
81868	191	10.23687959	1
81912	103	6207.06651	118
81901	90	25193.72181	426
81859	10	74.06337332	5
81873	84	109.8106595	2
81852	261	24.58169808	1
81851	37	10.86398575	1
81869	69	144.0159102	11
81909	122	6702.300279	128
81922	29	11821.61976	238
81870	122	20.91537145	2
81915	100	6692.411011	123
81885	9	23.43473374	2
81862	53	44.2678033	1
81895	204	12220.41061	218
81871	128	11.45721612	1
81856	100	11.51627626	1
81854	223	50.28214007	3
81868	128	10.78461744	1
81890	206	114.0054318	10
81882	154	8944.961656	190
81909	36	7022.197205	145
81860	18	24.5855452	2
81872	261	109.4054939	2
81851	252	84.89492208	1
81882	197	7489.414468	159
81895	49	9389.794662	180
81881	165	2223.430041	37
81865	129	12.12862673	1
81853	245	56.98176156	2
81894	124	7647.205402	139
81906	2	8140.399698	164
81900	8	13645.36442	198
81883	257	8311.820446	155
81871	90	10.11900354	1
81894	98	7659.334499	153
81850	12	22.08542116	1
81864	20	114.253725	1
81900	253	6186.828954	150
81869	88	13.19549412	1
81909	53	7726.384588	137
81853	92	14.76796928	1
81880	145	20.23428411	1
81896	125	10.46976816	1
81908	18	9816.720958	188
81921	47	6865.467272	141
81867	199	17.0970465	1
81855	107	26.11384571	1
81879	61	11.00203466	1
81919	104	4554.85756	84
81883	145	6852.814861	165
81898	113	249.8618786	3
81890	233	105.4413794	9
81906	202	5941.080414	129
81912	176	6657.006174	125
81924	268	14.10321669	1
81925	152	392.096373	9
81914	210	8305.974567	135
81899	153	57.476943	3
81879	86	32.67161478	3
81864	236	19.59681457	1
81882	243	8031.867322	160
81897	228	173.1310932	6
81872	1	33.66366826	2
81856	264	17.99862365	1
81863	260	112.3212407	6
81922	243	8134.424285	170
81897	236	46.49145165	3
81910	184	8079.089709	162
81906	73	8303.046605	142
81859	260	160.1492995	8
81923	138	2746.069477	55
81901	269	21952.98823	444
81905	95	10.35773809	1
81909	66	5241.539758	121
81853	31	21.90348132	2
81914	66	6240.922674	137
81918	252	5959.7772	119
81857	261	58.39001638	3
81882	31	8867.646903	169
81909	154	7067.203338	158
81915	52	7872.033027	159
81901	7	20347.50332	447
81883	104	8045.713071	153
81868	37	10.11925727	1
81923	246	4548.048414	70
81881	245	1361.093404	22
81881	148	1677.333926	38
81895	262	7622.850681	142
81899	52	181.9772964	3
81921	183	7807.864019	169
81897	133	177.4464363	3
81907	252	7545.742677	144
81900	53	8122.954116	150
81923	63	4135.257827	77
81922	19	9847.768583	228
81923	132	1805.286889	42
81925	64	240.1618258	6
81873	54	29.96158657	1
81875	198	140.6010929	1
81918	73	9379.076863	166
81893	171	1165.903012	24
81893	155	1023.952804	19
81851	105	19.3226976	1
81908	161	7391.399001	158
81916	123	392.5159349	5
81914	54	7266.576736	136
81925	49	922.8322869	15
81859	81	28.94137121	2
81911	238	7514.748081	142
81849	171	76.85192885	3
81922	264	10161.41639	215
81866	183	29.93461505	1
81923	137	4154.539995	75
81915	237	5992.727668	135
81881	223	1400.955576	32
81859	58	38.52269877	2
81851	11	24.0373342	1
81855	52	113.4938222	2
81907	167	10394.25436	193
81858	222	11.62246334	1
81884	81	4202.732525	78
81863	68	10.83183996	1
81917	167	3903.859767	81
81896	248	32.32949979	3
81853	199	18.77491745	1
81905	171	13.15904827	1
81852	126	39.48645931	1
81872	266	19.19633939	1
81901	34	26501.69792	471
81899	107	480.749142	6
81910	58	10915.89838	176
81915	19	7041.75771	153
81895	250	6661.262658	140
81864	226	70.621279	1
81863	114	11.71056153	1
81906	230	7467.115524	137
81891	18	13.88261636	1
81882	145	7960.097942	175
81911	99	8869.61943	149
81862	106	23.62509966	1
81874	62	77.63362767	2
81862	164	20.05327829	2
81893	253	1241.224804	22
81854	6	14.13019584	1
81854	16	28.67582736	2
81894	134	12072.69104	178
81877	113	89.27478448	2
81894	167	8680.142239	169
81863	8	30.07455418	1
81919	4	5324.028324	85
81851	8	25.11103835	2
81907	24	6107.054485	125
81913	52	5764.729237	118
81917	216	3737.64896	72
81906	185	6757.876318	141
81868	165	18.26889711	1
81900	161	7557.138519	171
81923	61	3990.53405	70
81918	120	9379.683731	162
81859	140	10.07509044	1
81849	101	27.05061353	2
81878	35	34.75316839	1
81908	78	8097.730262	155
81911	83	10655.91983	170
81874	48	140.1827925	2
81850	210	67.08097179	2
81902	107	2425.943988	53
81882	27	13540.79377	199
81906	194	7546.394687	153
81878	249	11.35661641	1
81918	235	7510.408102	145
81921	13	10630.44035	174
81867	217	59.6988509	2
81881	43	1297.056824	30
81893	184	1306.995602	28
81893	245	1439.183969	29
81923	128	2742.807653	58
81889	159	2045.270549	34
81869	166	27.23315523	1
81872	224	60.73371574	1
81879	88	23.24956151	2
81907	214	8192.315775	164
81889	121	2581.815998	37
81918	168	6710.222477	152
81895	237	7541.219725	150
81900	82	7794.599295	129
81920	171	6490.992892	135
81861	42	17.55210953	1
81867	136	10.11665307	1
81896	193	262.0162098	22
81875	243	77.80334206	2
81920	205	6623.265828	145
81862	131	11.62152505	1
81868	243	16.36098517	1
81910	248	8416.156459	177
81921	255	6746.358788	142
81914	227	8559.409971	162
81917	105	3610.34717	72
81903	114	17.91989579	1
81912	217	5702.202289	111
81881	258	1223.931027	37
81884	37	5152.751079	91
81893	233	3040.622037	42
81916	124	62.91868436	2
81922	143	11023.43816	264
81915	152	8372.94508	191
81897	166	45.4878084	3
81907	55	14086.14719	205
81858	232	14.06788192	1
81871	182	30.97059252	2
81876	122	11.09319054	1
81901	38	22258.64452	477
81881	158	1518.267294	31
81921	5	10523.57447	189
81916	211	99.52727549	2
81860	70	15.592366	1
81893	213	1031.141677	20
81923	81	3502.247888	69
81911	212	7689.252388	144
81875	43	10.26340708	1
81874	226	58.97129802	1
81910	144	7999.098584	169
81908	108	8565.976022	150
81923	167	3222.57116	72
81849	236	10.41582584	1
81882	23	14466.8813	231
81879	3	20.4094921	1
81906	97	14996.15216	180
81915	137	9057.331267	156
81880	42	26.43672466	1
81912	192	6642.885044	138
81920	113	6838.704489	140
81883	190	6841.415441	147
81920	219	7697.823046	156
81911	176	7117.862448	136
81856	16	42.50470293	1
81900	11	9758.246586	150
81881	54	1241.215953	24
81903	258	14.8557516	1
81908	167	9583.083737	184
81859	123	64.36567784	6
81911	24	7010.548942	137
81852	148	165.1968568	3
81873	225	44.65984987	2
81882	259	8930.730057	159
81868	267	12.30727716	1
81895	114	10693.47386	154
81918	126	6976.677621	151
81849	12	15.33002545	1
81866	253	13.97875156	1
81923	206	6855.102547	97
81883	115	6358.039378	116
81867	266	34.64730747	2
81906	221	7102.037737	141
81919	205	3085.843045	73
81911	198	7363.309202	150
81884	90	4133.886436	82
81923	227	3761.352302	69
81863	155	105.1154496	1
81895	122	8642.944684	153
81865	120	11.17157384	1
81857	114	11.17835271	1
81850	93	11.87397272	1
81914	196	7964.448251	162
81858	133	110.0133543	1
81917	123	6459.613676	86
81882	4	10664.62366	161
81921	129	8741.429575	181
81852	5	1463.141959	132
81902	72	3960.372497	72
81904	161	85.14530407	2
81855	27	108.7710177	10
81910	13	12990.42493	197
81893	190	1160.84735	24
81907	15	7136.535388	156
81889	207	1858.651362	31
81883	181	7545.988219	141
81892	83	149.663409	12
81923	0	5058.105488	67
81885	123	34.73619228	3
81870	47	10.86626272	1
81885	62	16.03591292	1
81920	131	8086.667291	144
81896	169	50.39259882	3
81908	15	7617.979824	146
81911	20	6883.565572	153
81867	50	51.07337792	1
81854	212	43.57906225	2
81909	251	5517.04202	99
81913	242	4600.517536	103
81852	93	31.20793748	3
81896	123	42.78284406	3
81882	84	7521.864354	147
81889	260	3318.795786	35
81858	262	83.82962555	1
81917	146	3958.599163	98
81868	132	36.60910395	2
81901	181	27633.35046	564
81918	173	8332.141277	168
81861	224	140.4904982	3
81915	185	7305.11838	143
81917	199	4868.512741	89
81864	195	81.19924367	2
81856	253	13.7818525	1
81881	170	1155.818839	26
81909	266	8571.467827	157
81895	212	8923.010264	156
81901	14	22220.68707	423
81917	252	3955.482092	73
81875	102	14.80121115	1
81871	152	10.842002	1
81880	114	10.5185213	1
81885	28	10.05545013	1
81850	1	10.53129575	1
81909	267	6925.389883	135
81883	124	6351.548776	125
81906	35	7076.607071	148
81901	260	34996.38356	582
81896	127	191.6959479	7
81916	133	91.9381128	3
81889	158	1559.081715	31
81883	187	7827.103225	163
81852	245	58.69750998	1
81908	222	5013.741446	107
81861	244	14.68613939	1
81883	61	9487.161281	172
81893	169	1128.537621	22
81901	91	19755.5931	432
81890	23	35.0124845	3
81923	187	2227.19269	60
81889	87	1146.490161	27
81866	214	31.89508886	2
81925	250	321.5309952	9
81915	34	7393.304902	141
81913	27	13842.97674	196
81923	261	2192.054323	47
81906	154	7439.453321	155
81901	141	26579.80175	540
81911	156	8046.644281	175
81898	257	345.5016225	6
81907	196	6886.912936	142
81894	2	8352.394251	158
81907	30	8247.871364	155
81852	267	17.15973155	1
81918	205	8717.418157	167
81876	112	74.17805834	2
81905	76	70.20248854	1
81910	216	6789.606038	124
81863	40	10.06106546	1
81857	188	11.91749731	1
81896	10	94.32013866	6
81900	111	8406.334704	135
81907	6	10665.91938	174
81854	110	103.4894216	9
81901	72	23239.52055	453
81890	243	42.92389484	1
81908	171	8212.718479	167
81900	55	13328.17799	171
81920	222	5090.04002	109
81862	123	65.130497	6
81909	192	8543.316835	159
81916	192	134.3067579	4
81884	116	4746.542489	71
81922	122	7371.886199	169
81871	112	26.33798813	1
81920	260	12266.88758	167
81911	147	8014.256697	176
81923	263	3013.713101	56
81906	173	8273.18432	160
81925	22	610.4791711	13
81899	88	47.035023	3
81918	88	9167.849444	155
81889	214	1880.154988	35
81902	60	4173.887082	88
81909	12	9503.862569	153
81870	140	153.1836402	2
81885	64	24.40251916	1
81923	54	3733.024784	68
81865	78	118.6047583	2
81912	43	5592.382182	107
81915	171	7573.90511	141
81922	150	8918.099269	227
81917	127	5268.812911	97
81862	33	10.70825014	1
81912	165	7376.108455	136
81893	76	948.2754787	17
81920	29	7279.337648	136
81857	89	117.9247114	1
81870	219	14.46406942	1
81902	102	1960.517669	45
81900	155	9048.833694	168
81867	134	122.90625	4
81909	184	7210.004586	147
81865	213	22.19534973	1
81912	259	7912.873301	152
81915	76	8973.440347	170
81907	192	8228.715776	164
81885	204	36.2829616	3
81910	239	8236.219508	163
81871	99	141.7671687	1
81897	121	74.54361489	6
81898	129	123.7024518	9
81865	115	10.31317873	1
81875	174	95.14627798	1
81853	110	44.2942602	4
81923	152	2817.595385	65
81852	76	26.09930899	1
81872	194	22.04345885	1
81890	271	13.55563767	1
81911	60	7033.130154	140
81923	117	2998.275265	59
81884	94	3960.019886	65
81918	39	6943.364083	151
81858	4	39.40354201	2
81907	97	13679.19605	186
81915	145	7076.236728	169
81851	142	46.2029192	1
81896	191	70.1091159	3
81884	133	3725.634765	72
81870	206	528.9933454	45
81883	148	7661.766416	153
81860	173	81.72201471	1
81871	125	11.98246401	1
81872	209	10.74382338	1
81891	134	135.6634768	3
81855	168	15.04533151	1
81881	207	1480.42348	23
81849	63	10.23745658	1
81871	75	10.30511809	1
81908	94	7834.095951	144
81852	132	141.7383854	4
81896	181	326.4912792	3
81881	97	1835.146413	30
81872	235	13.6049803	1
81869	41	11.16840848	1
81866	142	97.4855516	1
81858	123	66.06228138	6
81883	211	6036.712452	137
81915	81	7491.059566	148
81913	81	5169.929858	107
81850	264	36.8499826	1
81857	113	13.93777852	1
81894	174	7688.609785	158
81892	165	29.72892356	2
81882	75	10207.31984	164
81892	138	53.35844288	2
81920	112	8584.190732	169
81874	225	141.1921934	2
81873	97	117.4293981	7
81923	98	1937.222169	55
81855	26	10.57460752	1
81849	15	25.81616416	2
81907	144	9007.132115	207
81879	165	14.33256736	1
81859	182	134.2552057	2
81865	169	16.75476293	1
81883	15	8796.832199	155
81881	241	904.3056476	26
81853	134	46.30692145	2
81900	135	8483.960394	168
81906	186	7835.667642	142
81889	8	2523.507996	39
81901	158	22510.60371	489
81915	38	7430.150033	151
81921	4	10819.68423	159
81883	137	10229.57487	157
81875	179	143.7448141	12
81874	78	20.33768128	1
81852	135	77.84585206	2
81876	37	44.1257023	2
81881	51	1782.37145	30
81916	64	10.41528348	1
81904	61	20.40506172	1
81874	106	11.17337552	1
81900	85	11056.99514	171
81870	114	21.53810295	2
81889	229	1409.863049	30
81912	229	6259.346499	117
81914	186	6691.550587	141
81861	179	55.84835257	5
81914	145	7730.310161	181
81882	32	8501.877196	161
81849	137	86.3932269	3
81865	67	14.62837599	1
81849	93	178.8629465	4
81925	256	271.3412783	6
81923	93	3494.865648	62
81881	243	1747.365818	33
81920	95	6677.420459	124
81862	14	42.66071356	2
81908	85	8989.354097	160
81906	201	7600.167368	151
81894	45	10057.63054	166
81925	242	305.7824444	9
81911	128	5711.406525	117
81902	5	3753.699826	88
81891	71	10.42625192	1
81876	82	23.56618822	2
81881	67	1306.81675	31
81874	22	11.37978926	1
81917	157	3468.575716	75
81894	12	11721.93464	174
81873	60	22.34904472	1
81907	142	12166.62805	221
81909	63	6244.773788	123
81871	149	18.72437248	1
81919	236	3295.561795	70
81894	20	10025.67677	173
81920	122	7487.998753	145
81867	83	134.1268056	9
81910	176	8519.828031	171
81864	89	13.30045154	1
81875	192	20.50123155	1
81857	187	16.45469882	1
81907	37	10995.15403	166
81911	222	6303.802479	138
81914	22	7862.934744	161
81882	89	8015.018947	146
81920	155	7245.543042	147
81858	168	21.70881412	1
81869	129	11.29888254	1
81858	182	33.53919059	2
81905	160	71.33319783	1
81897	193	335.3184009	30
81915	196	7921.381783	156
81911	259	8802.738294	162
81882	122	7285.091815	132
81868	91	90.20790999	1
81883	105	7689.409004	145
81897	32	30.02739609	3
81876	23	77.83283632	7
81883	202	7131.049505	162
81855	238	12.10385815	1
81883	63	8349.478651	154
81917	193	7228.473467	120
81925	164	659.3026816	14
81885	134	21.24556466	2
81879	163	17.89233344	1
81910	24	7574.357655	161
81882	241	5345.192185	121
81915	95	9708.409732	163
81853	261	20.18073725	1
81864	142	14.28882923	1
81908	93	7620.332221	145
81899	80	44.72703435	3
81902	125	2443.106955	55
81874	82	20.9989403	2
81884	206	7980.01619	107
81903	6	17.28048429	1
81900	182	8560.727394	162
81906	193	12055.63236	188
81914	143	9608.151073	189
81883	51	9179.998284	148
81913	157	5632.517611	132
81895	72	8763.282573	151
81891	32	36.41476825	1
81913	43	6924.157504	130
81902	166	5023.389526	98
81856	240	11.43334028	1
81883	268	8148.740948	160
81884	190	4349.737895	91
81922	40	14516.60203	277
81876	204	22.10397993	2
81881	1	3106.950936	50
81881	5	2306.43375	34
81854	196	75.81597091	4
81851	4	40.0685606	1
81850	120	88.02551332	2
81923	179	7990.045106	121
81894	249	10965.10925	197
81918	12	11006.25596	193
81862	238	97.42937928	1
81875	33	22.08883353	2
81851	110	62.31605673	5
81913	180	5601.182527	130
81912	32	6909.083256	133
81857	217	18.2760064	1
81907	61	8753.227689	146
81910	165	11064.49593	206
81875	115	84.81637697	1
81883	109	8452.868909	134
81902	44	3868.670376	83
81881	188	1017.44569	23
81895	245	7632.959435	149
81884	100	4277.153162	81
81906	259	6965.67639	129
81879	21	12.48745599	1
81919	165	5468.385874	92
81856	198	27.22145664	1
81863	55	267.5561264	9
81917	51	4651.411057	89
81881	57	1742.476236	33
81885	115	10.47625103	1
81892	136	19.75161241	1
81918	7	7349.827923	156
81880	21	26.69824365	1
81925	14	444.2633675	8
81919	187	3154.745095	75
81880	74	16.03942506	1
81918	248	8580.32605	166
81893	230	962.6854428	18
81890	166	37.85473212	2
81903	61	11.32239247	1
81900	66	6784.566063	132
81919	220	3673.503283	67
81857	75	40.787382	3
81902	138	3166.039622	69
81923	103	3656.724456	62
81882	201	5754.046178	134
81897	83	34.62161451	3
81900	216	8195.832396	150
81892	246	46.60214027	3
81910	181	8406.811391	162
81875	60	119.4426184	3
81884	236	3778.77929	68
81855	127	21.66329681	2
81915	109	8172.698397	142
81871	138	29.42026818	2
81922	149	9604.698797	223
81896	266	46.29593203	2
81918	261	6691.247343	145
81853	127	76.88212329	4
81895	65	9238.842201	171
81908	111	8349.261643	148
81861	131	52.33307753	2
81900	254	8522.729835	150
81923	161	3577.159295	75
81909	83	12181.62909	176
81923	97	6538.093104	76
81857	209	11.44722434	1
81909	24	6873.444878	135
81865	190	124.4451085	2
81917	139	2821.970186	56
81853	216	10.88957637	1
81885	13	26.65701845	2
81919	207	3730.943824	81
81911	196	7253.095025	151
81859	133	25.79830889	2
81893	53	920.0211438	18
81896	171	59.49312111	3
81860	38	19.40037186	1
81918	182	6723.544398	152
81851	41	73.41985591	2
81900	132	5343.064341	117
81911	0	11213.82354	151
81912	98	4333.929025	110
81892	142	19.27157998	1
81873	72	10.42878269	1
81892	133	11.60481426	1
81913	100	6529.87096	130
81893	107	1421.596882	24
81906	182	6803.668738	150
81914	204	43488.03967	3027
81901	83	37627.01341	519
81901	10	24545.87087	435
81867	12	10.32577605	1
81914	97	16626.45697	213
81864	24	87.58429311	1
81883	29	10721.45867	164
81865	250	25.18537197	2
81895	133	8095.983273	144
81921	15	6292.916952	133
81850	128	10.02233041	1
81863	248	21.59508907	1
81866	182	21.49811423	1
81910	9	9296.316448	179
81912	110	9811.288045	164
81905	233	201.3183162	1
81911	61	8484.754557	140
81901	177	25791.14174	513
81912	236	5607.599474	124
81913	211	5895.745107	116
81852	195	13.08483062	1
81866	209	29.6862602	1
81900	191	5677.551348	126
81893	270	615.8886615	15
81874	122	12.44690229	1
81906	28	9592.411688	177
81913	25	6302.246633	128
81870	2	12.2923305	1
81924	197	16.98204623	1
81909	6	10041.4663	176
81906	266	7450.891409	145
81855	181	11.07502247	1
81882	158	9305.814226	193
81914	31	8836.581563	178
81900	211	6369.900555	123
81892	260	143.6320925	9
81898	103	30.61655955	3
81891	123	104.0337955	7
81923	253	2307.090278	51
81870	80	17.01970092	1
81880	139	36.80159976	2
81856	206	530.8020145	46
81911	8	12088.81422	189
81918	268	6602.631785	129
81895	132	8007.291967	153
81908	133	7974.166684	154
81867	13	10.00875477	1
81875	199	131.4812832	1
81907	219	6601.105854	150
81920	31	8252.725824	150
81913	258	7029.674955	156
81893	159	1016.358175	18
81850	87	26.41012446	1
81913	140	7862.638846	135
81912	91	5526.608279	107
81889	82	1945.637462	29
81921	142	11795.85719	222
81861	76	80.39557201	2
81850	190	37.08776123	2
81916	246	109.349655	3
81881	227	1553.52993	28
81912	26	6363.902913	141
81903	13	70.93993893	2
81853	76	31.69656352	2
81896	209	14.94244052	1
81923	251	2907.305475	56
81876	5	11.3462456	1
81912	51	7260.966907	131
81896	254	70.96527708	3
81895	91	10060.93436	173
81882	3	12385.46518	190
81884	25	5291.421088	103
81893	138	807.3213048	18
81917	148	3996.394078	93
81865	254	16.6444523	1
81883	217	7177.236244	136
81901	134	25758.76909	441
81923	142	4171.230711	77
81858	74	20.31166998	2
81909	21	6942.13238	143
81908	209	8317.033943	140
81889	187	1343.350353	27
81901	147	24748.09362	480
81855	2	10.42612	1
81872	115	36.07326379	2
81894	126	9368.341023	169
81874	147	28.40382175	2
81851	76	10.61095747	1
81859	141	19.28248722	1
81917	74	3322.300476	72
81917	182	2918.143988	66
81881	92	489.7252166	13
81911	23	8798.794255	172
81921	33	12448.35921	204
81851	185	68.73249811	2
81881	91	1291.367201	23
81867	265	29.68261104	2
81856	120	10.28553954	1
81912	181	6754.099298	133
81863	23	65.54400245	6
81882	0	12369.79662	170
81873	101	116.8688449	2
81909	258	5828.997687	130
81921	60	7644.146426	157
81902	26	3505.08263	65
81868	239	22.49710312	1
81889	179	3516.000467	57
81855	45	79.66208604	2
81915	122	7447.232991	136
81901	150	21087.11116	444
81910	194	7643.448698	156
81900	47	8163.512121	138
81850	101	192.3222838	3
81850	179	129.667501	11
81923	240	2304.770129	44
81921	2	8289.431689	161
81921	212	6933.822712	145
81894	143	9881.054432	194
81850	250	22.28594297	2
81913	147	7198.009255	140
81857	264	30.17499377	2
81908	237	7101.364374	154
81921	230	6930.025386	126
81861	0	18.95729188	1
81896	124	33.77679123	3
81889	81	2088.17652	36
81925	267	238.5313769	8
81923	268	3369.532639	68
81902	253	2772.514535	76
81925	200	538.7237219	14
81894	77	11393.37012	172
81917	208	3148.92389	68
81918	31	7395.146898	151
81852	12	10.95823957	1
81911	186	8117.015673	159
81923	148	1848.217612	59
81863	164	10.08647489	1
81880	83	133.6209914	10
81884	73	5822.505175	95
81908	122	8449.193381	160
81893	197	1032.685518	22
81873	133	33.41849435	3
81901	156	23204.39471	486
81912	158	6246.550044	140
81893	86	1183.29247	21
81876	79	14.84663001	1
81908	86	9846.630238	164
81853	107	48.53036853	1
81914	71	5849.446729	134
81852	106	100.9995261	2
81874	185	11.49919807	1
81855	220	63.23526839	1
81866	109	10.06053211	1
81871	117	25.07754006	2
81922	141	11998.13021	259
81903	260	37.78503801	1
81875	130	11.63833703	1
81908	42	7875.418618	159
81895	137	10691.89793	177
81884	39	4768.595081	101
81918	14	8874.511189	182
81909	99	10603.61068	163
81924	264	54.32633406	1
81892	250	25.81424522	1
81890	117	122.6574858	2
81903	129	41.05856162	2
81913	224	6338.631139	123
81867	270	73.23571008	2
81909	158	6570.039528	139
81891	199	10.07852276	1
81912	88	7740.305246	120
81849	120	10.51262137	1
81918	68	8695.442167	166
81921	132	7450.217261	145
81921	206	13982.61252	196
81923	27	6555.784126	103
81925	96	279.732193	8
81909	105	6088.932153	118
81900	160	7048.625475	147
81889	37	2338.170238	40
81920	242	5324.918644	117
81911	243	6574.993273	132
81871	2	108.7926501	1
81890	267	83.82577177	1
81882	162	10026.29077	180
81879	90	14.31069273	1
81914	43	7746.033415	150
81921	270	7397.25322	141
81918	93	9699.091626	168
81925	151	735.7306585	14
81914	194	8302.591791	170
81915	27	11062.92202	190
81892	48	24.43859811	2
81906	38	6522.392151	137
81879	248	15.37881778	1
81911	145	8068.256722	173
81866	207	13.40122715	1
81900	230	6649.327845	126
81900	57	5208.646458	108
81902	218	2337.803977	46
81881	127	2189.342578	37
81905	196	57.13839806	1
81919	166	4771.937423	82
81907	83	11306.51409	176
81902	144	5236.191491	100
81907	91	6071.119239	132
81895	78	11086.58248	183
81871	56	10.99818892	1
81885	30	16.62473709	1
81925	2	317.995553	6
81865	91	11.3562419	1
81892	12	16.31572354	1
81909	214	7375.2292	131
81907	11	9894.210974	179
81863	153	10.48214288	1
81889	59	1307.16301	29
81849	64	15.86163974	1
81851	23	32.46228316	3
81865	13	80.0942761	4
81923	50	2820.896199	54
81915	124	6497.753789	134
81889	127	1705.678819	33
81873	127	13.45228804	1
81894	264	8674.200324	147
81881	77	2033.065677	39
81893	229	720.0206262	16
81885	31	31.13310385	3
81913	149	7731.07567	157
81856	267	12.50243062	1
81851	155	44.03420794	1
81853	201	35.840683	2
81891	94	40.52542031	3
81875	267	12.63517425	1
81880	230	33.12332822	2
81869	205	10.14920486	1
81885	122	29.41936539	2
81916	196	54.6069369	1
81898	258	36.31100691	3
81880	204	64.43808414	1
81894	233	15810.44208	211
81919	240	4036.77746	81
81879	96	240.281431	3
81923	176	4084.479427	71
81873	33	38.05225816	3
81906	161	8555.160095	173
81857	0	11.41639415	1
81923	126	2681.319035	51
81899	123	466.8048852	12
81917	133	5249.095892	89
81851	175	15.76650404	1
81896	69	79.53651572	6
81872	257	18.62209551	1
81851	147	50.0145701	2
81890	93	51.095933	3
81869	215	27.35357285	1
81866	181	40.47884516	1
81917	217	3660.163545	72
81867	190	21.86745111	2
81919	235	2894.381816	64
81895	22	8881.377604	177
81901	78	27192.67917	450
81884	1	5594.115811	92
81866	210	10.97594736	1
81907	191	7987.107628	173
81881	117	2155.113792	30
81858	132	31.17999505	2
81900	72	7846.648473	129
81881	247	1515.201745	28
81894	177	9468.122055	151
81912	18	8308.864958	137
81924	27	10.12776988	1
81881	263	912.9542415	20
81881	12	2001.378997	39
81870	32	11.05830581	1
81864	210	13.19746146	1
81910	262	7118.946781	157
81912	64	6050.768924	114
81859	127	66.17499173	3
81889	6	1824.732076	30
81882	81	7100.802663	129
81894	76	10728.88808	182
81896	12	49.01498735	3
81852	32	16.12022473	1
81901	245	25533.9431	480
81914	87	9969.233822	168
81923	252	2438.396819	57
81895	242	6786.568806	132
81862	79	109.7178135	1
81875	24	44.22696994	2
81923	143	2716.918654	64
81911	117	7028.272585	132
81868	133	128.2904678	3
81921	7	7807.577187	164
81894	8	14259.45749	193
81893	210	1084.59118	21
81856	255	104.9746747	2
81922	164	10182.12172	203
81850	9	40.87630013	1
81856	117	10.78581242	1
81881	47	1978.411178	39
81921	244	5823.793527	129
81881	2	2540.282886	44
81920	192	8062.062056	158
81916	120	129.7598803	3
81923	163	2998.836822	62
81896	246	22.8199256	2
81897	69	185.5574492	15
81881	233	2504.582847	37
81883	153	7129.551719	141
81921	203	8900.908986	167
81860	6	30.13380719	2
81852	133	85.57702242	3
81923	133	2408.912558	49
81885	254	21.0564256	2
81909	221	7959.446298	133
81909	130	7067.9151	136
81913	143	6315.284752	138
81909	179	13921.27785	218
81908	11	10464.00373	177
81889	72	2188.715488	33
81912	209	7504.825124	124
81854	46	15.06264287	1
81908	229	6860.503308	135
81923	70	2096.598868	47
81900	99	7838.263389	129
81910	208	8268.054105	158
81898	259	43.4566122	3
81919	184	4340.131765	91
81884	180	3471.239004	71
81900	217	7952.183493	135
81916	236	307.9705704	6
81900	243	8087.885976	138
81921	271	5515.223603	113
81923	223	2980.377375	57
81895	93	12444.63289	178
81849	199	12.88753596	1
81850	5	1090.830442	99
81921	245	6412.151864	125
81897	0	387.8116746	6
81890	6	40.80833112	2
81906	81	7285.434509	135
81917	151	5180.089107	101
81869	58	29.25221651	1
81875	137	10.45716681	1
81877	112	26.21186914	1
81905	16	70.19374734	1
81910	83	11611.26968	170
81876	217	75.42900047	1
81918	69	12745.45864	171
81884	42	4348.179077	79
81909	140	9178.880425	145
81922	160	10156.3032	253
81902	23	6838.566047	132
81873	129	47.39178711	2
81925	107	474.1060489	9
81920	227	8107.628764	163
81862	97	44.34912176	4
81879	135	48.20480265	3
81884	187	3408.832599	69
81853	260	81.96423764	5
81918	115	7255.34307	143
81863	54	14.60742616	1
81906	153	7724.598605	164
81881	55	2860.007493	40
81915	260	11242.83628	177
81914	184	8112.393589	160
81894	54	9338.513627	164
81920	116	5546.254256	112
81890	83	102.3634167	6
81894	86	10603.26512	158
81859	193	264.2667906	18
81884	143	3779.069208	83
81912	27	12093.5851	178
81915	213	6904.749371	147
81866	193	247.5595916	22
81923	120	3052.712721	57
81902	123	5403.333454	83
81849	225	59.88341663	1
81911	216	7107.240038	147
81876	174	21.00627408	1
81913	59	6268.946999	120
81893	143	997.5330527	23
81922	12	14460.38385	242
81921	126	7229.2777	154
81922	183	10629.35886	242
81905	178	102.4719629	2
81859	159	18.76242361	1
81895	9	8701.318047	159
81890	61	10.40584056	1
81910	28	9470.093365	170
81853	26	10.69818253	1
81906	105	7947.68507	148
81920	137	9256.65869	145
81865	9	31.05186929	1
81857	37	31.34198835	3
81908	207	7583.112321	140
81919	206	8647.096977	101
81892	209	42.66014566	2
81876	3	10.04699124	1
81872	20	23.25045513	1
81900	174	7090.502301	168
81867	261	19.90814126	1
81913	255	5566.37891	122
81876	223	75.06466608	2
81906	238	6961.658876	146
81882	236	8383.870459	153
81880	8	50.31699924	2
81890	155	33.22905044	1
81900	179	11006.19113	201
81861	120	54.23587064	2
81868	27	100.1222432	9
81893	215	920.1236724	17
81876	14	15.09427625	1
81857	223	58.66388184	2
81881	22	1493.157025	32
81872	138	10.09733779	1
81860	230	10.72646858	1
81914	65	8466.047648	175
81907	115	5452.453776	110
81850	147	29.01870091	1
81875	49	14.02187246	1
81849	229	39.59291552	1
81882	57	7889.071952	139
81889	94	1379.137365	18
81904	221	13.34197529	1
81868	20	15.19316417	1
81919	124	2767.327819	50
81884	263	4022.020941	74
81864	122	10.26975429	1
81880	246	10.60815574	1
81918	65	8007.293859	151
81923	15	3362.938109	69
81911	89	7814.576554	153
81923	71	2234.55967	56
81893	214	1369.920184	25
81920	123	11509.00915	156
81916	92	100.4922651	2
81908	16	7395.873166	156
81874	249	67.68585198	6
81912	193	11946.7493	166
81855	164	22.26547339	1
81883	93	12300.2965	159
81906	188	4871.634434	116
81918	125	5371.545822	127
81921	134	10812.65626	174
81891	3	45.24816032	3
81913	46	7956.79823	139
81911	149	7118.558411	166
81850	221	14.47761575	1
81921	174	6510.423331	144
81917	269	3781.931414	78
81894	128	8573.410349	159
81922	148	9524.450531	232
81896	56	268.2111977	3
81912	151	7450.334951	142
81881	221	1557.071887	32
81902	180	2235.833104	42
81901	15	22337.36641	441
81925	202	244.1795838	6
81867	254	14.67443399	1
81921	210	9991.519048	175
81854	106	39.05223898	3
81916	137	224.6336249	7
81894	83	14963.91436	214
81919	174	3951.006386	89
81853	91	57.83813818	3
81883	35	9786.188104	174
81912	235	5097.218638	109
81890	151	65.05065785	4
81902	2	3309.806763	75
81921	263	8012.652207	164
81919	214	4437.942707	76
81913	271	4884.477722	87
81883	17	10340.87728	167
81909	39	6472.462747	141
81879	58	41.43381251	1
81874	165	43.68170907	1
81905	197	49.91648596	3
81889	161	2204.533618	42
81916	141	172.8478937	4
81861	122	37.26743754	1
81918	85	8129.252197	139
81919	8	5073.656608	84
81919	199	3736.155283	77
81921	94	9208.087652	173
81906	118	5253.854645	130
81912	19	5750.4885	128
81859	16	11.02629461	1
81874	46	164.1740322	1
81919	33	5894.896895	109
81918	128	6585.681809	136
81864	71	19.66535551	1
81903	245	90.32076317	1
81901	231	22708.70006	444
81902	160	3499.823333	75
81910	226	6535.127693	140
81899	140	75.8577786	3
81916	204	38691.12356	3434
81915	18	9326.460124	157
81881	34	1603.043855	27
81874	172	10.7432851	1
81893	56	1238.268514	21
81875	238	37.05378488	2
81904	226	10.11884802	1
81923	186	2913.844176	58
81922	86	13628.70143	241
81897	68	100.0902813	9
81910	158	6962.770194	138
81913	11	8224.645059	153
81903	128	13.08880272	1
81859	172	36.24068935	1
81876	218	114.7784954	1
81882	168	7093.125454	150
81911	252	6637.424275	128
81894	92	7117.807602	148
81889	247	1365.728326	29
81883	2	11275.25773	193
81855	65	12.73589596	1
81865	216	14.9718022	1
81916	154	208.7456644	4
81905	152	31.9635466	1
81918	49	8643.501574	182
81881	136	1627.282391	31
81866	213	10.62556447	1
81892	54	26.51335078	1
81913	53	7570.792649	152
81918	95	8553.396502	144
81855	105	10.03769648	1
81909	79	6597.76042	128
81908	22	7504.10384	168
81921	143	10247.33971	210
81918	180	8990.680256	178
81907	106	8052.873937	153
81901	31	28239.74951	507
81865	183	12.88787588	1
81909	110	14907.1703	200
81883	28	10789.2501	189
81883	250	8894.358295	154
81867	51	161.5240161	2
81909	173	7709.228001	156
81882	111	8407.963518	143
81908	76	9489.621385	166
81853	233	70.44826237	6
81914	174	7696.531784	182
81892	104	11.87163148	1
81880	235	162.0102393	1
81920	138	6127.006155	114
81891	83	163.9160358	8
81894	220	8958.42561	157
81925	35	314.8006034	7
81890	193	170.7059998	14
81919	167	4707.152841	83
81910	166	9977.526808	209
81863	188	10.86113528	1
81891	223	49.02379173	2
81885	221	25.72633006	2
81906	171	8899.783882	165
81866	4	13.6983994	1
81915	197	7420.346507	166
81904	126	131.1120199	2
81849	23	22.10118205	2
81902	100	3474.484361	63
81906	233	14859.21352	216
81882	9	6720.426044	152
81850	249	10.32495825	1
81909	263	6962.7337	138
81915	151	8837.356299	168
81925	261	603.1384832	10
81923	204	42995.8592	3482
81891	110	84.05443035	7
81923	214	3196.691767	57
81915	115	7468.179014	157
81903	168	25.25304079	1
81897	178	134.0773768	3
81850	25	18.83201866	1
81913	31	7296.599792	146
81902	109	4187.228626	80
81906	206	12885.19629	201
81909	104	7373.240921	136
81876	266	124.8638301	1
81918	132	7890.201008	140
81919	89	4290.923498	78
81850	200	10.2078831	1
81912	162	7545.082772	142
81868	33	284.5140688	2
81871	270	11.91704215	1
81854	5	1772.832048	161
81916	182	208.7930495	6
81915	87	7857.862477	146
81918	86	8458.767067	140
81895	214	10657.50857	170
81919	35	3473.577708	75
81859	91	57.21979335	1
81918	38	7163.635691	153
81900	63	5563.913304	114
81911	172	8198.073014	154
81919	153	4356.751327	87
81891	55	376.3042148	18
81882	44	8701.422358	163
81912	249	7836.053605	148
81909	62	6315.765027	120
81912	52	6505.188525	125
81881	157	1259.924424	29
81857	162	42.30692683	1
81894	247	8545.662704	155
81889	192	2182.766566	38
81906	106	7736.140933	151
81879	119	94.04552483	3
81874	92	10.0467116	1
81863	240	89.02776851	1
81881	58	1908.369019	32
81889	250	1295.600917	29
81893	165	1565.949212	21
81859	57	63.81044554	1
81899	221	88.51002998	6
81877	85	10.14994281	1
81905	177	19.75600857	1
81912	4	8833.835998	139
81902	245	3468.870032	55
81914	148	8146.917156	176
81895	73	9652.340005	168
81881	211	1205.393569	28
81910	123	11079.93148	171
81893	246	1699.094223	24
81922	132	9084.490038	184
81891	132	22.54829271	1
81923	170	3254.985681	72
81917	85	4372.938353	80
81894	74	9273.206468	174
81876	0	24.82950693	2
81860	129	10.43319618	1
81862	73	34.00306183	3
81883	208	7632.26227	140
81918	133	7711.528388	153
81902	17	4310.56499	85
81852	151	22.87052418	2
81917	229	3453.185639	66
81909	108	8040.404899	150
81849	87	62.36142134	3
81852	193	153.7212062	13
81897	91	68.90237487	3
81891	204	44.31116508	4
81884	253	4124.507334	70
81915	258	6384.972054	134
81915	183	7488.599951	162
81857	32	11.5341209	1
81856	265	90.56042435	4
81884	56	4408.53812	76
81914	198	6660.150295	142
81908	56	8658.497088	170
81913	179	11857.01613	197
81915	162	7871.936321	166
81924	112	21.0475237	1
81905	232	27.68631795	2
81893	151	1254.258362	21
81923	112	1710.764265	40
81909	165	8261.007991	149
81884	101	6673.928356	105
81865	209	52.01216201	1
81866	37	11.27206406	1
81914	24	7829.974462	173
81912	15	4795.444147	97
81907	190	7997.731956	159
81917	48	4385.663026	88
81901	265	23169.84038	462
81914	216	8187.136101	164
81905	206	56.60116226	4
81879	179	173.8775447	14
81895	143	8834.0294	163
81859	110	46.10859069	3
81881	224	1160.155769	27
81894	30	10875.63889	172
81909	199	9001.884583	154
81889	237	2022.732995	34
81882	271	6817.86048	128
81911	228	6859.966367	140
81884	233	7853.54652	119
81910	206	14896.60143	201
81876	42	113.0473854	1
81859	157	11.69945811	1
81907	82	7261.089425	151
81895	23	15060.79002	248
81891	4	10.8886212	1
81910	191	5880.114516	150
81910	182	7350.729718	151
81903	240	12.63258123	1
81906	113	7873.359305	153
81907	1	11075.64447	206
81849	97	44.54407344	4
81883	7	7821.682322	160
81914	18	7846.805935	161
81909	249	6266.097762	140
81857	94	72.20456379	1
81879	249	28.86104974	2
81859	84	18.32227496	1
81916	117	142.3472007	4
81913	220	5877.583809	115
81912	12	8352.095739	136
81866	85	124.1287336	1
81894	96	10461.39161	156
81882	169	8136.566091	146
81895	44	9901.197741	178
81889	251	1348.272408	25
81850	125	12.78951921	1
81901	253	17320.15145	387
81871	221	14.23074226	1
81875	41	10.13862978	1
81861	148	18.99759712	1
81855	70	11.41660147	1
81903	167	12.15790092	1
81917	18	4969.370064	98
81921	91	7462.955027	143
81889	145	1721.95545	35
81856	179	197.9748228	17
81874	266	11.32873094	1
81915	47	6559.691598	137
81917	241	3943.992726	77
81901	61	30610.47907	522
81918	153	8326.598542	180
81925	52	326.905907	6
81912	58	7074.001414	141
81889	194	1169.053334	22
81900	87	7569.690543	132
81894	229	8373.116163	153
81857	140	95.64560937	3
81884	16	3994.851912	74
81853	86	69.59992722	3
81909	231	6961.158491	136
81882	30	10314.41969	176
81909	113	6469.126096	128
81890	33	42.73203738	3
81889	99	2073.898726	34
81900	89	7388.349141	132
81890	72	10.4393399	1
81922	119	11600.3644	203
81896	205	32.7232806	3
81870	36	48.43533495	2
81925	65	560.3796783	9
81916	8	164.276693	3
81896	242	46.54633161	3
81894	173	9762.42771	168
81871	205	21.05512862	2
81915	108	7259.028687	146
81861	110	38.74728051	3
81911	175	6119.142614	137
81870	216	12.25366619	1
81907	114	7464.593165	135
81908	213	8105.714011	164
81919	155	4178.379225	79
81867	78	10.38029058	1
81896	66	35.97846962	1
81858	94	19.07053629	1
81917	248	4147.017237	79
81908	31	7107.427187	140
81894	238	7819.196413	151
81872	179	180.4531445	17
81907	149	7600.925307	175
81906	69	11495.88797	178
81924	45	20.33636021	1
81925	248	395.8148309	9
81916	132	148.0181477	3
81917	210	5118.962339	88
81861	150	114.1784057	1
81902	212	3970.168816	80
81879	180	10.57396618	1
81895	158	8126.893345	173
81918	45	12956.7707	191
81854	180	14.98181834	1
81922	7	9834.238469	237
81852	264	29.01750474	2
81870	207	13.10712588	1
81899	82	95.98260462	6
81863	229	12.2278944	1
81911	126	7940.341256	158
81899	83	138.5875109	12
81908	157	8156.145578	177
81919	178	4782.082571	100
81911	52	6840.215268	147
81905	176	20.12337209	1
81902	187	2710.126743	65
81894	179	14975.0828	232
81856	121	72.36515979	4
81910	230	7841.626969	147
81925	50	554.7878727	13
81853	90	60.76700966	2
81862	18	25.94715897	2
81923	266	2979.003462	57
81912	161	7447.227722	152
81918	67	6897.568397	148
81923	237	2630.302996	55
81861	109	77.31766209	1
81873	8	22.82969118	2
81861	193	89.12133983	8
81901	113	21174.43757	390
81918	221	8201.256998	156
81921	3	10242.48314	174
81872	101	33.11242347	3
81910	31	7893.641115	149
81889	66	1470.685252	29
81905	157	26.4762209	1
81915	225	7289.84903	151
81893	188	838.2627378	19
81864	26	119.1699425	3
81849	126	12.61723012	1
81922	206	19084.09502	261
81893	73	1590.582015	26
81905	187	184.8217469	3
81855	51	128.3777026	1
81858	186	117.2362945	3
81851	0	109.9179871	3
81873	104	22.04662847	1
81925	266	461.9849034	6
81897	233	70.25741238	6
81856	32	10.67529064	1
81917	227	3846.332627	76
81867	128	44.72768708	2
81896	37	33.60365522	2
81875	12	107.9843569	1
81890	255	13.26228281	1
81906	229	7348.248729	157
81854	140	60.25276718	4
81857	129	73.18506463	1
81903	177	24.64665464	1
81865	74	31.53147109	1
81913	262	5559.810593	130
81899	254	304.3878558	6
81901	264	22721.35158	420
81925	132	237.7549794	9
81901	241	21494.9809	414
81889	114	2464.966872	34
81901	142	32213.50454	582
81902	184	3294.128307	69
81852	110	43.10229018	3
81880	170	12.43988228	1
81923	111	3301.822436	64
81916	164	429.1071299	8
81917	56	4731.392856	85
81851	264	143.7519328	3
81910	260	13063.22324	192
81884	102	3793.734346	83
81900	22	7680.786669	156
81923	84	2903.68978	60
81902	131	2940.352936	58
81879	69	143.5301019	13
81912	11	8774.795883	140
81855	72	12.76202731	1
81889	146	1453.150382	31
81872	39	29.93461576	1
81910	21	7419.694676	153
81925	195	421.4872537	10
81913	47	6013.627552	121
81917	179	8597.608155	132
81853	257	12.35654097	1
81850	45	125.1932387	2
81905	259	203.5638479	3
81862	162	45.28447341	2
81905	48	19.38680235	1
81918	238	8069.114953	151
81918	161	7229.639704	165
81920	108	5805.82033	126
81912	199	6463.474028	126
81919	100	4048.522004	76
81902	82	4797.155761	85
81919	211	3756.375211	79
81899	212	31.14925224	3
81856	154	18.70314042	1
81885	21	51.36984237	2
81851	52	106.7436384	2
81866	153	13.1779808	1
81894	169	9640.333332	185
81860	169	12.40775007	1
81923	82	3809.935069	70
81860	14	15.26632958	1
81865	99	30.12547216	1
81912	56	8066.442826	149
81878	97	101.7913651	5
81925	212	305.0906656	7
81889	45	2517.995965	41
81912	225	6718.21925	122
81874	167	22.86772323	1
81861	233	44.92033517	4
81882	101	12193.85597	178
81879	147	11.24943238	1
81893	7	732.0025964	15
81912	100	6236.937238	119
81909	37	9423.157999	155
81916	259	136.7150445	5
81893	223	1228.633165	29
81854	4	11.74760549	1
81923	118	2274.460465	54
81868	87	33.50060853	3
81876	71	105.9250088	2
81922	139	6861.060246	148
81918	122	8844.705146	156
81894	209	7851.102821	148
81871	126	32.12580049	1
81908	201	7838.914928	153
81895	144	9204.216761	184
81912	54	8178.984568	148
81881	264	1460.499427	22
81891	154	22.51391901	1
81910	148	8443.906902	168
81920	30	7039.76914	130
81914	83	11438.83258	186
81910	222	6719.381257	133
81892	2	40.4423357	2
81905	175	52.33833558	2
81900	148	8194.281585	156
81925	173	355.9863597	9
81890	188	29.4659489	1
81901	87	28364.57551	486
81859	166	50.9289826	2
81913	246	9197.085513	157
81923	154	3192.304816	69
81893	262	892.0743258	19
81918	90	7320.504296	148
81920	231	7294.995695	128
81859	240	14.07859881	1
81898	137	81.51995892	3
81913	203	7595.626303	134
81921	234	6630.842926	140
81911	221	9056.441166	173
81852	48	14.51522354	1
81851	40	129.7699072	1
81884	34	4101.230792	76
81920	127	8238.780624	165
81870	40	51.78285734	3
81902	194	3404.4994	71
81883	130	7312.491612	135
81889	46	2489.940455	35
81895	25	9226.760987	160
81880	237	29.42190627	2
81909	41	10587.96968	169
81895	111	10912.67642	177
81908	63	8743.019257	168
81892	88	35.36677028	3
81882	231	8264.960169	168
81865	110	34.79863491	3
81907	169	9038.73097	175
81884	226	4192.829539	90
81921	61	8862.898448	152
81894	258	7892.792212	147
81884	218	4027.083025	84
81894	251	7751.23164	138
81850	201	13.07380226	1
81874	32	11.77645696	1
81889	182	1344.845424	23
81915	55	15733.80897	210
81898	50	129.1606132	6
81906	208	5818.222317	125
81907	189	6064.953918	152
81885	76	23.21183276	1
81909	144	8404.987885	169
81923	236	3763.82927	60
81919	229	3203.311291	66
81861	21	28.213809	1
81873	124	10.41428727	1
81925	58	575.417962	10
81911	214	9322.168008	157
81907	257	6161.507743	123
81918	146	9409.524651	205
81898	82	34.51478025	3
81849	246	10.42801874	1
81905	113	107.8050529	1
81904	149	48.1449357	2
81868	67	10.85181371	1
81921	139	6178.778051	106
81915	20	7637.664132	161
81872	270	26.6100847	1
81903	83	93.06516488	7
81881	109	705.2074357	13
81859	216	26.66320132	1
81904	231	14.43028722	1
81881	122	2065.395721	38
81857	84	88.41053784	1
81912	48	5599.173021	127
81910	75	11653.84679	179
81864	166	32.18208965	1
81919	230	3892.748305	81
81866	134	86.921248	3
81907	240	6635.615353	134
81922	83	12879.22871	240
81873	114	62.18878881	2
81861	53	83.07757416	1
81881	107	1646.885947	27
81895	57	11148.37583	197
81889	264	1744.919157	29
81863	271	25.23686044	1
81851	139	27.93395897	2
81922	54	12501.96086	219
81893	55	2136.51368	32
81870	95	32.77132406	2
81905	230	16.10329652	1
81900	39	7641.15123	144
81872	2	46.41509859	2
81894	68	8045.019959	156
81899	81	47.40302808	3
81916	212	48.92224662	2
81921	265	6482.224671	128
81872	152	85.87992126	2
81916	222	146.6661268	2
81857	39	15.56720254	1
81919	263	3190.716789	68
81870	211	38.19690165	1
81881	46	2304.066153	40
81921	150	7437.908627	148
81921	23	11812.44086	196
81885	169	27.84350078	1
81919	81	4642.906284	90
81866	13	21.25878531	2
81892	82	10.64524116	1
81884	2	4547.566789	84
81860	30	10.48849745	1
81869	170	34.96743157	2
81917	214	4877.570059	94
81874	271	11.31989257	1
81865	153	58.79136071	2
81917	249	3150.345478	65
81906	252	8253.556222	152
81919	36	4200.436421	79
81864	119	91.2350471	2
81907	201	7054.406054	145
81899	118	253.4343633	3
81889	143	1571.012297	29
81885	104	50.9251847	2
81910	19	5904.703521	137
81913	44	9032.69951	174
81923	95	3014.045301	58
81895	14	9135.913277	158
81915	207	6327.494005	143
81882	214	9056.825035	140
81909	134	8891.481447	142
81907	78	9238.010461	155
81923	24	3534.849114	70
81900	78	8277.544089	138
81902	238	3284.358339	71
81874	251	12.75047785	1
81910	52	7617.910347	150
81911	107	7936.718129	150
81881	126	1426.510894	30
81889	79	1872.634613	32
81901	70	21002.65205	462
81923	6	4375.951711	81
81881	238	1367.387476	28
81893	70	1213.608331	25
81922	44	11465.16224	229
81915	193	13909.18132	183
81907	46	11129.65556	181
81895	153	9748.515788	183
81921	101	10376.9881	172
81923	3	5270.537224	83
81908	115	7268.624095	135
81860	76	129.6725999	1
81874	56	17.48462861	1
81882	68	8679.430902	150
81900	106	7274.361384	147
81852	254	46.21771403	2
81872	76	10.92884914	1
81861	8	18.83575465	1
81908	224	6823.941534	143
81890	259	10.58325402	1
81861	69	82.72327995	7
81858	153	10.87374246	1
81912	57	7626.761867	140
81882	64	10719.39269	190
81865	97	183.1351784	7
81867	15	19.27834528	1
81860	110	107.0834968	5
81882	227	9243.711536	147
81884	131	4456.790234	82
81891	52	19.67524843	1
81896	83	163.0492096	13
81851	33	34.19901169	1
81893	24	872.2291634	17
81883	267	6388.995356	134
81913	165	8195.368413	148
81884	225	4182.217975	80
81896	213	54.29660719	4
81892	59	17.09356586	1
81901	242	13626.00507	336
81916	29	256.2039271	5
81911	104	6939.241083	125
81913	240	6985.500431	140
81855	171	11.32411943	1
81909	97	14458.06884	171
81851	214	10.07009343	1
81917	224	3722.292537	74
81912	147	6834.067092	133
81916	56	139.8186116	3
81860	31	73.02254521	3
81861	153	86.51795912	1
81912	240	6134.520978	124
81922	234	11518.98775	235
81922	41	19822.72231	296
81921	226	6474.159987	141
81912	155	5156.958464	109
81918	114	8898.387771	148
81883	12	12985.83997	186
81869	180	27.60889334	1
81906	164	9680.982502	185
81885	58	51.54167141	1
81880	117	119.3783784	1
81919	243	3756.902342	69
81893	133	1259.073083	24
81896	0	56.58087636	3
81889	255	1320.07374	28
81910	73	9349.681363	156
81909	227	6775.51567	126
81922	103	13008.56945	248
81901	71	14731.50579	342
81900	226	6486.07188	120
81910	244	6849.033665	130
81917	75	5245.500671	94
81914	146	7105.826185	160
81852	200	10.18034563	1
81879	31	10.90279748	1
81884	265	3297.117785	76
81851	24	11.08108532	1
81859	131	34.30442884	2
81922	269	9109.464683	185
81918	94	8872.969846	167
81915	131	8292.301188	164
81915	146	7081.102051	151
81908	28	10431.31404	177
81918	143	7950.599236	181
81863	76	10.92420894	1
81918	167	8072.81053	167
81854	114	10.34176211	1
81922	62	10349.47164	212
81883	125	4695.791197	116
81852	101	125.6864291	5
81890	160	75.8994574	1
81909	78	6715.510979	138
81900	62	5480.323677	120
81854	119	23.31671679	2
81895	11	12087.96325	198
81919	225	3732.890106	87
81869	236	58.16226021	2
81918	228	6526.140774	141
81873	173	10.26467338	1
81885	69	88.65978707	8
81883	48	10738.16926	205
81922	8	17644.14123	280
81893	153	1176.474744	23
81863	139	35.54097233	2
81895	59	9250.721738	151
81871	94	47.80279975	1
81890	162	189.8599688	3
81860	237	41.3151095	1
81913	182	6512.623537	130
81917	155	3720.12763	82
81923	78	4290.718109	75
81893	193	2605.357524	39
81889	177	2547.753632	42
81904	174	12.57184215	1
81871	255	29.77279872	1
81915	126	6509.29518	147
81923	158	2839.69585	64
81884	242	2632.518936	63
81862	55	74.37142089	6
81915	80	8786.140806	155
81881	155	1414.124165	29
81898	55	225.4529973	21
81863	133	15.86979977	1
81882	230	8179.683135	165
81856	115	11.70712277	1
81891	266	45.39812064	3
81917	253	4271.533737	75
81860	174	28.4410728	2
81895	116	9497.782419	164
81918	33	10732.13512	182
81904	83	157.6996636	5
81913	137	9477.150782	152
81883	174	5640.410623	128
81913	30	7763.622042	143
81870	83	203.3147095	8
81889	18	2300.442003	38
81919	172	4740.197222	98
81910	271	5584.022443	102
81912	77	8409.365884	142
81894	243	9455.0334	173
81909	213	6690.094612	131
81905	156	51.85107566	3
81860	88	55.00659011	2
81904	266	30.32485529	1
81856	145	17.2597071	1
81860	180	16.53308059	1
81893	198	984.2485482	18
81900	70	6997.432935	138
81855	56	116.8675937	1
81884	232	5929.8414	97
81899	6	161.4643379	9
81865	212	58.59987482	1
81898	197	58.08492543	3
81876	41	73.73360524	3
81889	242	749.6217856	21
81900	71	5147.962956	120
81892	20	40.62774933	2
81875	233	78.15573009	7
81907	125	5143.846164	122
81905	34	17.78648907	1
81865	73	12.63240259	1
81890	123	81.40581812	6
81910	47	6078.404798	138
81894	221	9417.611697	167
81874	220	12.80912486	1
81889	90	1267.640809	28
81915	141	10583.50711	207
81883	44	10638.36559	187
81893	268	580.8538485	13
81911	38	7517.239255	144
81883	265	6715.633932	150
81895	254	9521.224757	172
81909	206	11757.94624	171
81875	128	46.64867624	3
81875	129	33.10825694	3
81902	264	5737.456705	83
81882	69	10405.66275	161
81913	0	10106.41751	131
81890	194	14.39223525	1
81912	144	7161.874102	149
81856	21	10.33637567	1
81856	155	56.88291038	1
81913	33	8608.747045	158
81921	246	9814.613147	161
81894	7	7402.949438	157
81866	106	39.85255567	3
81874	104	11.3670078	1
81910	254	10332.43042	167
81859	209	101.0625807	1
81916	150	39.62029093	2
81893	74	1521.498027	24
81895	247	8164.301858	154
81910	196	8182.492448	146
81893	30	1121.345577	20
81865	243	66.26182412	2
81901	98	16585.11512	366
81900	153	8124.733794	159
81914	220	7859.548254	164
81921	248	8234.777344	169
81891	201	12.31182203	1
81890	96	25.28213107	2
81904	153	22.76620022	1
81863	20	11.72730766	1
81851	113	71.3261948	1
81908	106	7800.630832	154
81882	208	6397.753186	136
81873	12	10.00591942	1
81901	36	21926.98497	468
81866	88	33.49711464	3
81918	51	10621.62377	182
81884	20	4230.12821	77
81905	200	39.99376219	2
81895	251	8733.230188	166
81921	198	8512.599343	166
81919	12	5191.131659	87
81918	53	9874.815286	183
81916	94	300.324044	6
81905	224	24.11063894	1
81918	106	7400.019941	155
81925	12	914.8182813	18
81905	111	36.43687953	2
81895	192	8903.463678	172
81920	47	6687.71444	130
81908	159	7923.971566	168
81881	217	1815.338144	34
81899	258	351.5150652	6
81923	220	2823.345224	59
81904	250	24.44264032	2
81900	83	11171.15737	165
81855	28	12.94625888	1
81863	79	10.83652318	1
81922	176	11263.26614	239
81855	103	32.70756186	1
81911	17	9038.607938	168
81919	49	4334.493471	97
81890	120	111.7083762	1
81897	221	131.9874933	6
81894	17	11011.56888	187
81908	65	8837.450329	161
81879	80	26.38960628	2
81878	137	10.47437639	1
81923	76	3889.802226	71
81873	23	86.96247874	8
81871	37	31.25130666	3
81861	259	11.88475931	1
81868	122	68.5626637	4
81871	144	136.6945135	1
81876	193	101.2719462	9
81863	200	11.90904651	1
81880	7	41.87535795	1
81875	82	93.56621813	1
81906	84	6674.575435	138
81894	191	8236.690382	169
81917	163	4176.551536	88
81893	115	1248.696507	20
81920	16	6176.975179	129
81913	76	6680.095074	130
81857	267	25.97745619	1
81917	243	3035.031122	64
81910	63	6941.26453	141
81884	33	5346.182286	89
81903	135	11.75591794	1
81900	139	5592.776784	102
81866	219	11.53665101	1
81895	17	11228.80515	189
81901	187	20250.47974	429
81862	229	28.52335575	1
81913	205	6001.201069	128
81876	110	43.7879962	3
81862	41	28.28258194	2
81912	130	5629.771518	108
81923	194	3689.354622	65
81889	31	2211.845861	34
81880	253	46.88860968	2
81884	48	5602.048972	105
81878	221	63.2480188	2
81865	131	26.53096272	2
81921	69	11672.94321	178
81893	97	1687.963849	31
81881	41	2293.950884	38
81921	42	8226.287401	158
81924	156	14.36101992	1
81898	69	71.05781562	6
81922	153	13676.91624	305
81900	4	10703.05575	168
81906	270	5818.890946	120
81857	55	61.06858566	5
81909	203	7681.491485	140
81889	104	1716.544575	38
81882	1	12859.2205	209
81899	255	160.9619168	3
81883	222	7016.945766	135
81901	154	25053.39921	552
81913	1	10953.19833	180
81903	206	25.43709339	2
81899	117	383.3571375	3
81856	18	20.77178855	2
81898	268	105.5644248	3
81909	85	9761.623381	168
81919	34	4478.155512	86
81897	110	131.6293963	9
81852	149	119.758739	2
81921	131	8682.028322	158
81895	193	16735.77345	232
81915	239	6597.357287	135
81901	161	27656.14396	552
81858	147	18.4047154	1
81909	232	7675.498365	143
81907	242	4989.719942	121
81882	39	7593.290025	153
81919	139	3120.540758	60
81857	95	10.28588867	1
81910	131	8069.863796	138
81875	81	11.14570229	1
81866	143	45.7978492	2
81891	246	11.89439117	1
81919	23	7839.249159	134
81861	99	37.71239061	3
81883	232	9332.302395	167
81911	124	6449.674476	145
81925	6	898.0986392	10
81881	202	1519.830331	35
81917	263	3831.229176	73
81877	181	152.8954946	1
81883	209	8185.046259	144
81895	62	7966.631621	153
81908	146	7405.430728	163
81918	216	7989.903157	163
81909	162	7972.566561	150
81855	258	12.39492419	1
81857	240	22.67008713	1
81858	154	86.46500971	1
81850	245	31.51300467	1
81906	89	7260.825102	152
81867	105	35.50390568	1
81925	172	359.4257097	13
81918	184	7304.340585	140
81914	50	7095.856678	133
81883	185	9378.466696	174
81905	213	14.25445079	1
81899	116	385.0830486	3
81870	193	164.2241848	14
81856	221	11.27202202	1
81854	174	28.70407964	2
81922	55	19111.8909	306
81898	221	81.66250038	3
81883	201	8489.927503	171
81865	83	105.3269954	9
81885	223	10.47026095	1
81885	141	25.68695484	2
81859	41	10.77682794	1
81899	97	205.6867447	15
81881	52	1488.640601	31
81875	96	13.93397624	1
81863	238	14.45911955	1
81883	138	6935.963194	133
81911	130	6909.199703	137
81854	38	30.20801323	1
81902	236	3854.34046	54
81908	227	7365.763499	143
81877	78	146.5572118	1
81858	161	33.31922811	1
81879	216	25.6039924	1
81912	244	4869.832404	93
81914	79	6777.631209	147
81883	147	10616.8329	202
81919	82	4768.088367	89
81896	192	73.12949844	6
81907	200	8081.623102	158
81889	80	2401.553494	41
81908	81	7943.135899	155
81893	145	1650.905296	27
81871	254	51.81997565	1
81904	244	10.34140894	1
81867	37	46.34343454	4
81915	83	12125.15029	196
81900	73	7066.636758	138
81911	148	6774.978706	159
81902	199	4764.920572	81
81897	180	30.84906657	3
81921	127	10260.50534	177
81894	158	8882.013736	185
81862	103	163.606466	3
81890	254	65.36406113	2
81861	197	13.37975598	1
81918	26	10875.91029	180
81855	139	65.57131086	2
81889	252	1480.953925	26
81878	233	227.4714058	5
81889	54	2839.255675	48
81855	246	20.77222009	2
81858	107	17.77071966	1
81894	44	9040.220251	150
81877	57	10.66360381	1
81923	121	2836.186597	50
81897	97	150.8370528	12
81895	86	10840.29826	165
81861	1	70.32974317	1
81907	187	5721.914587	127
81919	119	4902.652868	85
81868	29	14.84375756	1
81849	213	13.20898444	1
81882	15	9497.095458	159
81872	10	10.00014994	1
81903	12	19.16247077	1
81915	165	8591.174713	163
81896	149	10.33592878	1
81900	233	13497.40176	192
81916	22	168.1837752	3
81913	10	8904.827968	178
81915	4	10080.09096	178
81849	125	11.82256277	1
81895	37	10539.99555	185
81858	258	49.87646822	1
81895	102	9105.798119	171
81864	168	23.50197041	1
81918	119	8800.105825	161
81893	194	1473.332669	27
81920	163	8977.212737	174
81895	119	8897.864054	152
81884	79	3518.173869	72
81900	215	7859.444187	138
81883	122	7861.944351	140
81918	258	5962.022839	121
81908	91	7250.431248	142
81884	125	2609.879136	63
81868	221	30.60706146	2
81899	248	32.13532941	3
81875	83	266.9512463	7
81906	138	6802.778277	142
81906	41	11492.37653	174
81858	57	11.50370291	1
81918	236	8865.351805	167
81906	136	7592.132579	144
81871	55	85.39994529	7
81903	108	14.22470316	1
81916	198	36.04708171	2
81889	246	1604.041025	34
81893	58	620.1589057	15
81883	52	6937.672002	133
81884	156	5135.08202	101
81852	38	18.64429554	1
81871	69	64.49520722	6
81916	87	157.1010538	5
81913	236	5704.758008	127
81889	53	2554.645004	42
81894	70	7521.164253	149
81878	220	26.51308331	1
81882	91	7719.920953	132
81871	70	28.47703135	1
81909	38	7421.295956	144
81910	82	8104.161323	153
81868	46	10.21786813	1
81849	233	209.3042176	10
81867	68	21.15966546	2
81885	248	11.47068625	1
81909	67	5731.236951	122
81908	226	8251.094318	159
81913	217	6161.02686	126
81889	263	1380.123635	22
81915	259	8153.967115	153
81923	205	2838.91337	67
81895	197	8844.758573	190
81908	109	8441.620577	153
81866	82	41.21210884	2
81895	35	10746.41983	188
81905	105	106.3071574	2
81883	164	9359.373761	174
81903	208	109.5025576	1
81910	147	9562.776137	193
81865	265	14.39914108	1
81855	58	19.44702713	1
81911	2	6185.536152	137
81863	210	29.90701392	2
81855	154	29.31190066	1
81894	27	18057.77993	236
81882	129	8434.941028	174
81895	269	8327.646849	169
81883	215	6889.80662	144
81919	63	3749.957452	75
81889	186	1195.310296	28
81907	65	8500.151651	165
81878	95	42.24401679	1
81924	261	10.26516623	1
81878	106	15.35492475	1
81893	34	634.5004134	16
81925	229	177.3003114	4
81881	118	1221.959947	34
81885	88	25.49919803	2
81872	222	10.83643863	1
81881	139	1214.846958	28
81867	104	109.6506623	2
81908	260	10914.38109	156
81912	180	5683.397532	124
81882	232	9998.709385	158
81907	151	9998.796227	195
81866	95	80.02462994	1
81891	90	25.80062922	1
81861	51	43.04028622	2
81907	175	8333.64754	178
81902	63	3498.288761	76
81895	19	8991.075517	160
81910	183	6804.683833	142
81912	148	5151.739178	109
81880	258	96.08947283	3
81853	87	26.3446974	2
81901	67	20809.50359	435
81908	74	9175.396892	169
81880	183	10.00334515	1
81908	130	6436.207313	134
81891	210	20.77059399	2
81907	85	8921.592525	164
81896	194	50.43848643	3
81919	260	6380.116832	83
81920	146	5702.94588	135
81913	131	7774.972777	129
81917	228	2875.848531	65
81885	97	93.12817867	8
81851	5	1312.918954	121
81874	193	185.957722	16
81872	26	18.84435796	1
81875	80	26.21044833	1
81917	223	4127.184601	80
81851	63	14.47722109	1
81911	95	7855.031532	133
81923	87	3450.273912	61
81925	262	322.2345884	6
81853	154	10.01457067	1
81925	249	390.2337895	9
81909	17	8446.634969	154
81875	176	33.75688829	1
81859	17	42.96268381	2
81856	233	119.6765978	11
81896	137	69.17303013	6
81922	81	10673.14612	231
81865	132	13.42896956	1
81920	224	6073.383614	124
81898	193	292.2676831	27
81889	189	1615.007564	35
81860	204	17.70726941	1
81892	113	10.52019645	1
81876	239	31.09786526	1
81893	180	606.1485718	14
81874	45	44.09884723	3
81870	143	15.49440773	1
81870	89	33.39966825	1
81884	185	3638.357944	78
81881	270	1440.40987	28
81916	37	49.135475	3
81922	87	13541.85696	246
81902	168	2732.539851	65
81899	244	158.9307099	6
81909	171	7392.675592	147
81882	118	6583.575969	151
81884	231	4777.222066	91
81866	265	16.55865138	1
81915	210	8640.877808	149
81919	134	3829.165272	75
81915	252	6165.57269	132
81912	270	5726.7204	111
81902	41	7034.186868	97
81864	101	56.10027328	5
81922	112	9889.635629	197
81850	197	10.8618006	1
81897	129	63.00873456	3
81916	98	89.39497722	2
81910	266	9444.381276	165
81907	122	7579.690146	143
81900	104	8800.954098	144
81901	4	32683.13548	534
81922	215	10241.63848	212
81867	7	40.61360408	1
81867	208	55.82816453	1
81901	35	26506.44848	480
81896	79	93.11188221	6
81890	115	26.27330708	1
81853	252	40.06541506	1
81867	5	10.46583014	1
81903	193	90.21271107	6
81871	147	131.2655163	1
81905	228	10.66658847	1
81911	13	12669.90562	177
81859	217	36.81903849	1
81925	41	1501.967447	19
81897	269	347.5056438	6
81916	50	28.23794253	2
81914	53	8335.353443	151
81921	38	7376.375963	153
81863	206	192.842949	17
81880	264	37.39927552	1
81916	180	94.56917644	4
81910	80	7727.483244	146
81882	82	8122.649597	142
81911	249	6492.220868	128
81925	33	439.2516241	9
81918	156	7342.276814	166
81912	186	4986.027804	109
81912	200	7466.823131	146
81898	12	189.9175558	3
81908	253	7150.137224	132
81879	206	305.7464733	27
81902	15	4833.439689	74
81852	196	44.30324802	1
81867	206	84.04234984	5
81919	218	3570.944594	70
81858	82	10.49017356	1
81915	212	7041.632665	145
81882	176	9369.129884	171
81866	27	30.92118171	3
81910	99	9354.232445	159
81894	185	8575.89949	168
81917	180	4531.272138	89
81879	37	42.33183928	4
81871	248	57.3103826	4
81863	190	14.90230674	1
81897	246	143.9846097	12
81871	4	45.01772183	2
81917	68	4184.992805	71
81899	259	679.4920242	12
81874	253	38.41199716	1
81920	248	6924.923397	139
81890	219	10.24930907	1
81911	220	6497.86694	135
81915	85	8725.753689	153
81872	127	11.08936037	1
81911	37	9574.663474	166
81850	189	37.4270797	1
81869	248	46.17605063	4
81891	190	38.66136672	1
81850	132	36.83957968	3
81883	73	7808.36016	145
81925	153	300.8678036	9
81914	224	6761.687461	147
81922	203	10544.48049	221
81865	135	115.1360316	2
81850	212	11.77152848	1
81911	136	7291.335503	139
81882	153	9364.126654	184
81900	5	10008.16754	174
81852	213	12.53934608	1
81919	152	3969.336477	86
81873	157	17.62411308	1
81884	205	3578.346598	80
81923	49	3850.307658	82
81865	33	11.19395997	1
81915	211	6439.375835	133
81851	45	26.8427183	2
81856	41	11.51661586	1
81911	110	11113.08355	161
81909	161	6762.478656	151
81868	141	11.0392239	1
81881	260	3254.566076	57
81902	38	2532.273105	60
81858	69	150.4164375	10
81900	19	6106.352949	135
81854	54	75.20635161	2
81870	144	14.25585814	1
81872	77	11.76825056	1
81872	213	47.36984292	1
81915	74	7821.986601	152
81884	158	4721.462975	92
81902	222	2410.215413	48
81868	54	10.03644958	1
81916	261	153.9971011	4
81910	98	5789.843075	123
81854	200	12.18956669	1
81880	82	14.90509022	1
81864	193	109.142363	9
81876	257	75.68729336	2
81899	120	56.85163326	3
81852	262	10.02029962	1
81858	197	10.64897894	1
81916	111	236.6100924	3
81911	245	6433.275069	135
81870	29	142.9358617	2
81849	134	28.13590118	2
81868	119	34.11505887	3
81924	34	25.71670236	1
81882	266	8138.414365	133
81913	70	5744.599941	129
81855	248	46.62623802	4
81858	3	12.50405964	1
81871	114	95.26364909	1
81919	47	3940.697937	76
81884	106	3821.594466	68
81854	24	23.43402694	1
81859	48	159.1718284	3
81922	135	11123.5105	220
81911	183	6314.83106	129
81884	200	5536.91007	107
81875	11	32.04136318	1
81889	140	1995.859591	33
81918	141	10677.9584	206
81853	74	18.8574497	1
81894	18	11394.16147	191
81852	130	164.4874809	3
81884	212	3056.245878	51
81892	122	10.20274171	1
81855	95	11.24280177	1
81889	236	1109.081054	30
81868	234	25.58058132	1
81897	70	76.15932879	3
81882	215	7627.397308	152
81883	22	7427.465957	141
81911	101	7906.947979	144
81867	57	10.58323726	1
81895	56	10999.48702	190
81849	218	10.74747352	1
81901	106	22932.19134	429
81915	187	5736.109017	132
81910	110	10996.18919	163
81859	86	38.64384322	1
81919	83	6234.324706	98
81869	128	79.45303263	2
81914	85	9942.400537	158
81851	103	91.18883162	1
81893	191	772.0775861	23
81867	122	26.26102559	2
81909	117	6823.798264	141
81867	4	11.23481631	1
81882	19	7260.422778	158
81857	121	30.24049212	2
81874	128	62.22140759	2
81911	100	7356.137272	141
81889	39	1873.848941	34
81867	114	67.24522456	3
81921	59	7889.820705	155
81879	233	60.00531998	5
81868	120	15.21088119	1
81902	167	4481.479322	79
81892	205	10.21990393	1
81919	186	3426.718926	80
81918	207	8432.450205	155
81924	18	11.23342609	1
81895	268	10392.81951	179
81896	164	46.9325616	3
81909	15	6048.147064	124
81891	11	11.92336166	1
81907	5	9586.8543	187
81890	97	187.3405053	8
81908	5	10679.60175	191
81917	185	3719.721108	78
81910	223	7821.205954	147
81884	161	4528.322337	90
81889	223	2198.276597	35
81908	177	7883.041336	151
81909	107	8575.296269	152
81876	206	147.8341925	8
81904	4	26.21596829	2
81907	101	9354.049803	166
81914	19	7118.165787	146
81912	114	6627.690599	112
81908	175	7428.520714	170
81852	119	10.03903973	1
81925	31	497.200353	11
81894	47	7790.556005	152
81916	65	116.6472171	1
81852	209	10.7324276	1
81860	154	11.77237248	1
81871	201	15.41896812	1
81908	148	6162.019017	149
81902	20	3603.787749	77
81901	205	19464.51474	426
81901	173	26813.2982	516
81875	36	11.51018521	1
81917	178	5262.219543	100
81918	62	6630.044786	144
81860	85	39.07582036	2
81906	263	6042.089065	127
81855	31	10.09823916	1
81906	241	6687.154994	140
81920	84	7096.108975	145
81911	265	5390.437675	122
81908	264	7720.040876	150
81852	186	13.85117604	1
81916	140	251.5756037	4
81880	23	31.68835817	3
81859	220	10.10452464	1
81893	111	857.1107775	18
81917	226	3724.496826	68
81902	116	3632.579329	56
81906	62	7117.300118	147
81853	143	13.5413563	1
81893	224	993.5069687	21
81923	110	4985.405453	77
81889	154	1418.330254	30
81858	213	14.40747814	1
81911	142	8357.675965	168
81911	233	13847.39985	198
81860	29	10.77686267	1
81875	113	33.97208114	2
81864	19	26.66616657	1
81860	107	10.17321548	1
81882	237	7477.677713	147
81851	250	26.14611672	2
81911	154	7361.437408	160
81900	149	8815.460787	153
81859	210	15.93852119	1
81905	75	131.0996753	1
81922	233	21059.02308	338
81862	69	133.9002542	8
81916	80	165.5101801	4
81917	100	3572.436978	69
81850	17	10.36463398	1
81894	21	9322.243079	181
81906	40	9631.446274	162
81916	61	165.5297329	2
81925	254	278.9982283	7
81899	16	252.6362587	6
81910	205	7060.484803	149
81870	254	10.80406306	1
81925	90	323.034966	6
81849	122	38.53185524	2
81911	168	7791.052436	176
81920	97	13439.42424	164
81851	124	10.36953779	1
81907	32	8156.580265	154
81918	151	9651.892437	180
81867	230	26.00914111	1
81873	224	15.52650272	1
81921	170	9491.362229	188
81849	227	12.61933705	1
81851	20	15.42976566	1
81894	31	10794.28172	185
81857	168	27.2725443	2
81919	29	4112.357397	79
81906	143	8550.388957	180
81911	27	13170.26989	193
81923	12	3854.151118	72
81919	6	4346.158161	74
81876	89	16.60487123	1
81901	140	24875.00696	399
81883	186	8934.361272	168
81915	26	8580.575359	156
81851	207	29.90823171	1
81862	59	15.00686129	1
81893	148	1159.227528	22
81918	187	6834.211752	142
81917	187	3616.873009	86
81900	37	8551.058085	150
81918	226	7560.42658	153
81872	55	177.3682679	11
81880	155	10.84953885	1
81884	4	3999.562682	64
81872	229	123.7699368	1
81851	127	41.92427841	3
81901	210	22718.34796	405
81913	104	7234.633228	135
81854	240	12.23850842	1
81849	174	10.27271068	1
81922	18	13908.95819	242
81912	10	8601.216625	168
81911	244	6037.978546	138
81875	196	54.68923203	1
81916	0	336.6605579	5
81871	58	10.04535453	1
81913	58	7277.238489	130
81880	37	31.98517823	3
81916	86	316.9464236	5
81903	101	20.67652864	2
81913	66	6464.462719	125
81908	245	7272.188965	139
81884	109	4523.590528	78
81920	22	7028.839431	142
81916	49	85.3243071	2
81861	119	49.67249525	1
81893	65	932.6656231	20
81911	87	10122.74246	173
81865	206	67.58237993	6
81874	0	55.1347644	5
81898	131	229.1749607	3
81918	18	9025.074598	155
81916	175	23.03432098	2
81865	214	10.62694619	1
81873	191	44.88392698	2
81925	257	300.5875429	7
81854	158	71.35920836	3
81871	137	22.41349796	2
81900	237	7041.262632	129
81866	233	135.5974648	11
81905	251	136.1793949	2
81882	63	9677.622426	180
81882	14	9063.573627	182
81920	140	5988.968237	119
81863	171	65.57156934	1
81916	52	115.3357963	2
81890	153	36.16763862	2
81863	218	14.58786375	1
81911	127	9474.798232	175
81924	260	57.4701919	2
81895	243	8741.316633	163
81862	251	49.16490499	1
81901	178	26844.09787	561
81881	10	2250.080585	45
81920	243	5980.693819	124
81893	234	1049.055706	27
81850	69	103.8955285	9
81914	91	6190.707803	130
81893	62	1035.114127	19
81911	112	8401.417523	155
81917	110	7479.24673	96
81898	222	70.84420506	6
81905	216	81.70404425	3
81868	110	53.25071629	5
81915	54	10650.10761	182
81916	93	291.3676777	4
81876	220	21.79070444	2
81916	149	195.5494013	5
81901	213	23011.18671	474
81914	46	9329.807617	162
81906	199	8065.228398	138
81863	167	17.67739129	1
81864	180	18.35000163	1
81856	101	20.77838224	2
81916	136	30.86883683	2
81862	260	152.5101094	6
81904	95	14.53104528	1
81914	27	11718.54147	181
81875	138	10.31072546	1
81894	164	8646.956535	170
81858	81	13.45815903	1
81891	184	10.52231449	1
81883	218	7046.938111	143
81919	141	5574.100564	111
81920	75	10359.85943	173
81916	78	204.2625128	4
81913	68	6863.30627	131
81907	249	6950.986816	144
81880	221	57.57424638	2
81860	189	15.61111128	1
81920	69	8666.55495	147
81893	130	1300.876229	20
81910	41	12299.09298	191
81878	23	33.96100975	3
81898	163	101.0352857	6
81911	150	7623.899553	170
81860	186	11.4169718	1
81909	186	6653.019115	145
81911	129	6558.557851	135
81876	61	11.13044276	1
81922	133	9439.838048	196
81922	161	11391.21902	253
81867	103	20.34376475	1
81866	155	21.77533975	2
81902	268	3219.561044	67
81906	22	8100.162117	149
81916	186	40.38097878	2
81922	89	11051.82075	235
81898	143	41.91056958	3
81904	124	25.07916549	2
81876	69	155.0873231	10
81881	112	1653.345322	30
81855	61	10.01013522	1
81924	20	15.4232666	1
81872	214	16.20409088	1
81864	23	134.6372035	5
81893	37	1294.999142	19
81901	129	23694.69287	480
81895	222	7858.316701	138
81909	76	8694.781801	148
81852	215	77.29483554	1
81894	5	12389.52484	208
81913	35	7258.75388	133
81911	164	7986.255589	167
81917	101	5564.945488	95
81882	246	9869.604702	168
81911	202	6397.718964	153
81873	122	33.66127214	2
81881	179	2428.464369	52
81924	185	12.34176318	1
81923	47	3268.120722	61
81860	104	56.14781347	2
81916	173	96.67797913	1
81909	195	5186.243418	110
81884	36	3694.972324	74
81860	78	148.2614052	1
81907	51	8033.697662	154
81889	15	1894.086769	36
81912	164	7088.49927	129
81894	239	9415.746176	159
81875	112	138.1296842	2
81851	39	97.89764561	1
81896	141	36.41726541	3
81908	155	9377.651338	194
81915	142	10879.33433	202
81895	261	9113.295359	163
81857	258	78.22000148	2
81905	114	160.7395436	2
81869	239	73.43772264	1
81912	218	5128.030095	102
81897	75	41.46913257	3
81922	129	9482.884422	194
81866	144	10.1275896	1
81922	5	16776.84396	283
81922	155	12650.09956	268
81856	209	26.48290763	1
81923	37	3963.555369	75
81898	29	31.40259585	3
81925	30	445.0537169	9
81861	5	643.7742587	57
81853	183	31.37349225	1
81872	133	13.538027	1
81864	204	12.69516265	1
81902	114	4492.810531	82
81867	72	12.53403579	1
81894	271	5450.53493	101
81889	243	1218.220876	25
81881	119	2372.241731	39
81859	55	163.7538139	14
81883	39	7802.860105	167
81909	68	7838.972847	145
81916	27	226.0235085	10
81894	123	12781.16232	202
81866	28	10.52567057	1
81910	72	9861.401369	161
81899	231	47.09592351	3
81849	207	23.21292815	1
81904	0	61.85718835	2
81901	222	17845.62748	348
81912	132	5085.69358	115
81869	245	24.16116371	1
81853	167	24.04130767	2
81921	111	8039.283219	144
81918	43	7204.319197	151
81910	212	6914.824295	136
81891	173	11.91781912	1
81921	19	7423.266105	158
81901	94	24636.48112	450
81916	217	45.81940297	2
81916	233	230.7809582	6
81896	8	34.25780648	1
81881	256	1948.923855	41
81863	232	10.79372226	1
81914	219	7837.41862	167
81890	73	21.95070632	2
81911	215	7957.796137	158
81917	6	4569.714101	76
81885	182	28.4659019	2
81922	63	10023.3451	229
81914	15	7806.62756	160
81919	30	4706.837442	87
81917	242	2488.676981	52
81883	194	8811.021112	165
81923	57	2371.953025	53
81922	173	11335.05464	239
81866	94	42.02482208	2
81916	15	15.03122459	1
81914	269	6668.022313	141
81864	214	61.48163064	1
81899	99	232.3296511	3
81907	220	6851.086497	135
81914	63	7020.33422	150
81924	212	13.41784246	1
81854	31	21.96900067	2
81906	132	8539.227746	156
81872	57	11.39489785	1
81868	210	11.04598733	1
81881	108	1233.393309	22
81909	35	6563.300856	126
81865	0	13.88275862	1
81922	228	9585.02071	205
81922	80	11230.37961	226
81850	252	11.58194373	1
81914	138	7769.739432	150
81904	218	44.31383149	1
81894	187	8183.774547	171
81867	139	59.32457279	1
81920	109	6684.60514	127
81917	160	3917.446545	87
81856	184	24.67285035	1
81860	193	147.7995101	12
81896	96	31.82500662	3
81853	255	16.61052434	1
81895	244	9018.421884	148
81850	68	80.2752985	1
81900	150	8129.559597	162
81915	107	8207.559504	160
81880	198	12.1431042	1
81854	246	35.96619097	3
81899	151	151.352031	3
81892	248	33.47893164	2
81898	8	67.88576538	6
81875	149	17.43912836	1
81917	120	4238.754661	66
81908	174	6647.37491	154
81856	235	20.00089035	1
81878	130	12.42382244	1
81882	268	6856.84782	137
81881	65	1186.380197	27
81907	168	8231.275991	179
81874	23	85.93610489	8
81866	55	101.0526795	9
81901	259	26523.44455	483
81914	94	7557.895435	147
81925	271	293.6990156	7
81920	265	7642.466344	144
81882	25	9123.730274	164
81861	82	10.66920181	1
81913	28	8947.805685	171
81914	215	7199.971881	143
81900	67	5616.169572	120
81858	99	161.8663509	2
81866	117	62.65431838	3
81907	133	6980.86856	126
81911	68	8269.885904	154
81900	88	8735.84628	156
81859	122	10.85568394	1
81896	204	11.25412172	1
81866	1	10.19923649	1
81869	176	59.90278274	2
81871	264	10.65750452	1
81897	4	41.12757831	3
81883	68	9848.064713	181
81868	77	56.86047976	2
81894	248	10602.6432	180
81899	15	32.00122089	3
81902	73	3025.789256	63
81889	170	1275.907391	24
81893	1	2561.27706	32
81920	200	7424.025684	134
81895	108	10490.78579	171
81906	63	6847.551619	142
81859	239	11.4449463	1
81883	4	12737.13691	183
81913	72	8280.856193	143
81885	70	26.1786806	2
81863	104	18.02349833	1
81911	22	5959.630769	133
81868	88	11.30485892	1
81853	118	14.10464734	1
81922	189	8565.022295	213
81881	115	1658.404124	29
81852	127	87.20414088	3
81891	185	21.76444801	2
81849	13	24.71282566	2
81920	210	7474.869747	132
81856	14	10.57856417	1
81884	40	6512.214169	109
81925	85	218.743685	5
81910	172	7777.442042	148
81858	84	68.00093597	1
81893	93	1315.136758	29
81905	106	32.61847175	1
81850	260	10.70423523	1
81910	160	6420.663994	151
81895	156	10470.38118	192
81858	95	19.29333632	1
81925	122	667.425811	12
81916	228	42.97971186	1
81910	113	7425.504084	152
81916	114	89.64757209	3
81907	238	8014.819801	152
81867	268	18.1338351	1
81881	133	1193.318469	24
81899	121	115.6584572	3
81865	242	10.27003816	1
81865	65	10.51090549	1
81900	214	10471.52381	159
81865	101	31.33892011	3
81897	191	32.23030146	3
81925	124	451.4537358	8
81858	219	81.55953263	2
81895	115	9322.474245	164
81858	104	47.5816162	3
81874	233	101.8474416	9
81903	76	57.73730882	2
81894	182	8021.437811	150
81878	165	67.459071	1
81913	161	5801.653409	131
81895	125	5805.174125	121
81907	153	8023.840199	172
81849	28	11.59179044	1
81916	221	85.47341651	3
81856	13	21.33864672	2
81920	18	8166.55403	140
81884	78	3843.944593	63
81897	229	84.27390876	3
81914	161	7185.526621	156
81921	192	8884.644581	178
81915	11	10030.66301	185
81901	74	25450.73481	471
81864	268	10.01994277	1
81908	217	7948.932609	165
81897	94	185.1399378	6
81890	13	55.44599037	5
81908	192	8548.515206	186
81917	15	3809.422112	80
81889	49	1562.117423	31
81853	170	14.23773741	1
81897	101	111.2704998	9
81908	196	6524.262639	134
81901	95	24037.88675	444
81923	17	4020.253308	77
81907	71	5497.975579	124
81881	199	1655.289458	35
81881	143	1192.854232	29
81892	211	17.36151342	1
81903	166	35.29270486	2
81884	52	3967.329829	80
81902	193	7162.716398	93
81883	66	6741.679467	136
81917	218	3685.820519	74
81907	63	7452.382226	143
81893	267	498.4812017	10
81902	209	4537.635041	81
81916	14	140.2352383	4
81914	33	10090.588	172
81916	161	78.49635748	2
81852	248	10.0093421	1
81907	267	6940.68851	157
81904	41	176.0994606	1
81857	79	21.02103596	2
81889	227	1984.376845	38
81851	140	12.8806961	1
81892	137	15.73049457	1
81907	268	6994.415538	147
81912	250	6100.200587	127
81917	10	4681.039676	102
81905	260	315.7718406	5
81906	257	6377.475078	122
81895	271	7418.110982	128
81910	229	7564.406428	162
81917	102	3435.105214	74
81919	75	6664.010709	91
81865	223	65.22788917	2
81858	190	21.78673771	2
81900	245	5326.610388	105
81856	118	13.19601479	1
81884	50	3723.859841	70
81854	22	35.67764063	1
81921	73	10085.61824	171
81906	239	6566.066074	149
81889	157	1484.292835	36
81897	33	66.9891663	3
81884	95	4391.219716	69
81901	102	21465.79562	444
81910	263	7249.789269	142
81860	68	11.54306642	1
81881	102	1572.772671	30
81912	257	5702.037944	121
81851	152	151.9932602	1
81878	58	27.42258217	1
81873	166	21.61481287	1
81882	155	8884.859798	176
81901	22	19242.85834	411
81883	226	8249.247407	171
81910	159	7690.38964	156
81912	66	4641.662274	96
81893	112	1152.831954	21
81910	132	5451.052012	116
81852	229	36.71807626	2
81858	60	39.5299143	2
81894	67	7737.565712	154
81856	37	34.20833148	3
81900	3	11263.48795	213
81900	194	8566.211046	135
81916	219	37.25928141	2
81864	135	29.72767	1
81911	218	5775.584969	121
81889	150	1861.569295	35
81905	168	22.52433868	1
81864	112	99.09395426	1
81917	132	3354.026324	68
81917	197	3636.333523	86
81922	50	9883.898116	183
81920	51	8936.232087	159
81907	98	6047.68424	135
81874	255	108.7620383	2
81922	113	10593.71354	203
81900	202	5718.181011	129
81916	216	163.4079847	4
81901	151	28092.00903	525
81857	123	47.54648385	4
81900	51	9328.934565	174
81894	168	9008.533482	169
81895	92	8923.251976	167
81874	102	28.66256477	2
81894	103	8847.893526	149
81870	166	11.20317964	1
81897	100	69.60860262	6
81909	137	9123.693328	145
81875	200	65.63678754	2
81850	116	47.94700184	2
81920	258	6854.743031	155
81859	139	11.48148679	1
81913	89	6715.165431	128
81911	14	7505.47951	164
81872	246	33.19507475	3
81913	69	10726.85046	154
81875	241	12.08264967	1
81853	23	46.53676069	4
81909	129	7325.689004	147
81875	62	32.88616546	2
81920	183	6734.469033	136
81907	156	7552.323864	186
81909	164	6542.591379	127
81874	138	49.0180707	1
81895	43	8554.566967	159
81882	38	8830.167681	169
81917	176	3900.525942	81
81894	244	8508.103541	152
81881	204	2231.917901	40
81917	28	5303.875039	97
81872	231	36.37558696	1
81880	137	41.38687446	3
81907	117	7644.147827	137
81919	114	4905.893486	82
81864	206	169.4984471	14
81893	220	1660.453855	27
81911	251	5996.174911	115
81872	228	33.42547102	2
81920	13	10068.93094	161
81902	126	4502.953185	80
81913	153	9840.486784	189
81866	130	14.99883235	1
81851	270	14.50986374	1
81889	169	1484.656168	28
81907	77	9853.598268	169
81922	105	9867.885196	202
81897	2	87.10174014	3
81869	135	35.98631838	2
81893	17	1395.091436	23
81868	247	26.38803984	2
81911	151	8112.661394	164
81870	38	66.39117451	1
81875	18	18.250262	1
81882	253	7588.141158	146
81906	141	10410.1153	198
81904	212	54.28359062	1
81915	184	6843.117679	157
81910	151	7702.687854	173
81858	266	30.12826989	2
81900	162	10169.61175	165
81869	251	26.2829361	1
81910	142	9188.374028	181
81893	36	1062.111055	22
81893	199	1085.458133	15
81907	23	9135.531063	175
81865	61	12.79379013	1
81914	49	6858.551226	160
81909	90	5633.278771	113
81923	8	4406.159847	75
81907	177	7488.650902	148
81915	143	8342.96075	183
81868	185	11.27846862	1
81915	222	6319.353045	124
81897	64	31.36338594	3
81911	263	6834.171681	135
81914	199	8045.517395	139
81900	124	7799.730162	153
81920	147	7518.760974	157
81861	118	25.77402397	2
81884	267	3892.344483	76
81902	233	7379.176899	113
81882	50	8264.649517	150
81901	240	20838.79643	441
81905	118	53.11448624	2
81902	79	4207.312665	72
81882	124	4421.891751	92
81889	232	2397.761245	43
81909	228	6467.594456	129
81872	245	10.99084306	1
81890	107	11.24120263	1
81912	266	7388.358579	133
81903	252	23.43259203	1
81891	156	23.21669084	2
81907	116	5934.547784	129
81858	218	10.77959882	1
81850	4	27.3470843	1
81918	218	5916.46897	121
81882	36	7076.473381	142
81867	101	73.29074807	6
81908	72	8912.344298	161
81854	185	15.20588843	1
81854	40	10.0935982	1
81920	182	6496.647475	134
81902	254	5853.857867	88
81920	216	7548.640388	131
81909	219	6922.959513	138
81921	188	5329.997007	129
81900	128	8650.272735	171
81862	224	19.40918322	1
81892	155	12.2329527	1
81858	46	72.77308	3
81900	122	6895.774428	129
81917	26	5133.772762	88
81871	155	24.37446964	1
81882	128	8889.603087	163
81859	85	11.01420159	1
81907	43	7355.125168	144
81911	93	7201.456608	129
81873	10	12.5788202	1
81890	196	19.69691247	1
81907	107	9846.934474	187
81917	81	3676.573345	78
81921	21	9361.686235	189
81891	19	23.652408	1
81859	236	16.1830876	1
81899	239	42.37020516	3
81906	269	5349.304524	111
81852	221	38.11138704	1
81911	177	7334.414634	142
81911	116	6317.345918	122
81852	128	87.95143563	2
81909	170	6739.168615	143
81920	128	6498.254725	134
81910	258	7097.782524	144
81863	117	84.88445064	2
81897	153	87.19087602	3
81914	203	8303.509086	167
81881	266	1828.631846	31
81858	114	131.4111118	2
81874	4	44.69312639	1
81922	200	9291.598313	230
81889	61	2115.005444	30
81878	206	21.04082466	2
81910	77	9696.918631	175
81896	93	21.45410822	2
81905	32	63.4672214	1
81850	181	70.77684005	1
81883	258	7979.777951	163
81893	119	516.8663494	13
81920	101	8950.318284	162
81918	96	9746.811558	164
81910	162	9023.351194	176
81912	228	5822.690709	125
81914	257	6215.640336	145
81871	95	66.78800146	1
81915	238	6468.077573	142
81902	256	4901.262367	74
81922	257	9056.016642	186
81909	91	6137.511823	118
81873	93	125.6328409	6
81899	69	201.254557	18
81905	201	36.97002226	1
81910	26	8080.786795	151
81867	33	10.01445325	1
81916	35	193.2563595	2
81849	10	14.82208327	1
81866	202	25.17634729	1
81900	110	15082.88945	168
81855	206	791.9410701	69
81883	78	9001.070664	155
81922	223	8085.007202	198
81854	254	10.85867135	1
81880	17	11.69977498	1
81920	270	6652.72632	134
81884	198	3172.822456	73
81874	229	11.33130994	1
81863	108	46.85063853	2
81882	149	7722.16407	155
81876	194	14.97926708	1
81851	254	37.99159263	3
81909	255	4138.664996	107
81898	85	34.01364624	3
81893	0	1856.14386	27
81891	91	120.4895025	1
81862	34	23.8640089	1
81895	0	16773.60222	181
81865	127	10.25982206	1
81851	119	28.15336971	2
81855	1	27.40545996	2
81889	203	1415.514055	24
81897	46	49.77195072	3
81855	197	136.0344165	1
81874	231	33.22186877	1
81892	197	11.01980553	1
81909	46	9470.703048	146
81868	40	11.60585535	1
81919	135	3923.919047	77
81919	67	3288.751409	69
81924	138	21.46041146	1
81894	137	12920.16436	211
81901	162	25351.54211	501
81895	16	10037.54386	188
81913	94	6472.092907	119
81904	26	42.54271034	1
81865	160	13.90602612	1
81850	104	15.75108237	1
81885	261	11.66810165	1
81865	103	43.12818506	2
81876	93	14.27161349	1
81875	87	70.79096354	1
81920	145	6898.900641	165
81906	49	7748.526083	150
81908	46	8681.218325	146
81891	119	10.47242151	1
81879	44	44.8952056	1
81898	114	33.48335976	3
81871	193	177.4274979	15
81893	166	1561.074168	23
81876	7	56.88582384	1
81868	135	56.23975733	1
81902	19	3575.121091	70
81919	40	5144.61578	85
81915	127	9276.334635	166
81857	51	127.4132092	2
81881	17	2458.984917	40
81920	241	7393.148562	142
81863	204	22.24437371	2
81915	235	6310.362271	137
81913	138	5209.140411	107
81913	269	5450.605258	119
81912	260	10059.63545	159
81908	168	7338.21234	164
81881	28	1281.058515	31
81916	232	132.3541393	2
81913	229	6761.439272	135
81856	270	25.29728301	2
81917	47	3955.077309	77
81913	201	6036.936143	109
81876	83	126.2322232	9
81923	107	2643.026022	54
81905	210	38.30781757	2
81872	122	10.48354598	1
81870	45	10.95555781	1
81912	160	6795.915798	146
81911	73	9236.083987	164
81893	260	1080.815916	18
81867	116	10.91737567	1
81894	225	11100.61859	175
81863	101	18.58969051	1
81875	221	132.3334742	3
81869	108	47.142315	2
81906	212	5995.518852	125
81863	61	24.10511271	1
81906	99	7410.727522	135
81882	226	6050.129693	121
81914	40	9855.157596	160
81915	159	7184.868537	153
81924	193	23.46254583	2
81872	88	20.21633273	2
81918	239	5835.614904	135
81859	145	12.52900825	1
81902	117	2938.974885	83
81907	237	6403.858391	133
81875	254	12.76694104	1
81871	68	10.52704842	1
81905	237	143.0047011	3
81884	229	5075.848701	81
81922	207	9934.547564	201
81882	45	10998.77754	166
81910	68	7910.283173	160
81914	70	7126.431211	138
81889	267	1149.993451	20
81861	83	81.05249658	7
81922	165	12445.13365	226
81873	119	10.17812162	1
81894	206	18864.54643	238
81917	44	3983.604138	84
81854	85	10.4761422	1
81882	59	9873.233778	160
81897	150	74.48518821	3
81850	58	11.76138605	1
81889	212	2139.355864	37
81912	216	6582.619477	118
81884	258	3822.047572	77
81925	219	489.6597993	12
81861	101	43.32686551	3
81910	270	6513.855453	137
81883	50	7667.379112	147
81923	7	3153.127236	67
81885	45	50.14548626	4
81920	62	6978.572748	139
81889	95	893.1675508	18
81885	246	32.31757223	2
81907	271	5212.428126	104
81919	98	3096.20309	70
81921	88	11750.94892	181
81903	23	43.43937524	3
81907	25	7709.824774	150
81881	229	1898.529673	34
81924	258	15.57414567	1
81920	125	3515.888054	95
81919	116	3435.047599	61
81851	136	11.4124668	1
81921	259	8879.121794	159
81911	85	9409.746389	174
81913	39	5823.362031	125
81857	137	31.8103465	1
81908	246	8289.481779	157
81919	145	4232.617527	96
81919	147	4090.227686	93
81852	152	55.01900307	2
81884	92	3032.812204	71
81894	193	16910.79267	240
81906	119	8473.733859	153
81900	25	9016.425588	162
81899	245	32.34203925	3
81896	179	247.4049362	21
81920	180	6000.40558	125
81922	17	10152.19119	210
81910	20	6423.529256	136
81860	125	16.24000158	1
81872	219	54.72260287	2
81900	36	8723.999994	171
81893	126	836.6735906	17
81907	143	8627.468409	181
81911	225	6635.445069	136
81876	115	16.44946967	1
81901	131	21862.22987	435
81858	58	22.69630522	1
81921	207	9073.567898	162
81919	270	4173.229384	86
81893	185	1077.556644	21
81861	156	36.94995312	1
81923	165	3236.512655	63
81901	170	22303.39141	453
81879	226	28.2824417	2
81923	26	4655.300138	80
81909	55	13506.02261	187
81923	19	3487.545082	69
81909	135	7568.048641	133
81909	58	9342.147991	156
81869	175	11.25429946	1
81920	262	5861.604167	124
81868	147	12.51375096	1
81894	132	7942.650239	154
81904	176	116.7870798	1
81853	206	512.6475028	42
81919	157	4611.711885	95
81865	66	23.36656332	2
81914	35	8513.785263	170
81912	178	6265.089818	133
81916	209	114.8456825	5
81924	114	12.61787863	1
81912	239	5339.094629	106
81906	7	7305.668426	147
81902	71	3646.344866	64
81906	68	8794.581899	171
81908	124	7288.478956	146
81894	155	11027.48506	208
81867	70	12.72698855	1
81895	52	7724.108066	147
81901	237	22967.08638	468
81908	19	5758.819976	140
81857	155	11.30906002	1
81890	100	13.88644476	1
81863	95	22.81686501	1
81853	254	221.1027684	3
81861	133	24.74709456	1
81849	214	10.82894946	1
81874	157	13.73331192	1
81882	20	8190.17464	167
81902	0	5910.421276	91
81906	90	6167.827255	124
81924	147	35.45358472	1
81906	19	7037.734956	146
81862	268	63.44484897	1
81867	174	12.07107512	1
81895	85	11695.31087	178
81884	75	5704.523467	86
81908	55	15403.48309	217
81917	144	5328.377402	111
81861	126	28.01433934	1
81871	98	94.47230438	1
81882	181	8045.714122	168
81890	29	140.8777136	1
81889	166	2107.25512	36
81912	107	5383.823126	96
81912	163	6877.432791	140
81852	45	21.99832668	2
81914	177	7347.762184	147
81909	23	9354.695882	185
81857	48	10.2062856	1
81852	222	15.2293638	1
81915	144	8047.574288	186
81884	96	4806.328993	81
81902	51	3403.995886	69
81920	11	9744.207381	167
81876	95	19.1324988	1
81905	44	113.7467472	2
81855	194	125.0374876	1
81870	138	47.15027354	1
81898	111	35.09652303	3
81872	131	12.26209014	1
81870	249	114.6683695	4
81905	55	34.16764758	3
81924	129	11.20938169	1
81913	108	6709.387853	134
81913	270	5604.705444	120
81902	205	3446.69342	79
81911	185	6983.181328	145
81919	163	4734.148195	88
81880	119	130.1541453	4
81919	127	3807.219682	74
81922	131	10686.16012	215
81873	31	32.4205381	3
81894	107	10732.78931	187
81912	159	8306.075069	143
81902	10	4557.769301	79
81915	32	7584.121886	131
81892	129	22.36331212	2
81921	105	8221.00771	161
81890	26	11.49862097	1
81906	117	7786.416727	134
81907	26	8150.131787	146
81908	215	7911.85133	134
81866	194	15.19354486	1
81917	128	3848.784175	81
81851	258	23.57917494	1
81876	244	34.60164117	2
81893	49	1300.402781	27
81857	139	47.95373194	2
81912	256	6824.050969	128
81876	35	13.38048248	1
81892	85	10.79588682	1
81905	112	27.01476285	1
81920	179	12340.64092	204
81881	36	1568.208085	34
81880	265	55.48344202	2
81906	80	7658.267936	145
81920	26	8335.518621	146
81873	162	11.03846528	1
81882	56	7791.288269	137
81863	27	43.13316121	4
81851	183	12.81706132	1
81916	157	30.62286166	1
81894	190	8877.245495	167
81915	102	4983.974322	112
81901	54	25329.39894	444
81911	224	5855.914541	126
81913	239	6023.254583	138
81909	169	7498.684177	138
81902	169	4280.453438	85
81906	10	9249.571111	179
81899	119	97.19969061	3
81885	200	21.31102243	2
81910	3	12462.49187	200
81915	226	6940.614212	144
81903	154	29.68136639	2
81897	149	120.5086567	6
81910	93	10244.33336	172
81896	97	97.16044268	7
81910	2	9434.15642	181
81862	214	103.5129299	2
81920	158	5954.473683	130
81907	12	10068.84561	172
81870	101	185.1173556	4
81874	205	31.57411401	3
81895	64	10663.6213	176
81868	223	11.12028718	1
81857	239	18.49983918	1
81895	71	6306.418371	131
81913	171	7268.933107	129
81883	30	9032.819223	170
81911	146	7364.983323	170
81912	33	9163.170827	157
81896	271	90.86489973	3
81915	75	10247.41023	163
81884	8	4605.202998	86
81901	53	24792.61739	453
81913	265	5458.531828	118
81860	106	43.61132352	1
81893	82	903.664304	14
81871	203	37.2200343	1
81921	46	11735.47392	184
81906	39	6873.073924	135
81883	81	7005.802526	140
81906	67	6306.371057	124
81895	228	6936.6075	139
81907	194	7863.812298	166
81925	38	459.4305789	10
81922	253	9387.230337	185
81850	192	13.06131801	1
81850	193	211.8970512	18
81909	155	8566.70697	170
81911	235	6494.664985	136
81897	123	254.5204577	12
81922	127	12130.80626	234
81870	270	11.16541148	1
81912	30	8465.793748	156
81916	18	56.31062924	2
81897	261	53.11011831	3
81910	186	8426.833032	171
81914	147	8016.912127	179
81919	196	3744.148973	74
81904	7	30.28847928	1
81854	120	207.3004363	6
81916	110	393.1059108	8
81908	135	7289.707749	142
81866	18	10.85725797	1
81857	69	106.5747925	9
81917	159	3874.592559	87
81871	47	10.52496269	1
81924	100	46.82191879	1
81855	83	94.96852366	8
81925	222	400.9293074	8
81899	263	46.70065242	3
81900	213	8269.736334	156
81859	136	13.16617667	1
81909	138	6457.25253	134
81870	69	122.3177079	10
81852	239	10.74627461	1
81866	101	49.06709819	4
81912	31	7628.050877	134
81909	259	7162.141959	132
81870	128	18.0643103	1
81895	199	11080.81637	202
81893	84	730.8591532	21
81908	75	11902.38807	185
81868	28	117.1942777	4
81920	39	7220.249963	125
81909	151	9285.276384	176
81868	39	16.21147365	1
81912	142	6885.573678	132
81901	68	25814.74172	501
81883	16	8200.781598	170
81925	149	284.2072701	8
81879	97	363.2501102	11
81914	168	6331.573438	153
81924	148	10.84337154	1
81849	255	27.19850104	1
81882	245	7218.312084	129
81866	80	67.03918694	2
81903	136	10.65137245	1
81889	3	2741.388835	48
81915	67	5379.098018	114
81920	133	7343.79377	141
81901	17	27427.2957	495
81920	28	7633.076034	137
81894	82	9936.176943	167
81906	47	6646.033269	133
81884	84	5208.721239	94
81901	8	32978.11931	489
81906	224	5099.371725	127
81912	13	9566.055378	143
81894	29	11442.60599	180
81877	250	16.66178468	1
81920	207	5425.302783	118
81892	256	60.05219245	3
81851	233	64.95388331	5
81883	127	9434.515503	156
81909	84	6988.698735	138
81868	123	54.41895867	5
81889	162	2304.341967	38
81908	203	9018.033353	174
81902	110	5614.57004	91
81905	4	32.86644182	2
81852	14	10.45587964	1
81889	71	1254.342584	26
81924	53	20.17113572	1
81918	217	6697.71579	137
81910	1	11844.91499	202
81859	242	26.52756291	2
81900	27	14047.75647	219
81894	154	9687.688168	198
81896	31	55.1182276	5
81901	69	34038.11575	567
81868	113	10.22214673	1
81914	181	8782.228695	180
81913	32	8129.566353	151
81917	232	4672.345168	88
81883	33	10050.47917	173
81893	228	519.0642286	16
81871	127	11.6272055	1
81909	207	5682.114379	131
81917	99	4349.254635	68
81906	160	8058.481846	170
81894	34	8042.387564	144
81881	90	1131.293244	23
81904	138	52.12913541	2
81891	248	12.68518701	1
81859	82	28.57011147	1
81858	150	11.40596768	1
81908	190	6892.443115	146
81892	3	42.40711032	3
81873	49	62.35550835	3
81868	259	89.6102523	2
81862	40	43.28779497	1
81903	18	20.58085581	2
81859	100	10.88802395	1
81912	194	6129.971384	121
81901	182	25640.79809	534
81904	5	36.28777674	1
81881	32	1644.466107	33
81923	123	3516.192082	67
81849	6	152.664499	3
81879	203	134.0676651	1
81920	49	6547.56835	138
81864	29	44.26564972	1
81913	267	5154.991426	114
81906	254	8470.055805	142
81895	58	12418.60757	199
81915	90	7923.542404	140
81906	103	7997.487813	140
81897	199	32.68537563	3
81907	148	6942.823762	162
81861	184	21.89581307	1
81852	146	93.20809338	1
81907	155	9434.114191	184
81868	15	15.85176538	1
81884	211	2798.158574	54
81899	177	108.6450571	6
81912	95	6314.493596	111
81922	163	10584.71851	224
81916	102	215.7456412	4
81884	175	3088.154436	62
81853	153	84.05469737	1
81908	152	8007.952076	185
81918	202	7096.096103	171
81894	80	7751.049657	146
81889	238	1683.991458	39
81882	77	10386.26271	163
81868	21	29.18322705	2
81915	153	9779.06321	202
81908	90	7268.813509	155
81909	33	7759.724662	129
81900	31	9436.079271	177
81922	138	9378.6106	211
81883	269	8658.231701	170
81902	42	6446.747368	100
81880	185	48.89634931	2
81919	158	4579.74127	103
81889	74	1739.654255	33
81924	128	27.6290676	1
81910	153	8355.806105	163
81923	9	3247.967074	61
81893	8	924.2529491	16
81852	206	563.0135098	47
81889	164	1805.403362	29
81907	195	6158.699001	132
81881	160	1604.407754	35
81890	260	88.65223492	7
81885	0	13.77167836	1
81912	89	4901.502358	103
81911	30	9798.193434	176
81902	62	3760.137307	81
81889	113	1302.038811	25
81920	149	7755.791993	165
81906	112	8294.424122	146
81919	143	4531.621187	89
81898	130	403.2523152	12
81914	6	10577.62337	183
81867	164	25.66579462	1
81917	237	4137.535216	86
81906	96	9835.94626	153
81865	6	15.65538517	1
81856	69	142.8549677	12
81906	180	6848.939636	146
81920	268	6026.329473	129
81892	210	17.63215002	1
81873	201	11.87093421	1
81904	125	17.71152555	1
81906	253	7021.861334	135
81869	127	30.36678609	2
81859	28	59.65360453	3
81894	161	9174.211422	179
81850	127	100.136978	4
81857	103	27.62618417	2
81883	14	8747.756749	149
81858	221	11.30867068	1
81874	61	15.62183472	1
81882	249	7308.286859	160
81913	24	4854.797349	108
81898	191	213.6905965	3
81919	48	5290.348689	100
81905	93	34.72987532	3
81900	251	5725.064529	114
81910	60	8842.749497	181
81872	41	94.90014657	1
81914	73	8707.542322	140
81880	140	41.76697345	3
81917	37	5995.107598	94
81894	90	9538.941861	159
81918	109	5697.078558	113
81924	247	36.23038579	1
81906	134	8733.552528	147
81918	166	9112.442301	164
81909	193	12685.68328	185
81911	123	12596.32217	185
81861	98	14.26468428	1
81900	101	8442.80151	150
81905	128	41.1310031	1
81915	93	10188.81711	176
81884	85	5280.936952	90
81913	208	5619.943137	113
81860	99	28.09852479	1
81866	83	202.6206096	11
81917	1	5113.975657	87
81852	155	13.59411089	1
81865	92	30.41904644	1
81908	64	8366.21295	160
81925	23	1120.78697	16
81855	133	18.41352016	1
81912	75	8219.643129	124
81893	237	964.8589803	22
81910	264	7307.551854	145
81900	189	5062.689033	123
81906	3	10201.74162	172
81868	189	13.15259553	1
81854	181	15.03030491	1
81905	43	130.5108772	2
81849	245	10.25897185	1
81880	70	32.42694169	2
81879	207	13.34872492	1
81914	209	8649.523392	160
81921	231	7082.458725	138
81919	210	4980.835415	92
81872	60	13.54806545	1
81894	78	9669.702432	160
81901	125	12140.44317	312
81910	90	7027.138013	128
81908	39	7506.726858	151
81918	234	6497.245612	145
81882	107	8437.616739	138
81858	66	13.09104042	1
81889	33	2073.126505	30
81885	177	27.31822067	1
81857	76	10.42137327	1
81870	172	17.71222497	1
81914	128	7316.77674	154
81884	10	4666.386258	78
81899	113	323.2845675	3
81911	54	7506.871176	147
81921	254	8465.15985	162
81879	120	23.60852411	1
81889	131	1748.881678	28
81914	197	7671.18206	174
81918	107	8811.786707	165
81899	112	688.0091565	9
81918	47	8100.212728	156
81876	49	21.24275018	2
81895	109	9633.290672	157
81861	93	33.28295047	3
81894	226	8753.20638	162
81916	163	243.8900308	5
81923	257	2284.280303	49
81916	260	371.4568041	11
81923	245	3160.142796	59
81922	218	8829.906916	205
81904	69	164.2561547	7
81858	73	10.50364032	1
81903	156	22.51783724	2
81858	144	58.93796435	1
81851	53	19.53833559	1
81919	238	5020.794959	95
81881	177	2184.173155	40
81851	216	10.0686506	1
81907	74	8086.388708	153
81893	3	1048.995728	23
81907	216	8544.952737	164
81867	54	10.50100473	1
81890	86	42.58290438	2
81894	235	7361.391891	133
81859	46	153.5852657	3
81868	258	10.42446076	1
81902	247	3019.524716	35
81913	187	5444.609875	115
81875	122	11.29999014	1
81856	169	30.83662736	2
81884	17	5043.180272	91
81922	261	10988.30748	192
81909	163	7500.112343	146
81912	68	6673.975342	121
81907	248	8820.49447	158
81921	124	7169.318695	148
81893	95	1865.458102	29
81872	24	30.10128715	2
81854	36	34.43445578	1
81860	0	99.00406538	2
81853	88	39.9742897	2
81883	192	7857.525927	148
81889	58	2130.093431	28
81912	137	8362.459303	149
81898	88	30.21759675	3
81920	177	7399.183675	140
81921	151	8825.981718	171
81858	245	51.33997045	2
81909	14	7518.489789	151
81891	174	10.62423145	1
81903	131	29.82771913	1
81881	175	1338.517179	32
81920	40	7913.751022	157
81880	269	15.47493786	1
81913	148	6533.335171	146
81852	92	13.04293222	1
81919	14	4990.290445	99
81911	65	7149.960988	144
81852	27	71.81249254	6
81865	207	26.60510475	1
81912	120	6248.704327	111
81920	164	8161.948575	156
81922	187	9674.560916	213
81906	87	9852.361796	158
81895	225	7779.903916	137
81879	161	37.02752397	1
81859	40	17.70071772	1
81915	63	7616.126537	160
81920	99	9453.903618	156
81880	112	10.30281077	1
81910	65	9878.944817	176
81869	155	44.56500805	1
81872	94	32.58612139	1
81851	49	10.50451645	1
81922	219	12807.12225	251
81889	91	1757.883109	31
81918	225	6242.914883	133
81920	186	6475.052983	133
81893	90	733.7187382	16
81879	145	10.19472063	1
81883	41	13512.8606	184
81919	21	4264.959336	85
81912	28	7647.753867	146
81871	22	94.62071327	2
81862	259	20.69380088	2
81901	85	21915.36256	420
81919	168	3244.190291	79
81911	96	8259.636103	150
81868	93	78.93357701	7
81866	263	201.5517215	2
81850	26	48.35332706	1
81910	137	9403.235555	148
81913	109	6341.660814	126
81875	50	11.29256846	1
81855	30	92.99036114	2
81909	94	7602.782806	144
81905	45	76.67089001	2
81898	109	93.58603803	3
81865	165	36.92610721	2
81895	159	9655.326457	188
81876	8	45.55229242	1
81882	242	5674.168586	124
81875	89	27.57342924	1
81849	62	10.41056159	1
81894	227	9356.594926	145
81899	262	169.3613242	3
81895	79	9164.987744	178
81884	86	5379.252914	85
81893	170	765.1091842	21
81875	258	145.8205324	1
81922	249	9774.758845	216
81900	190	5897.841564	132
81923	169	4157.767737	71
81914	17	8313.580383	164
81921	109	8574.52143	149
81866	96	10.16485328	1
81865	11	40.44065463	3
81875	164	56.30686226	2
81855	204	46.41833027	4
81909	28	9538.82746	165
81924	139	88.77237381	2
81859	241	15.59578841	1
81915	231	7599.361735	147
81898	23	33.17175846	3
81873	260	80.43971109	6
81875	206	155.2090248	13
81917	191	3257.414931	71
81925	125	378.3851734	12
81851	3	278.1867131	3
81858	259	140.084275	2
81922	20	10942.3766	235
81915	154	8635.704952	198
81861	264	12.8059063	1
81865	18	35.3630374	1
81882	142	10935.55632	224
81858	78	10.30222525	1
81923	162	3175.4209	65
81883	252	7455.564011	140
81881	83	3259.217333	43
81880	135	13.24241047	1
81853	180	65.84714727	2
81904	123	62.38048162	2
81915	241	5238.984208	119
81921	20	9000.068693	177
81912	29	8744.678498	151
81908	32	7763.976994	160
81910	115	6452.21738	121
81864	203	58.36576732	1
81882	223	9928.030396	186
81919	146	4266.361248	90
81905	269	14.34231681	1
81876	43	105.2543449	1
81907	86	9077.057176	148
81854	202	27.19165571	1
81868	193	172.7825843	14
81902	145	4770.058158	90
81922	260	15005.614	262
81898	86	31.8812709	3
81910	76	9128.824902	169
81901	111	19927.05551	396
81860	73	69.815492	2
81871	111	16.57611117	1
81884	29	4476.012677	82
81862	130	75.98326006	2
81882	254	8166.434841	152
81891	5	11.1092623	1
81900	142	9031.687758	168
81854	2	14.05258168	1
81904	101	26.2258557	2
81919	80	4576.30987	85
81853	190	11.47285108	1
81885	106	10.23270309	1
81881	26	824.6863582	21
81895	176	10116.88893	166
81925	259	248.4610199	9
81914	67	7294.881718	157
81866	69	102.2124084	8
81879	225	30.30136248	1
81883	248	9923.802793	183
81850	35	14.31092134	1
81890	87	33.64316524	3
81849	209	35.76718605	1
81889	70	1225.813174	24
81893	123	1663.325652	29
81912	197	5398.281513	115
81854	260	78.26791019	7
81910	135	9552.950265	168
81851	160	26.54335297	2
81869	73	13.59883261	1
81868	51	10.86797516	1
81900	14	7382.423727	144
81901	174	19550.8337	453
81869	6	23.56118041	2
81910	253	7383.529978	144
81910	247	9187.378513	165
81879	156	13.03869151	1
81899	206	107.5614025	9
81879	32	16.99123291	1
81850	263	10.08790851	1
81923	18	3888.588692	75
81898	188	44.1217383	3
81891	122	34.25072306	3
81852	6	30.12243107	1
81915	128	7168.611739	151
81864	25	135.5248171	2
81916	70	110.9394013	3
81907	35	8127.531546	163
81875	178	12.34144125	1
81922	142	11645.55616	276
81920	195	6007.900776	129
81852	236	11.92215729	1
81898	224	48.56472876	3
81889	268	1428.995946	31
81849	129	39.09537188	2
81882	33	10593.35951	169
81906	52	7935.431621	151
81901	59	19568.67488	429
81916	183	305.0854593	6
81889	261	1631.05619	32
81899	124	133.6801086	6
81874	246	105.9011647	3
81910	169	8985.457985	151
81922	245	7051.139944	172
81868	238	34.05453911	2
81907	111	7491.583052	142
81867	123	35.12308282	3
81865	56	69.50645588	1
81851	95	33.96376019	1
81896	241	39.08804785	1
81850	130	114.6526156	3
81920	178	7911.076007	155
81898	235	34.903743	3
81904	175	104.5573861	2
81925	210	573.9241228	11
81865	116	38.84057472	2
81854	45	88.47947155	6
81883	135	6899.659831	129
81905	131	159.2762666	2
81919	140	4950.571437	82
81893	266	803.4029673	13
81891	13	11.3493521	1
81864	170	24.51762108	1
81849	261	44.86889361	1
81858	181	11.30919543	1
81873	105	11.57427347	1
81875	45	11.22683915	1
81918	3	12398.46696	192
81909	27	12798.54644	195
81869	59	34.84396312	2
81915	192	6936.728059	148
81889	38	1498.565795	27
81881	196	1626.651949	31
81856	260	54.44140052	5
81851	78	23.75082836	1
81881	144	1571.836922	31
81907	163	7652.524154	156
81849	182	89.36133205	1
81900	100	7529.085081	135
81912	9	6090.758483	114
81865	76	12.81575985	1
81916	58	433.9821668	7
81903	8	27.39090733	2
81850	137	51.13812392	4
81884	98	3609.137658	72
81920	54	8155.98215	140
81910	187	6950.45077	158
81867	196	48.65120352	2
81914	25	10477.02109	191
81920	136	6543.069892	137
81884	150	3355.01204	76
81866	262	29.94526262	2
81923	166	4214.277777	73
81916	258	24.13911965	1
81884	238	4057.988458	79
81857	179	236.9576241	16
81906	46	10011.51082	174
81912	35	5268.530921	121
81924	120	63.70449288	2
81911	75	8946.225531	148
81900	188	5048.904783	120
81869	89	16.48102342	1
81916	177	50.98230688	2
81910	146	7182.620865	165
81918	191	6560.610589	141
81920	166	7086.86886	149
81916	2	151.647789	3
81912	65	6638.296642	128
81851	220	11.10313604	1
81910	265	7045.848922	146
81884	199	4942.932454	81
81885	75	31.1791599	2
81911	180	6337.18269	143
81882	164	9494.304596	186
81921	251	7227.359501	152
81862	94	23.10466915	2
81861	181	32.39967485	1
81862	255	109.3070714	2
81917	88	5521.754246	85
81857	192	31.16891244	2
81895	131	10968.4313	174
81854	78	10.8951007	1
81905	188	79.60028576	1
81919	26	4709.591748	93
81862	228	69.84429138	2
81904	85	17.3190431	1
81893	164	1282.350938	21
81889	138	815.7867779	19
81902	68	4549.130511	86
81921	175	7649.058224	170
81916	155	332.8629211	5
81918	13	13255.88321	195
81902	261	4226.870678	76
81905	130	88.28209671	2
81919	31	4803.377922	79
81909	31	7857.481093	145
81911	258	5837.512499	129
81922	168	9692.914808	211
81920	81	6613.442075	122
81914	131	7329.174389	143
81877	117	10.31486726	1
81867	251	13.43361114	1
81856	123	66.1284942	5
81876	121	73.84635855	2
81901	109	22257.66349	405
81884	21	3653.237304	82
81921	163	8268.935227	172
81921	40	10955.08157	180
81884	146	4377.644183	96
81850	220	21.90804406	1
81897	114	90.15452535	6
81918	177	8092.542058	169
81875	169	12.15153821	1
81923	73	3543.75837	73
81865	84	50.45966433	2
81894	246	11614.43001	180
81910	255	6639.357073	139
81849	8	21.12863339	1
81907	90	6813.33878	132
81914	255	5517.288446	139
81904	191	14.52931354	1
81852	189	22.79079622	2
81921	237	6384.39357	134
81900	7	6581.966778	147
81905	86	40.78178442	2
81852	87	22.17646616	2
81916	250	177.7128014	6
81918	61	8122.642257	158
81882	160	7112.755078	165
81889	191	1741.140362	35
81923	104	2553.525438	53
81900	224	5449.01256	123
81857	77	11.59554596	1
81909	136	5710.742141	124
81923	248	3862.567343	71
81890	41	10.23756771	1
81867	111	26.72443801	1
81920	256	5175.996918	109
81872	220	62.38325824	3
81878	13	12.83031854	1
81860	259	23.85504881	1
81889	106	2351.462238	35
81904	206	21.57295638	2
81870	18	35.81935296	2
81900	43	7168.226964	168
81917	33	6343.363185	95
81885	139	11.96892901	1
81922	258	10166.35578	223
81890	69	90.74381846	7
81870	223	10.05921041	1
81880	73	107.7290259	4
81916	200	92.98235706	3
81908	257	6204.219137	138
81893	219	1198.408064	20
81914	100	7584.652992	143
81913	259	7638.874296	139
81860	252	20.68685982	1
81875	85	122.3824236	4
81922	85	11879.77408	242
81856	48	60.70063342	1
81910	55	13216.53571	188
81864	52	11.63466575	1
81884	46	5669.530728	87
81904	214	31.03106608	1
81916	107	57.70345939	2
81883	245	7745.16204	151
81858	62	36.33680018	1
81871	157	20.1362169	1
81893	221	1964.912432	30
81893	235	1285.013013	25
81891	241	10.26472259	1
81923	38	3923.296582	75
81884	235	3242.76122	71
81912	212	6232.258531	118
81867	55	45.51588005	4
81919	156	3950.459507	89
81912	49	6524.551081	129
81919	262	3338.551105	64
81909	71	5352.092481	127
81893	100	974.0035753	23
81855	200	11.34296822	1
81875	133	39.05719143	1
81889	1	3058.850427	50
81900	206	12115.38655	171
81901	117	20037.86428	411
81894	152	8936.19764	162
81920	238	6798.229816	123
81915	257	5682.107868	132
81915	82	7789.613814	137
81849	119	32.85952744	1
81901	126	19660.88141	417
81909	47	6088.348862	124
81849	145	18.61597106	1
81867	28	10.54285437	1
81867	165	19.11149707	1
81902	91	4517.578367	78
81884	88	6226.91222	99
81855	134	62.26415409	3
81908	117	7702.866732	140
81898	223	281.1764832	6
81907	215	6854.544243	146
81895	207	9644.949948	187
81904	146	11.72072962	1
81857	207	10.5348833	1
81902	1	4966.736662	86
81849	65	57.80751651	2
81925	59	508.240828	14
81895	221	11960.02243	208
81868	62	10.16654609	1
81917	129	3759.997494	73
81912	70	6678.333611	126
81860	93	21.84943431	2
81868	4	23.78847593	2
81908	267	6571.137853	139
81917	23	6341.123782	110
81901	48	23994.10653	516
81919	234	3645.096813	75
81882	161	8480.959906	180
81925	113	241.9284906	5
81866	133	130.8625641	3
81855	235	35.00337957	2
81896	207	80.74501452	6
81892	252	15.81379939	1
81854	44	34.07816763	2
81915	178	6961.197676	162
81875	193	181.4431923	15
81893	203	700.0572455	14
81906	1	11984.16067	191
81883	119	8125.411322	150
81882	198	7253.120463	134
81905	22	19.79884596	1
81900	97	16622.28309	189
81884	54	4969.703415	79
81917	234	2696.96761	60
81864	149	23.36881354	1
81855	234	31.59565543	1
81861	64	24.5080907	1
81908	136	7133.669775	129
81908	241	6037.267079	128
81854	220	19.9402946	1
81894	136	8754.973088	159
81907	28	8526.074746	171
81920	70	6015.02392	118
81853	141	10.09495546	1
81858	93	25.30193716	2
81892	264	12.26915066	1
81913	62	6133.181296	126
81923	89	2744.522875	62
81895	120	8798.263371	154
81908	270	6215.343297	126
81909	123	12279.46006	180
81911	106	6345.798291	127
81867	243	125.3309926	1
81922	16	10045.25745	214
81910	88	9797.928795	156
81907	105	7258.462709	145
81920	223	7081.472018	137
81851	131	18.86933135	1
81915	36	7263.078207	144
81904	254	10.82618336	1
81925	211	357.0231937	11
81889	78	2040.156372	31
81905	12	43.51201323	2
81889	73	2806.924809	38
81906	130	7425.516352	145
81905	13	200.7895559	3
81919	185	3645.685011	78
81909	44	8079.821104	147
81909	43	7260.735992	140
81921	257	7671.46389	144
81853	65	10.26583086	1
81901	137	30705.96646	549
81851	55	119.5897292	9
81884	239	3394.649811	68
81915	46	8856.342051	149
81917	72	4055.354868	70
81880	38	81.70289569	2
81901	229	20274.75877	393
81852	140	54.16293441	2
81901	20	24714.42197	477
81864	138	12.59509121	1
81920	10	9460.373904	187
81859	204	35.15735915	3
81868	253	90.23274287	1
81850	146	16.33743957	1
81898	269	59.55180966	3
81875	195	18.10900338	1
81898	225	38.17338489	3
81895	34	9564.418337	171
81907	165	9260.982345	151
81900	186	7472.832486	129
81922	255	8602.671777	199
81910	237	7408.643522	138
81911	16	7288.980173	143
81876	13	121.5400704	3
81881	63	1907.318104	41
81923	255	2667.673432	59
81894	148	8541.46644	180
81861	261	25.92222156	1
81917	202	3236.89744	82
81902	155	2805.587037	52
81865	8	32.28608461	1
81891	258	20.14763505	1
81913	151	7669.428902	161
81913	133	6897.679817	130
81916	42	115.5917277	4
81908	102	6359.245183	135
81902	80	4104.534546	79
81914	234	6749.255441	145
81916	30	262.8300073	4
81893	54	952.853793	19
81911	1	9555.970002	175
81872	45	32.32179535	1
81854	29	14.20098681	1
81869	232	71.01686904	1
81881	254	1338.415376	19
81871	132	30.71863877	1
81890	103	50.36565091	2
81883	106	9542.678678	169
81863	1	131.9442377	1
81900	256	8977.225215	165
81858	113	48.52273323	3
81900	109	10761.30312	162
81879	191	16.07031805	1
81858	177	72.46254147	1
81857	193	269.1345997	14
81850	162	10.03106816	1
81907	136	6790.93401	133
81918	58	9516.041543	162
81889	109	1728.848569	30
81912	46	7905.746533	123
81896	107	24.33838148	2
81872	248	10.46440709	1
81914	127	9697.447229	185
81866	57	32.39204786	2
81918	121	10036.26419	165
81917	96	3811.822354	69
81902	78	4229.797653	66
81922	259	13270.44196	239
81850	97	61.85798361	5
81922	250	8483.353851	202
81913	235	5356.054944	115
81884	215	4221.269133	81
81867	242	164.6436887	2
81851	69	157.1259276	14
81912	117	5490.326834	106
81880	138	23.06556432	1
81891	68	33.58769319	2
81862	150	37.76757386	1
81860	177	15.68979114	1
81916	53	100.4144578	2
81866	172	76.38910931	2
81909	215	7205.366024	138
81854	266	26.27285093	2
81870	43	10.41501043	1
81850	211	34.56058625	2
81853	48	36.05461593	2
81883	203	8343.785964	142
81858	246	111.9202958	4
81916	101	44.64238444	4
81911	84	7150.338076	140
81862	239	47.31655155	1
81865	244	89.66392043	3
81919	37	5237.036251	97
81862	221	10.50754949	1
81909	153	7277.375311	158
81898	44	210.2184735	3
81899	2	76.09396827	3
81872	201	66.70867912	1
81907	218	5952.835328	132
81854	77	17.69350148	1
81854	48	10.17339041	1
81868	83	21.69945385	2
81862	102	16.58478298	1
81917	262	2846.956993	71
81905	193	78.72530308	7
81871	179	109.6267782	10
81908	58	10751.0517	179
81850	71	14.06099311	1
81866	201	75.06826026	2
81906	25	8098.569399	162
81876	237	18.21234261	1
81913	88	8787.575152	142
81859	151	16.67556884	1
81902	158	3295.096356	71
81881	18	2426.734352	34
81922	184	12446.57533	257
81897	126	89.35557057	3
81895	53	9893.201301	171
81911	192	7090.430099	149
81889	21	1539.858024	31
81891	96	53.36604675	4
81900	255	5653.334643	129
81853	98	14.81705201	1
81900	118	5131.195743	105
81893	269	832.435269	14
81907	186	6971.406066	153
81871	113	40.31661731	2
81873	116	134.285723	2
81909	86	9990.465604	163
81920	100	7189.049878	138
81867	94	13.02583845	1
81901	23	37135.03314	621
81918	131	8676.428376	154
81882	29	10125.08667	158
81881	48	2943.779089	49
81864	266	35.26212564	1
81920	170	6200.832471	127
81861	13	22.23476866	2
81900	240	6873.208812	129
81911	137	9246.991743	167
81893	249	1169.115367	20
81881	4	2453.153621	39
81915	250	6260.98494	133
81907	254	7858.088894	157
81901	230	22779.53966	429
81919	9	3772.50669	70
81911	248	7443.131644	143
81851	114	83.79390492	2
81907	39	7363.562678	152
81884	209	2853.905564	60
81894	172	10277.39374	170
81864	28	11.51043169	1
81923	32	2797.837617	56
81917	115	3711.661404	73
81903	267	19.87657355	1
81897	58	68.65759092	6
81917	61	5589.105585	88
81880	75	15.66683204	1
81914	99	8964.795459	159
81865	142	45.27473251	1
81920	35	7190.73471	139
81910	234	6569.413374	133
81922	186	8982.48395	212
81909	181	7054.358771	158
81884	15	3970.711505	70
81889	67	1148.151671	25
81862	262	142.1911291	2
81871	73	33.14180974	3
81899	23	106.107053	9
81896	190	21.24180425	1
81873	222	46.16683139	3
81884	69	6120.563348	105
81912	202	5147.421127	118
81889	256	1655.922621	35
81923	59	3373.692053	59
81919	126	3145.443644	69
81923	210	3612.052301	63
81901	216	21809.07099	420
81902	89	3861.51852	72
81906	142	10517.3309	202
81883	182	7630.095255	139
81865	255	10.41067048	1
81859	15	16.99294408	1
81895	98	7793.471521	151
81895	171	10759.18672	184
81920	188	5664.039285	138
81864	200	10.22270849	1
81889	244	2263.324831	34
81853	114	42.69695746	3
81904	246	22.00472594	2
81882	221	7989.778796	165
81891	237	12.38923588	1
81859	208	58.78324604	2
81880	123	124.2538247	10
81907	16	8128.409509	152
81881	267	1667.777805	31
81918	259	7949.808516	147
81868	173	30.38849941	1
81922	198	10353.03529	216
81895	150	9999.586763	211
81862	54	28.02812042	2
81889	171	1987.115005	35
81867	212	49.34391475	1
81910	86	9721.620692	152
81854	8	95.29276407	4
81912	92	4974.692886	116
81891	203	25.69369779	1
81894	41	14121.40367	192
81873	100	25.54002181	2
81918	23	12989.43118	218
81890	52	11.34029124	1
81924	87	14.28475672	1
81921	86	9852.799023	161
81914	7	6551.837563	153
81879	82	11.29163171	1
81905	46	28.79920083	1
81890	2	120.2870748	2
81925	20	748.1378902	13
81880	16	51.91340132	2
81868	219	10.57411627	1
81889	69	1694.284069	32
81905	23	143.6131255	5
81900	183	7701.118563	135
81901	233	37599.21181	561
81875	118	16.10260857	1
81917	183	3357.035862	72
81917	145	5076.421367	107
81911	182	6406.047124	136
81907	139	5419.344172	110
81851	99	34.12099362	1
81919	16	4451.452959	84
81871	34	21.49713319	1
81868	55	136.6053732	12
81910	43	8823.137412	163
81866	61	10.98490192	1
81919	259	4268.069271	77
81912	247	6325.939687	115
81867	119	119.6093799	2
81854	70	44.09310702	1
81883	220	8859.589287	168
81880	98	40.68820438	1
81917	142	6506.287437	122
81906	115	6412.449992	130
81891	144	20.76666782	1
81893	209	760.9013513	16
81915	268	5786.747308	119
81871	77	45.46205302	2
81899	214	30.68782167	3
81893	105	1226.084022	21
81874	2	64.21599659	1
81889	116	2457.920189	38
81910	204	60399.99658	4620
81908	243	6931.108003	139
81904	256	15.92283181	1
81861	43	55.13237316	2
81875	76	41.19462283	3
81892	163	14.9157405	1
81906	151	8734.070705	175
81894	219	9010.614218	164
81880	94	13.6831157	1
81882	37	10344.33268	171
81895	163	9069.533339	165
81920	217	6513.427099	139
81881	59	1765.399447	32
81901	86	27435.26254	423
81910	23	10175.6195	193
81901	84	20429.27635	360
81912	156	5358.524071	113
81915	173	7058.033775	139
81865	188	14.71827572	1
81910	174	5848.288219	144
81895	50	9470.017095	154
81849	96	24.0138081	2
81923	250	2200.46316	54
81910	134	9190.961895	165
81863	17	21.57910394	2
81882	260	11697.25562	161
81902	185	3928.312628	77
81882	10	11423.64043	201
81863	100	36.25237079	2
81922	268	7983.972184	184
81901	248	24475.82714	492
81850	114	10.52920577	1
81906	36	7144.346809	143
81905	133	22.75333829	1
81865	45	10.29472103	1
81915	175	5998.6298	131
81881	3	2851.166987	39
81906	37	9100.649722	152
81913	213	5578.670596	110
81915	29	8314.147306	158
81858	169	12.44248538	1
81908	208	6738.800278	141
81883	8	12746.02411	189
81854	262	10.58910978	1
81921	222	8125.754495	147
81924	101	13.10933318	1
81919	74	3834.020671	84
81867	204	10.83928229	1
81924	41	92.29432962	1
81893	271	985.8916286	18
81917	189	4614.301493	91
81913	118	5011.684775	109
81865	152	40.97455961	2
81919	246	5319.646076	94
81893	60	967.9791163	18
81897	237	104.719423	3
81906	264	6781.598632	132
81907	244	6692.984779	139
81876	267	22.41331711	2
81854	39	28.08855883	2
81900	24	10531.29899	177
81862	1	37.1342724	3
81900	44	8523.5976	177
81879	0	12.25073517	1
81924	125	15.8880271	1
81897	165	91.56242898	6
81854	188	16.55798058	1
81902	34	3185.252761	54
81923	233	4767.700764	81
81893	211	875.7952039	21
81873	155	40.03048904	1
81911	200	7802.138629	152
81920	114	8675.149724	139
81879	112	24.38853987	2
81895	213	8333.852418	161
81902	229	1935.066382	50
81916	31	218.2676321	6
81894	75	12332.65085	185
81914	109	8444.708583	146
81910	211	6283.153423	141
81865	179	120.3662487	10
81919	182	4745.725371	90
81871	175	10.7811231	1
81873	41	30.99267893	3
81910	7	8151.377837	169
81877	169	15.40417331	1
81850	31	21.42020537	2
81907	45	10432.0883	183
81900	84	6809.621016	129
81849	264	22.26090664	1
81884	169	5129.779903	90
81913	65	6474.008414	132
81899	204	36.62863971	3
81854	91	16.86094361	1
81901	197	19757.42058	417
81857	205	39.20001153	2
81868	63	58.84700599	1
81914	200	7289.865431	170
81881	124	1215.715008	22
81870	210	63.64157964	2
81909	250	5486.798265	118
81884	172	4301.852634	79
81921	90	6768.81288	131
81859	4	29.97653532	1
81870	105	77.27267496	1
81919	103	4575.160712	84
81872	70	23.44991197	2
81914	39	7420.595823	153
81918	142	11602.20772	218
81880	31	40.37496781	2
81902	255	3825.970726	81
81912	41	8244.773089	130
81869	5	10.62217239	1
81883	134	7893.874601	136
81866	84	52.62330239	3
81901	204	26358.14338	501
81924	73	10.76750788	1
81853	126	82.95516451	1
81871	215	12.55080076	1
81911	160	6440.01702	136
81906	15	7913.472537	156
81883	108	9389.752502	171
81889	63	2133.937382	35
81862	126	29.92997496	2
81914	171	6875.177014	147
81872	186	13.99856909	1
81877	5	10.41760373	1
81864	6	29.56421959	1
81859	257	15.18474624	1
81921	125	4699.283858	107
81880	0	11.72646609	1
81876	168	23.54422126	1
81916	247	109.1877955	3
81907	18	9181.44116	172
81854	37	164.8202441	10
81911	230	6366.072834	126
81869	42	29.13220565	1
81905	100	141.3807274	5
81890	3	128.9716928	3
81885	226	13.21927359	1
81856	60	11.97473845	1
81901	6	35866.27742	582
81905	15	59.89539931	3
81894	157	8442.435696	172
81911	58	8547.361619	146
81896	55	300.5059002	18
81907	66	6961.008136	150
81851	248	65.86123507	4
81882	146	7270.368265	157
81912	129	5841.840249	117
81913	80	5828.578748	115
81900	203	8523.348405	123
81923	40	3113.368519	57
81923	191	2741.275646	70
81907	96	9316.028464	168
81861	31	11.67486729	1
81913	101	8663.754623	156
81919	131	4047.477894	82
81901	225	25605.75705	468
81879	4	69.16598336	1
81901	76	20564.98003	375
81883	49	8985.5261	174
81860	114	16.05846682	1
81908	182	7427.334197	149
81920	134	7664.579775	135
81874	27	41.77028802	3
81859	160	118.8220129	3
81880	205	56.06214398	2
81901	82	22780.31886	381
81910	225	5693.386682	125
81882	96	9799.749478	171
81906	204	48278.14519	3395
81917	95	3650.360104	64
81873	94	62.34936791	2
81920	172	6568.974721	137
81889	235	1434.387296	25
81915	227	6756.134299	157
81906	210	7965.093696	162
81918	110	10371.46564	152
81880	97	70.83880947	5
81870	100	17.70247302	1
81914	37	9929.717017	170
81913	221	8031.494139	150
81917	20	3778.708994	68
81866	12	49.61079601	2
81924	118	19.10223863	1
81859	83	74.47634067	7
81920	233	12441.00444	166
81882	6	9985.981012	169
81915	64	8301.203342	164
81915	155	9116.877521	190
81855	233	133.1582618	11
81871	33	46.70456042	4
81852	158	12.06818936	1
81904	137	32.50971623	2
81884	111	3842.521824	70
81881	145	1938.803769	37
81905	264	19.73787316	1
81863	107	11.05016662	1
81893	15	929.9772597	20
81924	56	42.84700334	2
81884	230	5177.249439	90
81867	227	20.0624553	1
81922	136	10311.81996	209
81882	11	12331.30934	188
81862	114	129.1181196	2
81875	37	33.92252784	3
81906	59	8528.056305	155
81875	46	14.77267769	1
81875	66	11.26942528	1
81884	28	4071.438004	77
81894	81	8820.894443	140
81868	2	11.30035498	1
81921	229	6562.891322	135
81913	37	8367.209118	152
81856	49	39.37910901	1
81911	246	10269.11753	188
81884	219	4391.941273	86
81905	153	65.28152263	2
81885	46	45.56665752	2
81889	103	2283.802479	36
81901	207	18000.43492	351
81909	150	6822.940956	156
81873	7	10.53145173	1
81914	247	7624.000955	141
81896	142	75.43107969	3
81898	249	57.73416351	3
81923	147	3241.066232	60
81909	22	6836.844814	136
81858	260	54.1773346	5
81854	107	106.5027536	1
81916	144	268.2392903	5
81910	42	9181.729256	177
81905	83	116.1228558	7
81889	98	1164.472579	22
81885	257	17.66688539	1
81884	59	4790.85767	86
81914	62	6721.370689	139
81911	206	13519.91047	179
81875	257	23.37135737	1
81852	191	10.07755749	1
81914	113	7440.092654	143
81893	251	772.7024849	14
81913	55	13554.65217	193
81925	118	230.0149562	4
81896	27	128.0200772	10
81853	122	56.73921703	2
81883	225	7837.939424	144
81908	48	7875.345374	163
81908	188	6671.727782	158
81922	42	12254.18549	248
81901	184	26502.77081	528
81892	214	12.11721613	1
81908	166	10858.61913	189
81882	228	7086.521939	154
81919	108	4349.603704	79
81867	120	13.05071658	1
81864	179	221.4613375	17
81917	251	3487.44208	60
81922	118	6675.549313	156
81879	256	18.0642397	1
81914	115	6201.169618	134
81895	75	12238.40485	184
81918	247	7458.184922	149
81858	0	96.25115726	2
81902	40	3830.84524	71
81889	51	2122.539372	39
81854	27	24.46392681	2
81902	45	4795.493558	75
81895	259	9176.000207	162
81919	209	4984.846294	82
81870	1	10.85016073	1
81870	134	11.1551941	1
81900	9	8242.930764	144
81859	93	25.75605812	2
81910	140	8645.591801	147
81854	229	12.37208516	1
81920	9	8122.82904	168
81924	135	23.90622178	1
81914	169	8179.903505	155
81869	35	41.32070457	1
81890	144	10.46603244	1
81919	85	4130.035175	73
81921	180	9152.710209	195
81881	205	1396.058239	26
81894	257	6933.565587	139
81849	90	41.72721692	1
81901	24	24219.30087	501
81856	23	59.08486327	5
81860	40	11.47941027	1
81902	29	5023.241653	84
81923	254	3283.529308	63
81898	206	238.2748437	12
81882	152	10431.52866	192
81923	171	3456.001398	64
81909	45	10213.27191	165
81852	183	13.12933258	1
81911	239	5912.677573	138
81885	80	15.19784967	1
81875	4	27.98340555	2
81919	203	3698.449158	71
81873	117	71.50407402	3
81879	81	21.1944798	1
81911	111	7126.6385	140
81866	110	151.3452712	5
81902	39	2932.206907	62
81895	110	17272.28352	199
81911	76	7820.38465	143
81876	101	64.90256992	4
81916	25	115.8981107	2
81860	200	22.29410931	2
81853	221	56.80322181	2
81881	184	1591.934776	27
81906	128	7088.063382	139
81910	49	7942.333972	174
81857	262	10.21581733	1
81854	248	40.33833819	3
81875	71	19.94233334	1
81907	161	8776.839901	181
81923	28	3878.671874	76
81907	224	5614.832985	124
81915	35	7458.577146	154
81890	80	49.95179901	1
81857	112	38.66613616	2
81915	130	6925.06389	148
81876	70	98.8447524	2
81903	107	10.06075091	1
81882	135	8923.339739	164
81899	31	31.36702287	3
81895	130	9279.558044	167
81872	18	64.41761013	2
81893	110	1419.288497	26
81894	58	10176.53548	163
81921	145	7010.58881	170
81857	87	22.97868159	1
81893	52	728.2501516	12
81901	144	23499.92188	537
81909	187	6201.934863	138
81890	51	48.47486174	1
81906	267	7531.735578	150
81907	104	8201.419019	150
81896	158	38.22024147	3
81894	66	8272.945196	160
81915	48	9087.671586	166
81869	241	20.94366092	2
81863	259	20.42369927	2
81867	267	17.34807418	1
81872	200	42.69980878	3
81913	127	7578.089181	119
81905	3	11.0702644	1
81910	14	8943.57224	178
81895	181	11130.23394	189
81913	170	5431.347408	126
81915	138	7076.175808	155
81900	146	8260.647228	168
81857	164	38.34508366	2
81917	98	2195.993547	51
81851	195	124.1859848	1
81908	80	7481.088834	140
81852	216	26.44173022	1
81882	136	7315.154733	136
81914	139	5854.828054	117
81921	64	9144.43741	176
81866	107	12.37793799	1
81915	219	6393.444798	138
81909	100	7896.273597	157
81895	227	9293.491454	163
81901	50	24011.34011	471
81921	80	9130.190411	174
81913	150	6232.163215	153
81906	218	5557.679346	119
81859	148	49.42694273	1
81907	76	7754.330848	146
81889	47	1534.136935	31
81921	52	7701.615426	157
81908	164	8442.847405	172
81881	130	1704.459603	26
81872	196	60.49000355	1
81902	21	3626.259554	75
81905	51	14.83610803	1
81912	97	12668.83189	152
81915	13	10994.94156	188
81900	77	9611.274474	165
81890	223	11.36038379	1
81906	220	6613.982709	111
81900	61	5690.959224	111
81883	72	9000.174689	170
81879	55	83.93899565	7
81882	62	8016.647743	164
81850	261	13.7386423	1
81876	258	29.11760308	1
81861	130	73.05638215	3
81883	57	7800.111249	149
81912	187	4074.154439	100
81895	3	11324.4396	187
81870	13	93.6046703	3
81864	54	40.65347585	1
81900	175	8773.7184	171
81901	191	20268.3804	462
81911	62	5825.354537	128
81883	251	7737.050092	149
81865	191	22.74335077	1
81913	99	7961.184666	141
81918	214	9096.695713	167
81911	41	9614.327563	162
81914	155	7771.268511	161
81909	256	5766.610873	122
81892	127	27.63690476	2
81891	152	114.3622824	2
81907	20	7259.493127	166
81912	143	5612.4598	131
81901	124	20042.31013	396
81860	79	27.58534951	1
81902	265	3241.391512	74
81912	36	5226.804392	104
81883	188	6351.245261	151
81861	199	16.7095253	1
81918	265	7591.233672	163
81910	267	7564.120401	155
81889	218	1500.181284	29
81868	169	22.32034943	1
81897	119	41.25476667	3
81905	180	10.99266981	1
81917	254	4585.455189	83
81885	18	12.13480834	1
81874	97	44.09913802	4
81880	110	33.43983478	3
81902	215	2901.529501	51
81869	225	10.5367375	1
81917	0	5666.880105	79
81901	104	24943.48625	411
81918	64	6899.570701	133
81894	151	8545.72614	165
81918	209	8228.682783	159
81920	79	7056.345628	139
81906	250	7834.846878	162
81902	36	3220.54957	60
81925	268	394.9533468	11
81895	60	9658.532545	166
81921	77	8649.246867	165
81873	192	32.05015608	1
81883	171	9673.063897	157
81885	15	24.90252648	1
81900	244	7226.208303	132
81853	133	16.54869868	1
81922	158	10164.97023	247
81895	94	8029.908257	145
81872	66	58.76180548	2
81904	136	13.43349077	1
81920	45	8399.6946	147
81882	216	7892.562655	140
81881	111	981.7570915	24
81908	57	8348.641137	152
81884	19	3363.338775	76
81912	79	5917.829447	124
81884	193	6996.124483	125
81865	87	34.45199821	3
81882	40	8971.707877	156
81911	139	4072.827105	84
81917	64	5160.485836	85
81913	159	6404.055935	142
81916	131	124.9818372	5
81920	55	17213.88835	203
81917	149	3263.808249	68
81894	73	12042.6798	183
81919	41	5252.127958	89
81905	208	71.80646758	1
81903	207	13.4584559	1
81866	220	25.61419889	1
81892	150	21.56297698	1
81901	223	18604.3429	369
81865	139	22.04817653	1
81876	187	50.39172426	1
81893	182	1160.710718	20
81908	186	7454.055026	172
81905	189	67.28837646	1
81893	187	732.765202	18
81895	66	7383.596392	143
81915	56	7608.883277	148
81881	68	1706.663548	32
81865	118	10.84923573	1
81881	249	1232.323673	24
81872	83	116.6157159	10
81875	35	11.0601144	1
81917	266	4834.851451	82
81868	261	25.89741614	2
81913	195	4988.618163	115
81889	222	1517.477416	31
81917	2	4589.210033	90
81877	97	32.16084823	3
81897	1	447.307281	6
81881	212	1177.458966	20
81889	224	1545.890491	28
81851	196	65.25457961	2
81914	42	7333.050557	146
81897	93	128.3073738	12
81863	126	163.1975056	4
81881	33	2187.222852	37
81895	10	13105.98414	193
81897	29	34.63748925	3
81907	212	7312.976368	159
81893	152	949.2106094	24
81894	189	7686.485585	157
81906	203	7651.512902	153
81872	68	44.71342967	3
81870	98	16.8921934	1
81865	221	68.87549648	1
81916	44	112.8838305	2
81864	147	35.86887587	2
81879	257	33.02227573	1
81907	49	8452.416393	177
81913	123	10264.12386	170
81891	155	41.69982001	1
81911	56	9112.615837	172
81907	193	14133.36985	206
81895	217	8091.926137	155
81881	220	1990.063589	30
81856	178	11.20935271	1
81919	161	3868.081424	80
81873	50	65.17953768	1
81918	79	6879.043064	149
81883	255	6587.71033	146
81874	214	15.40133581	1
81912	3	9214.114089	154
81869	1	10.90671579	1
81913	117	5479.710276	120
81858	59	125.0208639	2
81916	245	22.84919267	1
81921	56	8056.01802	162
81884	179	6582.384421	105
81917	121	4393.367628	68
81883	227	9806.678273	159
81914	193	15529.5147	219
81860	15	41.50412768	3
81860	181	10.28611935	1
81922	9	10093.76711	227
81914	254	9094.747859	169
81875	55	56.95828353	5
81859	5	1330.6791	122
81921	76	9231.881408	175
81918	52	7537.277874	154
81919	120	3925.989819	79
81902	231	3094.695105	67
81913	63	5692.338422	113
81883	176	9849.165658	192
81916	249	354.1923957	9
81918	210	11258.24224	178
81885	216	65.45209873	3
81912	69	10433.26552	162
81908	23	9515.579971	196
81867	110	23.78102527	2
81901	64	27218.64415	510
81864	136	33.79232653	1
81900	200	7738.898148	150
81912	67	5041.905669	99
81901	88	29711.67424	492
81859	116	26.52141705	2
81872	71	13.81018964	1
81850	7	10.72980424	1
81897	151	31.89297	3
81911	241	6202.305185	135
81849	92	32.12785378	1
81911	253	5545.63011	114
81902	57	4347.038216	82
81854	205	21.14490311	2
81852	23	13.51828647	1
81910	103	8551.518199	144
81899	13	74.99373816	6
81925	29	582.2084854	10
81914	47	6092.792998	123
81914	59	7341.0241	160
81895	155	10676.04108	188
81850	196	146.9410939	4
81849	83	97.69126586	8
81911	223	7280.903028	153
81908	141	11495.30887	208
81880	43	17.39717339	1
81911	43	7297.868455	153
81893	42	866.7294613	16
81891	124	21.61510519	2
81907	202	5513.400497	134
81894	104	9254.751454	159
81855	117	12.16116442	1
81880	29	40.6446182	2
81892	27	261.0898587	20
81864	125	25.70552399	2
81905	77	15.81299274	1
81857	6	17.86919179	1
81918	87	8378.010312	144
81864	143	34.89433591	2
81874	131	10.42659262	1
81907	152	8434.850761	172
81849	7	133.7359094	3
81923	130	2415.585193	56
81864	103	44.63903649	1
81911	201	6742.070663	138
81860	234	13.69869845	1
81916	83	338.4791911	7
81912	215	5817.267172	120
81911	35	8205.87411	163
81905	132	90.47582711	2
81921	233	13922.84121	209
81902	87	3632.572764	74
81884	165	4388.339431	74
81915	255	7237.434781	153
81881	95	1387.235238	27
81919	177	4294.927293	85
81910	171	7134.110212	136
81908	214	9653.637185	182
81857	17	92.8473359	3
81852	260	350.7434087	10
81867	214	10.28333255	1
81898	95	46.31715483	3
81923	262	2931.202248	61
81895	6	11196.65029	188
81877	145	15.00037657	1
81900	126	7954.870371	162
81920	203	7489.489477	141
81873	134	19.24602727	1
81911	105	6228.255451	131
81922	246	13553.0112	265
81863	103	57.47002158	2
81907	73	9120.511445	173
81900	69	10882.82453	168
81902	269	2467.326386	52
81872	259	61.85640207	2
81912	174	3697.88173	96
81850	131	32.78886424	2
81882	229	7441.05862	157
81920	121	8813.315508	154
81896	150	108.6596938	1
81899	45	131.1551053	3
81872	46	23.15787945	1
81901	266	28301.63135	501
81849	231	13.10330671	1
81909	124	7212.65146	142
81871	71	22.39616084	1
81859	183	14.97374935	1
81853	10	59.44766232	2
81901	175	22821.46048	492
81872	134	39.38806745	1
81916	63	61.45021613	2
81910	53	8078.63985	156
81911	133	7211.085938	135
81875	108	67.9281393	1
81876	59	31.260377	3
81849	223	32.79191303	3
81913	184	5320.971451	114
81911	152	8078.454123	163
81857	218	31.44304873	2
81894	125	4277.710062	120
81858	51	10.20096411	1
81889	4	3028.873831	46
81904	152	25.37274129	2
81850	154	24.72118684	1
81856	126	26.06327041	2
81907	246	10520.19319	164
81895	264	9639.994496	165
81912	133	5687.631349	116
81915	188	5039.837227	121
81894	196	9642.605309	180
81881	240	1289.485435	21
81885	83	33.18262857	3
81919	213	3994.496397	75
81883	247	9132.503493	181
81905	97	128.2261734	6
81861	32	10.14406725	1
81895	63	9112.092474	175
81864	79	11.67916945	1
81899	129	218.1322643	6
81904	139	25.22463713	1
81900	242	4351.822641	99
81894	195	7877.206935	165
81855	214	20.33298236	2
81902	128	5435.57673	98
81890	266	31.10298544	2
81872	0	37.55637217	2
81849	162	16.42386052	1
81882	139	5800.020037	106
81919	86	4661.216209	83
81920	168	7038.269058	153
81865	227	19.1054422	1
81891	82	22.55471261	2
81925	190	411.1091123	9
81901	52	19748.61929	405
81894	99	11871.20289	182
81870	261	102.7768834	1
81921	221	10367.33323	201
81900	34	11298.33216	183
81878	244	28.55781082	2
81850	59	42.56791357	2
81874	200	10.12338616	1
81889	245	1834.45318	35
81905	72	87.82787826	2
81899	256	388.3052604	6
81902	88	5057.312412	83
81875	186	99.47060634	1
81913	3	9843.4926	170
81882	240	6173.952127	115
81881	242	924.2639455	26
81913	26	7875.535921	134
81883	86	10159.83811	156
81877	179	21.18864591	2
81889	254	1682.08448	32
81895	2	9124.950881	158
81889	181	1705.782049	31
81883	244	6366.44166	128
81864	61	44.0051552	2
81874	124	90.04422404	3
81877	180	28.85537981	1
81916	264	111.2492388	3
81919	223	3678.362681	74
81896	263	26.17657518	1
81870	94	19.17214322	1
81860	57	41.43207272	1
81911	143	7194.951174	154
81917	91	3628.393394	69
81902	53	5064.90189	90
81849	238	29.1167728	1
81914	221	9460.744203	187
81889	44	1784.081633	33
81910	256	6541.248017	130
81917	184	3161.392632	65
81854	201	14.53250736	1
81919	15	4501.186101	83
81865	161	22.93567287	1
81922	51	10580.47576	206
81871	243	10.18758669	1
81862	90	11.83863277	1
81914	28	9896.811742	174
81902	65	4068.506748	68
81885	258	47.42185866	3
81901	2	24604.23932	501
81881	153	1564.618457	35
81920	197	5947.483804	131
81894	19	9012.933321	185
81919	72	4424.637102	78
81903	97	32.63306034	3
81862	205	11.09210247	1
81918	30	9759.995107	174
81893	247	1339.224329	22
81866	59	10.19788578	1
81871	17	10.86722299	1
81881	149	1511.036903	31
81885	210	10.95377144	1
81901	262	17158.63158	345
81863	72	18.88392093	1
81879	18	12.69692009	1
81853	223	45.46860118	4
81880	85	23.07744854	2
81873	87	12.35513216	1
81879	123	81.744787	7
81915	204	41705.58317	2988
81860	171	144.0582713	1
81903	146	12.74312001	1
81911	254	7620.158351	121
81905	255	73.04298504	1
81901	56	28613.64887	495
81881	132	1710.521039	27
81905	6	39.84343288	1
81851	269	31.07229031	1
81907	264	7017.502379	139
81883	263	7093.935648	143
81899	1	108.0192632	9
81920	237	5041.030778	108
81885	264	70.88877632	2
81916	142	189.2210925	2
81864	95	24.77577755	1
81892	128	23.09963108	2
81917	41	6217.659104	91
81883	207	7265.956423	138
81851	201	15.40042888	1
81851	165	10.07384072	1
81859	120	42.43924189	1
81884	144	4263.905308	90
81901	120	27276.44965	441
81853	145	85.61673208	1
81920	64	8731.913416	149
81920	60	7681.922783	149
81849	55	82.23667342	7
81876	22	11.20751509	1
81912	109	7782.902499	131
81880	241	21.23720147	1
81917	42	3657.71934	80
81905	33	82.61899264	2
81881	236	1375.865281	28
81870	6	17.79658321	1
81900	30	8108.139204	150
81907	140	10237.74638	167
81893	59	1043.161722	16
81923	259	3898.444864	68
81882	134	9867.855389	167
81902	12	3185.871689	64
81919	188	2733.982977	65
81879	27	66.52189061	6
81882	182	7130.862883	148
81861	108	14.61918558	1
81891	197	11.51829643	1
81910	0	14063.34721	177
81909	74	7336.661702	131
81917	196	4235.884426	78
81870	243	91.87454479	3
81913	122	7070.74724	134
81859	192	11.48864937	1
81910	118	5651.716529	123
81884	186	3631.793763	73
81905	0	10.72411567	1
81856	192	15.46020672	1
81911	48	8007.048198	166
81913	257	7271.476048	135
81858	112	38.1113471	2
81893	144	1306.867285	24
81856	11	34.8386153	2
81880	255	86.50061484	2
81912	23	10509.47735	173
81907	206	15787.73095	209
81884	164	4257.46289	77
81883	64	10964.3471	179
81884	213	3820.641912	72
81871	210	131.7232772	1
81874	43	12.76220816	1
81914	68	8768.388685	158
81906	101	8644.706921	151
81890	181	29.20829525	2
81858	5	1054.427056	97
81863	75	10.12997935	1
81894	267	8212.397622	144
81904	116	16.93394463	1
81885	137	44.50243028	2
81923	141	4067.470132	81
81857	194	11.01086569	1
81879	155	72.58128234	2
81901	114	24117.58176	390
81889	68	1430.457287	28
81907	135	7786.474502	133
81857	85	31.53465808	3
81855	245	10.54866989	1
81879	247	35.87924852	1
81901	160	25060.25953	534
81908	107	10400.5021	194
81901	42	25953.41037	510
81889	168	1802.52966	34
81900	198	4412.350467	99
81889	190	2012.061824	40
81882	184	8593.457023	153
81918	82	8853.067903	147
81902	33	4115.064808	64
81879	15	14.33117383	1
81923	116	2486.271186	43
81859	112	27.09882424	2
81895	188	6722.207491	144
81917	5	4929.182078	92
81914	30	10013.34855	189
81901	130	21243.14879	429
81895	152	9922.965525	171
81901	18	32662.53151	552
81907	250	7559.15056	156
81879	43	43.29579261	2
81894	79	9159.510347	156
81876	221	23.26073926	1
81868	251	84.20040096	1
81877	79	88.54853033	2
81854	141	22.11863622	2
81865	134	25.07269704	2
81919	237	3433.68255	80
81879	130	13.60697112	1
81879	259	14.16380389	1
81901	166	29080.06011	525
81875	139	93.66871162	3
81855	173	15.525455	1
81885	48	10.33393589	1
81889	27	4028.285254	43
81920	129	6723.165625	139
81866	114	12.32544296	1
81905	74	304.0272383	5
81861	187	11.39775379	1
81912	154	6384.180803	123
81914	52	7206.962952	156
81873	83	163.7413398	11
81908	131	7004.705857	149
81854	12	19.9713323	1
81910	143	7738.532975	167
81879	263	43.02319992	2
81920	20	6248.517029	135
81899	257	426.2911227	3
81860	188	24.16646204	1
81858	247	50.31173368	2
81865	81	66.11673264	1
81880	179	137.1258936	12
81879	98	64.3667166	1
81863	120	108.8084039	2
81896	114	10.21159292	1
81910	224	5645.142053	125
81922	126	8665.10452	215
81881	39	1381.27157	30
81902	241	3365.446147	73
81920	191	6358.632464	133
81920	266	9094.540262	175
81889	50	1828.312182	36
81868	34	53.52289771	2
81910	201	8718.81148	162
81925	150	216.2954733	9
81912	90	6380.575929	114
81904	78	107.2226505	1
81924	209	116.0897258	2
81885	77	26.00433602	2
81919	44	4081.347443	75
81912	102	5858.553078	108
81908	126	7409.863425	147
81895	15	10020.75862	178
81902	146	3906.916909	89
81857	143	12.25261106	1
81920	234	5563.046572	121
81895	21	10043.0762	182
81850	62	22.64079463	2
81898	11	71.03290905	3
81920	78	7428.951186	135
81902	148	3221.429303	73
81874	116	23.39676013	2
81901	66	19939.70528	414
81912	232	7929.976376	137
81884	93	5210.062026	82
81893	66	871.964865	21
81909	121	6512.170889	119
81883	40	10265.18907	180
81884	183	4358.77027	77
81877	77	107.5685603	2
81860	121	15.54016591	1
81854	146	13.83122088	1
81919	253	2411.429732	52
81920	92	4522.84051	100
81892	101	42.04611672	4
81851	27	90.35621395	8
81879	5	28.81664218	2
81922	39	10103.86189	204
81907	47	7749.448416	159
81911	267	6333.254101	123
81884	135	4333.117461	78
81904	263	10.15634015	1
81881	180	1156.385371	23
81871	12	10.45708791	1
81901	201	24700.97171	474
81893	9	1279.738631	20
81925	189	424.4355912	7
81863	193	265.7491841	20
81919	50	4188.65246	80
81920	154	7547.598536	153
81864	14	16.37282043	1
81863	239	34.890386	1
81896	25	34.2549636	1
81858	151	12.10697025	1
81901	224	19501.52101	411
81905	267	47.15688136	2
81882	265	6557.452445	127
81920	199	8227.608053	146
81901	1	34146.74481	582
81858	164	10.50442477	1
81919	65	5269.630131	91
81906	195	6428.598515	139
81881	156	1144.140443	26
81913	198	6877.399729	160
81855	157	31.32839764	2
81893	94	1202.232219	23
81889	126	1276.769342	24
81899	108	423.8166648	6
81909	224	7081.214693	141
81881	6	1927.76917	40
81919	217	3537.479869	75
81917	137	6097.027175	95
81902	59	4958.74873	80
81862	127	12.2610242	1
81885	132	11.36189647	1
81872	192	49.20198547	2
81916	184	183.6266132	5
81883	129	7196.139467	144
81907	266	9482.321478	159
81893	98	632.7027807	14
81916	146	90.21839425	2
81893	200	759.1274169	16
81891	133	149.1395481	4
81916	169	333.2131026	7
81918	81	7777.085037	152
81916	166	90.81669365	4
81905	115	102.7193749	2
81906	213	6292.29815	136
81912	20	5760.475602	117
81884	120	4820.085116	80
81867	61	29.74236364	2
81915	176	7804.079547	152
81909	29	8240.510479	154
81863	62	18.46435767	1
81914	34	7680.683838	151
81879	146	12.38337686	1
81884	97	6738.533971	100
81856	230	11.07773398	1
81899	200	53.34871863	3
81898	53	52.94637633	3
81883	90	8311.955008	151
81858	191	11.85290423	1
81920	229	6098.978278	131
81867	10	10.20560091	1
81909	0	11266.85077	150
81919	43	3790.999376	80
81872	236	19.65437459	1
81915	156	8828.088273	186
81894	49	9488.743304	187
81917	62	3949.182115	86
81871	148	55.433528	1
81876	27	22.21220027	2
81914	165	9678.756407	183
81866	97	42.19025821	4
81889	122	1738.757854	35
81916	28	137.8295732	5
81905	144	76.85931878	2
81892	23	55.49526285	5
81900	241	6073.319391	120
81919	105	4264.277191	85
81889	205	1648.920727	29
81869	211	34.07973422	1
81850	72	10.73223433	1
81915	24	7099.551134	150
81861	186	16.46470819	1
81909	254	6103.018244	114
81883	270	6940.204627	145
81857	221	11.92097932	1
81895	165	11874.71589	183
81901	30	26234.71277	513
81911	47	6344.886408	138
81881	128	1504.594101	26
81874	197	12.54679973	1
81906	74	7429.171331	136
81912	220	7071.941576	135
81916	45	40.31363454	1
81868	114	10.92656097	1
81905	96	82.98596722	2
81890	18	10.40526605	1
81911	19	6729.272384	166
81883	152	8777.757679	168
81883	79	7110.44199	134
81861	260	101.565255	4
81920	32	7015.56433	146
81893	174	842.5516766	21
81920	209	7244.496898	133
81913	74	7520.657957	137
81863	45	10.07528446	1
81882	165	11413.29627	200
81921	260	11902.95682	190
81894	64	8379.469001	141
81885	100	25.06100269	2
81912	233	12269.31023	161
81878	203	49.94544823	1
81867	106	26.07194896	1
81871	139	29.11149205	2
81901	252	27001.72349	456
81909	82	7429.662456	141
81855	6	19.12799222	1
81850	148	24.8861236	2
81852	109	12.40916634	1
81893	18	1644.623961	24
81859	162	34.38516351	1
81900	158	5715.002199	120
81911	256	6304.424518	128
81864	169	24.90179613	2
81925	98	239.4255037	6
81892	69	89.45462274	8
81852	26	27.24614765	2
81918	99	8545.383553	148
81910	101	10249.78335	176
81923	178	3677.288244	86
81923	125	1378.563711	34
81920	254	6657.110945	128
81910	36	9178.480364	163
81922	35	11217.08928	234
81920	139	4006.797432	87
81920	185	5499.224943	120
81913	230	5879.597881	116
81856	256	10.00578221	1
81915	253	6311.00715	126
81902	96	3584.948666	59
81899	8	72.95983308	3
81898	41	135.3318649	3
81914	250	6762.636537	142
81880	227	57.71711152	1
81871	232	49.47359885	1
81906	70	5965.294554	138
81921	235	5835.084815	126
81875	69	165.6233794	14
81912	172	5813.85135	127
81890	121	10.74057843	1
81883	31	9491.85163	169
81866	137	22.53780711	2
81859	107	11.44182222	1
81881	190	1169.220205	21
81849	211	20.97641304	1
81894	108	9949.327183	163
81895	224	7944.846095	150
81923	239	1846.793078	52
81904	120	29.77019622	2
81853	37	30.69688617	3
81907	226	6487.387416	137
81923	201	3961.622238	65
81850	60	12.85937615	1
81908	37	10365.43545	169
81923	134	2619.815719	51
81907	261	7444.223626	144
81924	15	92.44558863	1
81918	50	9358.90454	181
81924	134	33.66562146	2
81890	99	32.09524028	1
81891	129	24.62826132	1
81890	79	38.28426902	1
81855	227	14.09839688	1
81900	95	9178.686978	138
81883	133	7235.550784	123
81850	235	17.76969872	1
81902	151	4366.388371	87
81913	252	6448.753653	133
81869	38	13.90588364	1
81918	162	8725.628495	172
81911	55	15634.33388	219
81917	103	4477.504929	83
81880	120	85.0771805	2
81850	23	71.82090192	6
81905	207	67.53241356	1
81908	154	8224.962222	180
81900	159	7333.898364	147
81907	53	9242.375315	172
81921	35	7070.758802	144
81885	102	37.65522098	1
81884	27	7178.478178	109
81859	11	15.50897257	1
81878	69	45.58414115	4
81873	156	29.80104731	2
81921	165	11200.31422	214
81913	218	5109.248627	111
81923	114	2705.378368	48
81918	75	11154.4684	169
81915	202	6592.119001	149
81875	220	89.345442	2
81919	68	3924.312147	82
81893	242	847.3483856	16
81898	125	49.12458432	3
81882	41	12235.30822	169
81916	113	117.0083749	3
81865	126	17.74930791	1
81890	31	55.60676321	3
81921	25	9614.188124	172
81901	227	20532.91092	390
81906	214	7021.483581	131
81856	197	10.27167639	1
81910	34	8939.767176	163
81898	110	55.67337237	3
81913	50	6075.654436	120
81907	87	9254.898281	178
81893	173	1295.895193	27
81914	129	8115.527752	162
81919	118	2807.995664	61
81882	66	7566.918647	152
81871	97	236.7373311	8
81905	174	17.41287449	1
81904	119	33.18722006	2
81911	69	11139.76321	181
81853	179	323.0001644	19
81861	258	24.56705086	1
81879	45	24.22546985	2
81891	1	71.93557737	1
81923	232	2802.412211	54
81920	71	4275.495544	104
81851	199	21.38068773	2
81879	139	32.48536105	2
81895	154	10594.32124	197
81908	6	10531.08024	186
81903	113	60.86160783	2
81922	117	9997.19294	192
81849	249	100.3565777	3
81883	199	9963.714946	172
81884	246	6531.039922	95
81865	1	11.97530518	1
81915	166	8215.961213	169
81894	205	8969.065646	171
81906	95	8377.138627	143
81914	190	7274.649337	159
81883	193	13007.31546	205
81922	159	10452.75397	236
81879	91	61.01441019	1
81910	168	6936.924614	152
81890	152	46.92291491	3
81915	132	6502.252024	135
81883	205	8090.046949	181
81902	177	3450.04219	71
81861	60	10.12565359	1
81882	102	7758.354977	150
81866	23	68.04907504	6
81907	269	6308.197252	147
81861	100	82.99722802	1
81909	189	5962.39249	140
81875	30	10.20316259	1
81885	201	15.87374195	1
81881	209	1495.933484	23
81853	137	130.8529279	3
81923	174	1784.706842	47
81870	255	27.0120127	1
81860	191	13.77103255	1
81881	88	3020.040252	42
81867	43	81.73589687	3
81851	38	13.30087692	1
81907	198	7354.099911	158
81921	32	8449.906464	178
81863	7	138.6160862	1
81894	223	9130.414669	173
81866	3	10.17218924	1
81920	3	11311.56894	185
81884	41	8119.804292	94
81914	167	7529.013285	169
81882	238	8583.569739	152
81889	118	955.7597451	21
81905	88	11.50840219	1
81907	199	8788.849324	157
81883	45	13077.87476	185
81907	265	6315.254191	138
81910	78	9906.350104	162
81902	113	3814.707695	84
81850	129	34.17964676	2
81915	254	8681.138309	161
81873	221	172.981794	4
81857	183	32.94895353	1
81870	19	88.11328523	1
81920	211	4492.750746	116
81911	194	7467.649843	143
81850	46	26.83928703	2
81884	178	3856.523938	82
81894	260	13945.32798	224
81919	162	4164.120017	82
81891	10	10.01066704	1
81918	179	16423.24625	283
81895	147	11538.9168	221
81912	136	5557.577339	114
81924	194	44.99814232	1
81900	192	8386.025082	153
81916	96	359.4059681	5
81894	119	10153.88113	182
81895	41	13332.28683	204
81905	154	130.1294157	1
81918	230	8558.324972	162
81900	17	7710.209988	159
81893	22	913.3134657	21
81920	150	7405.814072	161
81883	6	11354.76048	195
81903	209	19.40924121	1
81889	221	2209.228624	34
81895	168	8574.221944	170
81849	88	40.31734156	1
81920	59	9335.320353	159
81901	96	29545.8924	432
81903	72	63.30434539	2
81910	105	6069.453605	122
81875	185	14.01530982	1
81865	136	42.18895007	2
81900	38	6068.737305	135
81905	27	11.60534074	1
81870	247	30.16894976	2
81902	74	4828.626676	87
81871	143	164.3219387	2
81922	23	14729.30279	268
81894	163	9118.643144	168
81897	108	68.37710103	3
81902	203	4360.050323	80
81901	58	27942.0458	426
81881	255	1005.68827	24
81912	44	6986.223859	124
81856	254	88.52618551	1
81881	81	1408.656263	28
81856	262	20.29327	2
81912	248	7399.831381	142
81902	58	4922.519876	78
81883	239	7786.140069	148
81922	10	15509.23419	297
81873	92	24.2629218	1
81857	225	10.19650405	1
81920	249	7127.13569	135
81856	96	37.84093878	2
81920	235	5504.34881	107
81853	251	14.95564391	1
81883	96	11084.86872	174
81920	86	8402.669431	144
81918	139	5457.407619	107
81854	121	21.22725487	1
81883	24	6275.588007	136
81920	74	8773.209018	158
81889	228	1738.129978	32
81894	230	9109.517658	165
81894	28	11274.02484	184
81867	145	21.05163817	1
81922	144	11418.02034	252
81894	237	7476.647855	147
81851	126	32.10533535	3
81883	200	9702.01031	176
81894	13	13568.54765	193
81921	217	7092.356858	146
81913	204	48359.44635	3672
81881	186	2213.579628	39
81913	178	6877.046547	156
81866	195	35.4993933	2
81896	70	21.4760391	2
81902	240	4224.846635	76
81909	87	9327.261781	151
81889	11	2727.306923	39
81920	267	7240.751373	145
81918	212	5993.56354	127
81866	50	13.54070311	1
81907	222	6000.53234	136
81920	232	7352.782455	138
81915	199	8597.536495	149
81868	78	129.1416107	2
81853	268	17.13168904	1
81899	86	83.91578064	3
81917	215	3750.437294	71
81863	250	10.0571702	1
81908	198	7550.690201	169
81871	123	79.75289177	7
81921	37	9481.270583	167
81919	248	5055.49312	91
81905	104	86.1165304	1
81907	172	7149.210566	152
81880	236	21.43895427	1
81871	6	29.94815732	2
81909	127	8541.068847	146
81897	235	32.35724037	3
81907	9	6938.660132	149
81907	230	5480.731403	115
81920	198	7350.328741	146
81865	107	46.32186014	1
81891	268	54.14460393	2
81884	5	4317.749825	71
81916	172	91.35944089	1
81918	157	7515.097373	164
81867	249	74.74077034	1
81889	84	1530.266149	29
81870	77	10.87100198	1
81906	91	6873.327478	141
81895	31	9432.599686	170
81905	223	108.9507718	2
81925	110	536.9236395	7
81861	146	62.65062236	1
81881	226	951.2625032	21
81881	93	1534.885262	24
81859	130	39.79888741	1
81851	221	31.72409748	3
81885	90	20.13911905	1
81912	37	6431.242741	109
81874	69	107.4106673	10
81922	236	11239.53116	227
81854	210	35.34156163	2
81925	24	652.9595789	13
81902	11	4163.629053	74
81889	83	2561.948205	43
81907	205	6361.145587	142
81918	66	6632.98718	142
81907	236	8060.730405	142
81850	185	10.83709612	1
81862	144	22.05361568	1
81856	83	120.957239	8
81851	263	10.1272917	1
81877	6	24.77140503	2
81898	145	34.18535475	3
81891	80	10.3368112	1
81892	45	58.10171087	4
81880	141	60.61452481	1
81854	93	141.150631	4
81884	115	4007.643171	76
81911	94	5883.447062	115
81891	58	11.59173417	1
81917	261	3960.764117	65
81883	3	14565.89542	215
81903	257	25.10054571	1
81918	27	14842.66948	253
81876	40	21.6602124	1
81915	118	5020.354195	117
81914	124	6268.139882	137
81914	1	9556.516194	163
81911	261	7074.438179	156
81883	229	8821.004167	170
81917	50	3321.749641	74
81856	222	10.62570063	1
81866	87	16.06375304	1
81900	154	8675.887089	168
81875	202	17.25979012	1
81866	249	52.70652887	1
81854	111	43.15816409	2
81912	1	9778.261173	146
81884	217	4201.056152	87
81892	5	12.15900051	1
81902	266	4858.064649	73
81911	7	6597.19385	137
81894	270	7406.81288	129
81916	231	100.3352684	3
81912	223	6058.380435	123
81898	119	30.70105458	3
81910	185	7362.301437	151
81924	65	20.20349933	1
81883	107	12201.98599	187
81869	121	12.56370009	1
81882	219	7659.292743	148
81914	154	9004.633043	206
81855	137	48.03597661	1
81907	171	8288.492178	161
81903	26	12.62785854	1
81850	140	16.55327348	1
81893	236	1528.633956	25
81922	123	16051.62793	251
81891	200	53.99890183	4
81889	23	2622.299251	42
81922	13	16962.15956	260
81922	37	16032.49969	276
81915	8	9411.218318	169
81908	44	8670.408175	170
81924	36	101.131687	1
81912	268	5081.336021	106
81899	196	41.48939598	3
81914	60	6685.075698	138
81909	157	6364.878867	144
81883	95	9575.248239	159
81901	118	17387.42219	372
81865	119	13.8392488	1
81914	96	9987.22089	180
81879	246	36.52409274	3
81879	140	16.30207817	1
81921	28	11189.52262	192
81894	255	7298.048124	154
81891	126	131.2700702	3
81900	113	8010.148827	135
81923	258	2400.972026	52
81864	70	19.81155605	1
81922	152	13600.92156	286
81918	34	7919.506191	147
81911	250	4991.870239	109
81899	98	101.022192	3
81906	77	9086.533772	148
81858	217	11.08973921	1
81885	25	10.4918114	1
81861	27	48.8511925	4
81890	258	36.2800501	3
81889	184	1691.863765	39
81911	159	6448.542193	155
81873	249	36.79037998	3
81913	40	9466.49183	150
81907	203	8882.835565	152
81922	171	9782.812961	243
81853	222	19.07404498	1
81895	36	10952.59393	173
81852	161	50.20277735	2
81869	2	13.66898633	1
81872	6	24.22148601	1
81922	213	8280.404428	197
81880	219	23.70701533	1
81895	40	11892.66027	184
81890	35	11.4423752	1
81860	124	10.67044705	1
81858	250	25.19656686	2
81899	260	847.3591545	12
81866	250	11.02923233	1
81906	76	8586.950353	154
81908	92	5799.325322	129
81864	216	81.03319685	1
81868	204	21.85880268	2
81912	261	4815.238344	103
81921	34	8304.359995	158
81881	141	2207.212695	48
81913	223	6668.787041	125
81864	93	10.62456099	1
81872	221	10.74061337	1
81849	270	10.56131908	1
81921	228	6842.064708	132
81920	184	6823.98169	140
81905	122	79.25121104	1
81914	107	9475.633285	172
81922	82	11118.95137	205
81866	190	18.07501753	1
81883	38	8495.278323	168
81912	122	5645.892651	98
81923	33	3977.134757	60
81913	175	5669.966895	134
81903	155	12.65208904	1
81872	230	185.0140734	1
81876	138	36.44532867	2
81898	126	43.55103684	3
81917	271	2895.636395	49
81919	204	43440.0356	3565
81920	221	7136.673669	129
81918	22	7401.790276	156
81857	248	11.25310251	1
81893	46	1696.639452	31
81883	46	12115.38653	195
81880	86	71.42119172	2
81922	21	8959.060392	189
81896	157	10.98915823	1
81913	51	7293.15941	132
81915	65	8956.274556	169
81893	40	960.8390702	14
81924	96	43.37406789	1
81895	174	7976.1673	157
81880	250	11.44481576	1
81908	231	7103.964413	146
81891	101	65.12905585	5
81893	16	1239.360109	22
81900	42	8923.212822	156
81909	49	7076.153687	144
81883	136	7379.868585	129
81911	72	8012.45439	152
81900	12	12797.33249	213
81885	202	25.47452604	1
81919	96	5900.741629	97
81908	178	9021.719094	184
81894	37	11750.71754	181
81910	219	8107.156005	151
81891	85	47.93350031	4
81853	80	10.47188847	1
81875	114	31.6950912	3
81892	183	10.24623	1
81855	126	88.70419619	3
81884	18	6943.994514	104
81904	271	130.7718697	2
81894	211	7530.733473	147
81879	125	10.94054682	1
81861	231	38.6910455	1
81918	155	8565.758661	174
81902	55	11680.4114	140
81916	159	95.64996586	3
81891	256	71.24738551	1
81881	105	850.5642319	19
81901	257	18776.572	384
81895	4	12954.75683	192
81907	48	9158.740492	187
81878	246	11.77131664	1
81913	86	7308.475932	126
81893	178	1425.017072	25
81854	104	13.56875692	1
81893	89	863.8778806	18
81892	141	55.49512754	2
81894	224	9069.6147	162
81881	251	2036.304698	39
81900	193	15581.87348	204
81882	247	7894.811147	163
81855	29	54.7686618	2
81849	258	10.68178038	1
81867	97	113.7420453	9
81918	169	8826.944478	172
81911	163	8590.98016	171
81920	167	7951.361476	153
81906	247	7699.239353	148
81863	5	101.8784003	1
81921	108	7932.54818	158
81859	134	34.50825932	2
81900	144	7376.863035	180
81916	181	150.6340881	3
81904	178	11.87643054	1
81855	179	182.824896	16
81900	218	6903.970068	150
81905	186	78.74160795	2
81871	93	101.4209853	3
81922	266	12309.51891	230
81905	78	11.09543591	1
81897	132	97.05962061	6
81916	3	123.7091668	2
81921	200	11281.09415	207
81922	216	10893.66488	237
81914	239	5144.427216	125
81883	110	12036.88083	157
81919	194	4359.302705	80
81885	179	181.2750596	15
81895	202	6968.506367	140
81906	60	7332.412582	149
81925	253	275.3372243	7
81909	167	7153.360692	151
81864	13	25.72623501	2
81902	262	3778.542192	73
81895	134	9680.692228	157
81908	244	6935.625851	145
81906	226	8566.266604	162
81900	141	9683.520657	183
81901	100	28189.97492	489
81922	265	8615.196054	195
81921	11	11760.24831	187
81908	59	8893.3148	161
81909	168	6584.976433	137
81879	258	10.5657591	1
81902	16	3333.611803	68
81922	240	9464.365558	191
81892	77	21.07009932	2
81910	64	7711.896986	143
81869	77	11.40775389	1
81914	36	8116.513026	151
81919	137	4113.474756	84
81898	117	52.97316474	3
81906	234	8169.08562	155
81859	45	84.87656579	2
81893	131	1265.900564	19
81910	46	9767.844151	152
81907	243	7349.456035	149
81918	232	8492.333215	155
81863	257	108.1631955	3
81866	103	59.39635868	1
81882	95	8417.926819	139
81906	223	7353.660973	142
81906	159	9171.527606	182
81907	81	7389.555041	139
81913	164	7434.290099	152
81882	112	8571.181862	144
81866	135	68.33231792	1
81907	131	8958.41475	163
81882	220	7726.612964	145
81913	193	12813.64119	181
81884	77	4226.072475	73
81889	19	1735.64921	37
81864	65	15.40155509	1
81893	14	640.1045206	14
81894	166	9609.418931	177
81894	242	7039.598424	150
81921	241	5987.472968	132
81923	68	3187.975942	70
81895	256	9772.780088	174
81892	97	177.6282914	16
81861	9	12.63776518	1
81871	251	33.86325662	1
81855	23	32.35220807	3
81917	7	3700.067079	75
81902	94	3216.866429	54
81922	254	12653.29262	252
81900	33	13965.51762	219
81867	252	31.89969054	3
81906	48	7914.040739	171
81912	145	5590.576029	121
81895	24	8900.676318	157
81919	171	5114.000749	99
81882	150	6533.934492	135
81907	130	7783.258517	157
81879	121	109.3478181	2
81882	98	5822.435061	134
81912	196	5381.252857	99
81894	35	8603.382092	155
81871	258	18.28331769	1
81849	81	24.99963497	2
81893	72	1273.83673	22
81854	49	10.01192514	1
81861	3	14.65415463	1
81900	184	7234.533768	147
81882	97	17169.43623	194
81922	27	18859.5107	316
81915	189	6150.492115	143
81913	251	6208.704117	131
81899	159	218.6593416	6
81919	123	4390.175562	73
81916	55	199.7761091	9
81924	233	47.75821755	2
81893	19	929.5316468	18
81922	32	12685.44336	247
81916	67	124.4591768	2
81893	121	768.953296	17
81880	196	23.65232013	2
81900	103	8437.348944	150
81869	249	10.01358538	1
81859	29	101.4951126	1
81883	243	7359.832672	154
81851	115	16.0258739	1
81915	174	5316.774276	122
81885	26	13.14521819	1
81874	265	29.61823634	1
81869	31	31.38109028	3
81856	116	18.83368301	1
81904	82	88.94463813	2
81881	49	2494.04952	47
81919	128	3828.852422	78
81853	113	11.36177577	1
81893	205	671.6760929	15
81922	97	22238.95204	273
81849	210	47.37440759	1
81920	103	7120.087456	136
81912	173	6054.467395	120
81921	39	6884.912081	150
81880	257	71.22594621	4
81876	96	14.32773743	1
81859	56	10.54206218	1
81893	217	515.5566085	13
81893	104	800.9565877	20
81854	225	103.4953331	1
81864	68	12.10245455	1
81892	4	33.48060942	2
81881	189	1198.870463	26
81922	270	7962.137193	179
81920	8	11682.37092	189
81918	5	9735.988021	189
81893	206	1123.504847	28
81918	72	8641.382126	161
81879	178	72.48498526	2
81861	161	16.7063213	1
81880	101	20.57531805	2
81881	116	1373.302103	25
81881	25	1346.176004	30
81922	52	8715.031607	203
81855	252	11.7051351	1
81890	146	13.33437969	1
81914	252	7629.892783	156
81908	256	7519.636591	145
81905	262	69.50424847	2
81868	199	14.52998419	1
81875	177	15.68822178	1
81918	208	7066.022513	135
81858	124	10.03124565	1
81898	256	43.10209851	3
81919	109	4907.549843	88
81925	148	300.3415354	9
81922	124	9022.144303	186
81918	42	7074.437893	133
81907	147	9314.965596	205
81923	91	3276.356029	64
81921	70	6823.383551	150
81864	151	26.92001582	2
81853	244	21.65997089	2
81862	247	46.28596835	2
81882	187	7038.020382	154
81913	64	5988.30634	121
81901	209	21933.94795	369
81911	184	7263.325897	143
81889	105	1937.881927	35
81862	7	14.5490428	1
81895	189	7924.222029	162
81884	166	3994.948497	76
81889	230	1830.645952	38
81924	190	18.03728184	1
81867	0	103.274006	2
81865	147	10.44037594	1
81922	3	14573.96029	244
81910	154	8637.659278	189
81879	6	67.81358704	2
81852	125	27.36016519	1
81922	196	8834.505366	215
81900	120	9744.292617	153
81901	220	23906.83884	441
81893	92	817.8096397	15
81883	62	7112.535611	143
81907	126	8444.742838	174
81865	88	23.06686426	2
81885	215	47.11590848	1
81895	142	11901.33705	205
81866	226	27.78431414	2
81879	28	10.93615325	1
81893	226	1156.043055	26
81916	68	279.7155424	5
81863	165	12.31782099	1
81849	60	10.5788508	1
81895	240	7215.242364	138
81867	102	21.25839461	1
81882	225	7310.529056	130
81862	270	14.23054333	1
81885	138	85.6316731	2
81919	46	4784.599808	73
81918	266	7810.673692	152
81889	112	1441.031671	21
81872	148	17.29797804	1
81913	202	5533.106494	135
81850	15	29.90795483	1
81869	157	12.2005473	1
81856	208	12.95450674	1
81894	38	8236.906717	175
81856	242	25.68321492	1
81908	125	5281.921342	141
81875	141	32.44394295	1
81863	37	33.33470999	3
81894	234	8064.9536	153
81913	244	5928.246752	127
81893	265	732.4512951	15
81895	127	11987.75327	192
81893	244	1484.158501	27
81877	143	13.38036178	1
81876	125	83.52443861	2
81924	104	11.2856975	1
81902	156	2925.384486	63
81881	187	1462.166283	30
81919	271	3521.544446	69
81910	22	6952.517337	150
81917	111	4225.272734	74
81882	76	9332.212985	163
81910	104	7154.560291	128
81876	203	39.95742731	2
81866	118	33.81959798	2
81894	259	10456.84788	175
81865	245	28.37909749	1
81883	184	8537.965854	175
81900	223	7612.285776	177
81862	252	129.6006317	2
81879	244	13.2433889	1
81860	87	12.3316004	1
81880	206	205.2592719	18
81896	234	20.85739121	1
81868	184	83.45272324	2
81904	45	10.39316471	1
81890	165	27.42019141	1
81895	238	7760.225122	155
81873	113	12.69616032	1
81883	42	8967.494185	158
81922	157	12489.04211	286
81870	112	61.79817575	2
81919	202	2849.677313	73
81893	132	992.0307366	19
81892	33	27.57896656	2
81858	98	18.02770381	1
81884	13	5611.235057	89
81906	232	8853.175515	166
81853	97	144.4446648	7
81867	79	12.01529939	1
81860	179	178.11215	16
81875	6	16.03880973	1
81903	22	23.52599609	1
81899	101	171.179079	3
81863	89	22.82270686	1
81872	169	10.96548216	1
81924	204	8029.137739	722
81909	156	7635.160871	168
81869	23	108.2937275	9
81869	195	12.20755384	1
81870	179	212.516807	18
81873	265	29.02773619	2
81921	138	6088.905416	126
81921	252	8634.231352	153
81871	27	41.13165925	4
81876	102	52.22531588	1
81913	7	7366.105309	157
81867	211	47.72467092	2
81909	114	7572.161966	124
81920	2	6414.099957	134
81900	222	7149.928842	162
81875	183	10.26907311	1
81861	57	66.90649577	1
81889	111	1232.427721	28
81922	130	8376.756022	171
81904	195	11.08913173	1
81884	32	5427.420064	91
81875	247	10.47017072	1
81889	198	2122.005867	38
81859	214	34.5706293	2
81859	168	99.9149309	2
81918	2	8895.64987	182
81883	179	15879.49868	243
81864	114	10.91607842	1
81855	13	10.10683415	1
81920	252	7135.013316	132
81864	74	29.97518927	1
81882	130	7998.285291	160
81901	136	23920.22143	453
81913	8	11144.21983	188
81853	125	11.62008514	1
81924	130	12.61833685	1
81913	199	8626.802143	140
81883	266	9366.675537	154
81915	21	7422.301195	164
81882	175	8136.999238	169
81867	250	18.96096898	1
81854	102	10.7149925	1
81921	49	7389.902854	158
81906	42	6936.178494	143
81922	169	11918.16645	235
81919	193	7540.808276	111
81902	249	3114.123747	65
81921	199	10140.78859	181
81881	203	2255.076065	37
81908	220	6914.736454	134
81911	50	7518.138412	150
81908	163	8723.305861	178
81854	123	154.3714438	9
81859	154	13.55210509	1
81923	60	2600.313346	57
81902	137	4643.383744	74
81900	116	6530.169468	120
81854	128	31.09964269	3
81863	88	22.80921892	2
81924	42	99.16478438	1
81885	86	10.256357	1
81891	23	119.6018769	3
81900	114	9070.420263	162
81919	112	4683.709559	101
81853	138	11.77211203	1
81922	179	21701.58804	348
81915	2	8052.515636	169
81876	51	18.30517497	1
81882	28	8730.254105	161
81868	32	174.2388498	2
81912	195	4532.962276	107
81919	170	3923.414666	89
81920	165	9656.727463	165
81882	192	7564.071665	142
81921	92	6552.102684	143
81878	3	11.26465776	1
81862	136	44.89723319	2
81913	215	5693.571422	125
81899	135	93.73227246	3
81902	92	2503.261573	47
81922	128	9856.705558	212
81917	209	3796.009305	75
81922	256	7511.323139	176
81882	193	13048.48358	207
81869	247	11.04494536	1
81915	157	8481.178425	179
81882	183	7040.128169	137
81893	32	1431.969326	29
81906	191	6661.888097	146
81910	29	8741.549247	172
81859	271	12.08837716	1
81884	142	5463.549296	97
81913	238	6727.589645	137
81900	112	6216.242085	138
81872	61	67.16836712	3
81873	138	23.24358849	1
81914	93	8367.522602	146
81869	117	24.2322558	1
81902	242	2964.817553	74
81914	144	9087.841259	194
81916	115	81.54128079	2
81873	18	20.46447099	2
81922	25	12445.55154	249
81908	128	9195.560213	172
81918	201	7356.85425	143
81900	170	5801.358516	105
81894	94	8910.785712	142
81894	39	9848.875429	169
81871	206	328.7005165	29
81889	132	1223.971366	26
81853	182	49.26826913	1
81896	165	61.7693301	3
81914	106	8212.692115	161
81904	42	16.39303871	1
81884	113	4166.099174	78
81882	203	8964.862899	150
81906	65	7216.373957	149
81919	88	5767.797845	90
81905	30	11.54399992	1
81919	149	3946.628421	92
81884	44	5147.353589	94
81906	75	9957.781786	150
81863	197	31.08720616	1
81921	102	6725.227165	140
81870	37	32.0941389	2
81914	111	6811.814614	145
81863	216	11.51169735	1
81925	75	359.4730224	9
81894	188	6010.280868	139
81921	79	7644.41299	163
81882	195	7187.44285	145
81872	267	89.04321796	3
81868	260	73.88264366	6
81853	194	21.2787284	1
81875	97	58.05427635	5
81882	83	12358.36022	179
81855	37	69.66620338	6
81913	194	6640.617956	130
81903	16	10.061356	1
81856	248	46.07497704	4
81891	245	11.94367195	1
81856	162	51.79682946	2
81915	58	8073.986268	151
81911	193	12574.83127	184
81912	255	5283.0732	124
81875	165	15.13665669	1
81921	99	9481.345084	174
81861	226	33.48872426	2
81857	256	52.42676143	1
81881	168	1205.510467	26
81909	152	9351.941439	165
81911	25	8387.394572	160
81872	147	16.60751931	1
81919	38	3468.209121	77
81897	30	53.02681653	3
81860	215	10.6946414	1
81914	262	6114.284301	127
81925	162	719.5372359	13
81901	198	22261.91268	435
81903	80	10.23303708	1
81912	188	3875.292472	96
81909	142	9285.159694	187
81889	134	2155.952378	35
81857	27	23.09939525	2
81873	263	23.58819259	1
81902	98	3118.37228	74
81853	75	22.57412438	2
81866	205	43.72410477	2
81923	222	1885.422379	45
81915	129	7251.129185	148
81873	26	21.06068667	1
81903	185	10.83785237	1
81895	263	8268.504705	154
81893	106	968.8576524	21
81884	126	3755.998478	72
81922	222	8550.395888	187
81906	71	5633.589663	132
81877	189	63.30511701	1
81923	75	4251.676091	69
81856	187	18.16891634	1
81914	170	6251.231497	132
81912	251	6897.591998	125
81913	219	6239.124001	129
81920	151	8755.19157	164
81907	100	7354.866579	157
81857	246	45.34291773	3
81882	248	8637.671545	154
81884	12	5871.532214	92
81855	207	11.57925076	1
81851	83	140.2283855	12
81914	192	7970.575491	161
81920	38	6024.309458	142
81862	266	39.31129622	3
81862	110	23.65564109	2
81912	47	5069.158745	108
81870	242	43.09572768	2
81900	152	7689.583437	171
81870	22	13.3973953	1
81881	178	2088.831195	37
81911	21	6845.927547	147
81879	194	10.3274223	1
81893	116	1132.244858	24
81898	28	30.63771348	3
81913	106	6927.607679	135
81897	107	80.48965377	6
81883	97	17015.43194	208
81913	135	6124.485217	117
81873	233	68.43811889	6
81880	69	160.2311115	10
81911	3	9406.504782	168
81869	37	22.28720284	2
81913	4	7935.928382	151
81853	253	47.58104543	2
81906	17	8798.065301	164
81919	219	4126.529501	82
81916	72	189.8102387	4
81915	33	9548.034319	167
81901	63	28005.1479	519
81865	195	11.18285546	1
81916	69	143.3695669	2
81851	237	23.21743627	1
81912	0	7829.095767	115
81910	37	10150.31476	170
81918	129	7212.022731	147
81889	216	1920.616663	33
81870	161	18.47595327	1
81883	264	8260.819388	147
81856	2	10.92064771	1
81902	221	3828.23723	77
81906	189	5948.294746	120
81906	149	7698.981161	162
81861	52	92.44626793	3
81889	12	3562.317597	49
81895	270	9044.317632	164
81875	264	38.790073	1
81856	122	17.42933782	1
81905	129	72.80040886	3
81915	248	8439.13641	160
81911	40	8219.421117	161
81899	233	168.1278426	15
81921	190	7397.708274	155
81880	9	81.11008588	2
81866	93	58.35994993	3
81854	3	11.81364319	1
81885	145	26.57125781	1
81852	136	35.51331833	3
81908	7	6979.342073	160
81907	137	9097.847831	153
81893	216	555.1470952	11
81884	110	6212.368009	87
81884	234	3829.321263	79
81881	71	1186.684775	31
81861	72	30.45331709	1
81917	177	3730.460344	83
81855	5	1875.548894	171
81894	3	13069.13706	193
81914	142	10413.39672	193
81906	57	6778.172242	142
81895	90	10085.51211	173
81921	147	9574.876124	198
81891	125	43.52053973	1
81914	116	6438.037163	124
81871	142	155.0608371	1
81907	263	7158.840029	139
81919	95	4224.852797	84
81861	68	11.89247754	1
81922	120	9960.105706	198
81911	197	7427.599653	163
81860	27	50.6516001	4
81896	133	13.57649885	1
81902	84	2926.311553	60
81891	250	29.7416935	1
81879	101	61.3363458	1
81882	42	9123.495565	158
81857	101	26.78233405	2
81915	233	15846.31132	217
81850	233	131.629079	3
81915	177	6355.618605	137
81892	28	22.83908182	2
81882	140	9744.161809	157
81914	225	6853.678517	151
81914	183	8235.275163	163
81881	206	2451.68747	37
81923	157	3444.61277	72
81883	65	9184.798454	175
81849	74	27.95229506	1
81874	77	33.09867372	1
81901	193	49193.51941	690
81869	230	38.70170154	3
81855	152	31.71898696	1
81910	33	11101.26793	183
81908	248	9473.313593	175
81885	253	10.68562061	1
81908	144	8874.760579	184
81907	21	7707.453834	152
81902	124	3424.293903	79
81902	3	5366.936278	84
81857	31	78.46137796	2
81920	176	7819.803265	159
81861	141	50.21326647	1
81908	236	7510.60465	154
81911	53	8624.018472	153
81868	13	44.94060147	4
81854	221	43.97531719	4
81867	26	17.17879549	1
81871	202	45.40201248	1
81903	256	10.64570128	1
81900	60	4822.564116	87
81872	197	62.53924629	2
81849	179	247.2865867	22
81900	20	5141.24136	120
81911	34	7357.559655	144
81905	165	46.10968782	1
81882	73	9908.932455	174
81889	174	1219.784239	27
81909	271	5083.590149	95
81901	218	20213.32766	381
81906	146	8362.311004	187
81902	134	4551.080526	68
81865	123	116.030413	10
81910	130	7147.833814	138
81884	203	5313.796693	84
81896	195	10.51473691	1
81914	166	8186.231024	169
81906	145	8289.699258	179
81864	5	20.26014907	2
81882	127	9473.878575	155
81881	162	1605.065345	29
81898	204	33.39487578	3
81854	247	11.38916737	1
81915	182	6965.46887	158
81910	214	9758.450388	170
81878	21	15.21186965	1
81898	250	68.51043978	3
81899	271	126.1651576	3
81922	109	9598.125189	179
81908	69	11311.09895	177
81900	90	7381.590762	144
81867	60	24.98540855	1
81901	159	28145.97661	540
81881	234	1547.386013	29
81899	33	88.77620949	3
81870	233	109.599093	9
81922	193	18043.48347	293
81892	34	123.4173553	1
81851	35	42.59281462	1
81882	106	8597.606836	158
81890	12	20.7836999	1
81923	231	2410.406527	47
81916	119	245.7403038	4
81917	198	4271.31465	88
81851	213	26.29463687	1
81892	167	11.08615835	1
81862	189	15.87661158	1
81914	242	5063.466292	129
81884	108	4384.101205	80
81884	188	2900.173103	62
81914	191	6564.990413	161
81857	18	92.33343757	2
81922	125	6775.36276	176
81885	61	24.46213545	2
81882	13	16000.20561	213
81881	76	1541.378932	34
81906	58	10494.5368	154
81914	206	13569.67292	170
81881	137	2247.832564	38
81895	47	8428.591031	168
81905	20	15.01824807	1
81864	153	67.34370306	3
81915	111	6942.416451	115
81880	256	23.33572448	1
81900	140	9456.83199	147
81922	73	10668.91668	200
81908	183	6058.378695	152
81920	5	9493.212312	177
81911	217	6987.716249	147
81901	192	25848.53145	525
81873	214	95.38228681	7
81859	167	15.0782479	1
81884	262	2644.763187	61
81900	93	6173.355966	111
81917	165	5645.541737	101
81907	94	8036.85127	161
81852	82	13.79521272	1
81893	43	1743.467103	28
81898	171	80.11751643	6
81919	62	2905.973042	61
81884	87	5261.480457	90
81851	228	27.20286424	2
81908	181	8652.87919	171
81864	0	20.98683452	1
81882	217	6984.708567	139
81914	263	6875.144437	136
81889	258	1483.712144	26
81870	246	16.38901205	1
81858	145	21.58635735	1
81862	234	54.27918378	2
81906	121	8277.646504	131
81919	239	4161.138911	85
81852	204	10.09135952	1
81916	266	180.2257251	2
81863	263	21.38721123	2
81915	133	7682.363343	161
81910	30	9371.220095	158
81872	13	11.87012013	1
81920	56	8527.928196	157
81853	117	20.78018294	1
81899	85	102.5198879	6
81924	43	82.85066446	1
81882	211	5113.408494	108
81884	261	3710.001369	61
81911	59	7027.050907	136
81869	125	10.50038481	1
81890	263	30.08390761	2
81901	55	41811.88897	642
81913	166	6758.651707	144
81908	33	9003.852826	158
81889	52	1565.949463	31
81890	30	106.4312069	2
81914	4	11190.35366	189
81869	193	229.6399011	19
81922	185	11218.73193	244
81903	270	16.05394193	1
81902	248	3471.387385	55
81907	118	6067.488164	144
81900	98	4646.126637	108
81908	132	7104.077139	130
81910	203	8403.840801	162
81893	48	1578.212158	32
81922	110	14899.72768	212
81919	10	5912.574506	113
81867	41	10.65487795	1
81866	68	12.19737142	1
81878	193	34.67262309	3
81915	217	6404.400723	128
81923	225	2337.393619	60
81902	213	3827.270185	71
81869	22	20.70010823	2
81856	136	15.82531782	1
81917	104	5158.01874	89
81910	35	8393.148469	176
81867	27	63.87410432	5
81914	20	7276.144562	149
81906	152	8624.813014	152
81908	101	9776.814334	160
81919	13	7158.068255	107
81896	233	75.53148968	5
81899	197	319.3715402	12
81849	185	11.67960181	1
81905	169	23.95889682	1
81881	271	1212.58655	27
81919	24	4463.307721	98
81924	23	11.60259318	1
81894	183	8198.406084	152
81910	163	9300.974456	198
81863	0	171.7484433	5
81914	180	7235.874834	150
81861	6	31.40631082	3
81850	255	17.78421178	1
81907	154	8806.391045	183
81905	263	139.9275491	2
81870	55	158.7728082	12
81889	270	1731.077344	31
81889	60	2105.364657	38
81903	234	15.13909847	1
81884	35	3749.766796	75
81893	156	1166.577779	24
81920	98	6077.140834	138
81917	131	4369.934453	78
81909	185	7936.768166	152
81863	58	12.96286376	1
81889	196	2213.683219	37
81874	93	33.59471078	3
81890	238	10.74653903	1
81883	249	8388.955988	169
81872	117	85.91038795	1
81900	68	7865.852136	141
81850	27	118.278056	11
81883	144	8619.372955	155
81871	83	78.1894057	7
81879	202	116.7523482	2
81908	173	7676.083918	163
81894	181	7805.495807	158
81880	161	10.12286332	1
81910	81	7660.998871	151
81920	80	6425.789399	121
81902	31	3122.036873	61
81862	6	130.6064304	1
81908	255	5456.332856	128
81916	174	110.8709112	3
81905	212	120.3719531	3
81861	58	19.4894498	1
81891	105	26.78697329	1
81901	75	31563.6148	471
81893	179	2126.711661	28
81892	29	10.65978226	1
81895	42	9063.921407	163
81856	114	21.556836	2
81900	208	5926.061274	114
81925	129	567.4678383	11
81912	190	5783.177708	117
81910	74	8423.315861	164
81867	200	25.45692938	2
81919	22	5044.327697	91
81924	181	126.609547	1
81924	30	29.77801061	1
81916	152	118.5108907	6
81917	70	3174.363048	66
81909	54	7615.148127	144
81894	210	10263.56005	157
81914	267	5284.457911	121
81920	52	6362.333583	139
81883	158	8331.577513	171
81913	19	5476.08896	129
81914	153	9333.885236	202
81915	106	7713.833165	144
81916	21	395.7671612	7
81902	217	2549.047453	64
81908	54	9459.093566	171
81916	33	56.83651238	1
81900	28	9707.675007	189
81907	60	7664.894677	153
81908	265	6639.124602	138
81863	10	10.97737496	1
81904	117	12.11580958	1
81863	135	11.66849435	1
81889	175	1480.481198	30
81900	50	8512.941642	168
81856	109	58.66456549	2
81867	210	15.03744862	1
81883	216	9004.9673	143
81917	52	4232.391247	94
81900	75	8806.540836	156
81905	127	31.46443075	2
81914	260	10842.51453	177
81908	96	9589.187179	154
81922	14	11536.43062	233
81924	137	80.98350676	2
81917	29	5084.666284	79
81906	82	9781.76064	166
81899	202	54.31133466	3
81922	94	10133.1432	209
81883	234	6774.981974	135
81884	151	3866.644534	76
81901	250	19671.22387	378
81910	164	9187.409797	177
81881	70	1411.467217	31
81859	8	11.72709544	1
81909	42	7810.324678	135
81858	87	64.50989929	1
81902	267	4457.096976	76
81922	93	12593.82085	235
81915	134	9589.025459	161
81919	138	3392.788695	75
81908	137	8878.257768	156
81851	104	25.29525843	1
81875	205	143.8500669	1
81914	64	8369.977811	164
81914	228	6694.810691	146
81917	140	4922.346513	79
81855	262	24.33004141	2
81907	75	10630.92648	168
81870	173	10.81170289	1
81894	120	10100.56073	152
81922	205	9981.21841	217
81858	187	56.27593184	1
81893	241	878.3301797	18
81908	200	9204.18946	187
81899	51	202.0220474	3
81863	265	32.67496281	2
81870	10	12.9269548	1
81875	249	21.81456066	2
81882	257	8103.73549	151
81865	263	14.27720236	1
81922	6	16201.65292	272
81906	190	6880.44367	139
81908	233	14171.31146	202
81906	133	7798.239254	147
81851	74	10.28354165	1
81884	252	4752.251379	70
81907	70	5195.618999	136
81922	167	11144.98087	227
81881	134	1047.326076	16
81919	54	4568.133862	82
81905	147	122.5319369	2
81917	58	5537.389335	85
81874	47	127.9976379	1
81871	104	156.0804013	2
81900	178	7143.780069	141
81857	50	28.95048433	1
81894	201	8973.23988	164
81913	49	6555.865329	140
81924	105	63.22742578	2
81891	150	14.44254694	1
81904	233	59.98693866	5
81859	179	202.6090364	18
81915	136	5938.919466	120
81921	204	54092.03052	3996
81857	13	100.1339813	2
81872	193	180.6995772	12
81902	172	3698.263772	78
81859	213	14.56621684	1
81910	250	7747.025612	165
81860	94	10.49985479	1
81909	115	6293.482766	135
81851	93	10.1308423	1
81918	32	7984.223021	156
81898	75	67.61378976	6
81902	197	2978.718914	60
81870	208	10.23380634	1
81876	207	25.09872458	2
81894	202	6602.611778	137
81920	259	7791.899471	145
81881	253	1014.279834	21
81918	152	8616.630466	175
81916	17	148.8806895	3
81911	269	5669.557997	123
81858	37	21.03324336	2
81853	32	26.4279446	1
81919	121	3976.51825	75
81913	128	6181.614577	118
81851	90	32.33376001	2
81910	228	8047.989464	162
81898	96	48.51801147	3
81920	41	10449.35059	160
81900	96	9996.687315	174
81853	265	12.3125008	1
81872	116	158.8751835	2
81857	138	31.98133601	2
81891	149	20.7354728	1
81921	258	7078.255146	154
81914	13	12666.63468	207
81923	230	2613.171295	53
81864	99	42.71893083	2
81872	198	33.82941012	2
81909	194	6584.49692	127
81908	110	15220.21991	205
81915	6	10865.30416	181
81891	93	46.94134591	3
81869	13	10.27202465	1
81912	241	4829.597566	98
81871	183	56.18798133	2
81905	10	267.864049	5
81900	16	6181.754256	114
81891	88	34.24416596	3
81916	256	32.69379898	1
81907	68	7715.439635	149
81884	82	5163.678363	94
81884	201	4458.249866	95
81910	195	5103.339342	119
81906	0	10700.46589	149
81901	77	25747.25761	426
81894	62	8913.732909	165
81856	144	37.36791601	2
81917	3	6398.087989	111
81922	111	9647.688137	186
81909	265	6761.518647	141
81864	150	76.11664207	1
81883	156	7420.83736	162
81907	113	7524.224468	145
81922	224	7373.172535	166
81912	205	4611.771704	112
81906	31	10002.59677	190
81922	241	8218.871728	174
81918	80	8189.053869	149
81864	260	10.05021176	1
81915	240	5466.230007	120
81870	263	27.16080114	2
81909	223	7474.496651	153
81863	214	24.47876019	2
81919	101	5072.192161	88
81860	148	11.74044571	1
81900	91	6709.339092	135
81915	243	6906.555841	142
81916	143	168.6665083	5
81851	154	55.80600239	1
81898	101	173.9089102	15
81870	252	10.60041725	1
81900	210	10731.89668	165
81881	114	1687.413146	27
81922	72	10056.4441	192
81922	162	11508.17265	235
81869	63	34.9804952	1
81909	183	6637.155497	146
81909	177	6740.494774	142
81915	244	6696.739987	126
81849	80	16.89707781	1
81911	32	7816.726878	160
81895	28	12905.92956	209
81884	223	4214.220809	89
81881	183	1297.436827	28
81907	178	8558.614478	173
81915	92	5528.78999	133
81913	177	6289.095445	122
81910	217	6174.50745	131
81898	104	139.9557342	3
81915	148	6991.571072	172
81920	144	6906.716235	160
81913	155	7508.997815	143
81876	80	10.89418115	1
81884	163	3294.257989	77
81874	120	11.12730304	1
81922	271	7585.067475	158
81904	30	21.04108751	1
81902	122	3561.296933	64
81895	215	8475.359561	169
81884	170	3825.022163	75
81857	185	78.56161125	4
81889	225	1362.565515	31
81920	271	5323.476917	92
81916	210	154.364742	3
81889	77	2033.874326	32
81901	115	19340.66177	384
81905	123	164.5782468	6
81914	259	8985.889445	162
81923	249	2958.707734	63
81892	55	70.83854336	6
81864	194	109.398239	1
81854	153	19.09017993	1
81867	187	64.81341129	1
81907	188	5213.504852	129
81850	55	53.31792192	5
81852	131	233.9724542	3
81925	34	277.5880506	7
81909	128	6767.628722	141
81921	96	10660.31145	185
81908	77	10129.69104	163
81895	89	11511.76772	188
81900	249	5527.148676	105
81915	10	10088.08169	209
81901	214	28345.14089	477
81861	246	21.33505615	2
81902	18	6190.628132	84
81919	107	4983.470075	98
81921	158	7298.424147	151
81864	62	12.5460665	1
81872	87	34.89804728	2
81917	90	3585.25243	76
81885	101	10.35736837	1
81897	188	33.5700429	3
81858	227	21.5603454	1
81912	5	8446.538997	148
81864	21	28.96873344	2
81917	12	5635.0107	86
81914	173	7991.706818	167
81884	89	4180.106293	81
81896	262	42.78477204	3
81907	57	6482.88662	140
81924	216	46.01942641	1
81921	100	8257.107745	155
81889	219	1134.173979	18
81915	158	7067.20279	164
81889	9	971.4485233	20
81855	226	24.90243494	2
81870	109	26.9279173	1
81889	240	906.9637661	17
81908	151	9677.600466	177
81911	6	11004.34365	184
81906	248	8876.91446	167
81882	131	9981.894944	162
81922	69	15092.13306	254
81903	176	19.43375205	1
81862	48	12.56024653	1
81903	60	10.83846171	1
81921	12	11202.37148	185
81868	137	21.17105299	1
81917	80	4641.459189	85
81902	48	5156.940602	82
81902	250	3614.341376	57
81908	195	6424.856826	128
81885	96	20.51137128	2
81884	139	2692.289047	54
81871	238	32.87686208	2
81892	70	10.01651817	1
81879	133	37.7171565	1
81899	103	262.399767	6
81868	65	51.65313556	3
81922	90	10506.5623	206
81890	84	37.55230014	2
81880	59	51.65131301	2
81914	233	13371.23093	204
81889	5	2463.503873	40
81871	259	10.63917952	1
81882	92	6189.163922	134
81914	8	11978.755	189
81910	150	6512.508404	151
81918	105	8035.147634	147
81854	94	26.28665394	1
81860	231	25.04059423	1
81895	177	10128.9293	159
81893	57	1014.617161	20
81852	150	51.65972865	2
81923	213	2656.992122	50
81908	36	7231.400138	158
81875	70	32.4957857	1
81906	198	7140.568589	146
81905	205	11.57925154	1
81894	69	13785.20138	189
81906	126	6185.49582	141
81889	151	1668.528004	39
81900	201	6710.611359	135
81902	120	4302.07957	90
81921	75	12527.22183	192
81915	228	7209.166874	156
81866	123	114.2154892	9
81909	174	6760.711919	145
81849	103	23.37629404	1
81915	69	10298.17847	156
81855	166	15.66388086	1
81902	70	3064.4745	66
81911	4	11075.53628	176
81922	30	11863.53566	253
81894	46	11496.61729	162
81921	168	8959.826083	183
81916	12	197.310494	4
81922	202	6754.863676	180
81868	250	56.41403429	2
81892	261	97.4172571	2
81881	7	1113.238139	23
81895	220	10875.35314	175
81867	77	18.60741619	1
81915	31	9174.15808	169
81897	115	216.6860027	6
81916	203	65.0445485	2
81858	105	30.41858959	2
81879	204	45.60365811	3
81897	177	172.2084571	6
81908	29	9444.276942	164
81923	30	2503.513738	49
81863	225	28.55276093	1
81896	132	49.03562657	4
81906	155	8390.040853	161
81922	115	8247.92093	171
81857	52	16.07499329	1
81875	121	10.45035753	1
81918	19	6604.243023	134
81866	77	10.48606475	1
81895	219	9312.601539	162
81853	121	36.64836106	2
81872	23	55.03497615	5
81912	221	6934.314832	145
81869	266	61.61996441	2
81891	231	11.00851396	1
81922	101	14880.94231	255
81920	53	7773.07441	136
81915	205	7074.881106	140
81894	231	8708.017148	156
81854	113	30.56195434	2
81913	168	6257.172675	134
81885	110	90.50676391	5
81882	125	3686.876692	91
