#time, unixtime, spillnum, POT
2025/11/29/22:42, 1764423728, 6398016, 201123154498855.2
2025/11/29/22:42, 1764423729, 6398017, 200897749726875.1
2025/11/29/22:42, 1764423730, 6398018, 200330277669594.5
2025/11/29/22:42, 1764423732, 6398019, 200853569153222.4
2025/11/29/22:42, 1764423733, 6398020, 201079851086956
2025/11/29/22:42, 1764423734, 6398021, 201283881490895.8
2025/11/29/22:42, 1764423736, 6398022, 200897117654435.6
2025/11/29/22:42, 1764423737, 6398023, 201330267868371.6
2025/11/29/22:42, 1764423739, 6398024, 201274580996411.2
2025/11/29/22:42, 1764423740, 6398025, 200994379413661.8
2025/11/29/22:42, 1764423741, 6398026, 201290576298990
2025/11/29/22:42, 1764423743, 6398027, 200807569758870.6
2025/11/29/22:42, 1764423744, 6398028, 200837651247270.1
2025/11/29/22:42, 1764423745, 6398029, 201532840635866.2
2025/11/29/22:42, 1764423747, 6398030, 201629392926025.6
2025/11/29/22:42, 1764423748, 6398031, 200796076360001.9
2025/11/29/22:42, 1764423749, 6398032, 200900897189640.6
2025/11/29/22:42, 1764423751, 6398033, 201008878381483.9
2025/11/29/22:42, 1764423752, 6398034, 200650661000351.6
2025/11/29/22:42, 1764423753, 6398035, 200626010175169.8
2025/11/29/22:42, 1764423755, 6398036, 200488386075806.7
2025/11/29/22:42, 1764423756, 6398037, 200468043662768.3
2025/11/29/22:42, 1764423758, 6398038, 200334108802549
2025/11/29/22:42, 1764423759, 6398039, 201050543564813.5
2025/11/29/22:42, 1764423760, 6398040, 200708502078385.2
2025/11/29/22:42, 1764423762, 6398041, 201187806479924.8
2025/11/29/22:42, 1764423763, 6398042, 200745575061941.4
2025/11/29/22:42, 1764423764, 6398043, 200371465573733.8
2025/11/29/22:42, 1764423766, 6398044, 201036225189118.1
2025/11/29/22:42, 1764423767, 6398045, 200115605229666.7
2025/11/29/22:42, 1764423768, 6398046, 200662347890784.3
2025/11/29/22:42, 1764423770, 6398047, 200357069801411.3
2025/11/29/22:42, 1764423771, 6398048, 200299512511006.4
2025/11/29/22:42, 1764423773, 6398049, 200513914062743.1
2025/11/29/22:42, 1764423774, 6398050, 200649693542533.6
2025/11/29/22:42, 1764423775, 6398051, 201189805892744.8
2025/11/29/22:42, 1764423777, 6398052, 200570839280711.2
2025/11/29/22:42, 1764423778, 6398053, 200877252520588.9
2025/11/29/22:42, 1764423779, 6398054, 200557346469019.4
2025/11/29/22:43, 1764423781, 6398055, 200786556575081.7
2025/11/29/22:43, 1764423782, 6398056, 200912248694697
2025/11/29/22:43, 1764423783, 6398057, 201168289630891
2025/11/29/22:43, 1764423785, 6398058, 200915060772086.3
2025/11/29/22:43, 1764423786, 6398059, 200930269208972.4
2025/11/29/22:43, 1764423787, 6398060, 200921768479618.2
2025/11/29/22:43, 1764423789, 6398061, 200550677459798.1
2025/11/29/22:43, 1764423790, 6398062, 200999036110622.4
2025/11/29/22:43, 1764423792, 6398063, 200561100205349.2
2025/11/29/22:43, 1764423793, 6398064, 200757481242813
2025/11/29/22:43, 1764423794, 6398065, 200815567410159.7
2025/11/29/22:43, 1764423796, 6398066, 200691836005053.4
2025/11/29/22:43, 1764423797, 6398067, 201096517160287.5
2025/11/29/22:43, 1764423798, 6398068, 200949231382191.1
2025/11/29/22:43, 1764423800, 6398069, 200516235961504.6
2025/11/29/22:43, 1764423801, 6398070, 200671712882455.2
2025/11/29/22:43, 1764423802, 6398071, 200807982540874.3
2025/11/29/22:43, 1764423804, 6398072, 200841688771225.7
2025/11/29/22:43, 1764423805, 6398073, 200772509087575.2
2025/11/29/22:43, 1764423807, 6398074, 200948689605813.7
2025/11/29/22:43, 1764423808, 6398075, 201055909730838
2025/11/29/22:43, 1764423809, 6398076, 200538551988490.2
2025/11/29/22:43, 1764423811, 6398077, 200724871464654
2025/11/29/22:43, 1764423812, 6398078, 200822713698569.5
2025/11/29/22:43, 1764423813, 6398079, 201052181793383.7
2025/11/29/22:43, 1764423815, 6398080, 201385142075766.4
2025/11/29/22:43, 1764423816, 6398081, 200335385846867.9
2025/11/29/22:43, 1764423817, 6398082, 200115837419542.8
2025/11/29/22:43, 1764423819, 6398083, 200305226961845
2025/11/29/22:43, 1764423820, 6398084, 200775463058776.1
2025/11/29/22:43, 1764423821, 6398085, 200513011102113.9
2025/11/29/22:43, 1764423823, 6398086, 201080070377394.5
2025/11/29/22:43, 1764423824, 6398087, 200700169041719.3
2025/11/29/22:43, 1764423826, 6398088, 201381310942809.2
2025/11/29/22:43, 1764423827, 6398089, 201062759332186.1
2025/11/29/22:43, 1764423828, 6398090, 200943400836413.5
2025/11/29/22:43, 1764423830, 6398091, 200819411442555.7
2025/11/29/22:43, 1764423831, 6398092, 201172636741348.8
2025/11/29/22:43, 1764423832, 6398093, 201023777231868.9
2025/11/29/22:43, 1764423834, 6398094, 200791303568104.5
2025/11/29/22:43, 1764423835, 6398095, 200595993183958.1
2025/11/29/22:43, 1764423836, 6398096, 200970941135609.2
2025/11/29/22:43, 1764423838, 6398097, 200722949448457.6
2025/11/29/22:43, 1764423839, 6398098, 200383578145605.7
2025/11/29/22:44, 1764423841, 6398099, 200297925880183.7
2025/11/29/22:44, 1764423842, 6398100, 199909975295471.1
2025/11/29/22:44, 1764423843, 6398101, 200502072379061.2
2025/11/29/22:44, 1764423845, 6398102, 200609137710836.6
2025/11/29/22:44, 1764423846, 6398103, 200951140498950
2025/11/29/22:44, 1764423847, 6398104, 200787137049771.5
2025/11/29/22:44, 1764423849, 6398105, 200417787454023.5
2025/11/29/22:44, 1764423850, 6398106, 200937131709757.9
2025/11/29/22:44, 1764423851, 6398107, 200264567934645.2
2025/11/29/22:44, 1764423853, 6398108, 200722227079953.6
2025/11/29/22:44, 1764423854, 6398109, 200516429453068.8
2025/11/29/22:44, 1764423855, 6398110, 199657958983795.7
2025/11/29/22:44, 1764423857, 6398111, 200415736443451.2
2025/11/29/22:44, 1764423858, 6398112, 199938534650234.9
2025/11/29/22:44, 1764423860, 6398113, 200939698697830.8
2025/11/29/22:44, 1764423861, 6398114, 200870854399556.2
2025/11/29/22:44, 1764423862, 6398115, 200925173931136.5
2025/11/29/22:44, 1764423864, 6398116, 200778507326040.9
2025/11/29/22:44, 1764423865, 6398117, 200993708642910
2025/11/29/22:44, 1764423866, 6398118, 200904483233283.5
2025/11/29/22:44, 1764423868, 6398119, 200696079920011
2025/11/29/22:44, 1764423869, 6398120, 200838451012397.5
2025/11/29/22:44, 1764423870, 6398121, 200486644651734.5
2025/11/29/22:44, 1764423872, 6398122, 200934126140803.6
2025/11/29/22:44, 1764423873, 6398123, 200490578980192.7
2025/11/29/22:44, 1764423875, 6398124, 200443934613964
2025/11/29/22:44, 1764423876, 6398125, 201014102653696.8
2025/11/29/22:44, 1764423877, 6398126, 200976178307260
2025/11/29/22:44, 1764423879, 6398127, 200961795434377
2025/11/29/22:44, 1764423880, 6398128, 199922874733033
2025/11/29/22:44, 1764423881, 6398129, 200291063379400.9
2025/11/29/22:44, 1764423883, 6398130, 200799572107580.9
2025/11/29/22:44, 1764423884, 6398131, 200719750387940.1
2025/11/29/22:44, 1764423885, 6398132, 201360916932022.5
2025/11/29/22:44, 1764423887, 6398133, 200993605447408
2025/11/29/22:44, 1764423888, 6398134, 200672577144771.2
2025/11/29/22:44, 1764423889, 6398135, 200373645578681.1
2025/11/29/22:44, 1764423891, 6398136, 200700801114161.5
2025/11/29/22:44, 1764423892, 6398137, 200701175197850.9
2025/11/29/22:44, 1764423894, 6398138, 200535404525725.6
2025/11/29/22:44, 1764423895, 6398139, 200266554448030.9
2025/11/29/22:44, 1764423896, 6398140, 200801700514780.8
2025/11/29/22:44, 1764423898, 6398141, 200603732846496.8
2025/11/29/22:44, 1764423899, 6398142, 200785369826824.7
2025/11/29/22:45, 1764423900, 6398143, 200617264356500.8
2025/11/29/22:45, 1764423902, 6398144, 201126676045310.6
2025/11/29/22:45, 1764423903, 6398145, 200392259467084.7
2025/11/29/22:45, 1764423904, 6398146, 200728612301546
2025/11/29/22:45, 1764423906, 6398147, 200653034496862.9
2025/11/29/22:45, 1764423907, 6398148, 200517100223823.2
2025/11/29/22:45, 1764423909, 6398149, 200618025423317.3
2025/11/29/22:45, 1764423910, 6398150, 201103289365008.3
2025/11/29/22:45, 1764423911, 6398151, 201084997962543.8
2025/11/29/22:45, 1764423913, 6398152, 200704645146553.4
2025/11/29/22:45, 1764423914, 6398153, 200991851123901.3
2025/11/29/22:45, 1764423915, 6398154, 201286654869970.9
2025/11/29/22:45, 1764423917, 6398155, 200694789976257.3
2025/11/29/22:45, 1764423918, 6398156, 200828492646599.8
2025/11/29/22:45, 1764423919, 6398157, 200527639064310.4
2025/11/29/22:45, 1764423921, 6398158, 201017224317587.2
2025/11/29/22:45, 1764423922, 6398159, 200921794278494.8
2025/11/29/22:45, 1764423923, 6398160, 200569459040891.5
2025/11/29/22:45, 1764423925, 6398161, 200306813592665.1
2025/11/29/22:45, 1764423926, 6398162, 200618683294633.2
2025/11/29/22:45, 1764423928, 6398163, 200631015156943.2
2025/11/29/22:45, 1764423929, 6398164, 200795973164502.6
2025/11/29/22:45, 1764423930, 6398165, 200933494068365
2025/11/29/22:45, 1764423932, 6398166, 200496757810784.2
2025/11/29/22:45, 1764423933, 6398167, 200181650349989
2025/11/29/22:45, 1764423934, 6398168, 200983582584423.3
2025/11/29/22:45, 1764423936, 6398169, 200726135609535.2
2025/11/29/22:45, 1764423937, 6398170, 200578901429188.4
2025/11/29/22:45, 1764423938, 6398171, 201088532408435.9
2025/11/29/22:45, 1764423940, 6398172, 200963691651698.2
2025/11/29/22:45, 1764423941, 6398173, 200769387423683.8
2025/11/29/22:45, 1764423943, 6398174, 200406023166965.7
2025/11/29/22:45, 1764423944, 6398175, 200934538922806.2
2025/11/29/22:45, 1764423945, 6398176, 200549387516041.6
2025/11/29/22:45, 1764423947, 6398177, 201243622346259.2
2025/11/29/22:45, 1764423948, 6398178, 201056193518464.3
2025/11/29/22:45, 1764423949, 6398179, 200693371038123.8
2025/11/29/22:45, 1764423951, 6398180, 200516210162629
2025/11/29/22:45, 1764423952, 6398181, 200642353762560.8
2025/11/29/22:45, 1764423953, 6398182, 200273778133067.2
2025/11/29/22:45, 1764423955, 6398183, 200552909062497.7
2025/11/29/22:45, 1764423956, 6398184, 200846216473811.8
2025/11/29/22:45, 1764423957, 6398185, 200083188943068.5
2025/11/29/22:45, 1764423959, 6398186, 201516871132160.8
2025/11/29/22:46, 1764423960, 6398187, 200704335560052.2
2025/11/29/22:46, 1764423962, 6398188, 200562751333358.4
2025/11/29/22:46, 1764423963, 6398189, 201471426413627.5
2025/11/29/22:46, 1764423964, 6398190, 200521344138780.9
2025/11/29/22:46, 1764423966, 6398191, 200738015991529.1
2025/11/29/22:46, 1764423967, 6398192, 200814638650655.4
2025/11/29/22:46, 1764423968, 6398193, 201135808847105.9
2025/11/29/22:46, 1764423970, 6398194, 201221525609713.9
2025/11/29/22:46, 1764423971, 6398195, 200889042606521.7
2025/11/29/22:46, 1764423972, 6398196, 200864559474026.1
2025/11/29/22:46, 1764423974, 6398197, 201034316072359.6
2025/11/29/22:46, 1764423975, 6398198, 201020487875289.8
2025/11/29/22:46, 1764423977, 6398199, 199949447574413.3
2025/11/29/22:46, 1764423978, 6398200, 200662954164349
2025/11/29/22:46, 1764423979, 6398201, 200839070185400.2
2025/11/29/22:46, 1764423981, 6398202, 201020771662918.1
2025/11/29/22:46, 1764423982, 6398203, 200355637963843.1
2025/11/29/22:46, 1764423983, 6398204, 200499698882548.8
2025/11/29/22:46, 1764423985, 6398205, 201058063936913.1
2025/11/29/22:46, 1764423986, 6398206, 201006401689470.4
2025/11/29/22:46, 1764423987, 6398207, 200905902171416.8
2025/11/29/22:46, 1764423989, 6398208, 201063223711937.5
2025/11/29/22:46, 1764423990, 6398209, 200751328211094.4
2025/11/29/22:46, 1764423991, 6398210, 200154716324358.2
2025/11/29/22:46, 1764423993, 6398211, 200485535300105.8
2025/11/29/22:46, 1764423994, 6398212, 200447610953669.2
2025/11/29/22:46, 1764423996, 6398213, 200844333155925.6
2025/11/29/22:46, 1764423997, 6398214, 201926389576483
2025/11/29/22:46, 1764423998, 6398215, 201057599557160.4
2025/11/29/22:46, 1764424000, 6398216, 201110861334858
2025/11/29/22:46, 1764424001, 6398217, 200439071526001.6
2025/11/29/22:46, 1764424002, 6398218, 199570423400491.2
2025/11/29/22:46, 1764424004, 6398219, 200055081068617.8
2025/11/29/22:46, 1764424005, 6398220, 200710204804144.8
2025/11/29/22:46, 1764424006, 6398221, 200374896824125.2
2025/11/29/22:46, 1764424008, 6398222, 201081102332400
2025/11/29/22:46, 1764424009, 6398223, 201005821214780.6
2025/11/29/22:46, 1764424011, 6398224, 201295968263890.2
2025/11/29/22:46, 1764424012, 6398225, 201372965006705.9
2025/11/29/22:46, 1764424013, 6398226, 200920465636426.1
2025/11/29/22:46, 1764424015, 6398227, 200797817784073.9
2025/11/29/22:46, 1764424016, 6398228, 200767787893426.2
2025/11/29/22:46, 1764424017, 6398229, 200184346332441.6
2025/11/29/22:46, 1764424019, 6398230, 200881109452419.1
2025/11/29/22:47, 1764424020, 6398231, 201352132415041.1
2025/11/29/22:47, 1764424021, 6398232, 200637297183036.9
2025/11/29/22:47, 1764424023, 6398233, 201020384679789.8
2025/11/29/22:47, 1764424024, 6398234, 200686843922718.1
2025/11/29/22:47, 1764424025, 6398235, 200581803802639.8
2025/11/29/22:47, 1764424027, 6398236, 200971031431673.9
2025/11/29/22:47, 1764424028, 6398237, 200676859758043.7
2025/11/29/22:47, 1764424030, 6398238, 200976849078014.1
2025/11/29/22:47, 1764424031, 6398239, 199851682737122.1
2025/11/29/22:47, 1764424032, 6398240, 200084943266579.2
2025/11/29/22:47, 1764424034, 6398241, 201121516270285.4
2025/11/29/22:47, 1764424035, 6398242, 201418938602182.2
2025/11/29/22:47, 1764424036, 6398243, 200968812728411.7
2025/11/29/22:47, 1764424038, 6398244, 200495906447904.9
2025/11/29/22:47, 1764424039, 6398245, 200482581328903.5
2025/11/29/22:47, 1764424040, 6398246, 201025699248065.4
2025/11/29/22:47, 1764424042, 6398247, 200754720763176.1
2025/11/29/22:47, 1764424043, 6398248, 201203479296563.7
2025/11/29/22:47, 1764424045, 6398249, 199844768638586.5
2025/11/29/22:47, 1764424046, 6398250, 200911900409883.8
2025/11/29/22:47, 1764424047, 6398251, 201181163269578.1
2025/11/29/22:47, 1764424049, 6398252, 200714319724725.5
2025/11/29/22:47, 1764424050, 6398253, 200572787095783.4
2025/11/29/22:47, 1764424051, 6398254, 200634123921394.8
2025/11/29/22:47, 1764424053, 6398255, 199637384380882.2
2025/11/29/22:47, 1764424054, 6398256, 201198332420974.5
2025/11/29/22:47, 1764424055, 6398257, 200663844225542.5
2025/11/29/22:47, 1764424057, 6398258, 200463206373682.2
2025/11/29/22:47, 1764424058, 6398259, 200535146536974
2025/11/29/22:47, 1764424059, 6398260, 200673415608212.3
2025/11/29/22:47, 1764424061, 6398261, 200827602585406.1
2025/11/29/22:47, 1764424062, 6398262, 200449236282801.4
2025/11/29/22:47, 1764424064, 6398263, 200309728865556.1
2025/11/29/22:47, 1764424065, 6398264, 200255267440164
2025/11/29/22:47, 1764424066, 6398265, 199817138043328
2025/11/29/22:47, 1764424068, 6398266, 200633891731519.3
2025/11/29/22:47, 1764424069, 6398267, 200008965579329.1
2025/11/29/22:47, 1764424070, 6398268, 200781177509617.2
2025/11/29/22:47, 1764424072, 6398269, 200446437104849.6
2025/11/29/22:47, 1764424073, 6398270, 200396671074732.4
2025/11/29/22:47, 1764424074, 6398271, 200895672917427.3
2025/11/29/22:47, 1764424076, 6398272, 200626319761669.2
2025/11/29/22:47, 1764424077, 6398273, 200340365029767.2
2025/11/29/22:47, 1764424079, 6398274, 200800991045713.9
2025/11/29/22:48, 1764424080, 6398275, 200633814334895.8
2025/11/29/22:48, 1764424081, 6398276, 200299460913254.1
2025/11/29/22:48, 1764424083, 6398277, 200463270870870.7
2025/11/29/22:48, 1764424084, 6398278, 200654440535558.9
2025/11/29/22:48, 1764424085, 6398279, 200509257365782.4
2025/11/29/22:48, 1764424087, 6398280, 200367157161586.6
2025/11/29/22:48, 1764424088, 6398281, 200996675513547.9
2025/11/29/22:48, 1764424089, 6398282, 200716499729675.4
2025/11/29/22:48, 1764424091, 6398283, 200220890439057.8
2025/11/29/22:48, 1764424092, 6398284, 200591155894873.4
2025/11/29/22:48, 1764424093, 6398285, 200451725874250.3
2025/11/29/22:48, 1764424095, 6398286, 200100861172531.9
2025/11/29/22:48, 1764424096, 6398287, 200645630219702
2025/11/29/22:48, 1764424098, 6398288, 200719092516626.2
2025/11/29/22:48, 1764424099, 6398289, 200909488215057.4
2025/11/29/22:48, 1764424100, 6398290, 200494835794587.7
2025/11/29/22:48, 1764424102, 6398291, 200599295439975.1
2025/11/29/22:48, 1764424103, 6398292, 200317907108969.9
2025/11/29/22:48, 1764424104, 6398293, 200907076020233.3
2025/11/29/22:48, 1764424106, 6398294, 200710127407517.7
2025/11/29/22:48, 1764424107, 6398295, 200980667311533.7
2025/11/29/22:48, 1764424108, 6398296, 200315146629333.1
2025/11/29/22:48, 1764424110, 6398297, 200101557742160.7
2025/11/29/22:48, 1764424111, 6398298, 200375361203878
2025/11/29/22:48, 1764424113, 6398299, 200302002102454.4
2025/11/29/22:48, 1764424114, 6398300, 200337901237193.9
2025/11/29/22:48, 1764424115, 6398301, 201052852564137.6
2025/11/29/22:48, 1764424117, 6398302, 201199673962481.4
2025/11/29/22:48, 1764424118, 6398303, 201007433644475.8
2025/11/29/22:48, 1764424119, 6398304, 201301269932729.8
2025/11/29/22:48, 1764424121, 6398305, 201091808865577.2
2025/11/29/22:48, 1764424122, 6398306, 201250433249292.3
2025/11/29/22:48, 1764424123, 6398307, 200930578795473.9
2025/11/29/22:48, 1764424125, 6398308, 200772934769013.3
2025/11/29/22:48, 1764424126, 6398309, 201315627006737.3
2025/11/29/22:48, 1764424127, 6398310, 200317158941590.8
2025/11/29/22:48, 1764424129, 6398311, 200222709259754.7
2025/11/29/22:48, 1764424130, 6398312, 202084872066384.1
2025/11/29/22:48, 1764424132, 6398313, 201122019348352.3
2025/11/29/22:48, 1764424133, 6398314, 201010219922991
2025/11/29/22:48, 1764424134, 6398315, 200707315330130.6
2025/11/29/22:48, 1764424136, 6398316, 201317536123495.9
2025/11/29/22:48, 1764424137, 6398317, 200978358312210.1
2025/11/29/22:48, 1764424138, 6398318, 200856200638485
2025/11/29/22:49, 1764424140, 6398319, 201353641649236.6
2025/11/29/22:49, 1764424141, 6398320, 201335014861396.6
2025/11/29/22:49, 1764424142, 6398321, 200148705186453.8
2025/11/29/22:49, 1764424144, 6398322, 202092095751419.8
2025/11/29/22:49, 1764424145, 6398323, 201063223711936.3
2025/11/29/22:49, 1764424147, 6398324, 200994108525473
2025/11/29/22:49, 1764424148, 6398325, 200567214538755.6
2025/11/29/22:49, 1764424149, 6398326, 200983982466985.6
2025/11/29/22:49, 1764424151, 6398327, 200627493610489.1
2025/11/29/22:49, 1764424152, 6398328, 200871176885494.7
2025/11/29/22:49, 1764424153, 6398329, 201068189995400.2
2025/11/29/22:49, 1764424155, 6398330, 201218004063259.7
2025/11/29/22:49, 1764424156, 6398331, 200660232383024.3
2025/11/29/22:49, 1764424157, 6398332, 201032007073035.4
2025/11/29/22:49, 1764424159, 6398333, 201068035202147.9
2025/11/29/22:49, 1764424160, 6398334, 200460755480545
2025/11/29/22:49, 1764424161, 6398335, 201187961273173.7
2025/11/29/22:49, 1764424163, 6398336, 200779062001856.9
2025/11/29/22:49, 1764424164, 6398337, 200914635090645.8
2025/11/29/22:49, 1764424166, 6398338, 201250742835793.9
2025/11/29/22:49, 1764424167, 6398339, 200886295026318.8
2025/11/29/22:49, 1764424168, 6398340, 200556843390954.2
2025/11/29/22:49, 1764424170, 6398341, 200159089233692.5
2025/11/29/22:49, 1764424171, 6398342, 200511153583104.2
2025/11/29/22:49, 1764424172, 6398343, 201674179773245.4
2025/11/29/22:49, 1764424174, 6398344, 200994585804664.3
2025/11/29/22:49, 1764424175, 6398345, 201155132204576.3
2025/11/29/22:49, 1764424176, 6398346, 201137743762739.8
2025/11/29/22:49, 1764424178, 6398347, 201041255969766.1
2025/11/29/22:49, 1764424179, 6398348, 200807440764496.3
2025/11/29/22:49, 1764424181, 6398349, 201021248942107.1
2025/11/29/22:49, 1764424182, 6398350, 201395035944377.5
2025/11/29/22:49, 1764424183, 6398351, 200948354220437.6
2025/11/29/22:49, 1764424185, 6398352, 200595851290145.9
2025/11/29/22:49, 1764424186, 6398353, 201088867793812.6
2025/11/29/22:49, 1764424187, 6398354, 201347449919205.3
2025/11/29/22:49, 1764424189, 6398355, 200677104847355.4
2025/11/29/22:49, 1764424190, 6398356, 200746400625947.3
2025/11/29/22:49, 1764424191, 6398357, 200821397955938.2
2025/11/29/22:49, 1764424193, 6398358, 200763543978467.1
2025/11/29/22:49, 1764424194, 6398359, 200601152958983.8
2025/11/29/22:49, 1764424195, 6398360, 200640289852552.5
2025/11/29/22:49, 1764424197, 6398361, 200054964973680.9
2025/11/29/22:49, 1764424198, 6398362, 200263497281327.8
2025/11/29/22:50, 1764424200, 6398363, 200513668973429.5
2025/11/29/22:50, 1764424201, 6398364, 201014954016575.2
2025/11/29/22:50, 1764424202, 6398365, 201273729633531.5
2025/11/29/22:50, 1764424204, 6398366, 200887881657139.4
2025/11/29/22:50, 1764424205, 6398367, 201468317649173.3
2025/11/29/22:50, 1764424206, 6398368, 200791884042794.3
2025/11/29/22:50, 1764424208, 6398369, 200684302733516.2
2025/11/29/22:50, 1764424209, 6398370, 201031194408467.2
2025/11/29/22:50, 1764424210, 6398371, 200729824848678.7
2025/11/29/22:50, 1764424212, 6398372, 201117878628892.4
2025/11/29/22:50, 1764424213, 6398373, 200855542767168
2025/11/29/22:50, 1764424215, 6398374, 200803067855162.7
2025/11/29/22:50, 1764424216, 6398375, 200937557391196.8
2025/11/29/22:50, 1764424217, 6398376, 200076739224288.8
2025/11/29/22:50, 1764424219, 6398377, 200575418581044.6
2025/11/29/22:50, 1764424220, 6398378, 200801829509155.1
2025/11/29/22:50, 1764424221, 6398379, 201013302888567.2
2025/11/29/22:50, 1764424223, 6398380, 200788723680592.2
2025/11/29/22:50, 1764424224, 6398381, 200732043551937.3
2025/11/29/22:50, 1764424225, 6398382, 200745136481066.1
2025/11/29/22:50, 1764424227, 6398383, 200646558979205.9
2025/11/29/22:50, 1764424228, 6398384, 200797366303758.4
2025/11/29/22:50, 1764424229, 6398385, 200281504896165.8
2025/11/29/22:50, 1764424231, 6398386, 200853465957721.4
2025/11/29/22:50, 1764424232, 6398387, 200486722048360.7
2025/11/29/22:50, 1764424234, 6398388, 200441406324200.5
2025/11/29/22:50, 1764424235, 6398389, 201066487269641.1
2025/11/29/22:50, 1764424236, 6398390, 200849789618015.2
2025/11/29/22:50, 1764424238, 6398391, 200897465939250
2025/11/29/22:50, 1764424239, 6398392, 200584680377216.2
2025/11/29/22:50, 1764424240, 6398393, 199630689572788.8
2025/11/29/22:50, 1764424242, 6398394, 200213860245585.7
2025/11/29/22:50, 1764424243, 6398395, 200445701836910.6
2025/11/29/22:50, 1764424244, 6398396, 200793354578677.4
2025/11/29/22:50, 1764424246, 6398397, 200624217153347.9
2025/11/29/22:50, 1764424247, 6398398, 201042184729272.7
2025/11/29/22:50, 1764424249, 6398399, 201114744065564.6
2025/11/29/22:50, 1764424250, 6398400, 200787433736835.1
2025/11/29/22:50, 1764424251, 6398401, 200890100360400.9
2025/11/29/22:50, 1764424253, 6398402, 201312853627660.4
2025/11/29/22:50, 1764424254, 6398403, 201320064413258.3
2025/11/29/22:50, 1764424255, 6398404, 200261562365693.4
2025/11/29/22:50, 1764424257, 6398405, 200687695285595.5
2025/11/29/22:50, 1764424258, 6398406, 200780081057424.6
2025/11/29/22:50, 1764424259, 6398407, 200610904933782.9
2025/11/29/22:51, 1764424261, 6398408, 200636045937592.7
2025/11/29/22:51, 1764424262, 6398409, 200198548613197.3
2025/11/29/22:51, 1764424263, 6398410, 200871138187182.5
2025/11/29/22:51, 1764424265, 6398411, 200857116498550.6
2025/11/29/22:51, 1764424266, 6398412, 200495893548467.5
2025/11/29/22:51, 1764424268, 6398413, 200758293907380.6
2025/11/29/22:51, 1764424269, 6398414, 200987865197692.3
2025/11/29/22:51, 1764424270, 6398415, 200889481187398.9
2025/11/29/22:51, 1764424272, 6398416, 200276370920017.3
2025/11/29/22:51, 1764424273, 6398417, 201189522105118.8
2025/11/29/22:51, 1764424274, 6398418, 200367182960461.2
2025/11/29/22:51, 1764424276, 6398419, 201166638502881.3
2025/11/29/22:51, 1764424277, 6398420, 200945800131800.5
2025/11/29/22:51, 1764424278, 6398421, 200537765122799.8
2025/11/29/22:51, 1764424280, 6398422, 200706786453190.9
2025/11/29/22:51, 1764424281, 6398423, 201081115231837.4
2025/11/29/22:51, 1764424283, 6398424, 201215320980245.3
2025/11/29/22:51, 1764424284, 6398425, 201177061248432.4
2025/11/29/22:51, 1764424285, 6398426, 200106717517185.6
2025/11/29/22:51, 1764424287, 6398427, 200656001367504.1
2025/11/29/22:51, 1764424288, 6398428, 201238875353237.2
2025/11/29/22:51, 1764424289, 6398429, 200698001936209.7
2025/11/29/22:51, 1764424291, 6398430, 201044338935345
2025/11/29/22:51, 1764424292, 6398431, 200324408425502
2025/11/29/22:51, 1764424293, 6398432, 200803725726478.7
2025/11/29/22:51, 1764424295, 6398433, 200814935337719.3
2025/11/29/22:51, 1764424296, 6398434, 200492836381764.4
2025/11/29/22:51, 1764424297, 6398435, 200647436140961.9
2025/11/29/22:51, 1764424299, 6398436, 200722807554643.2
2025/11/29/22:51, 1764424300, 6398437, 201665808038267.6
2025/11/29/22:51, 1764424302, 6398438, 200023748334777.2
2025/11/29/22:51, 1764424303, 6398439, 200954416956091.9
2025/11/29/22:51, 1764424304, 6398440, 200935261291309.1
2025/11/29/22:51, 1764424306, 6398441, 200912945264324.6
2025/11/29/22:51, 1764424307, 6398442, 200767452508048.8
2025/11/29/22:51, 1764424308, 6398443, 200775334064401.9
2025/11/29/22:51, 1764424310, 6398444, 200744323816499.8
2025/11/29/22:51, 1764424311, 6398445, 200775617852027.2
2025/11/29/22:51, 1764424312, 6398446, 200791071378228
2025/11/29/22:51, 1764424314, 6398447, 201124289649363.3
2025/11/29/22:51, 1764424315, 6398448, 201082572868283.2
2025/11/29/22:51, 1764424317, 6398449, 200110600247892.5
2025/11/29/22:51, 1764424318, 6398450, 200892177169848.8
2025/11/29/22:51, 1764424319, 6398451, 201191792406129.8
2025/11/29/22:52, 1764424321, 6398452, 200533095526400.6
2025/11/29/22:52, 1764424322, 6398453, 200987620108378.5
2025/11/29/22:52, 1764424323, 6398454, 201060424533987.2
2025/11/29/22:52, 1764424325, 6398455, 200909655907748.4
2025/11/29/22:52, 1764424326, 6398456, 200996997999487.1
2025/11/29/22:52, 1764424327, 6398457, 200749225602771.8
2025/11/29/22:52, 1764424329, 6398458, 200000748637602.8
2025/11/29/22:52, 1764424330, 6398459, 200628577163242.4
2025/11/29/22:52, 1764424331, 6398460, 201084288493477.6
2025/11/29/22:52, 1764424333, 6398461, 201107726771530
2025/11/29/22:52, 1764424334, 6398462, 201433901949755.1
2025/11/29/22:52, 1764424336, 6398463, 201228568702622.4
2025/11/29/22:52, 1764424337, 6398464, 200920555932487.9
2025/11/29/22:52, 1764424338, 6398465, 201649941730065.5
2025/11/29/22:52, 1764424340, 6398466, 201025312264939.3
2025/11/29/22:52, 1764424341, 6398467, 201258289006768.8
2025/11/29/22:52, 1764424342, 6398468, 201109880977605.1
2025/11/29/22:52, 1764424344, 6398469, 201056412808903.3
2025/11/29/22:52, 1764424345, 6398470, 200620515014765.5
2025/11/29/22:52, 1764424346, 6398471, 201249801176853.8
2025/11/29/22:52, 1764424348, 6398472, 200729940943615
2025/11/29/22:52, 1764424349, 6398473, 200948315522122.8
2025/11/29/22:52, 1764424351, 6398474, 200536191391416.2
2025/11/29/22:52, 1764424352, 6398475, 200843365698110.2
2025/11/29/22:52, 1764424353, 6398476, 200749328798273.9
2025/11/29/22:52, 1764424355, 6398477, 201135215472978.8
2025/11/29/22:52, 1764424356, 6398478, 201143484012454.8
2025/11/29/22:52, 1764424357, 6398479, 201219203710952.2
2025/11/29/22:52, 1764424359, 6398480, 200653937457494.1
2025/11/29/22:52, 1764424360, 6398481, 201007627136039.6
2025/11/29/22:52, 1764424361, 6398482, 200916466810779.6
2025/11/29/22:52, 1764424363, 6398483, 200606506225572.3
2025/11/29/22:52, 1764424364, 6398484, 201168663714578.9
2025/11/29/22:52, 1764424365, 6398485, 200384597201172.2
2025/11/29/22:52, 1764424367, 6398486, 200419541777530.7
2025/11/29/22:52, 1764424368, 6398487, 201730189131144.9
2025/11/29/22:52, 1764424370, 6398488, 200952972219083.6
2025/11/29/22:52, 1764424371, 6398489, 201279353788310.2
2025/11/29/22:52, 1764424372, 6398490, 200820301503746.9
2025/11/29/22:52, 1764424374, 6398491, 200827538088219.5
2025/11/29/22:52, 1764424375, 6398492, 200761454269583.5
2025/11/29/22:52, 1764424376, 6398493, 200656143261315.8
2025/11/29/22:52, 1764424378, 6398494, 200916673201781.3
2025/11/29/22:52, 1764424379, 6398495, 200188177465395.9
2025/11/29/22:53, 1764424380, 6398496, 200770819261253.1
2025/11/29/22:53, 1764424382, 6398497, 200964452718514.7
2025/11/29/22:53, 1764424383, 6398498, 201068151297085.8
2025/11/29/22:53, 1764424385, 6398499, 200881225547357.6
2025/11/29/22:53, 1764424386, 6398500, 201043281181465
2025/11/29/22:53, 1764424387, 6398501, 200825577373708.6
2025/11/29/22:53, 1764424389, 6398502, 200539403351368.4
2025/11/29/22:53, 1764424390, 6398503, 200724665073651.2
2025/11/29/22:53, 1764424391, 6398504, 200854497912727.1
2025/11/29/22:53, 1764424393, 6398505, 200664811683357.7
2025/11/29/22:53, 1764424394, 6398506, 200605229181254.9
2025/11/29/22:53, 1764424395, 6398507, 200938537748451.3
2025/11/29/22:53, 1764424397, 6398508, 201004492572711.2
2025/11/29/22:53, 1764424398, 6398509, 200768961742243.4
2025/11/29/22:53, 1764424399, 6398510, 200518596558578.6
2025/11/29/22:53, 1764424401, 6398511, 200817644219608.4
2025/11/29/22:53, 1764424402, 6398512, 200705960889184.8
2025/11/29/22:53, 1764424404, 6398513, 200588511510173.2
2025/11/29/22:53, 1764424405, 6398514, 200822236419381.8
2025/11/29/22:53, 1764424406, 6398515, 200539622641807.5
2025/11/29/22:53, 1764424408, 6398516, 200402759609262.1
2025/11/29/22:53, 1764424409, 6398517, 200616155004871.1
2025/11/29/22:53, 1764424410, 6398518, 200436311046364.2
2025/11/29/22:53, 1764424412, 6398519, 200900071625636.7
2025/11/29/22:53, 1764424413, 6398520, 201284590959960.5
2025/11/29/22:53, 1764424414, 6398521, 201102309007754.2
2025/11/29/22:53, 1764424416, 6398522, 200707366927880.8
2025/11/29/22:53, 1764424417, 6398523, 200896459783119.8
2025/11/29/22:53, 1764424419, 6398524, 200814909538846.3
2025/11/29/22:53, 1764424420, 6398525, 201252058578425.5
2025/11/29/22:53, 1764424421, 6398526, 200781616090495
2025/11/29/22:53, 1764424423, 6398527, 200388789518379.9
2025/11/29/22:53, 1764424424, 6398528, 200375012919062.2
2025/11/29/22:53, 1764424425, 6398529, 200278434830025.5
2025/11/29/22:53, 1764424427, 6398530, 200867874629480.4
2025/11/29/22:53, 1764424428, 6398531, 200418858107341.6
2025/11/29/22:53, 1764424429, 6398532, 200857503481678.9
2025/11/29/22:53, 1764424431, 6398533, 200433718259414
2025/11/29/22:53, 1764424432, 6398534, 200280034360285.3
2025/11/29/22:53, 1764424433, 6398535, 200810975210387.1
2025/11/29/22:53, 1764424435, 6398536, 200569910521205.3
2025/11/29/22:53, 1764424436, 6398537, 200052875264795.7
2025/11/29/22:53, 1764424438, 6398538, 201203634089813.8
2025/11/29/22:53, 1764424439, 6398539, 200363648514571
2025/11/29/22:54, 1764424440, 6398540, 200444153904402.8
2025/11/29/22:54, 1764424442, 6398541, 201392726945052.4
2025/11/29/22:54, 1764424443, 6398542, 200962672596133.1
2025/11/29/22:54, 1764424444, 6398543, 199283178724833.7
2025/11/29/22:54, 1764424446, 6398544, 200554676285444.6
2025/11/29/22:54, 1764424447, 6398545, 200424495161555.3
2025/11/29/22:54, 1764424448, 6398546, 200667585062435.8
2025/11/29/22:54, 1764424450, 6398547, 201080766947024.2
2025/11/29/22:54, 1764424451, 6398548, 200776856198032.7
2025/11/29/22:54, 1764424453, 6398549, 201243016072692.9
2025/11/29/22:54, 1764424454, 6398550, 200770019496124.1
2025/11/29/22:54, 1764424455, 6398551, 200843262502608.2
2025/11/29/22:54, 1764424457, 6398552, 201177641723124.8
2025/11/29/22:54, 1764424458, 6398553, 201157634695463.7
2025/11/29/22:54, 1764424459, 6398554, 200793625466866.2
2025/11/29/22:54, 1764424461, 6398555, 200253771105405.9
2025/11/29/22:54, 1764424462, 6398556, 200764343743597.9
2025/11/29/22:54, 1764424463, 6398557, 200799572107583.2
2025/11/29/22:54, 1764424465, 6398558, 201343115708185.8
2025/11/29/22:54, 1764424466, 6398559, 201366424991861.5
2025/11/29/22:54, 1764424467, 6398560, 200123925366895
2025/11/29/22:54, 1764424469, 6398561, 200100422591653.8
2025/11/29/22:54, 1764424470, 6398562, 199639577285269.3
2025/11/29/22:54, 1764424472, 6398563, 200291360066464.4
2025/11/29/22:54, 1764424473, 6398564, 200440916145572.9
2025/11/29/22:54, 1764424474, 6398565, 200307432765669.2
2025/11/29/22:54, 1764424476, 6398566, 201312053862531.7
2025/11/29/22:54, 1764424477, 6398567, 201906692135322.6
2025/11/29/22:54, 1764424478, 6398568, 200985014421991.1
2025/11/29/22:54, 1764424480, 6398569, 200295345992673.4
2025/11/29/22:54, 1764424481, 6398570, 200168054342798
2025/11/29/22:54, 1764424482, 6398571, 200693474233623.2
2025/11/29/22:54, 1764424484, 6398572, 200496499822033.7
2025/11/29/22:54, 1764424485, 6398573, 200633375754017.8
2025/11/29/22:54, 1764424487, 6398574, 200806202418489.5
2025/11/29/22:54, 1764424488, 6398575, 200915808939465.5
2025/11/29/22:54, 1764424489, 6398576, 201069596034092.6
2025/11/29/22:54, 1764424491, 6398577, 200671055011138.5
2025/11/29/22:54, 1764424492, 6398578, 200490630577942.3
2025/11/29/22:54, 1764424493, 6398579, 200461129564235.8
2025/11/29/22:54, 1764424495, 6398580, 200512250035299.3
2025/11/29/22:54, 1764424496, 6398581, 201130184692327.2
2025/11/29/22:54, 1764424497, 6398582, 200783860592630.9
2025/11/29/22:54, 1764424499, 6398583, 200696144417200.8
2025/11/29/22:55, 1764424500, 6398584, 200831317623424.1
2025/11/29/22:55, 1764424501, 6398585, 200317468528092
2025/11/29/22:55, 1764424503, 6398586, 200224050801260.3
2025/11/29/22:55, 1764424504, 6398587, 200788426993528
2025/11/29/22:55, 1764424506, 6398588, 200831020936360.6
2025/11/29/22:55, 1764424507, 6398589, 200752553657663.6
2025/11/29/22:55, 1764424508, 6398590, 200594019570012.9
2025/11/29/22:55, 1764424510, 6398591, 200361829693872.1
2025/11/29/22:55, 1764424511, 6398592, 200854536611040.1
2025/11/29/22:55, 1764424512, 6398593, 200336301706936.1
2025/11/29/22:55, 1764424514, 6398594, 200467295495389.2
2025/11/29/22:55, 1764424515, 6398595, 200435962761548.6
2025/11/29/22:55, 1764424516, 6398596, 200607280191827.6
2025/11/29/22:55, 1764424518, 6398597, 200390685735701.1
2025/11/29/22:55, 1764424519, 6398598, 200018304772125.8
2025/11/29/22:55, 1764424521, 6398599, 201153958355758.2
2025/11/29/22:55, 1764424522, 6398600, 200466379635323.6
2025/11/29/22:55, 1764424523, 6398601, 200648403598777.1
2025/11/29/22:55, 1764424525, 6398602, 200935067799747.5
2025/11/29/22:55, 1764424526, 6398603, 200559823161032.8
2025/11/29/22:55, 1764424527, 6398604, 200708334385698.4
2025/11/29/22:55, 1764424529, 6398605, 200521847216846
2025/11/29/22:55, 1764424530, 6398606, 200926076891764.8
2025/11/29/22:55, 1764424531, 6398607, 200637206886973.7
2025/11/29/22:55, 1764424533, 6398608, 201222170581590.8
2025/11/29/22:55, 1764424534, 6398609, 200784595860570.1
2025/11/29/22:55, 1764424535, 6398610, 200396735571918.7
2025/11/29/22:55, 1764424537, 6398611, 200771877015133.1
2025/11/29/22:55, 1764424538, 6398612, 201147199050475.1
2025/11/29/22:55, 1764424540, 6398613, 200700736616972.8
2025/11/29/22:55, 1764424541, 6398614, 201364606171166.2
2025/11/29/22:55, 1764424542, 6398615, 200300789555324.4
2025/11/29/22:55, 1764424544, 6398616, 200559461976779.4
2025/11/29/22:55, 1764424545, 6398617, 201646291189233.8
2025/11/29/22:55, 1764424546, 6398618, 201093872775587.6
2025/11/29/22:55, 1764424548, 6398619, 201337672145532.3
2025/11/29/22:55, 1764424549, 6398620, 200779281292296
2025/11/29/22:55, 1764424550, 6398621, 200206752655489
2025/11/29/22:55, 1764424552, 6398622, 200691668312366.9
2025/11/29/22:55, 1764424553, 6398623, 200795779672938.4
2025/11/30/1:23, 1764433407, 6404237, 199785985901612.8
2025/11/30/1:23, 1764433408, 6404238, 199897037159592.9
2025/11/30/1:23, 1764433409, 6404239, 200018678855816.3
2025/11/30/1:23, 1764433411, 6404240, 200563731690614.4
2025/11/30/1:23, 1764433412, 6404241, 200754488573299.6
2025/11/30/1:23, 1764433414, 6404242, 200897685229687.8
2025/11/30/1:23, 1764433415, 6404243, 200911268337443.7
2025/11/30/1:23, 1764433416, 6404244, 200706825151503.2
2025/11/30/1:23, 1764433418, 6404245, 200980860803096.6
2025/11/30/1:23, 1764433419, 6404246, 201055961328590.5
2025/11/30/1:23, 1764433420, 6404247, 200900187720576.7
2025/11/30/1:23, 1764433422, 6404248, 201250575143106.9
2025/11/30/1:23, 1764433423, 6404249, 201317329732496.5
2025/11/30/1:23, 1764433424, 6404250, 200902612814837.3
2025/11/30/1:23, 1764433426, 6404251, 200965794260023.5
2025/11/30/1:23, 1764433427, 6404252, 200748529033143.8
2025/11/30/1:23, 1764433429, 6404253, 201162278492986.1
2025/11/30/1:23, 1764433430, 6404254, 200829730992604.1
2025/11/30/1:23, 1764433431, 6404255, 201312827828787.4
2025/11/30/1:23, 1764433433, 6404256, 201729015282328.3
2025/11/30/1:23, 1764433434, 6404257, 200999423093750.1
2025/11/30/1:23, 1764433435, 6404258, 201135460562292.5
2025/11/30/1:23, 1764433437, 6404259, 201011238978557.8
2025/11/30/1:23, 1764433438, 6404260, 200415542951887.9
2025/11/30/1:23, 1764433439, 6404261, 200844939429493
2025/11/30/1:24, 1764433441, 6404262, 200636303926344.9
2025/11/30/1:24, 1764433442, 6404263, 199904634928318.6
2025/11/30/1:24, 1764433443, 6404264, 200753263126730.5
2025/11/30/1:24, 1764433445, 6404265, 200942717166221.7
2025/11/30/1:24, 1764433446, 6404266, 201580942638537.9
2025/11/30/1:24, 1764433448, 6404267, 201780613032581.3
2025/11/30/1:24, 1764433449, 6404268, 201437101010270.1
2025/11/30/1:24, 1764433450, 6404269, 201128327173318.5
2025/11/30/1:24, 1764433452, 6404270, 201152887702440.9
2025/11/30/1:24, 1764433453, 6404271, 200560661624474
2025/11/30/1:24, 1764433454, 6404272, 201548255463753.8
2025/11/30/1:24, 1764433456, 6404273, 200867281255350.4
2025/11/30/1:24, 1764433457, 6404274, 200654737222622.7
2025/11/30/1:24, 1764433458, 6404275, 200671506491453.8
2025/11/30/1:24, 1764433460, 6404276, 200805480049985.4
2025/11/30/1:24, 1764433461, 6404277, 200859954374814.9
2025/11/30/1:24, 1764433463, 6404278, 200955410212784.6
2025/11/30/1:24, 1764433464, 6404279, 200843365698110.2
2025/11/30/1:24, 1764433465, 6404280, 200853285365596.3
2025/11/30/1:24, 1764433467, 6404281, 201070344201473.2
2025/11/30/1:24, 1764433468, 6404282, 201186258547415.2
2025/11/30/1:24, 1764433469, 6404283, 200897311145999.8
2025/11/30/1:24, 1764433471, 6404284, 200510353817977.3
2025/11/30/1:24, 1764433472, 6404285, 200095443408753.6
2025/11/30/1:24, 1764433473, 6404286, 199920849521335
2025/11/30/1:24, 1764433475, 6404287, 199535388528070.6
2025/11/30/1:24, 1764433476, 6404288, 199520502577121.4
2025/11/30/1:24, 1764433477, 6404289, 199829495704513.5
2025/11/30/1:24, 1764433479, 6404290, 199665659948022.5
2025/11/30/1:24, 1764433480, 6404291, 200227714241528.1
2025/11/30/1:24, 1764433482, 6404292, 200067567724179.3
2025/11/30/1:24, 1764433483, 6404293, 200117991625614.8
2025/11/30/1:24, 1764433484, 6404294, 199682248624729.2
2025/11/30/1:24, 1764433486, 6404295, 199814132474375.8
2025/11/30/1:24, 1764433487, 6404296, 200219329607112.1
2025/11/30/1:24, 1764433488, 6404297, 199808443822409.8
2025/11/30/1:24, 1764433490, 6404298, 200382636486664
2025/11/30/1:24, 1764433491, 6404299, 200156496446742.2
2025/11/30/1:24, 1764433492, 6404300, 200393059232215
2025/11/30/1:24, 1764433494, 6404301, 200934667917181.9
2025/11/30/1:24, 1764433495, 6404302, 200478982385823.4
2025/11/30/1:24, 1764433497, 6404303, 200796772929630.8
2025/11/30/1:24, 1764433498, 6404304, 200213821547273.3
2025/11/30/1:24, 1764433499, 6404305, 200796463343129.4
2025/11/30/1:25, 1764433501, 6404306, 201042158930397.7
2025/11/30/1:25, 1764433502, 6404307, 200911074845880.2
2025/11/30/1:25, 1764433503, 6404308, 201032019972472.8
2025/11/30/1:25, 1764433505, 6404309, 200262104142072.6
2025/11/30/1:25, 1764433506, 6404310, 200573844849664.2
2025/11/30/1:25, 1764433507, 6404311, 201326527031478.8
2025/11/30/1:25, 1764433509, 6404312, 200901942044085.6
2025/11/30/1:25, 1764433510, 6404313, 201067183839270.3
2025/11/30/1:25, 1764433511, 6404314, 201594280656980.4
2025/11/30/1:25, 1764433513, 6404315, 200795057304434.3
2025/11/30/1:25, 1764433514, 6404316, 200947412561494.6
2025/11/30/1:25, 1764433516, 6404317, 200631956815884.4
2025/11/30/1:25, 1764433517, 6404318, 200891003321031.8
2025/11/30/1:25, 1764433518, 6404319, 200896601676934.2
2025/11/30/1:25, 1764433520, 6404320, 200714771205040.8
2025/11/30/1:25, 1764433521, 6404321, 200814367762466.2
2025/11/30/1:25, 1764433522, 6404322, 200483393993468.6
2025/11/30/1:25, 1764433524, 6404323, 200598882657972
2025/11/30/1:25, 1764433525, 6404324, 200945593740797.8
2025/11/30/1:25, 1764433526, 6404325, 200613742810044.8
2025/11/30/1:25, 1764433528, 6404326, 200714474517977.3
2025/11/30/1:25, 1764433529, 6404327, 200564028377678
2025/11/30/1:25, 1764433531, 6404328, 200927586125958.8
2025/11/30/1:25, 1764433532, 6404329, 200683773856576.9
2025/11/30/1:25, 1764433533, 6404330, 200732804618753.8
2025/11/30/1:25, 1764433535, 6404331, 200697021578954.1
2025/11/30/1:25, 1764433536, 6404332, 201205762497012.9
2025/11/30/1:25, 1764433537, 6404333, 200587182868104.4
2025/11/30/1:25, 1764433539, 6404334, 200598431177659.1
2025/11/30/1:25, 1764433540, 6404335, 200257253953547.1
2025/11/30/1:25, 1764433541, 6404336, 200841856463914.8
2025/11/30/1:25, 1764433543, 6404337, 200470120472216.1
2025/11/30/1:25, 1764433544, 6404338, 200601978522987.9
2025/11/30/1:25, 1764433545, 6404339, 200471758700788.4
2025/11/30/1:25, 1764433547, 6404340, 200544511528644.7
2025/11/30/1:25, 1764433548, 6404341, 200755301237866
2025/11/30/1:25, 1764433550, 6404342, 200735565098393.4
2025/11/30/1:25, 1764433551, 6404343, 200890616337903.5
2025/11/30/1:25, 1764433552, 6404344, 201062965723185.1
2025/11/30/1:25, 1764433554, 6404345, 200606364331759.3
2025/11/30/1:25, 1764433555, 6404346, 200096101280069.5
2025/11/30/1:25, 1764433556, 6404347, 200529728773196.4
2025/11/30/1:25, 1764433558, 6404348, 201238591565608.7
2025/11/30/1:25, 1764433559, 6404349, 200625107214539
2025/11/30/1:26, 1764433560, 6404350, 200628667459306.1
2025/11/30/1:26, 1764433562, 6404351, 200644366074821.2
2025/11/30/1:26, 1764433563, 6404352, 200826028854023.9
2025/11/30/1:26, 1764433565, 6404353, 200847841802944.3
2025/11/30/1:26, 1764433566, 6404354, 200931765543731.4
2025/11/30/1:26, 1764433567, 6404355, 200747858262390.6
2025/11/30/1:26, 1764433569, 6404356, 200546756030780.8
2025/11/30/1:26, 1764433570, 6404357, 201037218445811.4
2025/11/30/1:26, 1764433571, 6404358, 200603565153807.8
2025/11/30/1:26, 1764433573, 6404359, 200374393746060.1
2025/11/30/1:26, 1764433574, 6404360, 200744633402999.9
2025/11/30/1:26, 1764433575, 6404361, 200801674715905.8
2025/11/30/1:26, 1764433577, 6404362, 200822584704195.2
2025/11/30/1:26, 1764433578, 6404363, 201185574877225
2025/11/30/1:26, 1764433579, 6404364, 201411160241331.9
2025/11/30/1:26, 1764433581, 6404365, 200719905181191.9
2025/11/30/1:26, 1764433582, 6404366, 201210573987223.6
2025/11/30/1:26, 1764433584, 6404367, 200178064306348
2025/11/30/1:26, 1764433585, 6404368, 200994843793414.9
2025/11/30/1:26, 1764433586, 6404369, 200616090507681.2
2025/11/30/1:26, 1764433588, 6404370, 201043048991588.6
2025/11/30/1:26, 1764433589, 6404371, 200860534849507.2
2025/11/30/1:26, 1764433590, 6404372, 200884024725308.3
2025/11/30/1:26, 1764433592, 6404373, 201132751680404.7
2025/11/30/1:26, 1764433593, 6404374, 201302340586048
2025/11/30/1:26, 1764433594, 6404375, 200634072323644.4
2025/11/30/1:26, 1764433596, 6404376, 200856755314300.4
2025/11/30/1:26, 1764433597, 6404377, 201128881849133.4
2025/11/30/1:26, 1764433599, 6404378, 200967419589154.8
2025/11/30/1:26, 1764433600, 6404379, 201092763423956.7
2025/11/30/1:26, 1764433601, 6404380, 200577443792742.5
2025/11/30/1:26, 1764433603, 6404381, 200915976632152.1
2025/11/30/1:26, 1764433604, 6404382, 201511169580759.9
2025/11/30/1:26, 1764433605, 6404383, 200869112975487
2025/11/30/1:26, 1764433607, 6404384, 200989864610514.6
2025/11/30/1:26, 1764433608, 6404385, 201251104020047.7
2025/11/30/1:26, 1764433609, 6404386, 201837022273043.8
2025/11/30/1:26, 1764433611, 6404387, 201309061193017.3
2025/11/30/1:26, 1764433612, 6404388, 200576876217489.6
2025/11/30/1:26, 1764433613, 6404389, 201552460680399.2
2025/11/30/1:26, 1764433615, 6404390, 201112525362305.2
2025/11/30/1:26, 1764433616, 6404391, 200786466279018.7
2025/11/30/1:26, 1764433618, 6404392, 201434675916009
2025/11/30/1:26, 1764433619, 6404393, 200797198611071.9
2025/11/30/1:27, 1764433620, 6404394, 201173578400291.2
2025/11/30/1:27, 1764433622, 6404395, 201463712549962.8
2025/11/30/1:27, 1764433623, 6404396, 200354257724024.5
2025/11/30/1:27, 1764433624, 6404397, 201784586059350.2
2025/11/30/1:27, 1764433626, 6404398, 201086068615861.7
2025/11/30/1:27, 1764433627, 6404399, 201124418643736.9
2025/11/30/1:27, 1764433628, 6404400, 201140684834505.7
2025/11/30/1:27, 1764433630, 6404401, 201372707017955.7
2025/11/30/1:27, 1764433631, 6404402, 200961498747313.5
2025/11/30/1:27, 1764433633, 6404403, 201028808012517.8
2025/11/30/1:27, 1764433634, 6404404, 201170650227965.2
2025/11/30/1:27, 1764433635, 6404405, 200945722735174.6
2025/11/30/1:27, 1764433637, 6404406, 200570490995897
2025/11/30/1:27, 1764433638, 6404407, 200419748168532.3
2025/11/30/1:27, 1764433639, 6404408, 201165180866438.3
2025/11/30/1:27, 1764433641, 6404409, 201446491800816.2
2025/11/30/1:27, 1764433642, 6404410, 200575328284982.8
2025/11/30/1:27, 1764433643, 6404411, 200584731974965.8
2025/11/30/1:27, 1764433645, 6404412, 200772496188137.8
2025/11/30/1:27, 1764433646, 6404413, 200805015670235.2
2025/11/30/1:27, 1764433647, 6404414, 200769490619184.1
2025/11/30/1:27, 1764433649, 6404415, 200549077929542.6
2025/11/30/1:27, 1764433650, 6404416, 200512327431922.9
2025/11/30/1:27, 1764433652, 6404417, 200709327642390.9
2025/11/30/1:27, 1764433653, 6404418, 200362074783187.9
2025/11/30/1:27, 1764433654, 6404419, 200537249145296.2
2025/11/30/1:27, 1764433656, 6404420, 200382352699035.1
2025/11/30/1:27, 1764433657, 6404421, 200836696688888.9
2025/11/30/1:27, 1764433658, 6404422, 200962775791632.6
2025/11/30/1:27, 1764433660, 6404423, 200670435838137
2025/11/30/1:27, 1764433661, 6404424, 200373774573057.5
2025/11/30/1:27, 1764433662, 6404425, 200524427104358.8
2025/11/30/1:27, 1764433664, 6404426, 200959757323241.7
2025/11/30/1:27, 1764433665, 6404427, 200812200656956.3
2025/11/30/1:27, 1764433667, 6404428, 201209116350777
2025/11/30/1:27, 1764433668, 6404429, 200943955512228.5
2025/11/30/1:27, 1764433669, 6404430, 200627816096428.1
2025/11/30/1:27, 1764433671, 6404431, 200213821547273.2
2025/11/30/1:27, 1764433672, 6404432, 200642547254124.7
2025/11/30/1:27, 1764433673, 6404433, 200325801564757.9
2025/11/30/1:27, 1764433675, 6404434, 200023645139278
2025/11/30/1:27, 1764433676, 6404435, 200705303017870.2
2025/11/30/1:27, 1764433677, 6404436, 201603245766085.6
2025/11/30/1:27, 1764433679, 6404437, 201517451606853.2
2025/11/30/1:28, 1764433680, 6404438, 200929804829219.7
2025/11/30/1:28, 1764433681, 6404439, 200950818013011.1
2025/11/30/1:28, 1764433683, 6404440, 200452048360190.8
2025/11/30/1:28, 1764433684, 6404441, 200905128205161.3
2025/11/30/1:28, 1764433686, 6404442, 201242951575505.7
2025/11/30/1:28, 1764433687, 6404443, 201230581014882.7
2025/11/30/1:28, 1764433688, 6404444, 200677994908548.4
2025/11/30/1:28, 1764433690, 6404445, 200677427333296.2
2025/11/30/1:28, 1764433691, 6404446, 201104385817200.8
2025/11/30/1:28, 1764433692, 6404447, 200975391441568.4
2025/11/30/1:28, 1764433694, 6404448, 200984343651239.1
2025/11/30/1:28, 1764433695, 6404449, 201098542371985.7
2025/11/30/1:28, 1764433696, 6404450, 201007730331539.5
2025/11/30/1:28, 1764433698, 6404451, 200830079277420
2025/11/30/1:28, 1764433699, 6404452, 201245931345584.4
2025/11/30/1:28, 1764433701, 6404453, 201439371311282
2025/11/30/1:28, 1764433702, 6404454, 200333605724484.5
2025/11/30/1:28, 1764433703, 6404455, 200336559695687.5
2025/11/30/1:28, 1764433705, 6404456, 200098074894016.2
2025/11/30/1:28, 1764433706, 6404457, 201010065129738.2
2025/11/30/1:28, 1764433707, 6404458, 200464470518563.3
2025/11/30/1:28, 1764433709, 6404459, 200748632228644.5
2025/11/30/1:28, 1764433710, 6404460, 201333454029451.4
2025/11/30/1:28, 1764433711, 6404461, 201565527810651.2
2025/11/30/1:28, 1764433713, 6404462, 200626023074607.3
2025/11/30/1:28, 1764433714, 6404463, 200905154004036.7
2025/11/30/1:28, 1764433715, 6404464, 201344379853065
2025/11/30/1:28, 1764433717, 6404465, 200847351624317.2
2025/11/30/1:28, 1764433718, 6404466, 201481655667613.7
2025/11/30/1:28, 1764433720, 6404467, 201372939207831.1
2025/11/30/1:28, 1764433721, 6404468, 201162613878362.9
2025/11/30/1:28, 1764433722, 6404469, 200909178628556.5
2025/11/30/1:28, 1764433724, 6404470, 200988884253260
2025/11/30/1:28, 1764433725, 6404471, 201371894353387.8
2025/11/30/1:28, 1764433726, 6404472, 200708527877260
2025/11/30/1:28, 1764433728, 6404473, 200872853812379.5
2025/11/30/1:28, 1764433729, 6404474, 200644004890570.4
2025/11/30/1:28, 1764433730, 6404475, 201142464956889.8
2025/11/30/1:28, 1764433732, 6404476, 200728147921795.7
2025/11/30/1:28, 1764433733, 6404477, 201156409248894.2
2025/11/30/1:28, 1764433735, 6404478, 200838554207897.6
2025/11/30/1:28, 1764433736, 6404479, 201060282640172.6
2025/11/30/1:28, 1764433737, 6404480, 201045990063352.3
2025/11/30/1:28, 1764433739, 6404481, 200338739700634.8
2025/11/30/1:29, 1764433740, 6404482, 200842578832418.9
2025/11/30/1:29, 1764433741, 6404483, 200985943181496.5
2025/11/30/1:29, 1764433743, 6404484, 200829963182480.6
2025/11/30/1:29, 1764433744, 6404485, 201224556977542.1
2025/11/30/1:29, 1764433745, 6404486, 200718254053183.4
2025/11/30/1:29, 1764433747, 6404487, 200962143719191.1
2025/11/30/1:29, 1764433748, 6404488, 201088764598311.5
2025/11/30/1:29, 1764433749, 6404489, 201107494581653.7
2025/11/30/1:29, 1764433751, 6404490, 201311847471532.5
2025/11/30/1:29, 1764433752, 6404491, 200663934521604.3
2025/11/30/1:29, 1764433754, 6404492, 201026615108133.2
2025/11/30/1:29, 1764433755, 6404493, 200961627741690.5
2025/11/30/1:29, 1764433756, 6404494, 201337878536535.7
2025/11/30/1:29, 1764433758, 6404495, 200911990705945.8
2025/11/30/1:29, 1764433759, 6404496, 201134402808410.3
2025/11/30/1:29, 1764433760, 6404497, 201123760772422.6
2025/11/30/1:29, 1764433762, 6404498, 201218287850886.6
2025/11/30/1:29, 1764433763, 6404499, 201367392449679.8
2025/11/30/1:29, 1764433764, 6404500, 201162897665988.9
2025/11/30/1:29, 1764433766, 6404501, 201395603519629.7
2025/11/30/1:29, 1764433767, 6404502, 201040146618137.2
2025/11/30/1:29, 1764433769, 6404503, 201502101276152.8
2025/11/30/1:29, 1764433770, 6404504, 201050014687873.5
2025/11/30/1:29, 1764433771, 6404505, 201708982455792.5
2025/11/30/1:29, 1764433773, 6404506, 201505016549042.4
2025/11/30/1:29, 1764433774, 6404507, 200949760259130.3
2025/11/30/1:29, 1764433775, 6404508, 201250291355478.8
2025/11/30/1:29, 1764433777, 6404509, 201090209335319.8
2025/11/30/1:29, 1764433778, 6404510, 201278179939490.6
2025/11/30/1:29, 1764433779, 6404511, 200862779351641.5
2025/11/30/1:29, 1764433781, 6404512, 201304275501682.3
2025/11/30/1:29, 1764433782, 6404513, 201091370284699.3
2025/11/30/1:29, 1764433783, 6404514, 201613978098137.8
2025/11/30/1:29, 1764433785, 6404515, 200957616016606.7
2025/11/30/1:29, 1764433786, 6404516, 201767171818639.3
2025/11/30/1:29, 1764433788, 6404517, 201198384018725.2
2025/11/30/1:29, 1764433789, 6404518, 201027053689010
2025/11/30/1:29, 1764433790, 6404519, 201856771311954.1
2025/11/30/1:29, 1764433792, 6404520, 201456114781239.9
2025/11/30/1:29, 1764433793, 6404521, 200676833959167.5
2025/11/30/1:29, 1764433794, 6404522, 201705783395274.7
2025/11/30/1:29, 1764433796, 6404523, 201345540802446.2
2025/11/30/1:29, 1764433797, 6404524, 201415597647853.6
2025/11/30/1:29, 1764433798, 6404525, 201260881793719.2
2025/11/30/1:30, 1764433800, 6404526, 201169244189269.1
2025/11/30/1:30, 1764433801, 6404527, 200802126196218.6
2025/11/30/1:30, 1764433803, 6404528, 201157054220772.9
2025/11/30/1:30, 1764433804, 6404529, 200606544923885.3
2025/11/30/1:30, 1764433805, 6404530, 201166083827066.3
2025/11/30/1:30, 1764433807, 6404531, 200988523069009.5
2025/11/30/1:30, 1764433808, 6404532, 201108784525410.2
2025/11/30/1:30, 1764433809, 6404533, 200924438663195.1
2025/11/30/1:30, 1764433811, 6404534, 201036328384617.4
2025/11/30/1:30, 1764433812, 6404535, 200715300081980.8
2025/11/30/1:30, 1764433813, 6404536, 200938537748451.3
2025/11/30/1:30, 1764433815, 6404537, 200773915126268.4
2025/11/30/1:30, 1764433816, 6404538, 200939543904581.7
2025/11/30/1:30, 1764433817, 6404539, 200739938007728.4
2025/11/30/1:30, 1764433819, 6404540, 200675518216537.6
2025/11/30/1:30, 1764433820, 6404541, 201113828205497.6
2025/11/30/1:30, 1764433822, 6404542, 200895569721927.8
2025/11/30/1:30, 1764433823, 6404543, 201088145425309.4
2025/11/30/1:30, 1764433824, 6404544, 201607928261921.4
2025/11/30/1:30, 1764433826, 6404545, 200718847427311.9
2025/11/30/1:30, 1764433827, 6404546, 201062101460868.4
2025/11/30/1:30, 1764433828, 6404547, 201017443608026.3
2025/11/30/1:30, 1764433830, 6404548, 200488644064556.6
2025/11/30/1:30, 1764433831, 6404549, 201023145159428.3
2025/11/30/1:30, 1764433832, 6404550, 201159285823470.7
2025/11/30/1:30, 1764433834, 6404551, 201025196170002.4
2025/11/30/1:30, 1764433835, 6404552, 201179602437634
2025/11/30/1:30, 1764433837, 6404553, 201195301053146.9
2025/11/30/1:30, 1764433838, 6404554, 200490037203814.9
2025/11/30/1:30, 1764433839, 6404555, 200720782342945.2
2025/11/30/1:30, 1764433841, 6404556, 200721066130571.4
2025/11/30/1:30, 1764433842, 6404557, 200953101213460.6
2025/11/30/1:30, 1764433843, 6404558, 201138633823931
2025/11/30/1:30, 1764433845, 6404559, 201197687449098.2
2025/11/30/1:30, 1764433846, 6404560, 201654791918589.1
2025/11/30/1:30, 1764433847, 6404561, 200661019248715.6
2025/11/30/1:30, 1764433849, 6404562, 200664089314856.1
2025/11/30/1:30, 1764433850, 6404563, 201061121103613.5
2025/11/30/1:30, 1764433851, 6404564, 200866816875600.5
2025/11/30/1:30, 1764433853, 6404565, 200797882281261
2025/11/30/1:30, 1764433854, 6404566, 201025957236816.2
2025/11/30/1:30, 1764433856, 6404567, 201627406412642.1
2025/11/30/1:30, 1764433857, 6404568, 201150049826176.6
2025/11/30/1:30, 1764433858, 6404569, 201201273492738.9
2025/11/30/1:31, 1764433860, 6404570, 201097071836103.2
2025/11/30/1:31, 1764433861, 6404571, 200861657100574.6
2025/11/30/1:31, 1764433862, 6404572, 201150127222801.3
2025/11/30/1:31, 1764433864, 6404573, 201070189408221.1
2025/11/30/1:31, 1764433865, 6404574, 200905605484352.4
2025/11/30/1:31, 1764433866, 6404575, 201272310695400.1
2025/11/30/1:31, 1764433868, 6404576, 201199893252919.2
2025/11/30/1:31, 1764433869, 6404577, 201513233490770.6
2025/11/30/1:31, 1764433871, 6404578, 200835084259194.1
2025/11/30/1:31, 1764433872, 6404579, 201332925152510.2
2025/11/30/1:31, 1764433873, 6404580, 200833471829497.4
2025/11/30/1:31, 1764433875, 6404581, 199689794795703.6
2025/11/30/1:31, 1764433876, 6404582, 200312927926072
2025/11/30/1:31, 1764433877, 6404583, 201127579005939.5
2025/11/30/1:31, 1764433879, 6404584, 200726909575789.1
2025/11/30/1:31, 1764433880, 6404585, 200951372688825.5
2025/11/30/1:31, 1764433881, 6404586, 201620066632669.5
2025/11/30/1:31, 1764433883, 6404587, 200975430139883.3
2025/11/30/1:31, 1764433884, 6404588, 201370926895570.5
2025/11/30/1:31, 1764433885, 6404589, 201374925721216
2025/11/30/1:31, 1764433887, 6404590, 200973366229872.9
2025/11/30/1:31, 1764433888, 6404591, 201310312438462.6
2025/11/30/1:31, 1764433890, 6404592, 200593955072825.2
2025/11/30/1:31, 1764433891, 6404593, 201106810911463.2
2025/11/30/1:31, 1764433892, 6404594, 201604883994656.2
2025/11/30/1:31, 1764433894, 6404595, 200936551235066.7
2025/11/30/1:31, 1764433895, 6404596, 201113131635869.8
2025/11/30/1:31, 1764433896, 6404597, 201074923501806.5
2025/11/30/1:31, 1764433898, 6404598, 200887559171200.4
2025/11/30/1:31, 1764433899, 6404599, 200833226740184.3
2025/11/30/1:31, 1764433900, 6404600, 201283739597082.2
2025/11/30/1:31, 1764433902, 6404601, 201238320677420
2025/11/30/1:31, 1764433903, 6404602, 200984743533802.1
2025/11/30/1:31, 1764433905, 6404603, 200713868244412.8
2025/11/30/1:31, 1764433906, 6404604, 201224750469104.3
2025/11/30/1:31, 1764433907, 6404605, 200599888814104.3
2025/11/30/1:31, 1764433909, 6404606, 200479782150950.7
2025/11/30/1:31, 1764433910, 6404607, 200866520188536.7
2025/11/30/1:31, 1764433911, 6404608, 200448126931171.8
2025/11/30/1:31, 1764433913, 6404609, 200861786094948.8
2025/11/30/1:31, 1764433914, 6404610, 200401843749193.6
2025/11/30/1:31, 1764433915, 6404611, 201123386688731.7
2025/11/30/1:31, 1764433917, 6404612, 200802023000719.1
2025/11/30/1:31, 1764433918, 6404613, 200686392442401.6
2025/11/30/1:31, 1764433919, 6404614, 200937918575448.9
2025/11/30/1:32, 1764433921, 6404615, 201240552280120.8
2025/11/30/1:32, 1764433922, 6404616, 200892718946226.1
2025/11/30/1:32, 1764433924, 6404617, 200539313055307.3
2025/11/30/1:32, 1764433925, 6404618, 200450165042307.1
2025/11/30/1:32, 1764433926, 6404619, 201240719972807.8
2025/11/30/1:32, 1764433928, 6404620, 200754256383423.3
2025/11/30/1:32, 1764433929, 6404621, 200469359405399.6
2025/11/30/1:32, 1764433930, 6404622, 200914286805832.6
2025/11/30/1:32, 1764433932, 6404623, 200766433452481
2025/11/30/1:32, 1764433933, 6404624, 200821101268874.6
2025/11/30/1:32, 1764433934, 6404625, 201037089451433.9
2025/11/30/1:32, 1764433936, 6404626, 200500498647678.9
2025/11/30/1:32, 1764433937, 6404627, 201117930226642.2
2025/11/30/1:32, 1764433939, 6404628, 201305204261186.2
2025/11/30/1:32, 1764433940, 6404629, 200638535529043.5
2025/11/30/1:32, 1764433941, 6404630, 200575934558547.1
2025/11/30/1:32, 1764433943, 6404631, 200432957192597.8
2025/11/30/1:32, 1764433944, 6404632, 201210793277661.8
2025/11/30/1:32, 1764433945, 6404633, 201246357027022.4
2025/11/30/1:32, 1764433947, 6404634, 200768600557993.5
2025/11/30/1:32, 1764433948, 6404635, 200774095718394.9
2025/11/30/1:32, 1764433949, 6404636, 200533456710651.4
2025/11/30/1:32, 1764433951, 6404637, 200523266154976.6
2025/11/30/1:32, 1764433952, 6404638, 200841688771225.6
2025/11/30/1:32, 1764433953, 6404639, 201211541445040.7
2025/11/30/1:32, 1764433955, 6404640, 201190050982060.4
2025/11/30/1:32, 1764433956, 6404641, 201463054678647
2025/11/30/1:32, 1764433958, 6404642, 200360217264179.2
2025/11/30/1:32, 1764433959, 6404643, 200371942852924.2
2025/11/30/1:32, 1764433960, 6404644, 201130507178266.3
2025/11/30/1:32, 1764433962, 6404645, 200993308760344.3
2025/11/30/1:32, 1764433963, 6404646, 200699730460842.6
2025/11/30/1:32, 1764433964, 6404647, 201446749789569.6
2025/11/30/1:32, 1764433966, 6404648, 200734378350136.3
2025/11/30/1:32, 1764433967, 6404649, 200603513556057.7
2025/11/30/1:32, 1764433968, 6404650, 200757365147876.2
2025/11/30/1:32, 1764433970, 6404651, 201104734102016.8
2025/11/30/1:32, 1764433971, 6404652, 200795779672938.4
2025/11/30/1:32, 1764433973, 6404653, 201199506269792
2025/11/30/1:32, 1764433974, 6404654, 201257295750077.7
2025/11/30/1:32, 1764433975, 6404655, 201245221876517.8
2025/11/30/1:32, 1764433977, 6404656, 199758677792289.8
2025/11/30/1:32, 1764433978, 6404657, 200733359294571.3
2025/11/30/1:32, 1764433979, 6404658, 200946793388492.6
2025/11/30/1:33, 1764433981, 6404659, 201340032742608.1
2025/11/30/1:33, 1764433982, 6404660, 201443202444239.2
2025/11/30/1:33, 1764433983, 6404661, 200849363936577.2
2025/11/30/1:33, 1764433985, 6404662, 201238152984733.5
2025/11/30/1:33, 1764433986, 6404663, 200889648880085.6
2025/11/30/1:33, 1764433987, 6404664, 201057509261098.3
2025/11/30/1:33, 1764433989, 6404665, 200809633668880.8
2025/11/30/1:33, 1764433990, 6404666, 200610853336031.4
2025/11/30/1:33, 1764433992, 6404667, 201077567886509.2
2025/11/30/1:33, 1764433993, 6404668, 201666285317457.7
2025/11/30/1:33, 1764433994, 6404669, 201312866527100.4
2025/11/30/1:33, 1764433996, 6404670, 200819798425680.7
2025/11/30/1:33, 1764433997, 6404671, 200568710873513.5
2025/11/30/1:33, 1764433998, 6404672, 202146699070626.6
2025/11/30/1:33, 1764434000, 6404673, 201022280897112.5
2025/11/30/1:33, 1764434001, 6404674, 201208626172151.7
2025/11/30/1:33, 1764434002, 6404675, 201427413532660.5
2025/11/30/1:33, 1764434004, 6404676, 201058915299791.7
2025/11/30/1:33, 1764434005, 6404677, 201488144084707.7
2025/11/30/1:33, 1764434007, 6404678, 201122328934853.6
2025/11/30/1:33, 1764434008, 6404679, 201310544628338.6
2025/11/30/1:33, 1764434009, 6404680, 201031555592719
2025/11/30/1:33, 1764434011, 6404681, 200860702542195.2
2025/11/30/1:33, 1764434012, 6404682, 201001912685198.9
2025/11/30/1:33, 1764434013, 6404683, 201657281510037.3
2025/11/30/1:33, 1764434015, 6404684, 201230761607008
2025/11/30/1:33, 1764434016, 6404685, 201243532050195.6
2025/11/30/1:33, 1764434017, 6404686, 200566788857315.2
2025/11/30/1:33, 1764434019, 6404687, 200292727406847.9
2025/11/30/1:33, 1764434020, 6404688, 201159182627971.4
2025/11/30/1:33, 1764434021, 6404689, 199990777372367.1
2025/11/30/1:33, 1764434023, 6404690, 200647668330838.2
2025/11/30/1:33, 1764434024, 6404691, 200806047625237.7
2025/11/30/1:33, 1764434026, 6404692, 200845764993496.5
2025/11/30/1:33, 1764434027, 6404693, 201084610979416.6
2025/11/30/1:33, 1764434028, 6404694, 201491239949723.6
2025/11/30/1:33, 1764434030, 6404695, 201114653769502.8
2025/11/30/1:33, 1764434031, 6404696, 201411585922769.8
2025/11/30/1:33, 1764434032, 6404697, 201818975959893.9
2025/11/30/1:33, 1764434034, 6404698, 200167589963045
2025/11/30/1:33, 1764434035, 6404699, 201275200169414.6
2025/11/30/1:33, 1764434036, 6404700, 200871421974808.6
2025/11/30/1:33, 1764434038, 6404701, 199920011057893.9
2025/11/30/1:33, 1764434039, 6404702, 201074910602369.1
2025/11/30/1:34, 1764434041, 6404703, 201173410707602
2025/11/30/1:34, 1764434042, 6404704, 200380766068215.2
2025/11/30/1:34, 1764434043, 6404705, 201222028687779.1
2025/11/30/1:34, 1764434045, 6404706, 200719556896378.5
2025/11/30/1:34, 1764434046, 6404707, 200383526547854.8
2025/11/30/13:07, 1764475628, 6432013, 187979775671843.1
2025/11/30/13:07, 1764475629, 6432014, 187578770856314.1
2025/11/30/13:07, 1764475631, 6432015, 187603653871374.9
2025/11/30/13:07, 1764475632, 6432016, 187542291246885.2
2025/11/30/13:07, 1764475633, 6432017, 187514441361187.9
2025/11/30/13:07, 1764475635, 6432018, 188056978805660.2
2025/11/30/13:07, 1764475636, 6432019, 187466158766387.2
2025/11/30/13:07, 1764475637, 6432020, 187689525427232.1
2025/11/30/13:07, 1764475639, 6432021, 187442372203521.4
2025/11/30/13:07, 1764475640, 6432022, 187166182345854.4
2025/11/30/13:07, 1764475642, 6432023, 187297395424747.8
2025/11/30/13:07, 1764475643, 6432024, 187592147573068
2025/11/30/13:07, 1764475644, 6432025, 187308514739926.6
2025/11/30/13:07, 1764475646, 6432026, 187552636595811.1
2025/11/30/13:07, 1764475647, 6432027, 187650711019604.5
2025/11/30/13:07, 1764475648, 6432028, 187770030817064.4
2025/11/30/13:07, 1764475650, 6432029, 187320472518548.1
2025/11/30/13:07, 1764475651, 6432030, 187672717460088.9
2025/11/30/13:07, 1764475652, 6432031, 187640520463931.5
2025/11/30/13:07, 1764475654, 6432032, 187427357258197.6
2025/11/30/13:07, 1764475655, 6432033, 187865976833661.8
2025/11/30/13:07, 1764475657, 6432034, 187652117058299.9
2025/11/30/13:07, 1764475658, 6432035, 188249257821978.9
2025/11/30/13:07, 1764475659, 6432036, 187155321019425.5
2025/11/30/13:07, 1764475661, 6432037, 187419256411407.2
2025/11/30/13:07, 1764475662, 6432038, 187303716149154.7
2025/11/30/13:07, 1764475663, 6432039, 187001508125921.9
2025/11/30/13:07, 1764475665, 6432040, 187590290054060
2025/11/30/13:07, 1764475666, 6432041, 187304683606969.7
2025/11/30/13:07, 1764475667, 6432042, 186512374352961.4
2025/11/30/13:07, 1764475669, 6432043, 187809619190946.2
2025/11/30/13:07, 1764475670, 6432044, 187644609585637.9
2025/11/30/13:07, 1764475671, 6432045, 187658824765833.4
2025/11/30/13:07, 1764475673, 6432046, 187911589244883.9
2025/11/30/13:07, 1764475674, 6432047, 188293244904067.7
2025/11/30/13:07, 1764475676, 6432048, 187239077067524.8
2025/11/30/13:07, 1764475677, 6432049, 187514312366811.4
2025/11/30/13:07, 1764475678, 6432050, 187938665164330.8
2025/11/30/13:08, 1764475680, 6432051, 187310410957247.8
2025/11/30/13:08, 1764475681, 6432052, 187782491673752.2
2025/11/30/13:08, 1764475682, 6432053, 187625531317482.3
2025/11/30/13:08, 1764475684, 6432054, 187382441416602.5
2025/11/30/13:08, 1764475685, 6432055, 187998995833813.3
2025/11/30/13:08, 1764475686, 6432056, 187717620402246.5
2025/11/30/13:08, 1764475688, 6432057, 187855734680234.9
2025/11/30/13:08, 1764475689, 6432058, 187244094948737.2
2025/11/30/13:08, 1764475691, 6432059, 187800654081840.9
2025/11/30/13:08, 1764475692, 6432060, 187569831546083.4
2025/11/30/13:08, 1764475693, 6432061, 187750255979279.6
2025/11/30/13:08, 1764475695, 6432062, 188180078138326.2
2025/11/30/13:08, 1764475696, 6432063, 187869472581241.4
2025/11/30/13:08, 1764475697, 6432064, 187966837535968.7
2025/11/30/13:08, 1764475699, 6432065, 187434542244920.7
2025/11/30/13:08, 1764475700, 6432066, 187697574676271.8
2025/11/30/13:08, 1764475701, 6432067, 187591941182067.8
2025/11/30/13:08, 1764475703, 6432068, 188138438753871.1
2025/11/30/13:08, 1764475704, 6432069, 188245271895769.9
2025/11/30/13:08, 1764475705, 6432070, 187533093947903.2
2025/11/30/13:08, 1764475707, 6432071, 187757015284563
2025/11/30/13:08, 1764475708, 6432072, 187597178353718.7
2025/11/30/13:08, 1764475710, 6432073, 187777344798162.7
2025/11/30/13:08, 1764475711, 6432074, 187330908163536.8
2025/11/30/13:08, 1764475712, 6432075, 187957562840359.5
2025/11/30/13:08, 1764475714, 6432076, 188000659861257.6
2025/11/30/13:08, 1764475715, 6432077, 188135188095606.7
2025/11/30/13:08, 1764475716, 6432078, 188446064540879.6
2025/11/30/13:08, 1764475718, 6432079, 187888705642648.4
2025/11/30/13:08, 1764475719, 6432080, 187473627540737.3
2025/11/30/13:08, 1764475720, 6432081, 188261989566851.8
2025/11/30/13:08, 1764475722, 6432082, 188131227968274.2
2025/11/30/13:08, 1764475723, 6432083, 187683166004514.3
2025/11/30/13:08, 1764475725, 6432084, 187928010228903
2025/11/30/13:08, 1764475726, 6432085, 188116974089767.1
2025/11/30/13:08, 1764475727, 6432086, 187867744056607.3
2025/11/30/13:08, 1764475729, 6432087, 188086608813743
2025/11/30/13:08, 1764475730, 6432088, 188717339712835.8
2025/11/30/13:08, 1764475731, 6432089, 188434854929638.4
2025/11/30/13:08, 1764475733, 6432090, 187255562548730.2
2025/11/30/13:08, 1764475734, 6432091, 187992920198721.4
2025/11/30/13:08, 1764475735, 6432092, 187919844884924.2
2025/11/30/13:08, 1764475737, 6432093, 188075515297439.1
2025/11/30/13:08, 1764475738, 6432094, 187815759323225.8
2025/11/30/17:23, 1764491011, 6441429, 188048039495427.8
2025/11/30/17:24, 1764491041, 6441430, 187544303559146.2
2025/11/30/17:24, 1764491042, 6441431, 187536873483110.5
2025/11/30/17:24, 1764491044, 6441432, 187379784132464.8
2025/11/30/17:24, 1764491045, 6441433, 188060177866175.9
2025/11/30/17:24, 1764491046, 6441434, 187478142343883.4
2025/11/30/17:24, 1764491048, 6441435, 188325222609787
2025/11/30/17:24, 1764491049, 6441436, 187052938183485.7
2025/11/30/17:24, 1764491050, 6441437, 187052254513296.3
2025/11/30/17:24, 1764491052, 6441438, 187110443876143.3
2025/11/30/17:24, 1764491053, 6441439, 187062625661097.6
2025/11/30/17:24, 1764491054, 6441440, 187386414443371.3
2025/11/30/17:24, 1764491056, 6441441, 187783149545068.1
2025/11/30/17:24, 1764491057, 6441442, 187307250595045.3
2025/11/30/17:24, 1764491059, 6441443, 187126426279283.5
2025/11/30/17:24, 1764491060, 6441444, 187734815352516.9
2025/11/30/17:24, 1764491061, 6441445, 187803130773851.6
2025/11/30/17:24, 1764491063, 6441446, 187627904813993.6
2025/11/30/17:24, 1764491064, 6441447, 187704669366933.4
2025/11/30/17:24, 1764491065, 6441448, 187432362239973
2025/11/30/17:24, 1764491067, 6441449, 187840900327037.1
2025/11/30/17:24, 1764491068, 6441450, 188157091340588.8
2025/11/30/17:24, 1764491069, 6441451, 187448538134677.4
2025/11/30/17:24, 1764491071, 6441452, 187471679725665.2
2025/11/30/17:24, 1764491072, 6441453, 187403274008267.4
2025/11/30/17:24, 1764491073, 6441454, 186715721086707.3
2025/11/30/17:24, 1764491075, 6441455, 187856328054364.5
2025/11/30/17:24, 1764491076, 6441456, 187512235557362.8
2025/11/30/17:24, 1764491078, 6441457, 187712228437343.6
2025/11/30/17:24, 1764491079, 6441458, 187146949284447.9
2025/11/30/17:24, 1764491080, 6441459, 187436877043119.7
2025/11/30/17:24, 1764491082, 6441460, 187689976907547.3
2025/11/30/17:24, 1764491083, 6441461, 187439198941881.2
2025/11/30/17:24, 1764491084, 6441462, 187208969780250.5
2025/11/30/17:24, 1764491086, 6441463, 187821873656631.3
2025/11/30/17:24, 1764491087, 6441464, 187990379009520.8
2025/11/30/17:24, 1764491088, 6441465, 187567806334385.6
2025/11/30/17:24, 1764491090, 6441466, 187105103508991.5
2025/11/30/17:24, 1764491091, 6441467, 187647628054028.4
2025/11/30/17:24, 1764491093, 6441468, 186569067381050.4
2025/11/30/17:24, 1764491094, 6441469, 186863574440058.8
2025/11/30/17:24, 1764491095, 6441470, 186455152447930.7
2025/11/30/17:24, 1764491097, 6441471, 187421397718042.6
2025/11/30/17:24, 1764491098, 6441472, 187511603484922.4
2025/11/30/17:24, 1764491099, 6441473, 186960668506597.2
2025/11/30/17:25, 1764491101, 6441474, 186875390324866.7
2025/11/30/17:25, 1764491102, 6441475, 186530781850364.3
2025/11/30/17:25, 1764491103, 6441476, 187428608503640.7
2025/11/30/17:25, 1764491105, 6441477, 187481638091464.6
2025/11/30/17:25, 1764491106, 6441478, 187279748994161.8
2025/11/30/17:25, 1764491107, 6441479, 187228873612412.8
2025/11/30/17:25, 1764491109, 6441480, 187746347449700.1
2025/11/30/17:25, 1764491110, 6441481, 188030083478339.6
2025/11/30/17:25, 1764491112, 6441482, 187785548840453.2
2025/11/30/17:25, 1764491113, 6441483, 187310643147124.4
2025/11/30/17:25, 1764491114, 6441484, 187390348771829.5
2025/11/30/17:25, 1764491116, 6441485, 187807748772499.8
2025/11/30/17:25, 1764491117, 6441486, 187680057240061.3
2025/11/30/17:25, 1764491118, 6441487, 187180087939546.8
2025/11/30/17:25, 1764491120, 6441488, 187742761406057.3
2025/11/30/17:25, 1764491121, 6441489, 187661417552783.8
2025/11/30/17:25, 1764491122, 6441490, 187558247851151.5
2025/11/30/17:25, 1764491124, 6441491, 187728288237110.5
2025/11/30/17:25, 1764491125, 6441492, 186985577320531.7
2025/11/30/17:25, 1764491127, 6441493, 188194718999960.3
2025/11/30/17:25, 1764491128, 6441494, 187337228887942.1
2025/11/30/17:25, 1764491129, 6441495, 187134372332823.7
2025/11/30/17:25, 1764491131, 6441496, 187296802050619
2025/11/30/17:25, 1764491132, 6441497, 187534022707406.8
2025/11/30/17:25, 1764491133, 6441498, 186300823576924.2
2025/11/30/17:25, 1764491135, 6441499, 187616617806126.4
2025/11/30/17:25, 1764491136, 6441500, 187655019431751.3
2025/11/30/17:25, 1764491137, 6441501, 187946301631367.6
2025/11/30/17:25, 1764491139, 6441502, 187818506903427
2025/11/30/17:25, 1764491140, 6441503, 187660849977529.1
2025/11/30/17:25, 1764491141, 6441504, 187901940465588
2025/11/30/17:25, 1764491143, 6441505, 187349186666563.6
2025/11/30/17:25, 1764491144, 6441506, 187518994862647.7
2025/11/30/17:25, 1764491146, 6441507, 187352089040014.9
2025/11/30/17:25, 1764491147, 6441508, 187595553024585.4
2025/11/30/17:25, 1764491148, 6441509, 187279761893599.2
2025/11/30/17:25, 1764491150, 6441510, 187338312440697.6
2025/11/30/17:25, 1764491151, 6441511, 187773062184893.7
2025/11/30/17:25, 1764491152, 6441512, 187320807903924.7
2025/11/30/17:25, 1764491154, 6441513, 187929158278845.4
2025/11/30/17:25, 1764491155, 6441514, 187370831922796.5
2025/11/30/17:25, 1764491156, 6441515, 187416263741893.7
2025/11/30/17:25, 1764491158, 6441516, 187225597155270.7
2025/11/30/17:25, 1764491159, 6441517, 187367052387589.8
2025/11/30/17:26, 1764491161, 6441518, 187789637962162.3
2025/11/30/17:26, 1764491162, 6441519, 186934843832594.4
2025/11/30/17:26, 1764491163, 6441520, 188002543179142.9
2025/11/30/17:26, 1764491165, 6441521, 187283876814182.2
2025/11/30/17:26, 1764491166, 6441522, 187281155032856
2025/11/30/17:26, 1764491167, 6441523, 187303238869964
2025/11/30/17:26, 1764491169, 6441524, 187553758846880.2
2025/11/30/17:26, 1764491170, 6441525, 187373321514245.3
2025/11/30/17:26, 1764491171, 6441526, 187988508591074.6
2025/11/30/17:26, 1764491173, 6441527, 187514209171311.8
2025/11/30/17:26, 1764491174, 6441528, 187385382488367.1
2025/11/30/17:26, 1764491175, 6441529, 187282870658052.2
2025/11/30/17:26, 1764491177, 6441530, 187081355644437.7
2025/11/30/17:26, 1764491178, 6441531, 187866260621287.9
2025/11/30/17:26, 1764491180, 6441532, 187625724809045.4
2025/11/30/17:26, 1764491181, 6441533, 187871471994061.7
2025/11/30/17:26, 1764491182, 6441534, 187690247795736
2025/11/30/17:26, 1764491184, 6441535, 187559047616281.5
2025/11/30/17:26, 1764491185, 6441536, 188033411533231.3
2025/11/30/17:26, 1764491186, 6441537, 187546599659032.5
2025/11/30/17:26, 1764491188, 6441538, 187640584961117.4
2025/11/30/17:26, 1764491189, 6441539, 187700219060971.9
2025/11/30/17:26, 1764491190, 6441540, 187054344222181.7
2025/11/30/17:26, 1764491192, 6441541, 187276472537019.4
2025/11/30/17:26, 1764491193, 6441542, 187619081598699.4
2025/11/30/17:26, 1764491195, 6441543, 188282164287202.2
2025/11/30/17:26, 1764491196, 6441544, 186760224146300.5
2025/11/30/17:26, 1764491197, 6441545, 187580821866888.1
2025/11/30/17:26, 1764491199, 6441546, 187355146206717.9
2025/11/30/17:26, 1764491200, 6441547, 186957572641580.6
2025/11/30/17:26, 1764491201, 6441548, 187585749452036.2
2025/11/30/17:26, 1764491203, 6441549, 187675078057162.2
2025/11/30/17:26, 1764491204, 6441550, 187272680102377
2025/11/30/17:26, 1764491205, 6441551, 187742813003807.1
2025/11/30/17:26, 1764491207, 6441552, 187320588613487.6
2025/11/30/17:26, 1764491208, 6441553, 187857759891932.8
2025/11/30/17:26, 1764491209, 6441554, 187386220951807.7
2025/11/30/17:26, 1764491211, 6441555, 187699341899218.9
2025/11/30/17:26, 1764491212, 6441556, 187591309109627.4
2025/11/30/17:26, 1764491214, 6441557, 187570502316837.7
2025/11/30/17:26, 1764491215, 6441558, 187668396148503.7
2025/11/30/17:26, 1764491216, 6441559, 187383976449672.9
2025/11/30/17:26, 1764491218, 6441560, 187678754396867.5
2025/11/30/17:26, 1764491219, 6441561, 187950352054761.4
2025/11/30/17:27, 1764491220, 6441562, 186209482659537.7
2025/11/30/17:27, 1764491222, 6441563, 187246752232873.2
2025/11/30/17:27, 1764491223, 6441564, 187057839969760
2025/11/30/17:27, 1764491224, 6441565, 187551243456555.7
2025/11/30/17:27, 1764491226, 6441566, 187735679614835.5
2025/11/30/17:27, 1764491227, 6441567, 187683217602264
2025/11/30/17:27, 1764491229, 6441568, 186996296753146.3
2025/11/30/17:27, 1764491230, 6441569, 187579699615818.8
2025/11/30/17:27, 1764491231, 6441570, 187299111049943.3
2025/11/30/17:27, 1764491233, 6441571, 187226267926023.2
2025/11/30/17:27, 1764491234, 6441572, 187466855336016.6
2025/11/30/17:27, 1764491235, 6441573, 187927081469398.5
2025/11/30/17:27, 1764491237, 6441574, 186761797877683
2025/11/30/17:27, 1764491238, 6441575, 187181726168118.9
2025/11/30/17:27, 1764491239, 6441576, 186848843282360.4
2025/11/30/17:27, 1764491241, 6441577, 187782659366438.8
2025/11/30/17:27, 1764491242, 6441578, 187631490857635.2
2025/11/30/17:27, 1764491243, 6441579, 187459709047606.9
2025/11/30/17:27, 1764491245, 6441580, 187186911742019.7
2025/11/30/17:27, 1764491246, 6441581, 187884900308565.4
2025/11/30/17:27, 1764491248, 6441582, 187482605549280.2
2025/11/30/17:27, 1764491249, 6441583, 187245139803179
2025/11/30/17:27, 1764491250, 6441584, 187733602805387.7
2025/11/30/17:27, 1764491252, 6441585, 187313403626763.8
2025/11/30/17:27, 1764491253, 6441586, 187703134333861.7
2025/11/30/17:27, 1764491254, 6441587, 187440824271014.4
2025/11/30/17:27, 1764491256, 6441588, 187770417800192.7
2025/11/30/17:27, 1764491257, 6441589, 187229583081477.1
2025/11/30/17:27, 1764491258, 6441590, 187643358340194.8
2025/11/30/17:27, 1764491260, 6441591, 187648569712968.9
2025/11/30/17:27, 1764491261, 6441592, 187574346349229.8
2025/11/30/17:27, 1764491263, 6441593, 187395340854164.9
2025/11/30/17:27, 1764491264, 6441594, 188014449360012.9
2025/11/30/17:27, 1764491265, 6441595, 187456600283152.8
2025/11/30/17:27, 1764491267, 6441596, 187081523337127.5
2025/11/30/17:27, 1764491268, 6441597, 186929374471068.5
2025/11/30/17:27, 1764491269, 6441598, 187714537436667.6
2025/11/30/17:27, 1764491271, 6441599, 187219844006117.8
2025/11/30/17:27, 1764491272, 6441600, 187715130810796.8
2025/11/30/17:27, 1764491273, 6441601, 187744064249251.2
2025/11/30/17:27, 1764491275, 6441602, 187155488712114.6
2025/11/30/17:27, 1764491276, 6441603, 186989795436614.3
2025/11/30/17:27, 1764491277, 6441604, 187533919511906.8
2025/11/30/17:27, 1764491279, 6441605, 187420623751790.2
2025/11/30/17:28, 1764491280, 6441606, 186981307606696.7
2025/11/30/17:28, 1764491282, 6441607, 187384311835048.5
2025/11/30/17:28, 1764491283, 6441608, 187187053635831.5
2025/11/30/17:28, 1764491284, 6441609, 187426673588007.4
2025/11/30/17:28, 1764491286, 6441610, 187593734203888.9
2025/11/30/17:28, 1764491287, 6441611, 187908532078182.2
2025/11/30/17:28, 1764491288, 6441612, 187388491252819
2025/11/30/17:28, 1764491290, 6441613, 187711106186275.6
2025/11/30/17:28, 1764491291, 6441614, 187896006724308.5
2025/11/30/17:28, 1764491292, 6441615, 187131560255434.2
2025/11/30/17:28, 1764491294, 6441616, 186711928652065.1
2025/11/30/17:28, 1764491295, 6441617, 188229973162821.9
2025/11/30/17:28, 1764491297, 6441618, 187444913392720.9
2025/11/30/17:28, 1764491298, 6441619, 187153850483544.7
2025/11/30/17:28, 1764491299, 6441620, 187766612466110.4
2025/11/30/17:28, 1764491301, 6441621, 187378623183084.5
2025/11/30/17:28, 1764491302, 6441622, 187106341854997.7
2025/11/30/17:28, 1764491303, 6441623, 187470041497094
2025/11/30/17:28, 1764491305, 6441624, 188461066586765.7
2025/11/30/17:28, 1764491306, 6441625, 188017158241902.8
2025/11/30/17:28, 1764491307, 6441626, 187913769249832.6
2025/11/30/17:28, 1764491309, 6441627, 187039522768421.3
2025/11/30/17:28, 1764491310, 6441628, 187835005284070.5
2025/11/30/17:28, 1764491311, 6441629, 187710990091338.9
2025/11/30/17:28, 1764491313, 6441630, 187457993422410.5
2025/11/30/17:28, 1764491314, 6441631, 187547154334847.3
2025/11/30/17:28, 1764491316, 6441632, 187610529271596.7
2025/11/30/17:28, 1764491317, 6441633, 186490587202916.2
2025/11/30/17:28, 1764491318, 6441634, 187563639816052.6
2025/11/30/17:28, 1764491320, 6441635, 187681695468631.3
2025/11/30/17:28, 1764491321, 6441636, 187728572024736.5
2025/11/30/17:28, 1764491322, 6441637, 187572940310536.3
2025/11/30/17:28, 1764491324, 6441638, 188184902527975.8
2025/11/30/17:28, 1764491325, 6441639, 187628691679684.9
2025/11/30/17:28, 1764491326, 6441640, 187254801481913.7
2025/11/30/17:28, 1764491328, 6441641, 187773629760144.9
2025/11/30/17:28, 1764491329, 6441642, 188044827535475.3
2025/11/30/17:28, 1764491331, 6441643, 187669634494510.1
2025/11/30/17:28, 1764491332, 6441644, 187456509987089.3
2025/11/30/17:28, 1764491333, 6441645, 187955124846661.1
2025/11/30/17:28, 1764491335, 6441646, 187379680936963
2025/11/30/17:28, 1764491336, 6441647, 187190704176663.2
2025/11/30/17:28, 1764491337, 6441648, 187562981944738.2
2025/11/30/17:28, 1764491339, 6441649, 187735176536770.3
2025/11/30/17:29, 1764491340, 6441650, 187655406414877.1
2025/11/30/17:29, 1764491341, 6441651, 186916475033505.6
2025/11/30/17:29, 1764491343, 6441652, 187626447177548
2025/11/30/17:29, 1764491344, 6441653, 187593218226386.4
2025/11/30/17:29, 1764491345, 6441654, 187246481344685.4
2025/11/30/17:29, 1764491347, 6441655, 187976666907390.2
2025/11/30/17:29, 1764491348, 6441656, 187119886264439.2
2025/11/30/17:29, 1764491350, 6441657, 187584330513905.3
2025/11/30/17:29, 1764491351, 6441658, 187012640340539.5
2025/11/30/17:29, 1764491352, 6441659, 187682263043886
2025/11/30/17:29, 1764491354, 6441660, 187767115544176.5
2025/11/30/17:29, 1764491355, 6441661, 187757118480065.7
2025/11/30/17:29, 1764491356, 6441662, 187504857079078.1
2025/11/30/17:29, 1764491358, 6441663, 188217293015696.4
2025/11/30/17:29, 1764491359, 6441664, 187458973779665.9
2025/11/30/17:29, 1764491360, 6441665, 187414354625134.1
2025/11/30/17:29, 1764491362, 6441666, 187645731836705
2025/11/30/17:29, 1764491363, 6441667, 187403970577896.4
2025/11/30/17:29, 1764491365, 6441668, 187517885511017
2025/11/30/17:29, 1764491366, 6441669, 187266372277406.9
2025/11/30/17:29, 1764491367, 6441670, 187953164132150.2
2025/11/30/17:29, 1764491369, 6441671, 187716265961301.8
2025/11/30/17:29, 1764491370, 6441672, 187693937034880.9
2025/11/30/17:29, 1764491371, 6441673, 187534577383223.9
2025/11/30/17:29, 1764491373, 6441674, 188198408239104.1
2025/11/30/17:29, 1764491374, 6441675, 187022856695089.2
2025/11/30/17:29, 1764491375, 6441676, 187447583576297.1
2025/11/30/17:29, 1764491377, 6441677, 187137184410212.8
2025/11/30/17:29, 1764491378, 6441678, 187119795968377
2025/11/30/17:29, 1764491379, 6441679, 187171058333253.9
2025/11/30/17:29, 1764491381, 6441680, 187122633844641.9
2025/11/30/17:29, 1764491382, 6441681, 188055804956842.9
2025/11/30/17:29, 1764491384, 6441682, 187502767370191.2
2025/11/30/17:29, 1764491385, 6441683, 187669931181573.8
2025/11/30/17:29, 1764491386, 6441684, 187341756590528.4
2025/11/30/17:29, 1764491388, 6441685, 187738981870849.9
2025/11/30/17:29, 1764491389, 6441686, 187498136472107.8
2025/11/30/17:29, 1764491390, 6441687, 187444139426466.2
2025/11/30/17:29, 1764491392, 6441688, 187247229512064.2
2025/11/30/17:29, 1764491393, 6441689, 187865693046035.6
2025/12/01/1:04, 1764518664, 6461693, 187883855454122.8
2025/12/02/16:40, 1764661230, 6559517, 188208495599278.5
2025/12/02/16:41, 1764661280, 6559518, 188319404963447.6
2025/12/05/6:24, 1764883474, 6700526, 184892811268581.8
2025/12/05/6:24, 1764883476, 6700527, 184434326559271.4
2025/12/05/6:24, 1764883477, 6700528, 184094000698040.2
2025/12/05/6:24, 1764883478, 6700529, 184094619871042.2
2025/12/05/6:24, 1764883480, 6700530, 185279536406727.3
2025/12/05/6:24, 1764883481, 6700531, 185840997326106.1
2025/12/05/6:24, 1764883482, 6700532, 184780624860092.8
2025/12/05/6:24, 1764883484, 6700533, 184997412807782.2
2025/12/05/6:24, 1764883485, 6700534, 184880698696709.3
2025/12/05/6:24, 1764883487, 6700535, 184531665715123.7
2025/12/05/6:24, 1764883488, 6700536, 183872568952828.1
2025/12/05/6:24, 1764883489, 6700537, 182784011215741.9
2025/12/05/6:24, 1764883491, 6700538, 184548151196329.9
2025/12/05/6:24, 1764883492, 6700539, 185002804772682.4
2025/12/05/6:24, 1764883493, 6700540, 184654184573098.4
2025/12/05/6:24, 1764883495, 6700541, 184788738606320.7
2025/12/05/6:24, 1764883496, 6700542, 184721790525368.6
2025/12/05/6:24, 1764883497, 6700543, 184615357266032.7
2025/12/05/6:24, 1764883499, 6700544, 184506395716936.8
2025/12/05/6:25, 1764883500, 6700545, 184069956146421.2
2025/12/05/6:25, 1764883501, 6700546, 184294470857211.1
2025/12/05/6:25, 1764883503, 6700547, 184998676952662.5
2025/12/05/6:25, 1764883504, 6700548, 185300149707954.6
2025/12/05/6:25, 1764883506, 6700549, 184342972742448.8
2025/12/05/6:25, 1764883507, 6700550, 183879096068235.5
2025/12/05/6:25, 1764883508, 6700551, 184472276704582.2
2025/12/05/6:25, 1764883510, 6700552, 184749872600942.5
2025/12/05/6:25, 1764883511, 6700553, 184693953539107
2025/12/05/6:25, 1764883512, 6700554, 184439550831485
2025/12/05/6:25, 1764883514, 6700555, 184625031844205
2025/12/05/6:25, 1764883515, 6700556, 184554897602174.3
2025/12/05/6:25, 1764883516, 6700557, 183920812849315.9
2025/12/05/6:25, 1764883518, 6700558, 184790054348952.2
2025/12/05/6:25, 1764883519, 6700559, 183761853080223.5
2025/12/05/6:25, 1764883521, 6700560, 184759534279678.9
2025/12/05/6:25, 1764883522, 6700561, 184436945145097.2
2025/12/05/6:25, 1764883523, 6700562, 184326203473616.6
2025/12/05/6:25, 1764883525, 6700563, 184584385716443.5
2025/12/05/6:25, 1764883526, 6700564, 184609823407319.3
2025/12/05/6:25, 1764883527, 6700565, 184978734422191.2
2025/12/05/6:25, 1764883529, 6700566, 184313820013555.7
2025/12/05/6:25, 1764883530, 6700567, 184522274924577.9
2025/12/05/6:25, 1764883531, 6700568, 185090559646426.2
2025/12/05/6:25, 1764883533, 6700569, 184688858261269.7
2025/12/05/6:25, 1764883534, 6700570, 184730768533911.3
2025/12/05/6:25, 1764883535, 6700571, 184228090351509.9
2025/12/05/6:25, 1764883537, 6700572, 184565668632540.5
2025/12/05/6:25, 1764883538, 6700573, 184776690531637.8
2025/12/05/6:25, 1764883540, 6700574, 184460757506838.6
2025/12/05/6:25, 1764883541, 6700575, 184742210335029.9
2025/12/05/6:25, 1764883542, 6700576, 185290423532030.7
2025/12/05/6:25, 1764883544, 6700577, 184622619649380.9
2025/12/05/6:25, 1764883545, 6700578, 184835305575924.9
2025/12/05/6:25, 1764883546, 6700579, 184964209655494.7
2025/12/05/6:25, 1764883548, 6700580, 184968208481139.5
2025/12/05/6:25, 1764883549, 6700581, 184163554465379.8
2025/12/05/6:25, 1764883550, 6700582, 184991659658629.4
2025/12/05/6:25, 1764883552, 6700583, 184740107726708.7
2025/12/05/6:25, 1764883553, 6700584, 184714179857204.5
2025/12/05/6:25, 1764883555, 6700585, 184983932895529.1
2025/12/05/6:25, 1764883556, 6700586, 185313990804459.1
2025/12/05/6:25, 1764883557, 6700587, 184532736368440.2
2025/12/05/6:25, 1764883559, 6700588, 185127413339544.5
2025/12/05/6:26, 1764883560, 6700589, 184534580988011.6
2025/12/05/6:26, 1764883561, 6700590, 185055137790878.4
2025/12/05/6:26, 1764883563, 6700591, 184446155343517.2
2025/12/05/6:26, 1764883564, 6700592, 184798464782244.7
2025/12/05/6:26, 1764883565, 6700593, 185449241407310.7
2025/12/05/6:26, 1764883567, 6700594, 184475759552723.5
2025/12/05/6:26, 1764883568, 6700595, 184721764726492.9
2025/12/05/6:26, 1764883569, 6700596, 184754813085530.4
2025/12/05/6:26, 1764883571, 6700597, 184730587941785.6
2025/12/05/6:26, 1764883572, 6700598, 184976606014993.7
2025/12/05/6:26, 1764883574, 6700599, 184731787589478.8
2025/12/05/6:26, 1764883575, 6700600, 184254572896826.3
2025/12/05/6:26, 1764883576, 6700601, 184538670109718.9
2025/12/05/6:26, 1764883578, 6700602, 185359009841554.5
2025/12/05/6:26, 1764883579, 6700603, 183523123189239.9
2025/12/05/6:26, 1764883580, 6700604, 184786700495185.9
2025/12/05/6:26, 1764883582, 6700605, 184882324025843.4
2025/12/05/6:26, 1764883583, 6700606, 184851223481878.1
2025/12/05/6:26, 1764883584, 6700607, 184839949373447.4
2025/12/05/6:26, 1764883586, 6700608, 184648870004822.2
2025/12/05/6:26, 1764883587, 6700609, 184815685531391.4
2025/12/05/6:26, 1764883589, 6700610, 184472986173647.3
2025/12/05/6:26, 1764883590, 6700611, 184858550362413.2
2025/12/05/6:26, 1764883591, 6700612, 185242992300111.2
2025/12/05/6:26, 1764883593, 6700613, 185041232197184.2
2025/12/05/6:26, 1764883594, 6700614, 185133514773510.9
2025/12/05/6:26, 1764883595, 6700615, 184654236170850
2025/12/05/6:26, 1764883597, 6700616, 184519656338752.5
2025/12/05/6:26, 1764883598, 6700617, 184545597107691.4
2025/12/05/6:26, 1764883599, 6700618, 184916572032573.9
2025/12/05/6:26, 1764883601, 6700619, 184399859262102.3
2025/12/05/6:26, 1764883602, 6700620, 184974451808920.1
2025/12/05/6:26, 1764883603, 6700621, 184954341585759.1
2025/12/05/6:26, 1764883605, 6700622, 185015923500685.2
2025/12/05/6:26, 1764883606, 6700623, 185332424100737
2025/12/05/6:26, 1764883608, 6700624, 185093229830001.2
2025/12/05/6:26, 1764883609, 6700625, 184981778689454.7
2025/12/05/6:26, 1764883610, 6700626, 184814511682571.9
2025/12/05/6:26, 1764883612, 6700627, 184666013357344.2
2025/12/05/6:26, 1764883613, 6700628, 184989750541868.7
2025/12/05/6:26, 1764883614, 6700629, 185281677713362.9
2025/12/05/6:26, 1764883616, 6700630, 184593686210926.5
2025/12/05/6:26, 1764883617, 6700631, 184076947641580.9
2025/12/05/6:26, 1764883618, 6700632, 185040522728119.1
2025/12/05/6:27, 1764883620, 6700633, 184809764689548.6
2025/12/05/6:27, 1764883621, 6700634, 185010544435221.9
2025/12/05/6:27, 1764883623, 6700635, 184789215885510.6
2025/12/05/6:27, 1764883624, 6700636, 184605128012045.1
2025/12/05/6:27, 1764883625, 6700637, 185221127753440.9
2025/12/05/6:27, 1764883627, 6700638, 184311536813105.7
2025/12/05/6:27, 1764883628, 6700639, 184889496113128.8
2025/12/05/6:27, 1764883629, 6700640, 184948330447853.1
2025/12/05/6:27, 1764883631, 6700641, 184552124223098.9
2025/12/05/6:27, 1764883632, 6700642, 184642278392228.9
2025/12/05/6:27, 1764883633, 6700643, 183750824061105.7
2025/12/05/6:27, 1764883635, 6700644, 184709600556871.3
2025/12/05/6:27, 1764883636, 6700645, 184938501076430.7
2025/12/05/6:27, 1764883637, 6700646, 185166653428611.2
2025/12/05/6:27, 1764883639, 6700647, 185015355925433.4
2025/12/05/6:27, 1764883640, 6700648, 184657048248237.1
2025/12/05/6:27, 1764883642, 6700649, 184719481526042.9
2025/12/05/6:27, 1764883643, 6700650, 184497572501643.2
2025/12/05/6:27, 1764883644, 6700651, 184945247482275.8
2025/12/05/6:27, 1764883646, 6700652, 185177114872474.8
2025/12/05/6:27, 1764883647, 6700653, 184693308567229
2025/12/05/6:27, 1764883648, 6700654, 184063803114703.8
2025/12/05/6:27, 1764883650, 6700655, 184374266777976.1
2025/12/05/6:27, 1764883651, 6700656, 184742494122656.3
2025/12/05/6:27, 1764883652, 6700657, 184596304796752.2
2025/12/05/6:27, 1764883654, 6700658, 184940771377442.3
2025/12/05/6:27, 1764883655, 6700659, 184768280098345.5
2025/12/05/6:27, 1764883657, 6700660, 184814795470198.5
2025/12/05/6:27, 1764883658, 6700661, 184729801076095.6
2025/12/05/6:27, 1764883659, 6700662, 185105226306934.8
2025/12/05/6:27, 1764883661, 6700663, 185027068614739.1
2025/12/05/6:27, 1764883662, 6700664, 184186837950181.2
2025/12/05/6:27, 1764883663, 6700665, 184972078312407.3
2025/12/05/6:27, 1764883665, 6700666, 184914624217502.1
2025/12/05/6:27, 1764883666, 6700667, 184868921510215.1
2025/12/05/6:27, 1764883667, 6700668, 184892669374767.2
2025/12/05/6:27, 1764883669, 6700669, 184596962668068.9
2025/12/05/6:27, 1764883670, 6700670, 184840581445887.3
2025/12/05/6:27, 1764883671, 6700671, 184907839113342.8
2025/12/05/6:27, 1764883673, 6700672, 184638047376708.2
2025/12/05/6:27, 1764883674, 6700673, 184445613567137.8
2025/12/05/6:27, 1764883676, 6700674, 185136752532341.3
2025/12/05/6:27, 1764883677, 6700675, 184970001502958.9
2025/12/05/6:27, 1764883678, 6700676, 185260058256008
2025/12/05/6:28, 1764883680, 6700677, 184860575574110.2
2025/12/05/6:28, 1764883681, 6700678, 185088895618981
2025/12/05/6:28, 1764883682, 6700679, 184779850893840.8
2025/12/05/6:28, 1764883684, 6700680, 184971343044466.4
2025/12/05/6:28, 1764883685, 6700681, 184519862729753.8
2025/12/05/6:28, 1764883686, 6700682, 184811480314745.6
2025/12/05/6:28, 1764883688, 6700683, 185064115799422.2
2025/12/05/6:28, 1764883689, 6700684, 184270748791530.1
2025/12/05/6:28, 1764883691, 6700685, 184124430471251.2
2025/12/05/6:28, 1764883692, 6700686, 184329841115007.4
2025/12/05/6:28, 1764883693, 6700687, 184530659558993.5
2025/12/05/6:28, 1764883695, 6700688, 184536296613207.7
2025/12/05/6:28, 1764883696, 6700689, 184189650027570.4
2025/12/05/6:28, 1764883697, 6700690, 183973145867508.7
2025/12/05/6:28, 1764883699, 6700691, 184269832931463.6
2025/12/05/6:28, 1764883700, 6700692, 184501545528412.1
2025/12/05/6:28, 1764883701, 6700693, 185001798616554
2025/12/05/6:28, 1764883703, 6700694, 184950252464051.3
2025/12/05/6:28, 1764883704, 6700695, 185571334583845.8
2025/12/05/6:28, 1764883705, 6700696, 184899544774990.5
2025/12/05/6:28, 1764883707, 6700697, 184807004209910.8
2025/12/05/6:28, 1764883708, 6700698, 184879421652391.4
2025/12/05/6:28, 1764883710, 6700699, 185234323878068.2
2025/12/05/6:28, 1764883711, 6700700, 184948098257978.1
2025/12/05/6:28, 1764883712, 6700701, 185006003833200
2025/12/05/6:28, 1764883714, 6700702, 184727943557086.5
2025/12/05/6:28, 1764883715, 6700703, 184916984814574.5
2025/12/05/6:28, 1764883716, 6700704, 184633661567936.4
2025/12/05/6:28, 1764883718, 6700705, 184967176526134.2
2025/12/05/6:28, 1764883719, 6700706, 185304548416164.2
2025/12/05/6:28, 1764883720, 6700707, 184682731028425.6
2025/12/05/6:28, 1764883722, 6700708, 184402968026553.6
2025/12/05/6:28, 1764883723, 6700709, 185280877948234.9
2025/12/05/6:28, 1764883725, 6700710, 184816278905519.4
2025/12/05/6:28, 1764883726, 6700711, 185452982244203.4
2025/12/05/6:28, 1764883727, 6700712, 184609591217442
2025/12/05/6:28, 1764883729, 6700713, 184813183040504.5
2025/12/05/6:28, 1764883730, 6700714, 185239586848595.4
2025/12/05/6:28, 1764883731, 6700715, 184104165454840
2025/12/05/6:28, 1764883733, 6700716, 184837627474685.4
2025/12/05/6:28, 1764883734, 6700717, 184942538600387.4
2025/12/05/6:28, 1764883735, 6700718, 184464666036420.2
2025/12/05/6:28, 1764883737, 6700719, 184610894060635.9
2025/12/05/6:28, 1764883738, 6700720, 184993052797886.3
2025/12/05/6:28, 1764883739, 6700721, 184734019192177.4
2025/12/05/6:29, 1764883741, 6700722, 184717353118845.4
2025/12/05/6:29, 1764883742, 6700723, 185067585748126.5
2025/12/05/6:29, 1764883744, 6700724, 184652365752403.1
2025/12/05/6:29, 1764883745, 6700725, 183451144327638.2
2025/12/05/6:29, 1764883746, 6700726, 184937933501178.3
2025/12/05/6:29, 1764883748, 6700727, 184502242098041.7
2025/12/05/6:29, 1764883749, 6700728, 184859866105045.4
2025/12/05/6:29, 1764883750, 6700729, 184566455498231.8
2025/12/05/6:29, 1764883752, 6700730, 184412977990103.3
2025/12/05/6:29, 1764883753, 6700731, 183843274330122.6
2025/12/05/6:29, 1764883754, 6700732, 184324603943357.7
2025/12/05/6:29, 1764883756, 6700733, 184672140590186.3
2025/12/05/6:29, 1764883757, 6700734, 185328747761030.5
2025/12/05/6:29, 1764883759, 6700735, 183946766517692.9
2025/12/05/6:29, 1764883760, 6700736, 184154241071459.2
2025/12/05/6:29, 1764883761, 6700737, 183975029185393
2025/12/05/6:29, 1764883763, 6700738, 184310556455852
2025/12/05/6:29, 1764883764, 6700739, 184844489975469
2025/12/05/6:29, 1764883765, 6700740, 184611526133078.3
2025/12/05/6:29, 1764883767, 6700741, 184593712009802.4
2025/12/05/6:29, 1764883768, 6700742, 184868986007402.3
2025/12/05/6:29, 1764883769, 6700743, 184874016788052.2
2025/12/05/6:29, 1764883771, 6700744, 184418318357255.4
2025/12/05/6:29, 1764883772, 6700745, 183900302743589.1
2025/12/05/6:29, 1764883773, 6700746, 185010376742533.9
2025/12/05/6:29, 1764883775, 6700747, 184698197454064.1
2025/12/05/6:29, 1764883776, 6700748, 184699126213568.6
2025/12/05/6:29, 1764883778, 6700749, 184908213197031.1
2025/12/05/6:29, 1764883779, 6700750, 184379258860312.6
2025/12/05/6:29, 1764883780, 6700751, 185021225169524.2
2025/12/05/6:29, 1764883782, 6700752, 184665290988841.7
2025/12/05/6:29, 1764883783, 6700753, 184969601620396.3
2025/12/05/6:29, 1764883784, 6700754, 184526015761471.2
2025/12/05/6:29, 1764883786, 6700755, 184430340633064.9
2025/12/05/6:29, 1764883787, 6700756, 184396440911148.1
2025/12/05/6:29, 1764883788, 6700757, 184942899784639.1
2025/12/05/6:29, 1764883790, 6700758, 185251660722154.5
2025/12/05/6:29, 1764883791, 6700759, 185100556710538.8
2025/12/05/6:29, 1764883793, 6700760, 184616569813163.7
2025/12/05/6:29, 1764883794, 6700761, 184333968935028.3
2025/12/05/6:29, 1764883795, 6700762, 184512071469464.8
2025/12/05/6:29, 1764883797, 6700763, 184713947667329.6
2025/12/05/6:29, 1764883798, 6700764, 184478468434611.5
2025/12/05/6:29, 1764883799, 6700765, 184985906509476.6
2025/12/05/6:30, 1764883801, 6700766, 185000727963235.2
2025/12/05/6:30, 1764883802, 6700767, 185350238224013.2
2025/12/05/6:30, 1764883803, 6700768, 183899554576210.4
2025/12/05/6:30, 1764883805, 6700769, 184466420359928.7
2025/12/05/6:30, 1764883806, 6700770, 184935056926601.2
2025/12/05/6:30, 1764883807, 6700771, 185149535874964.7
2025/12/05/6:30, 1764883809, 6700772, 184871862581978.7
2025/12/05/6:30, 1764883810, 6700773, 185126071798037
2025/12/05/6:30, 1764883812, 6700774, 184937482020863.3
2025/12/05/6:30, 1764883813, 6700775, 184814111800009
2025/12/05/6:30, 1764883814, 6700776, 184851404074003.8
2025/12/05/6:30, 1764883816, 6700777, 184816485296519.4
2025/12/05/6:30, 1764883817, 6700778, 184862471791432.9
2025/12/05/6:30, 1764883818, 6700779, 184986499883602.8
2025/12/05/6:30, 1764883820, 6700780, 184929084487009
2025/12/05/6:30, 1764883821, 6700781, 185029983887629.4
2025/12/05/6:30, 1764883822, 6700782, 185065018760049.9
2025/12/05/6:30, 1764883824, 6700783, 185508656216725.7
2025/12/05/6:30, 1764883825, 6700784, 184292097360698.2
2025/12/05/6:30, 1764883827, 6700785, 183972952375944.7
2025/12/05/6:30, 1764883828, 6700786, 184192978082461.9
2025/12/05/6:30, 1764883829, 6700787, 184955283244701.2
2025/12/05/6:30, 1764883831, 6700788, 184639118030025.8
2025/12/05/6:30, 1764883832, 6700789, 184387437103729.4
2025/12/05/6:30, 1764883833, 6700790, 185261993171642.4
2025/12/05/6:30, 1764883835, 6700791, 185110656970149.7
2025/12/05/6:30, 1764883836, 6700792, 184864961382881.8
2025/12/05/6:30, 1764883837, 6700793, 184421530317207.4
2025/12/05/6:30, 1764883839, 6700794, 184775929464821.2
2025/12/05/6:30, 1764883840, 6700795, 184779747698340
2025/12/05/6:30, 1764883841, 6700796, 185007319575830.1
2025/12/05/6:30, 1764883843, 6700797, 184551156765281.4
2025/12/05/6:30, 1764883844, 6700798, 184260080956666.1
2025/12/05/6:30, 1764883846, 6700799, 184480803232810.6
2025/12/05/6:30, 1764883847, 6700800, 185178946592609
2025/12/05/6:30, 1764883848, 6700801, 184783011256043.7
2025/12/05/6:30, 1764883850, 6700802, 184951219921867.4
2025/12/05/6:30, 1764883851, 6700803, 184792066661213.7
2025/12/05/6:30, 1764883852, 6700804, 184911979832800.1
2025/12/05/6:30, 1764883854, 6700805, 184605876179423.9
2025/12/05/6:30, 1764883855, 6700806, 184860188590982.9
2025/12/05/6:30, 1764883856, 6700807, 185114088220542.8
2025/12/05/6:30, 1764883858, 6700808, 184728330540211.6
2025/12/05/6:30, 1764883859, 6700809, 184819800451972.3
2025/12/05/6:31, 1764883861, 6700810, 184744751524230.7
2025/12/05/6:31, 1764883862, 6700811, 184495444094445.7
2025/12/05/6:31, 1764883863, 6700812, 185225784450402.1
2025/12/05/6:31, 1764883865, 6700813, 184372396359529.1
2025/12/05/6:31, 1764883866, 6700814, 185307799074429.2
2025/12/05/6:31, 1764883867, 6700815, 185055240986379.2
2025/12/05/6:31, 1764883869, 6700816, 184713418790390.1
2025/12/05/6:31, 1764883870, 6700817, 184324204060792.9
2025/12/05/6:31, 1764883871, 6700818, 184796400872234
2025/12/05/6:31, 1764883873, 6700819, 184430211638688.4
2025/12/05/6:31, 1764883874, 6700820, 185531875204340.9
2025/12/05/6:31, 1764883875, 6700821, 184467491013245.3
2025/12/05/6:31, 1764883877, 6700822, 185115197572171.3
2025/12/05/6:31, 1764883878, 6700823, 184826030880317.7
2025/12/05/6:31, 1764883880, 6700824, 184408114902141.8
2025/12/05/6:31, 1764883881, 6700825, 184558806131755.9
2025/12/05/6:31, 1764883882, 6700826, 184706324099728.5
2025/12/05/6:31, 1764883884, 6700827, 184747060523553.9
2025/12/05/6:31, 1764883885, 6700828, 184401058909794.7
2025/12/05/6:31, 1764883886, 6700829, 184752826572144.6
2025/12/05/6:31, 1764883888, 6700830, 185142892664621.1
2025/12/05/6:31, 1764883889, 6700831, 184356001174386
2025/12/05/6:31, 1764883890, 6700832, 185048610675471.2
2025/12/05/6:31, 1764883892, 6700833, 184464524142605.8
2025/12/05/6:31, 1764883893, 6700834, 184463569584226.1
2025/12/05/6:31, 1764883895, 6700835, 184812486470874.9
2025/12/05/6:31, 1764883896, 6700836, 184406425075822.7
2025/12/05/6:31, 1764883897, 6700837, 183879857135052.3
2025/12/05/6:31, 1764883899, 6700838, 184182916521162.5
2025/12/05/6:31, 1764883900, 6700839, 185141396329863.6
2025/12/05/6:31, 1764883901, 6700840, 184968221380577.3
2025/12/05/6:31, 1764883903, 6700841, 184595311540060.8
2025/12/05/6:31, 1764883904, 6700842, 184731594097915.3
2025/12/05/6:31, 1764883905, 6700843, 184291800673634.2
2025/12/05/6:31, 1764883907, 6700844, 184674591483324.4
2025/12/05/6:31, 1764883908, 6700845, 184293400203892.1
2025/12/05/6:31, 1764883909, 6700846, 184582179912621.2
2025/12/05/6:31, 1764883911, 6700847, 184019532244986.9
2025/12/05/6:31, 1764883912, 6700848, 184906291180835
2025/12/05/6:31, 1764883914, 6700849, 184467478113807.3
2025/12/05/6:31, 1764883915, 6700850, 184888128772746.2
2025/12/05/6:31, 1764883916, 6700851, 184583869738942.3
2025/12/05/6:31, 1764883918, 6700852, 184286640898609.2
2025/12/05/6:31, 1764883919, 6700853, 184451727900543.1
2025/12/05/6:32, 1764883920, 6700854, 184297257135724.5
2025/12/05/6:32, 1764883922, 6700855, 184121760287674.6
2025/12/05/6:32, 1764883923, 6700856, 184925949923682
2025/12/05/6:32, 1764883924, 6700857, 184835757056239.2
2025/12/05/6:32, 1764883926, 6700858, 184455197849247.2
2025/12/05/6:32, 1764883927, 6700859, 183632046040024.7
2025/12/05/6:32, 1764883929, 6700860, 184453443525739
2025/12/05/6:32, 1764883930, 6700861, 184751472131201.6
2025/12/05/6:32, 1764883931, 6700862, 184788209729381.2
2025/12/05/6:32, 1764883933, 6700863, 184922299382850.9
2025/12/05/6:32, 1764883934, 6700864, 184419995284138.7
2025/12/05/6:32, 1764883935, 6700865, 184683685586805.6
2025/12/05/6:32, 1764883937, 6700866, 184874881050369.5
2025/12/05/6:32, 1764883938, 6700867, 184951207022429.4
2025/12/05/6:32, 1764883939, 6700868, 184609965301131.4
2025/12/05/6:32, 1764883941, 6700869, 184315638834251.1
2025/12/05/6:32, 1764883942, 6700870, 184618930410238.6
2025/12/05/6:32, 1764883943, 6700871, 184966273565504.7
2025/12/05/6:32, 1764883945, 6700872, 185286747192326.6
2025/12/05/6:32, 1764883946, 6700873, 184912379715364.3
2025/12/05/6:32, 1764883948, 6700874, 184881588757901.9
2025/12/05/6:32, 1764883949, 6700875, 184518727579247.9
2025/12/05/6:32, 1764883950, 6700876, 185044211967261.8
2025/12/05/6:32, 1764883952, 6700877, 184732071377105.2
2025/12/05/6:32, 1764883953, 6700878, 185044160369512.2
2025/12/05/6:32, 1764883954, 6700879, 184710026238311.1
2025/12/05/6:32, 1764883956, 6700880, 184989840837931.8
2025/12/05/6:32, 1764883957, 6700881, 184324294356856
2025/12/05/6:32, 1764883958, 6700882, 184343256530073.6
2025/12/05/6:32, 1764883960, 6700883, 183902211860348.2
2025/12/05/6:32, 1764883961, 6700884, 184476830206041.8
2025/12/05/6:32, 1764883963, 6700885, 184829681421146.3
2025/12/05/6:32, 1764883964, 6700886, 184614609098653.9
2025/12/05/6:32, 1764883965, 6700887, 184990898591813.2
2025/12/05/6:32, 1764883967, 6700888, 184667922474104.9
2025/12/05/6:32, 1764883968, 6700889, 184081320550914.8
2025/12/05/6:32, 1764883969, 6700890, 184738482397574.1
2025/12/05/6:32, 1764883971, 6700891, 184615550757596.2
2025/12/05/6:32, 1764883972, 6700892, 184333543253589.8
2025/12/05/6:32, 1764883973, 6700893, 184683221207053.3
2025/12/05/6:32, 1764883975, 6700894, 184366694808125.7
2025/12/05/6:32, 1764883976, 6700895, 184571576574944.3
2025/12/05/6:32, 1764883977, 6700896, 184901557087249.5
2025/12/05/6:32, 1764883979, 6700897, 185346574783744.4
2025/12/05/6:33, 1764883980, 6700898, 184435294017087.5
2025/12/05/6:33, 1764883982, 6700899, 184770215013981
2025/12/05/6:33, 1764883983, 6700900, 184688368082642
2025/12/05/6:33, 1764883984, 6700901, 183814082902917.6
2025/12/05/6:33, 1764883986, 6700902, 184522287824014.4
2025/12/05/6:33, 1764883987, 6700903, 184524377532899.8
2025/12/05/6:33, 1764883988, 6700904, 184508756314011.1
2025/12/05/6:33, 1764883990, 6700905, 184534361697574.6
2025/12/05/6:33, 1764883991, 6700906, 184262235162739.7
2025/12/05/6:33, 1764883992, 6700907, 184934695742349.9
2025/12/05/6:33, 1764883994, 6700908, 184772898096992.3
2025/12/05/6:33, 1764883995, 6700909, 184708388009740.2
2025/12/05/6:33, 1764883997, 6700910, 184569899648061.6
2025/12/05/6:33, 1764883998, 6700911, 184588487737588.8
2025/12/05/6:33, 1764883999, 6700912, 184354272649753.5
2025/12/05/6:33, 1764884001, 6700913, 185159016961573.6
2025/12/05/6:33, 1764884002, 6700914, 184646638402123.6
2025/12/05/6:33, 1764884003, 6700915, 185004301107441.1
2025/12/05/6:33, 1764884005, 6700916, 185002546783932.2
2025/12/05/6:33, 1764884006, 6700917, 184634048551063.8
2025/12/05/6:33, 1764884007, 6700918, 184518521188246.3
2025/12/05/6:33, 1764884009, 6700919, 184865890142386.3
2025/12/05/6:33, 1764884010, 6700920, 184414577520361.8
2025/12/05/6:33, 1764884011, 6700921, 184511233006023.2
2025/12/05/6:33, 1764884013, 6700922, 184713625181389.4
2025/12/05/6:33, 1764884014, 6700923, 184075928586013.6
2025/12/05/6:33, 1764884016, 6700924, 184788093634442.4
2025/12/05/6:33, 1764884017, 6700925, 183958982285065.8
2025/12/05/6:33, 1764884018, 6700926, 184593067037924.5
2025/12/05/6:33, 1764884020, 6700927, 184427051276485.5
2025/12/05/6:33, 1764884021, 6700928, 184835112084361.2
2025/12/05/6:33, 1764884022, 6700929, 185294512653738.1
2025/12/05/6:33, 1764884024, 6700930, 184763829792386.8
2025/12/05/6:33, 1764884025, 6700931, 183787148877284.5
2025/12/05/6:33, 1764884026, 6700932, 185056866315510.8
2025/12/05/6:33, 1764884028, 6700933, 184684253162058.7
2025/12/05/6:33, 1764884029, 6700934, 184867025292893
2025/12/05/6:33, 1764884031, 6700935, 184803611657830.6
2025/12/05/6:33, 1764884032, 6700936, 184857389413033.8
2025/12/05/6:33, 1764884033, 6700937, 184557206601497.7
2025/12/05/6:33, 1764884035, 6700938, 185233537012378.2
2025/12/05/6:33, 1764884036, 6700939, 184580606181238.7
2025/12/05/6:33, 1764884037, 6700940, 185215632593039.6
2025/12/05/6:33, 1764884039, 6700941, 185167195204989.3
2025/12/05/6:34, 1764884040, 6700942, 184705730725601
2025/12/05/6:34, 1764884041, 6700943, 185030074183692.3
2025/12/05/6:34, 1764884043, 6700944, 184421233630143.2
2025/12/05/6:34, 1764884044, 6700945, 185063870710108.3
2025/12/05/6:34, 1764884045, 6700946, 184464072662291.5
2025/12/05/6:34, 1764884047, 6700947, 185047681915965.9
2025/12/05/6:34, 1764884048, 6700948, 185614405805870.4
2025/12/05/6:34, 1764884050, 6700949, 184328189986999.8
2025/12/05/6:34, 1764884051, 6700950, 184613461048712.5
2025/12/05/6:34, 1764884052, 6700951, 184957527746836.6
2025/12/05/6:34, 1764884054, 6700952, 184755974034909.8
2025/12/05/6:34, 1764884055, 6700953, 185101046889165.8
2025/12/05/6:34, 1764884056, 6700954, 184954702770010.5
2025/12/05/6:34, 1764884058, 6700955, 184830584381777.2
2025/12/05/6:34, 1764884059, 6700956, 184382522418017.9
2025/12/05/6:34, 1764884060, 6700957, 184591906088542.7
2025/12/05/6:34, 1764884062, 6700958, 184843857903029
2025/12/05/6:34, 1764884063, 6700959, 184709819847308.6
2025/12/05/6:34, 1764884065, 6700960, 184869630979280.3
2025/12/05/6:34, 1764884066, 6700961, 184824457148932.8
2025/12/05/6:34, 1764884067, 6700962, 184794569152099.3
2025/12/05/6:34, 1764884069, 6700963, 184142670275966.4
2025/12/05/6:34, 1764884070, 6700964, 183750282284728.2
2025/12/05/6:34, 1764884071, 6700965, 185705566131128.9
2025/12/05/6:34, 1764884073, 6700966, 184748866444813
2025/12/05/6:34, 1764884074, 6700967, 184226207033625
2025/12/05/6:34, 1764884075, 6700968, 185008106441521.9
2025/12/05/6:34, 1764884077, 6700969, 185191097862795
2025/12/05/6:34, 1764884078, 6700970, 185198218352328.8
2025/12/05/6:34, 1764884079, 6700971, 184710632511876.7
2025/12/05/6:34, 1764884081, 6700972, 184896268317849.2
2025/12/05/6:34, 1764884082, 6700973, 184866741505266
2025/12/05/6:34, 1764884084, 6700974, 184160355404864.4
2025/12/05/6:34, 1764884085, 6700975, 185308392448556.2
2025/12/05/6:34, 1764884086, 6700976, 184896371513349.7
2025/12/05/6:34, 1764884088, 6700977, 184898100037982.1
2025/12/05/6:34, 1764884089, 6700978, 184874597262742.9
2025/12/05/6:34, 1764884090, 6700979, 185041902967938.1
2025/12/05/6:34, 1764884092, 6700980, 184417789480313.8
2025/12/05/6:34, 1764884093, 6700981, 185036356209784.8
2025/12/05/6:34, 1764884094, 6700982, 185131502461251.9
2025/12/05/6:34, 1764884096, 6700983, 184181033203279
2025/12/05/6:34, 1764884097, 6700984, 185652033465243.1
2025/12/05/6:34, 1764884099, 6700985, 185102723816047.9
2025/12/05/6:35, 1764884100, 6700986, 184979934069884.4
2025/12/05/6:35, 1764884101, 6700987, 185184532049073.8
2025/12/05/6:35, 1764884103, 6700988, 185002624180557.8
2025/12/05/6:35, 1764884104, 6700989, 184726602015579
2025/12/05/6:35, 1764884105, 6700990, 185465004520011.8
2025/12/05/6:35, 1764884107, 6700991, 184591351412727.6
2025/12/05/6:35, 1764884108, 6700992, 185591431907570.6
2025/12/05/6:35, 1764884109, 6700993, 185026771927674.9
2025/12/05/6:35, 1764884111, 6700994, 184896590803786.9
2025/12/05/6:35, 1764884112, 6700995, 185400133248505.8
2025/12/05/6:35, 1764884113, 6700996, 184842864646335.8
2025/12/05/6:35, 1764884115, 6700997, 184653488003469.5
2025/12/05/6:35, 1764884116, 6700998, 184854435441830.2
2025/12/05/6:35, 1764884118, 6700999, 184561024835016.4
2025/12/05/6:35, 1764884119, 6701000, 184237352147680.5
2025/12/05/6:35, 1764884120, 6701001, 185449357502247.1
2025/12/05/6:35, 1764884122, 6701002, 184828791359955.5
2025/12/05/6:35, 1764884123, 6701003, 184452463168485.3
2025/12/05/6:35, 1764884124, 6701004, 184415828765804
2025/12/05/6:35, 1764884126, 6701005, 185232401861872.3
2025/12/05/6:35, 1764884127, 6701006, 184859530719669.4
2025/12/05/6:35, 1764884128, 6701007, 184689670925836.1
2025/12/05/6:35, 1764884130, 6701008, 184534748680701.4
2025/12/05/6:35, 1764884131, 6701009, 184976876903182.2
2025/12/05/6:35, 1764884133, 6701010, 184435023128898.6
2025/12/05/6:35, 1764884134, 6701011, 184496759837077.6
2025/12/05/6:35, 1764884135, 6701012, 184682498838550.6
2025/12/05/6:35, 1764884137, 6701013, 184784069009922.2
2025/12/05/6:35, 1764884138, 6701014, 184385128104404.8
2025/12/05/6:35, 1764884139, 6701015, 184758670017360.4
2025/12/05/6:35, 1764884141, 6701016, 184357781296769.8
2025/12/05/6:35, 1764884142, 6701017, 184594511774930.4
2025/12/05/6:35, 1764884143, 6701018, 184723493251125.4
2025/12/05/6:35, 1764884145, 6701019, 184300120810863.2
2025/12/05/6:35, 1764884146, 6701020, 184230747635647
2025/12/05/6:35, 1764884147, 6701021, 184367107590128.6
2025/12/05/6:35, 1764884149, 6701022, 184390300778867.8
2025/12/05/6:35, 1764884150, 6701023, 184669960585239.6
2025/12/05/6:35, 1764884152, 6701024, 184348712992164.2
2025/12/05/6:35, 1764884153, 6701025, 184223820637676.7
2025/12/05/6:35, 1764884154, 6701026, 184618246740047
2025/12/05/6:35, 1764884156, 6701027, 184236036405048
2025/12/05/6:35, 1764884157, 6701028, 184443214271751.1
2025/12/05/6:35, 1764884158, 6701029, 184947466185537.8
2025/12/05/6:36, 1764884160, 6701030, 185119647878130.4
2025/12/05/6:36, 1764884161, 6701031, 184323804178228.1
2025/12/05/6:36, 1764884162, 6701032, 184693566555980.2
2025/12/05/6:36, 1764884164, 6701033, 184193003881338.3
2025/12/05/6:36, 1764884165, 6701034, 184856654145090.6
2025/12/05/6:36, 1764884167, 6701035, 185105639088937.8
2025/12/05/6:36, 1764884168, 6701036, 184184657945235
2025/12/05/6:36, 1764884169, 6701037, 184812615465251.4
2025/12/05/6:36, 1764884171, 6701038, 184207593145221.2
2025/12/05/6:36, 1764884172, 6701039, 184080675579036.1
2025/12/05/6:36, 1764884173, 6701040, 184397782452653.2
2025/12/05/6:36, 1764884175, 6701041, 184810435460302.2
2025/12/05/6:36, 1764884176, 6701042, 184701164324704.9
2025/12/05/6:36, 1764884177, 6701043, 184811312622056.3
2025/12/05/6:36, 1764884179, 6701044, 184282525978026.8
2025/12/05/6:36, 1764884180, 6701045, 184813673219131.9
2025/12/05/6:36, 1764884181, 6701046, 184717417616034.7
2025/12/05/6:36, 1764884183, 6701047, 184286215217168.8
2025/12/05/6:36, 1764884184, 6701048, 184964506342558.4
2025/12/05/6:36, 1764884186, 6701049, 185196464028820.6
2025/12/05/6:36, 1764884187, 6701050, 184008516125307.1
2025/12/05/6:36, 1764884188, 6701051, 184889057532250.1
2025/12/05/6:36, 1764884190, 6701052, 184864845287943.3
2025/12/05/6:36, 1764884191, 6701053, 184904472360139.5
2025/12/05/6:36, 1764884192, 6701054, 184222595191107
2025/12/05/6:36, 1764884194, 6701055, 184417583089314.6
2025/12/05/6:36, 1764884195, 6701056, 184574040367517.6
2025/12/05/6:36, 1764884196, 6701057, 184648831306510.8
2025/12/05/6:36, 1764884198, 6701058, 185274041246325.1
2025/12/05/6:36, 1764884199, 6701059, 184623741900449.1
2025/12/05/6:36, 1764884201, 6701060, 184640923951284.6
2025/12/05/6:36, 1764884202, 6701061, 183986084003384.5
2025/12/05/6:36, 1764884203, 6701062, 184459390166455.4
2025/12/05/6:36, 1764884205, 6701063, 185189291941535.2
2025/12/05/6:36, 1764884206, 6701064, 184712257841008.3
2025/12/05/6:36, 1764884207, 6701065, 184561411818143.8
2025/12/05/6:36, 1764884209, 6701066, 184428728203368.8
2025/12/05/6:36, 1764884210, 6701067, 184679506169036.2
2025/12/05/6:36, 1764884211, 6701068, 185168614143120.7
2025/12/05/6:36, 1764884213, 6701069, 184901956969813.2
2025/12/05/6:36, 1764884214, 6701070, 184760063156617.4
2025/12/05/6:36, 1764884215, 6701071, 185160706787894.6
2025/12/05/6:36, 1764884217, 6701072, 184485214840458.3
2025/12/05/6:36, 1764884218, 6701073, 184906265381959.2
2025/12/05/6:37, 1764884220, 6701074, 184745912473610.1
2025/12/05/6:37, 1764884221, 6701075, 184649127993572.9
2025/12/05/6:37, 1764884222, 6701076, 184289930255187
2025/12/05/6:37, 1764884224, 6701077, 184609268731504.2
2025/12/05/6:37, 1764884225, 6701078, 184696004549679.7
2025/12/05/6:37, 1764884226, 6701079, 184936720954046.6
2025/12/05/6:37, 1764884228, 6701080, 183838411242160.4
2025/12/05/6:37, 1764884229, 6701081, 184765416423207.2
2025/12/05/6:37, 1764884230, 6701082, 185420243471666.8
2025/12/05/6:37, 1764884232, 6701083, 185085877150590.1
2025/12/05/6:37, 1764884233, 6701084, 184239661147004.9
2025/12/05/6:37, 1764884235, 6701085, 184071194492428.4
2025/12/05/6:37, 1764884236, 6701086, 184226632715066
2025/12/05/6:37, 1764884237, 6701087, 184237429544304.1
2025/12/05/6:37, 1764884239, 6701088, 184840349256012.5
2025/12/05/6:37, 1764884240, 6701089, 184706827177794.2
2025/12/05/6:37, 1764884241, 6701090, 184870082459594.5
2025/12/05/6:37, 1764884243, 6701091, 184637015421701.4
2025/12/05/6:37, 1764884244, 6701092, 184423994109783.1
2025/12/05/6:37, 1764884245, 6701093, 184511013715585.2
2025/12/05/6:37, 1764884247, 6701094, 184969188838392.9
2025/12/05/6:37, 1764884248, 6701095, 184148810408246.5
2025/12/05/6:37, 1764884249, 6701096, 184431243593693.8
2025/12/05/6:37, 1764884251, 6701097, 184692225014474.2
2025/12/05/6:37, 1764884252, 6701098, 184641930107414.3
2025/12/05/6:37, 1764884254, 6701099, 184743151993972.2
2025/12/05/6:37, 1764884255, 6701100, 184630436708544.2
2025/12/05/6:37, 1764884256, 6701101, 184863916528438.8
2025/12/05/6:37, 1764884258, 6701102, 184884529829667.1
2025/12/05/6:37, 1764884259, 6701103, 184821903060296.7
2025/12/05/6:37, 1764884260, 6701104, 185004081817001.5
2025/12/05/6:37, 1764884262, 6701105, 184122185969115.6
2025/12/05/6:37, 1764884263, 6701106, 184293426002767.7
2025/12/05/6:37, 1764884264, 6701107, 185052893288742.2
2025/12/05/6:37, 1764884266, 6701108, 184653191316407
2025/12/05/6:37, 1764884267, 6701109, 184425503343977.6
2025/12/05/6:37, 1764884269, 6701110, 184821657970981.9
2025/12/05/6:37, 1764884270, 6701111, 184575614098900.1
2025/12/05/6:37, 1764884271, 6701112, 184873307318984.8
2025/12/05/6:37, 1764884273, 6701113, 184733167829297.8
2025/12/05/6:37, 1764884274, 6701114, 185360067595435.6
2025/12/05/6:37, 1764884275, 6701115, 184594743964807.8
2025/12/05/6:37, 1764884277, 6701116, 184568661302054
2025/12/05/6:37, 1764884278, 6701117, 184889870196818.2
2025/12/05/6:37, 1764884279, 6701118, 185131489561813.9
2025/12/05/6:38, 1764884281, 6701119, 184410243309339.1
2025/12/05/6:38, 1764884282, 6701120, 184879060468139.7
2025/12/05/6:38, 1764884283, 6701121, 184614467204841.8
2025/12/05/6:38, 1764884285, 6701122, 184092027084092.5
2025/12/05/6:38, 1764884286, 6701123, 185254627592793.4
2025/12/05/6:38, 1764884288, 6701124, 184872868738108
2025/12/05/6:38, 1764884289, 6701125, 184461660467467.4
2025/12/05/6:38, 1764884290, 6701126, 184839020613942.9
2025/12/05/6:38, 1764884292, 6701127, 184635003109441.8
2025/12/05/6:38, 1764884293, 6701128, 184449741387158.7
2025/12/05/6:38, 1764884294, 6701129, 184881691953402.8
2025/12/05/6:38, 1764884296, 6701130, 184769453947164.2
2025/12/05/6:38, 1764884297, 6701131, 184859350127543.7
2025/12/05/6:38, 1764884298, 6701132, 184149403782372.7
2025/12/05/6:38, 1764884300, 6701133, 185059549398523.5
2025/12/05/6:38, 1764884301, 6701134, 185102375531234.1
2025/12/05/6:38, 1764884303, 6701135, 185181126597558.2
2025/12/05/6:38, 1764884304, 6701136, 184997683695970.8
2025/12/05/6:38, 1764884305, 6701137, 184891069844511.2
2025/12/05/6:38, 1764884307, 6701138, 184556239143681.8
2025/12/05/6:38, 1764884308, 6701139, 185193368163804.6
2025/12/05/6:38, 1764884309, 6701140, 184989492553118
2025/12/05/6:38, 1764884311, 6701141, 184414306632172.9
2025/12/05/6:38, 1764884312, 6701142, 185263025126647.4
2025/12/05/6:38, 1764884313, 6701143, 184828404376828.1
2025/12/05/6:38, 1764884315, 6701144, 184715611694774.9
2025/12/05/6:38, 1764884316, 6701145, 184313871611304.9
2025/12/05/6:38, 1764884317, 6701146, 185162951290031.1
2025/12/05/6:38, 1764884319, 6701147, 184783011256043.3
2025/12/05/6:38, 1764884320, 6701148, 184614725193592.4
2025/12/05/6:38, 1764884322, 6701149, 185098724990403
2025/12/05/6:38, 1764884323, 6701150, 185063535324730.4
2025/12/05/6:38, 1764884324, 6701151, 184690960869591.3
2025/12/05/6:38, 1764884326, 6701152, 184547441727262.2
2025/12/05/6:38, 1764884327, 6701153, 184950678145489.9
2025/12/05/6:38, 1764884328, 6701154, 185185009328265.1
2025/12/05/6:38, 1764884330, 6701155, 183941864731419.1
2025/12/05/6:38, 1764884331, 6701156, 184995065110145
2025/12/05/6:38, 1764884332, 6701157, 184262131967238.8
2025/12/05/6:38, 1764884334, 6701158, 183961071993949.7
2025/12/05/6:38, 1764884335, 6701159, 184118122646283.8
2025/12/05/6:38, 1764884337, 6701160, 184465465801548.2
2025/12/05/6:38, 1764884338, 6701161, 184562482471462.8
2025/12/05/6:38, 1764884339, 6701162, 185082600693450.9
2025/12/05/6:39, 1764884341, 6701163, 184063080746200.4
2025/12/05/6:39, 1764884342, 6701164, 184300946374866.9
2025/12/05/6:39, 1764884343, 6701165, 185147084981829.3
2025/12/05/6:39, 1764884345, 6701166, 184559412405322.3
2025/12/05/6:39, 1764884346, 6701167, 184617047092354
2025/12/05/6:39, 1764884347, 6701168, 185075789790416.9
2025/12/05/6:39, 1764884349, 6701169, 184271574355536.2
2025/12/05/6:39, 1764884350, 6701170, 184343669312076.7
2025/12/05/6:39, 1764884351, 6701171, 185087605675224.9
2025/12/05/6:39, 1764884353, 6701172, 184852810112698.5
2025/12/05/6:39, 1764884354, 6701173, 185564497881937.2
2025/12/05/6:39, 1764884356, 6701174, 184174751177185.4
2025/12/05/6:39, 1764884357, 6701175, 184160084516677.2
2025/12/05/6:39, 1764884358, 6701176, 185517621325833.2
2025/12/05/6:39, 1764884360, 6701177, 184256301421460.9
2025/12/05/6:39, 1764884361, 6701178, 185105845479939.3
2025/12/05/6:39, 1764884362, 6701179, 184607965888310.4
2025/12/05/6:39, 1764884364, 6701180, 184675494443952.9
2025/12/05/6:39, 1764884365, 6701181, 184668077267355
2025/12/05/6:39, 1764884366, 6701182, 184948382045604.7
2025/12/05/6:39, 1764884368, 6701183, 184607798195622.3
2025/12/05/6:39, 1764884369, 6701184, 184854861123271.1
2025/12/05/6:39, 1764884371, 6701185, 184679519068472.5
2025/12/05/6:39, 1764884372, 6701186, 184461815260717.3
2025/12/05/6:39, 1764884373, 6701187, 185150580729408
2025/12/05/6:39, 1764884375, 6701188, 184838672329129.2
2025/12/05/6:39, 1764884376, 6701189, 184491316274424.7
2025/12/05/6:39, 1764884377, 6701190, 184354246850877.5
2025/12/05/6:39, 1764884379, 6701191, 184593853903614.5
2025/12/05/6:39, 1764884380, 6701192, 184635660980757.4
2025/12/05/6:39, 1764884381, 6701193, 185019225756702.6
2025/12/05/6:39, 1764884383, 6701194, 184544461957185.2
2025/12/05/6:39, 1764884384, 6701195, 184989531251431.7
2025/12/05/6:39, 1764884385, 6701196, 184718604364290.1
2025/12/05/6:39, 1764884387, 6701197, 185119376989941.9
2025/12/05/6:39, 1764884388, 6701198, 184526505940097.3
2025/12/05/6:39, 1764884390, 6701199, 185228815818228.5
2025/12/05/6:39, 1764884391, 6701200, 184510575134708.1
2025/12/05/6:39, 1764884392, 6701201, 185050764881544.4
2025/12/05/6:39, 1764884394, 6701202, 183993449582233.2
2025/12/05/6:39, 1764884395, 6701203, 184477294585794.1
2025/12/05/6:39, 1764884396, 6701204, 185260006658256.3
2025/12/05/6:39, 1764884398, 6701205, 184059701093559.4
2025/12/05/6:39, 1764884399, 6701206, 184905194728642.7
2025/12/05/6:40, 1764884400, 6701207, 184692676494788.8
2025/12/05/6:40, 1764884402, 6701208, 184973110267412.6
2025/12/05/6:40, 1764884403, 6701209, 185334410614122.8
2025/12/05/6:40, 1764884405, 6701210, 184987970419484.8
2025/12/05/6:40, 1764884406, 6701211, 184371957778652.8
2025/12/05/6:40, 1764884407, 6701212, 184654171673660.8
2025/12/05/6:40, 1764884409, 6701213, 184556561629619.6
2025/12/05/6:40, 1764884410, 6701214, 184393719129821.5
2025/12/05/6:40, 1764884411, 6701215, 184761353100375.1
2025/12/05/6:40, 1764884413, 6701216, 184527473397915.8
2025/12/05/6:40, 1764884414, 6701217, 184351666963365.7
2025/12/05/6:40, 1764884415, 6701218, 185163402770345.2
2025/12/05/6:40, 1764884417, 6701219, 184507143884314.7
2025/12/05/6:40, 1764884418, 6701220, 184639982292342.5
2025/12/05/6:40, 1764884419, 6701221, 185073958070281.5
2025/12/05/6:40, 1764884421, 6701222, 184685607603001.8
2025/12/05/6:40, 1764884422, 6701223, 184974735596546.7
2025/12/05/6:40, 1764884424, 6701224, 184375427727357.9
2025/12/05/6:40, 1764884425, 6701225, 184694882298611.5
2025/12/05/6:40, 1764884426, 6701226, 185383531672363.5
2025/12/05/6:40, 1764884428, 6701227, 183372302965249.8
2025/12/05/6:40, 1764884429, 6701228, 184407573125764.1
2025/12/05/6:40, 1764884430, 6701229, 184708607300177.5
2025/12/05/6:40, 1764884432, 6701230, 184424252098533.7
2025/12/05/6:40, 1764884433, 6701231, 184659563638562
2025/12/05/6:40, 1764884434, 6701232, 185226171433529.4
2025/12/05/6:40, 1764884436, 6701233, 183706656386890
2025/12/05/6:40, 1764884437, 6701234, 185167917573493.6
2025/12/05/6:40, 1764884439, 6701235, 184491006687924.6
2025/12/05/6:40, 1764884440, 6701236, 184737721330757.3
2025/12/05/6:40, 1764884441, 6701237, 184685530206377
2025/12/05/6:40, 1764884443, 6701238, 184876919161503.1
2025/12/05/6:40, 1764884444, 6701239, 185053215774680.1
2025/12/05/6:40, 1764884445, 6701240, 184487936621784.8
2025/12/05/6:40, 1764884447, 6701241, 184545622906566.3
2025/12/05/6:40, 1764884448, 6701242, 184248071580294.6
2025/12/05/6:40, 1764884449, 6701243, 184425735533853.8
2025/12/05/6:40, 1764884451, 6701244, 184026085159269.5
2025/12/05/6:40, 1764884452, 6701245, 184167372698900
2025/12/05/6:40, 1764884453, 6701246, 184570106039062.4
2025/12/05/6:40, 1764884455, 6701247, 184151725681134
2025/12/05/6:40, 1764884456, 6701248, 184822225546234.4
2025/12/05/6:40, 1764884458, 6701249, 184454346486369.7
2025/12/05/6:40, 1764884459, 6701250, 184994136350640.5
2025/12/05/6:41, 1764884460, 6701251, 184645000173554.3
2025/12/05/6:41, 1764884462, 6701252, 184290884813567.2
2025/12/05/6:41, 1764884463, 6701253, 185294654547552.5
2025/12/05/6:41, 1764884464, 6701254, 184739037073389.5
2025/12/05/6:41, 1764884466, 6701255, 184248110278608.2
2025/12/05/6:41, 1764884467, 6701256, 184086080443376.1
2025/12/05/6:41, 1764884468, 6701257, 184591415909916.8
2025/12/05/6:41, 1764884470, 6701258, 184980656438387.4
2025/12/05/6:41, 1764884471, 6701259, 185084213123144.5
2025/12/05/6:41, 1764884473, 6701260, 185056801818323.9
2025/12/05/6:41, 1764884474, 6701261, 184590564547037.6
2025/12/05/6:41, 1764884475, 6701262, 184608417368624.6
2025/12/05/6:41, 1764884477, 6701263, 185301310657335.3
2025/12/05/6:41, 1764884478, 6701264, 185115881242363.2
2025/12/05/6:41, 1764884479, 6701265, 185343324125479.1
2025/12/05/6:41, 1764884481, 6701266, 184565642833665.6
2025/12/05/6:41, 1764884482, 6701267, 184993478479324.6
2025/12/05/6:41, 1764884483, 6701268, 184477668669483.5
2025/12/05/6:41, 1764884485, 6701269, 183867447876115.4
2025/12/05/6:41, 1764884486, 6701270, 184912521609177.7
2025/12/05/6:41, 1764884487, 6701271, 184868702219775.8
2025/12/05/6:41, 1764884489, 6701272, 184658222097056.9
2025/12/05/6:41, 1764884490, 6701273, 184871875481416.7
2025/12/05/6:41, 1764884492, 6701274, 184166701928147.1
2025/12/05/6:41, 1764884493, 6701275, 184507904951131.5
2025/12/05/6:41, 1764884494, 6701276, 184889857297379
2025/12/05/6:41, 1764884496, 6701277, 184511116911085.2
2025/12/05/6:41, 1764884497, 6701278, 184225562061747.3
2025/12/05/6:41, 1764884498, 6701279, 184622219766816.2
2025/12/05/6:41, 1764884500, 6701280, 184664400927647.8
2025/12/05/6:41, 1764884501, 6701281, 184431243593693.7
2025/12/05/6:41, 1764884502, 6701282, 184518456691059.1
2025/12/05/6:41, 1764884504, 6701283, 183299343746393.1
2025/12/05/6:41, 1764884505, 6701284, 185387672391820
2025/12/05/6:41, 1764884507, 6701285, 184317883336387.4
2025/12/05/6:41, 1764884508, 6701286, 184883510774098.8
2025/12/05/6:41, 1764884509, 6701287, 184407805315640.2
2025/12/05/6:41, 1764884511, 6701288, 184781411725785.4
2025/12/05/6:41, 1764884512, 6701289, 184848243711800.9
2025/12/05/6:41, 1764884513, 6701290, 184678874096595.4
2025/12/05/6:41, 1764884515, 6701291, 184544732845374.1
2025/12/05/6:41, 1764884516, 6701292, 184535200161015.2
2025/12/05/6:41, 1764884517, 6701293, 184888296465433.3
2025/12/05/6:41, 1764884519, 6701294, 184119373891726.2
2025/12/05/6:42, 1764884520, 6701295, 184613628741400.2
2025/12/05/6:42, 1764884521, 6701296, 184583818141190.8
2025/12/05/6:42, 1764884523, 6701297, 184613448149274.5
2025/12/05/6:42, 1764884524, 6701298, 184195480573349
2025/12/05/6:42, 1764884526, 6701299, 183766084095743
2025/12/05/6:42, 1764884527, 6701300, 183774313936909.3
2025/12/05/6:42, 1764884528, 6701301, 185734215781956.5
2025/12/05/6:42, 1764884530, 6701302, 184687013641696.6
2025/12/05/6:42, 1764884531, 6701303, 184602986705409.7
2025/12/05/6:42, 1764884532, 6701304, 185380758293287.7
2025/12/05/6:42, 1764884534, 6701305, 184753071661459.9
2025/12/05/6:42, 1764884535, 6701306, 184329879813321
2025/12/05/6:42, 1764884536, 6701307, 184888193269934.9
2025/12/05/6:42, 1764884538, 6701308, 184678435515718.8
2025/12/05/6:42, 1764884539, 6701309, 184358374670898.8
2025/12/05/6:42, 1764884541, 6701310, 184334072130529.2
2025/12/05/6:42, 1764884542, 6701311, 184235804215172.5
2025/12/05/6:42, 1764884543, 6701312, 184711909556194.3
2025/12/05/6:42, 1764884545, 6701313, 184413932548484.1
2025/12/05/6:42, 1764884546, 6701314, 184371790085964.8
2025/12/05/6:42, 1764884547, 6701315, 185836224534207.1
2025/12/05/6:42, 1764884549, 6701316, 184060823344626.2
2025/12/05/6:42, 1764884550, 6701317, 184804385624085
2025/12/05/6:42, 1764884551, 6701318, 185408143799232.9
2025/12/05/6:42, 1764884553, 6701319, 184895210563967.5
2025/12/05/6:42, 1764884554, 6701320, 184566158811167.9
2025/12/05/6:42, 1764884555, 6701321, 184994071853453.6
2025/12/05/6:42, 1764884557, 6701322, 184404051579309.8
2025/12/05/6:42, 1764884558, 6701323, 184872481754981.3
2025/12/05/6:42, 1764884560, 6701324, 184576452562341.7
2025/12/05/6:42, 1764884561, 6701325, 184731658595102.8
2025/12/05/6:42, 1764884562, 6701326, 184879731238891.2
2025/12/05/6:42, 1764884564, 6701327, 184710193930998
2025/12/05/6:42, 1764884565, 6701328, 184695282181176.5
2025/12/05/6:42, 1764884566, 6701329, 185216019576166.9
2025/12/05/6:42, 1764884568, 6701330, 184335529766973.1
2025/12/05/6:42, 1764884569, 6701331, 184151596686759.9
2025/12/05/6:42, 1764884570, 6701332, 185229551086169.3
2025/12/05/6:42, 1764884572, 6701333, 185052003227549
2025/12/05/6:42, 1764884573, 6701334, 184893559435960.5
2025/12/05/6:42, 1764884575, 6701335, 184620955621935.3
2025/12/05/6:42, 1764884576, 6701336, 184844438377719.2
2025/12/05/6:42, 1764884577, 6701337, 185541820670702
2025/12/05/6:42, 1764884579, 6701338, 184768099506220.8
2025/12/05/6:43, 1764884580, 6701339, 184453495123490.4
2025/12/05/6:43, 1764884581, 6701340, 184049342845196.3
2025/12/05/6:43, 1764884583, 6701341, 184658480085807.4
2025/12/05/6:43, 1764884584, 6701342, 183511487896557.5
2025/12/05/6:43, 1764884585, 6701343, 184722203307371
2025/12/05/6:43, 1764884587, 6701344, 184682111855424.1
2025/12/05/6:43, 1764884588, 6701345, 183926282210842.1
2025/12/05/6:43, 1764884589, 6701346, 184708181618738.9
2025/12/05/6:43, 1764884591, 6701347, 184392841968066.2
2025/12/05/6:43, 1764884592, 6701348, 183611148951171.1
2025/12/05/6:43, 1764884594, 6701349, 185313126542141.9
2025/12/05/6:43, 1764884595, 6701350, 184863723036876.6
2025/12/05/6:43, 1764884596, 6701351, 185020477002144.8
2025/12/05/6:43, 1764884598, 6701352, 184305654669578.4
2025/12/05/6:43, 1764884599, 6701353, 184667741881976.8
2025/12/05/6:43, 1764884600, 6701354, 184287285870488.1
2025/12/05/6:43, 1764884602, 6701355, 184994226646703.4
2025/12/05/6:43, 1764884603, 6701356, 184853893665452.2
2025/12/05/6:43, 1764884604, 6701357, 184687619915263.3
2025/12/05/6:43, 1764884606, 6701358, 184597401248944.8
2025/12/05/6:43, 1764884607, 6701359, 184722345201183.7
2025/12/05/6:43, 1764884609, 6701360, 184538837802407.3
2025/12/05/6:43, 1764884610, 6701361, 184418137765129.6
2025/12/05/6:43, 1764884611, 6701362, 184692225014472.1
2025/12/05/6:43, 1764884613, 6701363, 184915411083192.2
2025/12/05/6:43, 1764884614, 6701364, 184623754799886.3
2025/12/05/6:43, 1764884615, 6701365, 184833473855791.6
2025/12/05/6:43, 1764884617, 6701366, 184627740726093.6
2025/12/05/6:43, 1764884618, 6701367, 184706569189042.5
2025/12/05/6:43, 1764884619, 6701368, 184347577841658.3
2025/12/05/6:43, 1764884621, 6701369, 183982123876052.8
2025/12/05/6:43, 1764884622, 6701370, 185067779239690.2
2025/12/05/6:43, 1764884623, 6701371, 184204587576268.4
2025/12/05/6:43, 1764884625, 6701372, 184349873941543.6
2025/12/05/6:43, 1764884626, 6701373, 184743164893410.2
2025/12/05/6:43, 1764884628, 6701374, 184612493590894
2025/12/05/6:43, 1764884629, 6701375, 184711406478128.9
2025/12/05/6:43, 1764884630, 6701376, 185317318859350.1
2025/12/05/6:43, 1764884632, 6701377, 184454578676244.9
2025/12/05/6:43, 1764884633, 6701378, 184825024724185.9
2025/12/05/6:43, 1764884634, 6701379, 185107561105134
2025/12/05/6:43, 1764884636, 6701380, 185281497121236.8
2025/12/05/6:43, 1764884637, 6701381, 184687284529885.1
2025/12/05/6:43, 1764884638, 6701382, 185176663392161.7
2025/12/05/6:44, 1764884640, 6701383, 184257475270278.3
2025/12/05/6:44, 1764884641, 6701384, 184832738587850.2
2025/12/05/6:44, 1764884643, 6701385, 185034730880651.7
2025/12/05/6:44, 1764884644, 6701386, 184969472626019.2
2025/12/05/6:44, 1764884645, 6701387, 184803327870205.3
2025/12/05/6:44, 1764884647, 6701388, 185169388109375.5
2025/12/05/6:44, 1764884648, 6701389, 184725066982507.9
2025/12/05/6:44, 1764884649, 6701390, 184510330045393.5
2025/12/05/6:44, 1764884651, 6701391, 185061432716408.5
2025/12/05/6:44, 1764884652, 6701392, 184611590630264.9
2025/12/05/6:44, 1764884653, 6701393, 184072806922121.9
2025/12/05/6:44, 1764884655, 6701394, 184616350522726.4
2025/12/05/6:44, 1764884656, 6701395, 185228712622727.7
2025/12/05/6:44, 1764884657, 6701396, 184622039174692.2
2025/12/05/6:44, 1764884659, 6701397, 184604302448041.6
2025/12/05/6:44, 1764884660, 6701398, 184450437956788.3
2025/12/05/6:44, 1764884662, 6701399, 184873836195926.5
2025/12/05/6:44, 1764884663, 6701400, 184605514995172.3
2025/12/05/6:44, 1764884664, 6701401, 183940703782038.2
2025/12/05/6:44, 1764884666, 6701402, 185088598931916.4
2025/12/05/6:44, 1764884667, 6701403, 185041632079748.8
2025/12/05/6:44, 1764884668, 6701404, 184211114691675.7
2025/12/05/6:44, 1764884670, 6701405, 184569873849185
2025/12/05/6:44, 1764884671, 6701406, 184992717412508.1
2025/12/05/6:44, 1764884672, 6701407, 184445084690198.3
2025/12/05/6:44, 1764884674, 6701408, 184757276878103.7
2025/12/05/6:44, 1764884675, 6701409, 184925975722557.7
2025/12/05/6:44, 1764884677, 6701410, 184607488609120.1
2025/12/05/6:44, 1764884678, 6701411, 184598549298888.6
2025/12/05/6:44, 1764884679, 6701412, 184790054348951.6
2025/12/05/6:44, 1764884681, 6701413, 185890621462412.7
2025/12/05/6:44, 1764884682, 6701414, 184063532226514.2
2025/12/05/6:44, 1764884683, 6701415, 184060384763749.2
2025/12/05/6:44, 1764884685, 6701416, 184624451369514.7
2025/12/05/6:44, 1764884686, 6701417, 184600213326333.9
2025/12/05/6:44, 1764884687, 6701418, 184445084690199.3
2025/12/05/6:44, 1764884689, 6701419, 184473037771398.7
2025/12/05/6:44, 1764884690, 6701420, 184943957538519.1
2025/12/05/6:44, 1764884691, 6701421, 184692018623472.8
2025/12/05/6:44, 1764884693, 6701422, 184587313888770.8
2025/12/05/6:44, 1764884694, 6701423, 184474443810093.4
2025/12/05/6:44, 1764884696, 6701424, 184554007540983.4
2025/12/05/6:44, 1764884697, 6701425, 184929355375197.5
2025/12/05/6:44, 1764884698, 6701426, 185760001757647.3
2025/12/05/6:45, 1764884700, 6701427, 185353024502526.6
2025/12/05/6:45, 1764884701, 6701428, 185100079431348.5
2025/12/05/6:45, 1764884702, 6701429, 185061329520907.6
2025/12/05/6:45, 1764884704, 6701430, 184843058137899.3
2025/12/05/6:45, 1764884705, 6701431, 185054479919562.4
2025/12/05/6:45, 1764884706, 6701432, 185246913729130.9
2025/12/05/6:45, 1764884708, 6701433, 185290965308408.3
2025/12/05/6:45, 1764884709, 6701434, 185133398678573
2025/12/05/6:45, 1764884711, 6701435, 184574982026460.5
2025/12/05/6:45, 1764884712, 6701436, 184672398578937.2
2025/12/05/6:45, 1764884713, 6701437, 184752246097453.8
2025/12/05/6:45, 1764884715, 6701438, 185081581637881.1
2025/12/05/6:45, 1764884716, 6701439, 184541069405107.5
2025/12/05/6:45, 1764884717, 6701440, 184432417442510.8
2025/12/05/6:45, 1764884719, 6701441, 184468458471063.4
2025/12/05/6:45, 1764884720, 6701442, 184839781680759.7
2025/12/05/6:45, 1764884721, 6701443, 184556148847619
2025/12/05/6:45, 1764884723, 6701444, 184453714413927.6
2025/12/05/6:45, 1764884724, 6701445, 184749885500381.4
2025/12/05/6:45, 1764884725, 6701446, 184333414259213.2
2025/12/05/6:45, 1764884727, 6701447, 184043912181981.4
2025/12/05/6:45, 1764884728, 6701448, 185105265005248.4
2025/12/05/6:45, 1764884730, 6701449, 184626786167715.5
2025/12/05/6:45, 1764884731, 6701450, 185531127036962.3
2025/12/05/6:45, 1764884732, 6701451, 184628708183911.8
2025/12/05/6:45, 1764884734, 6701452, 184714695834708.4
2025/12/05/6:45, 1764884735, 6701453, 184710890500627.6
2025/12/05/6:45, 1764884736, 6701454, 184881253372524.4
2025/12/05/6:45, 1764884738, 6701455, 184496656641576.7
2025/12/05/6:45, 1764884739, 6701456, 184189508133756.8
2025/12/05/6:45, 1764884740, 6701457, 184737076358879.8
2025/12/05/6:45, 1764884742, 6701458, 184670966741369.2
2025/12/05/6:45, 1764884743, 6701459, 184918700439771.7
2025/12/05/6:45, 1764884745, 6701460, 184743629273162.7
2025/12/05/6:45, 1764884746, 6701461, 185108644657890.6
2025/12/05/6:45, 1764884747, 6701462, 184522223326826.2
2025/12/05/6:45, 1764884749, 6701463, 184879215261389.8
2025/12/05/6:45, 1764884750, 6701464, 184808655337918.2
2025/12/05/6:45, 1764884751, 6701465, 184940023210063.9
2025/12/05/6:45, 1764884753, 6701466, 184637286309891
2025/12/05/6:45, 1764884754, 6701467, 184454114296492.7
2025/12/05/6:45, 1764884755, 6701468, 184338715928052.8
2025/12/05/6:45, 1764884757, 6701469, 185306444633484.4
2025/12/05/6:45, 1764884758, 6701470, 184938217288804.2
2025/12/05/6:45, 1764884759, 6701471, 184974309915105.7
2025/12/05/6:46, 1764884761, 6701472, 184766319383835.7
2025/12/05/6:46, 1764884762, 6701473, 184824005668618.6
2025/12/05/6:46, 1764884764, 6701474, 184409391946461.8
2025/12/05/6:46, 1764884765, 6701475, 184967860196323.8
2025/12/05/6:46, 1764884766, 6701476, 184379271759750.3
2025/12/05/6:46, 1764884768, 6701477, 184523706762145.8
2025/12/05/6:46, 1764884769, 6701478, 184841071624515.6
2025/12/05/6:46, 1764884770, 6701479, 184409404845897.4
2025/12/05/6:46, 1764884772, 6701480, 184829500829020.4
2025/12/05/6:46, 1764884773, 6701481, 184866341622700.5
2025/12/05/6:46, 1764884774, 6701482, 184776729229949.1
2025/12/05/6:46, 1764884776, 6701483, 184795136727353.7
2025/12/05/6:46, 1764884777, 6701484, 184782933859418.4
2025/12/05/6:46, 1764884779, 6701485, 184093110636847
2025/12/05/6:46, 1764884780, 6701486, 184304132535945.4
2025/12/05/6:46, 1764884781, 6701487, 184742881105783.7
2025/12/05/6:46, 1764884783, 6701488, 185081168855880.5
2025/12/05/6:46, 1764884784, 6701489, 184492567519869.3
2025/12/05/6:46, 1764884785, 6701490, 184905027035954.7
2025/12/05/6:46, 1764884787, 6701491, 184214623338694.5
2025/12/05/6:46, 1764884788, 6701492, 184488878280724.6
2025/12/05/6:46, 1764884789, 6701493, 185015613914183
2025/12/05/6:46, 1764884791, 6701494, 184032779967365.1
2025/12/05/6:46, 1764884792, 6701495, 185036665796286.6
2025/12/05/6:46, 1764884793, 6701496, 184677674448902.3
2025/12/05/6:46, 1764884795, 6701497, 185097331851146.3
2025/12/05/6:46, 1764884796, 6701498, 184695062890737.2
2025/12/05/6:46, 1764884798, 6701499, 184393448241633
2025/12/05/6:46, 1764884799, 6701500, 185411910435002.5
2025/12/05/6:46, 1764884800, 6701501, 185036136919347.5
2025/12/05/6:46, 1764884802, 6701502, 185320930701867.7
2025/12/05/6:46, 1764884803, 6701503, 185090237160486.1
2025/12/05/6:46, 1764884804, 6701504, 185759189093079.7
2025/12/05/6:46, 1764884806, 6701505, 184281055442144.8
2025/12/05/6:46, 1764884807, 6701506, 184471064157451.2
2025/12/05/6:46, 1764884808, 6701507, 184842851746899.6
2025/12/05/6:46, 1764884810, 6701508, 184670863545867.7
2025/12/05/6:46, 1764884811, 6701509, 185067327759375.6
2025/12/05/6:46, 1764884813, 6701510, 184434597447460.3
2025/12/05/6:46, 1764884814, 6701511, 184386946925101.5
2025/12/05/6:46, 1764884815, 6701512, 184960649410726.3
2025/12/05/6:46, 1764884817, 6701513, 184883407578598
2025/12/05/6:46, 1764884818, 6701514, 184606572749053.6
2025/12/05/6:46, 1764884819, 6701515, 185120370246635.6
2025/12/05/6:47, 1764884821, 6701516, 185196631721508.4
2025/12/05/6:47, 1764884822, 6701517, 184406541170759
2025/12/05/6:47, 1764884823, 6701518, 184921731807597.8
2025/12/05/6:47, 1764884825, 6701519, 184450773342164.1
2025/12/05/6:47, 1764884826, 6701520, 185137758688470.8
2025/12/05/6:47, 1764884827, 6701521, 185213465487528.4
2025/12/05/6:47, 1764884829, 6701522, 185170536159319.4
2025/12/05/6:47, 1764884830, 6701523, 184759985759991.9
2025/12/05/6:47, 1764884832, 6701524, 184694327622796.3
2025/12/05/6:47, 1764884833, 6701525, 185028448854558.2
2025/12/05/6:47, 1764884834, 6701526, 185172161488451
2025/12/05/6:47, 1764884836, 6701527, 184522700606016.9
2025/12/05/6:47, 1764884837, 6701528, 185040754917994.3
2025/12/05/6:47, 1764884838, 6701529, 185028036072557.6
2025/12/05/6:47, 1764884840, 6701530, 184542191656175.3
2025/12/05/6:47, 1764884841, 6701531, 184682731028425.5
2025/12/05/6:47, 1764884842, 6701532, 183963832473587.5
2025/12/05/6:47, 1764884844, 6701533, 184859040541041.4
2025/12/05/6:47, 1764884845, 6701534, 185031286730823.3
2025/12/05/6:47, 1764884847, 6701535, 184947737073726.4
2025/12/05/6:47, 1764884848, 6701536, 184671444020559.1
2025/12/05/6:47, 1764884849, 6701537, 185030615960069.3
2025/12/05/6:47, 1764884851, 6701538, 184676268410207.7
2025/12/05/6:47, 1764884852, 6701539, 184193042579649.1
2025/12/05/6:47, 1764884853, 6701540, 185148813506462
2025/12/05/6:47, 1764884855, 6701541, 184804811305526
2025/12/05/6:47, 1764884856, 6701542, 184702750955524.9
2025/12/05/6:47, 1764884857, 6701543, 184766319383835.7
2025/12/05/6:47, 1764884859, 6701544, 184677829242152.1
2025/12/05/6:47, 1764884860, 6701545, 184569731955371.4
2025/12/05/6:47, 1764884861, 6701546, 184627031257028.4
2025/12/05/6:47, 1764884863, 6701547, 184623961190888.4
2025/12/05/6:47, 1764884864, 6701548, 184690264299963.4
2025/12/05/6:47, 1764884866, 6701549, 184812834755688.7
2025/12/05/6:47, 1764884867, 6701550, 184587610575836
2025/12/05/6:47, 1764884868, 6701551, 184517940713555.2
2025/12/05/6:47, 1764884870, 6701552, 184818575005405.7
2025/12/05/6:47, 1764884871, 6701553, 184071633073304.5
2025/12/05/6:47, 1764884872, 6701554, 185237677731834.8
2025/12/05/6:47, 1764884874, 6701555, 184407392533638.4
2025/12/05/6:47, 1764884875, 6701556, 184705253446411
2025/12/05/6:47, 1764884876, 6701557, 184802992484828.3
2025/12/05/6:47, 1764884878, 6701558, 184979095606442.9
2025/12/05/6:47, 1764884879, 6701559, 185102504525610.6
2025/12/05/6:48, 1764884881, 6701560, 184734883454494.7
2025/12/05/6:48, 1764884882, 6701561, 184545893794755.9
2025/12/05/6:48, 1764884883, 6701562, 184531627016810
2025/12/05/6:48, 1764884885, 6701563, 184659395945874
2025/12/05/6:48, 1764884886, 6701564, 184575743093276.6
2025/12/05/6:48, 1764884887, 6701565, 185596011207905.3
2025/12/05/6:48, 1764884889, 6701566, 184657473929678.1
2025/12/05/6:48, 1764884890, 6701567, 184549763626025.1
2025/12/05/6:48, 1764884891, 6701568, 184684975530561.8
2025/12/05/6:48, 1764884893, 6701569, 184989518351994
2025/12/05/6:48, 1764884894, 6701570, 184876222591874.6
2025/12/05/6:48, 1764884895, 6701571, 184700687045513.9
2025/12/05/6:48, 1764884897, 6701572, 184540037450102.4
2025/12/05/6:48, 1764884898, 6701573, 184353227795310.2
2025/12/05/6:48, 1764884900, 6701574, 183575378810809.4
2025/12/05/6:48, 1764884901, 6701575, 184943389963266.4
2025/12/05/6:48, 1764884902, 6701576, 184908729174533.7
2025/12/05/6:48, 1764884904, 6701577, 184882285327529.8
2025/12/05/6:48, 1764884905, 6701578, 184990369714873.3
2025/12/05/6:48, 1764884906, 6701579, 185154773046616.2
2025/12/05/6:48, 1764884908, 6701580, 184515128636166.1
2025/12/05/6:48, 1764884909, 6701581, 185002069504742.7
2025/12/05/6:48, 1764884910, 6701582, 184532194592063.1
2025/12/05/6:48, 1764884912, 6701583, 184561760102957.5
2025/12/05/6:48, 1764884913, 6701584, 184525577180592.8
2025/12/05/6:48, 1764884915, 6701585, 184658621979619.6
2025/12/05/6:48, 1764884916, 6701586, 184326642054493.2
2025/12/05/6:48, 1764884917, 6701587, 184365211372806.1
2025/12/05/6:48, 1764884919, 6701588, 184715250510523.8
2025/12/05/6:48, 1764884920, 6701589, 184529743698925.4
2025/12/05/6:48, 1764884921, 6701590, 184526505940097.4
2025/12/05/6:48, 1764884923, 6701591, 184670179875676.8
2025/12/05/6:48, 1764884924, 6701592, 185164279932100.8
2025/12/05/6:48, 1764884925, 6701593, 184716011577340.3
2025/12/05/6:48, 1764884927, 6701594, 185115958638988
2025/12/05/6:48, 1764884928, 6701595, 184337193794418.4
2025/12/05/6:48, 1764884929, 6701596, 183517124950773.8
2025/12/05/6:48, 1764884931, 6701597, 184621291007313.4
2025/12/05/6:48, 1764884932, 6701598, 184517773020867.5
2025/12/05/6:48, 1764884934, 6701599, 184548538179455.6
2025/12/05/6:48, 1764884935, 6701600, 184549531436148.8
2025/12/05/6:48, 1764884936, 6701601, 184622116571315.6
2025/12/05/6:48, 1764884938, 6701602, 184836479424742.2
2025/12/05/6:48, 1764884939, 6701603, 184472650788271.7
2025/12/05/6:49, 1764884940, 6701604, 184849881940370.2
2025/12/05/6:49, 1764884942, 6701605, 184776509939510.7
2025/12/05/6:49, 1764884943, 6701606, 185206951271559
2025/12/05/6:49, 1764884944, 6701607, 185056853416072.9
2025/12/05/6:49, 1764884946, 6701608, 184856834737218.8
2025/12/05/6:49, 1764884947, 6701609, 185002843470997.1
2025/12/05/6:49, 1764884949, 6701610, 184380523005194.9
2025/12/05/6:49, 1764884950, 6701611, 185005436257946.9
2025/12/05/6:49, 1764884951, 6701612, 185104104055866.6
2025/12/05/6:49, 1764884953, 6701613, 184742713413096
2025/12/05/6:49, 1764884954, 6701614, 183933686488002.7
2025/12/05/6:49, 1764884955, 6701615, 184603077001472.6
2025/12/05/6:49, 1764884957, 6701616, 184906742661149.1
2025/12/05/6:49, 1764884958, 6701617, 185078382577367
2025/12/05/6:49, 1764884959, 6701618, 185036394908097.4
2025/12/05/6:49, 1764884961, 6701619, 184549454039523.8
2025/12/05/6:49, 1764884962, 6701620, 185365227370459.4
2025/12/05/6:49, 1764884963, 6701621, 184305383781388.9
2025/12/05/6:49, 1764884965, 6701622, 184684472452498
2025/12/05/6:49, 1764884966, 6701623, 184534645485199.5
2025/12/05/6:49, 1764884968, 6701624, 184115310568892.9
2025/12/05/6:49, 1764884969, 6701625, 184191610742080
2025/12/05/6:49, 1764884970, 6701626, 185212381934774.3
2025/12/05/6:49, 1764884972, 6701627, 185164138038286.3
2025/12/05/6:49, 1764884973, 6701628, 184137536299815.7
2025/12/05/6:49, 1764884974, 6701629, 185132353824131.6
2025/12/05/6:49, 1764884976, 6701630, 184984616565718.2
2025/12/05/6:49, 1764884977, 6701631, 184599890840396.1
2025/12/05/6:49, 1764884978, 6701632, 184928968392070.4
2025/12/05/6:49, 1764884980, 6701633, 184903569399508.6
2025/12/05/6:49, 1764884981, 6701634, 185167285501053.7
2025/12/05/6:49, 1764884983, 6701635, 184832674090661.2
2025/12/05/6:49, 1764884984, 6701636, 184788919198446.4
2025/12/05/6:49, 1764884985, 6701637, 185133192287573.2
2025/12/05/6:49, 1764884987, 6701638, 185338731925705
2025/12/05/6:49, 1764884988, 6701639, 184247375010667.4
2025/12/05/6:49, 1764884989, 6701640, 185168072366743.6
2025/12/05/6:49, 1764884991, 6701641, 184466691248116.2
2025/12/05/6:49, 1764884992, 6701642, 185315461340340.9
2025/12/05/6:49, 1764884993, 6701643, 184645271061742.9
2025/12/05/6:49, 1764884995, 6701644, 184942912684078.2
2025/12/05/6:49, 1764884996, 6701645, 184959101478220.1
2025/12/05/6:49, 1764884997, 6701646, 184661924235636.9
2025/12/05/6:49, 1764884999, 6701647, 184815775827454.5
2025/12/05/6:50, 1764885000, 6701648, 184282603374651.6
2025/12/05/6:50, 1764885002, 6701649, 184469000247441.7
2025/12/05/6:50, 1764885003, 6701650, 185290384833719.1
2025/12/05/6:50, 1764885004, 6701651, 184615150875033.4
2025/12/05/6:50, 1764885006, 6701652, 184463814673541
2025/12/05/6:50, 1764885007, 6701653, 184662388615389.2
2025/12/05/6:50, 1764885008, 6701654, 185075054522476.1
2025/12/05/6:50, 1764885010, 6701655, 184580657778988.4
2025/12/05/6:50, 1764885011, 6701656, 184691399450468.2
2025/12/05/6:50, 1764885012, 6701657, 184602767414972.4
2025/12/05/6:50, 1764885014, 6701658, 185090985327864.9
2025/12/05/6:50, 1764885015, 6701659, 185008041944334.7
2025/12/05/6:50, 1764885017, 6701660, 185062645263538.8
2025/12/05/6:50, 1764885018, 6701661, 184864535701443.5
2025/12/05/6:50, 1764885019, 6701662, 185153573398923.2
2025/12/05/6:50, 1764885021, 6701663, 185086096441029.5
2025/12/05/6:50, 1764885022, 6701664, 184847327851732.8
2025/12/05/6:50, 1764885023, 6701665, 185320195433926.4
2025/12/05/6:50, 1764885025, 6701666, 184855738285024.7
2025/12/05/6:50, 1764885026, 6701667, 184461918456218
2025/12/05/6:50, 1764885027, 6701668, 184964545040870.5
2025/12/05/6:50, 1764885029, 6701669, 185166511534799.1
2025/12/05/6:50, 1764885030, 6701670, 184990189122747.6
2025/12/05/6:50, 1764885031, 6701671, 184466188170051.4
2025/12/05/6:50, 1764885033, 6701672, 184700312961824
2025/12/05/6:50, 1764885034, 6701673, 184816614290896
2025/12/05/6:50, 1764885036, 6701674, 185387169313756.3
2025/12/05/6:50, 1764885037, 6701675, 184876919161504.2
2025/12/05/6:50, 1764885038, 6701676, 185104310446868.7
2025/12/05/6:50, 1764885040, 6701677, 184729723679468.3
2025/12/05/6:50, 1764885041, 6701678, 185291416788723.5
2025/12/05/6:50, 1764885042, 6701679, 184663743056332.2
2025/12/05/6:50, 1764885044, 6701680, 184709071679929.8
2025/12/05/6:50, 1764885045, 6701681, 184606301860864.7
2025/12/05/6:50, 1764885046, 6701682, 185340434651464.3
2025/12/05/6:50, 1764885048, 6701683, 184748298869560.9
2025/12/05/6:50, 1764885049, 6701684, 184618040349047.8
2025/12/05/6:50, 1764885051, 6701685, 184749846802067.4
2025/12/05/6:50, 1764885052, 6701686, 185191484845920
2025/12/05/6:50, 1764885053, 6701687, 184947982163039.3
2025/12/05/6:50, 1764885055, 6701688, 184701422313456.2
2025/12/05/6:50, 1764885056, 6701689, 184691721936408.6
2025/12/05/6:50, 1764885057, 6701690, 184668244960042.6
2025/12/05/6:50, 1764885059, 6701691, 185105174709185.6
2025/12/05/6:51, 1764885060, 6701692, 184631236473674.7
2025/12/05/6:51, 1764885061, 6701693, 184814705174135.3
2025/12/05/6:51, 1764885063, 6701694, 185025417486731.8
2025/12/05/6:51, 1764885064, 6701695, 184658480085807.5
2025/12/05/6:51, 1764885065, 6701696, 185066618290308.1
2025/12/05/6:51, 1764885067, 6701697, 184813131442752.9
2025/12/05/6:51, 1764885068, 6701698, 184292316651137.6
2025/12/05/6:51, 1764885070, 6701699, 184077231429207.5
2025/12/05/6:51, 1764885071, 6701700, 185168768936373.2
2025/12/05/6:51, 1764885072, 6701701, 184790260739953.9
2025/12/05/6:51, 1764885074, 6701702, 184510007559453.8
2025/12/05/6:51, 1764885075, 6701703, 185103846067115.7
2025/12/05/6:51, 1764885076, 6701704, 184883846159474.6
2025/12/05/6:51, 1764885078, 6701705, 184827256326883.9
2025/12/05/6:51, 1764885079, 6701706, 185255259665233.4
2025/12/05/6:51, 1764885080, 6701707, 185389839497332
2025/12/05/6:51, 1764885082, 6701708, 184695282181176.5
2025/12/05/6:51, 1764885083, 6701709, 185200295161777.4
2025/12/05/6:51, 1764885085, 6701710, 184718462470475.6
2025/12/05/6:51, 1764885086, 6701711, 184956818277770
2025/12/05/6:51, 1764885087, 6701712, 184202278576944.8
2025/12/05/6:51, 1764885089, 6701713, 184898138736294.5
2025/12/05/6:51, 1764885090, 6701714, 184955296144136.8
2025/12/05/6:51, 1764885091, 6701715, 184742132938404.9
2025/12/05/6:51, 1764885093, 6701716, 184861388238678.3
2025/12/05/6:51, 1764885094, 6701717, 184615163774469.6
2025/12/05/6:51, 1764885095, 6701718, 184558651338505.2
2025/12/05/6:51, 1764885097, 6701719, 184777683788329.3
2025/12/05/6:51, 1764885098, 6701720, 184842993640711.7
2025/12/05/6:51, 1764885099, 6701721, 184870353347783.3
2025/12/05/6:51, 1764885101, 6701722, 184877448038443.6
2025/12/05/6:51, 1764885102, 6701723, 184516354082734.8
2025/12/05/6:51, 1764885104, 6701724, 183880992285558.1
2025/12/05/6:51, 1764885105, 6701725, 185045450313268.1
2025/12/05/6:51, 1764885106, 6701726, 185080459386815.3
2025/12/05/6:51, 1764885108, 6701727, 184339335101054
2025/12/05/6:51, 1764885109, 6701728, 184406708863446.8
2025/12/05/6:51, 1764885110, 6701729, 184765235831081.5
2025/12/05/6:51, 1764885112, 6701730, 184411365560407.2
2025/12/05/6:51, 1764885113, 6701731, 184952858150439.1
2025/12/05/6:51, 1764885114, 6701732, 184799393541749.2
2025/12/05/6:51, 1764885116, 6701733, 184406489573009.8
2025/12/05/6:51, 1764885117, 6701734, 184882582014594.9
2025/12/05/6:51, 1764885119, 6701735, 184408476086392.9
2025/12/05/6:52, 1764885120, 6701736, 184396453810585.8
2025/12/05/6:52, 1764885121, 6701737, 184476469021790.4
2025/12/05/6:52, 1764885123, 6701738, 184290149545626.3
2025/12/05/6:52, 1764885124, 6701739, 184002543685717.2
2025/12/05/6:52, 1764885125, 6701740, 184653359009095.3
2025/12/05/6:52, 1764885127, 6701741, 185457587343413.5
2025/12/05/6:52, 1764885128, 6701742, 185332037117609.9
2025/12/05/6:52, 1764885129, 6701743, 185218651061429.9
2025/12/05/6:52, 1764885131, 6701744, 184697668577125
2025/12/05/6:52, 1764885132, 6701745, 184600613208899.2
2025/12/05/6:52, 1764885133, 6701746, 184363379652672.7
2025/12/05/6:52, 1764885135, 6701747, 184749240528503.1
2025/12/05/6:52, 1764885136, 6701748, 184675623438329.7
2025/12/05/6:52, 1764885138, 6701749, 184813595822505.1
2025/12/05/6:52, 1764885139, 6701750, 184952006787559.8
2025/12/05/6:52, 1764885140, 6701751, 185194967694063
2025/12/05/6:52, 1764885142, 6701752, 184978811818816.4
2025/12/05/6:52, 1764885143, 6701753, 185171077935696.8
2025/12/05/6:52, 1764885144, 6701754, 185286695594574.7
2025/12/05/6:52, 1764885146, 6701755, 185225952143089.8
2025/12/05/6:52, 1764885147, 6701756, 185373018630749.6
2025/12/05/6:52, 1764885148, 6701757, 185390703759648.6
2025/12/05/6:52, 1764885150, 6701758, 184143637733782.2
2025/12/05/6:52, 1764885151, 6701759, 185110398981399.1
2025/12/05/6:52, 1764885153, 6701760, 184590487150412.3
2025/12/05/6:52, 1764885154, 6701761, 185377146450768.1
2025/12/05/6:52, 1764885155, 6701762, 185087889462851.3
2025/12/05/6:52, 1764885157, 6701763, 185209002282131.2
2025/12/05/6:52, 1764885158, 6701764, 184900344540118.5
2025/12/05/6:52, 1764885159, 6701765, 184391061845684.6
2025/12/05/6:52, 1764885161, 6701766, 185098196113463.9
2025/12/05/6:52, 1764885162, 6701767, 184513400111533.6
2025/12/05/6:52, 1764885163, 6701768, 184286782792421.8
2025/12/05/6:52, 1764885165, 6701769, 184991350072127
2025/12/05/6:52, 1764885166, 6701770, 184478494233486.7
2025/12/05/6:52, 1764885167, 6701771, 185011834378977.1
2025/12/05/6:52, 1764885169, 6701772, 185075351209538.2
2025/12/05/6:52, 1764885170, 6701773, 185156553169000.3
2025/12/05/6:52, 1764885172, 6701774, 184680925107168.1
2025/12/05/6:52, 1764885173, 6701775, 184820471222726.3
2025/12/05/6:52, 1764885174, 6701776, 184868689320338.9
2025/12/05/6:52, 1764885176, 6701777, 184708542802990.4
2025/12/05/6:52, 1764885177, 6701778, 184305680468452.2
2025/12/05/6:52, 1764885178, 6701779, 185185860691143.8
2025/12/05/6:53, 1764885180, 6701780, 184430121342625.6
2025/12/05/6:53, 1764885181, 6701781, 184885149002668.5
2025/12/05/6:53, 1764885182, 6701782, 184893095056208.3
2025/12/05/6:53, 1764885184, 6701783, 184508485425822.6
2025/12/05/6:53, 1764885185, 6701784, 185306625225610.1
2025/12/05/6:53, 1764885187, 6701785, 184571305686755.8
2025/12/05/6:53, 1764885188, 6701786, 184926156314683.4
2025/12/05/6:53, 1764885189, 6701787, 184894062514024
2025/12/05/6:53, 1764885191, 6701788, 184426251511355.1
2025/12/05/6:53, 1764885192, 6701789, 184622477755568.8
2025/12/05/6:53, 1764885193, 6701790, 184456565189629.5
2025/12/05/6:53, 1764885195, 6701791, 184794375660535.8
2025/12/05/6:53, 1764885196, 6701792, 184407031349387
2025/12/05/6:53, 1764885197, 6701793, 184371906180901.2
2025/12/05/6:53, 1764885199, 6701794, 185035143662653.3
2025/12/05/6:53, 1764885200, 6701795, 184752762074957.7
2025/12/05/6:53, 1764885201, 6701796, 184746338155050.2
2025/12/05/6:53, 1764885203, 6701797, 184999270326790.6
2025/12/05/6:53, 1764885204, 6701798, 184951606904993.8
2025/12/05/6:53, 1764885206, 6701799, 185487720429560.6
2025/12/05/6:53, 1764885207, 6701800, 184324681339982.4
2025/12/05/6:53, 1764885208, 6701801, 184709020082180.6
2025/12/05/6:53, 1764885210, 6701802, 184528363459106.3
2025/12/05/6:53, 1764885211, 6701803, 185094442377132.4
2025/12/05/6:53, 1764885212, 6701804, 184663317374893.7
2025/12/05/6:53, 1764885214, 6701805, 184803405266831.3
2025/12/05/6:53, 1764885215, 6701806, 184871862581978.7
2025/12/05/6:53, 1764885216, 6701807, 185272957693570.5
2025/12/05/6:53, 1764885218, 6701808, 183669506006707.1
2025/12/05/6:53, 1764885219, 6701809, 184612390395394.2
2025/12/05/6:53, 1764885221, 6701810, 185195780358629
2025/12/05/6:53, 1764885222, 6701811, 184614144718901.7
2025/12/05/6:53, 1764885223, 6701812, 184751794617139.4
2025/12/05/6:53, 1764885225, 6701813, 185025649676606.8
2025/12/05/6:53, 1764885226, 6701814, 184620594437683.9
2025/12/05/6:53, 1764885227, 6701815, 185101756358231.8
2025/12/05/6:53, 1764885229, 6701816, 184855970474901.4
2025/12/05/6:53, 1764885230, 6701817, 184054528419096.2
2025/12/05/6:53, 1764885231, 6701818, 184943209371140.4
2025/12/05/6:53, 1764885233, 6701819, 184535380753142
2025/12/05/6:53, 1764885234, 6701820, 184766732165839.1
2025/12/05/6:53, 1764885235, 6701821, 184661369559821.8
2025/12/05/6:53, 1764885237, 6701822, 184906510471274.3
2025/12/05/6:53, 1764885238, 6701823, 184949710687674.2
2025/12/05/6:54, 1764885240, 6701824, 185003849627126.8
2025/12/05/6:54, 1764885241, 6701825, 184648805507635.2
2025/12/05/6:54, 1764885242, 6701826, 184771195371236.2
2025/12/05/6:54, 1764885244, 6701827, 185433039713731.3
2025/12/05/6:54, 1764885245, 6701828, 184464201656668
2025/12/05/6:54, 1764885246, 6701829, 184973329557852
2025/12/05/6:54, 1764885248, 6701830, 184777516095642.3
2025/12/05/6:54, 1764885249, 6701831, 184277624191753.4
2025/12/05/6:54, 1764885250, 6701832, 185286282812574.1
2025/12/05/6:54, 1764885252, 6701833, 185067018172873.4
2025/12/05/6:54, 1764885253, 6701834, 184992098239505.9
2025/12/05/6:54, 1764885255, 6701835, 184950897435929.6
2025/12/05/6:54, 1764885256, 6701836, 184854422542392.7
2025/12/05/6:54, 1764885257, 6701837, 185032189691452.1
2025/12/05/6:54, 1764885259, 6701838, 184871282107287.9
2025/12/05/6:54, 1764885260, 6701839, 184826779047696.4
2025/12/05/6:54, 1764885261, 6701840, 183760072957839.4
2025/12/05/6:54, 1764885263, 6701841, 184358426268648.1
2025/12/05/6:54, 1764885264, 6701842, 185139126028851.5
2025/12/05/6:54, 1764885265, 6701843, 184720049101296
2025/12/05/6:54, 1764885267, 6701844, 185063780414045.7
2025/12/05/6:54, 1764885268, 6701845, 185057562885140.4
2025/12/05/6:54, 1764885269, 6701846, 185020709192022.2
2025/12/05/6:54, 1764885271, 6701847, 185182119854249.8
2025/12/05/6:54, 1764885272, 6701848, 185120537939323.7
2025/12/05/6:54, 1764885274, 6701849, 185030383770194.5
2025/12/05/6:54, 1764885275, 6701850, 184762643044131.3
2025/12/05/6:54, 1764885276, 6701851, 185202075284161.2
2025/12/05/6:54, 1764885278, 6701852, 185093552315941.4
2025/12/05/6:54, 1764885279, 6701853, 184980333952447.2
2025/12/05/6:54, 1764885280, 6701854, 184936424266982.3
2025/12/05/6:54, 1764885282, 6701855, 184347835830410.1
2025/12/05/6:54, 1764885283, 6701856, 184318644403204.2
2025/12/05/6:54, 1764885284, 6701857, 184220711873222.2
2025/12/05/6:54, 1764885286, 6701858, 183927830143350.8
2025/12/05/6:54, 1764885287, 6701859, 184080340193661.1
2025/12/05/6:54, 1764885289, 6701860, 184196602824416.9
2025/12/05/6:54, 1764885290, 6701861, 184105519895783.6
2025/12/05/6:54, 1764885291, 6701862, 184336406928728.4
2025/12/05/6:54, 1764885293, 6701863, 184313974806805.2
2025/12/05/6:54, 1764885294, 6701864, 184590796736912.4
2025/12/05/6:54, 1764885295, 6701865, 184588126553337.5
2025/12/05/6:54, 1764885297, 6701866, 185211466074707.3
2025/12/05/6:54, 1764885298, 6701867, 185555132890267.4
2025/12/05/6:54, 1764885299, 6701868, 185443023878404.9
2025/12/05/6:55, 1764885301, 6701869, 184898474121671.5
2025/12/05/6:55, 1764885302, 6701870, 185826575754910.5
2025/12/05/6:55, 1764885303, 6701871, 185474924187499.1
2025/12/05/6:55, 1764885305, 6701872, 185052583702239.8
2025/12/05/6:55, 1764885306, 6701873, 185279691199977.6
2025/12/05/6:55, 1764885308, 6701874, 184855235206959.4
2025/12/05/6:55, 1764885309, 6701875, 185017355338255.6
2025/12/05/6:55, 1764885310, 6701876, 185666326042062.2
2025/12/05/6:55, 1764885312, 6701877, 185089269702670.3
2025/12/05/6:55, 1764885313, 6701878, 185001179443549.4
2025/12/05/6:55, 1764885314, 6701879, 184687955300638.9
2025/12/05/6:55, 1764885316, 6701880, 185431917462663.1
2025/12/05/6:55, 1764885317, 6701881, 185360906058877.2
2025/12/05/6:55, 1764885318, 6701882, 185265863002910.2
2025/12/05/6:55, 1764885320, 6701883, 185095835516389
2025/12/05/6:55, 1764885321, 6701884, 184736663576878.2
2025/12/05/6:55, 1764885323, 6701885, 184426187014167.9
2025/12/05/6:55, 1764885324, 6701886, 184848166315174.5
2025/12/05/6:55, 1764885325, 6701887, 184857647401783.4
2025/12/05/6:55, 1764885327, 6701888, 184665265189965.5
2025/12/05/6:55, 1764885328, 6701889, 184786648897435.8
2025/12/05/6:55, 1764885329, 6701890, 185020283510581.2
2025/12/05/6:55, 1764885331, 6701891, 184868366834400
2025/12/05/6:55, 1764885332, 6701892, 184910651190730.8
2025/12/05/6:55, 1764885333, 6701893, 184916120552259.1
2025/12/05/6:55, 1764885335, 6701894, 184242215235641.8
2025/12/05/6:55, 1764885336, 6701895, 184869501984904
2025/12/05/6:55, 1764885337, 6701896, 184141238438396.3
2025/12/05/6:55, 1764885339, 6701897, 184021996037560.2
2025/12/05/6:55, 1764885340, 6701898, 184796800754799
2025/12/05/6:55, 1764885342, 6701899, 185000018494170
2025/12/05/6:55, 1764885343, 6701900, 184666619630911
2025/12/05/6:55, 1764885344, 6701901, 183980021267731.7
2025/12/05/6:55, 1764885346, 6701902, 184583508554690.7
2025/12/05/6:55, 1764885347, 6701903, 184492412726619.3
2025/12/05/6:55, 1764885348, 6701904, 184890012090630.3
2025/12/05/6:55, 1764885350, 6701905, 185112811176223.2
2025/12/05/6:55, 1764885351, 6701906, 184970943161901.4
2025/12/05/6:55, 1764885352, 6701907, 184513490407596.5
2025/12/05/6:55, 1764885354, 6701908, 183798990560968.3
2025/12/05/6:55, 1764885355, 6701909, 185161209865960.8
2025/12/05/6:55, 1764885357, 6701910, 184627005458152.5
2025/12/05/6:55, 1764885358, 6701911, 184597194857945.5
2025/12/05/6:55, 1764885359, 6701912, 185041670778060.8
2025/12/05/6:56, 1764885361, 6701913, 185113559343602
2025/12/05/6:56, 1764885362, 6701914, 184695295080612.1
2025/12/05/6:56, 1764885363, 6701915, 185028939033186.1
2025/12/05/6:56, 1764885365, 6701916, 184771259868422.7
2025/12/05/6:56, 1764885366, 6701917, 184954006200382.6
2025/12/05/6:56, 1764885367, 6701918, 185313990804460.1
2025/12/05/6:56, 1764885369, 6701919, 185195948051319.2
2025/12/05/6:56, 1764885370, 6701920, 184823502590554.8
2025/12/05/6:56, 1764885371, 6701921, 184629933630480.8
2025/12/05/6:56, 1764885373, 6701922, 184946214940093.2
2025/12/05/6:56, 1764885374, 6701923, 184536915786210.8
2025/12/05/6:56, 1764885376, 6701924, 184648805507635.1
2025/12/05/6:56, 1764885377, 6701925, 184599310365705.4
2025/12/05/6:56, 1764885378, 6701926, 185273138285696.4
2025/12/05/6:56, 1764885380, 6701927, 183674317496920.1
2025/12/05/6:56, 1764885381, 6701928, 185044805341390.1
2025/12/05/6:56, 1764885382, 6701929, 185037220472101.7
2025/12/05/6:56, 1764885384, 6701930, 185149806763153.5
2025/12/05/6:56, 1764885385, 6701931, 184911567050797.7
2025/12/05/6:56, 1764885386, 6701932, 185157185241440.2
2025/12/05/6:56, 1764885388, 6701933, 184750220885756.8
2025/12/05/6:56, 1764885389, 6701934, 185340653941903.7
2025/12/05/6:56, 1764885391, 6701935, 185155663107807.1
2025/12/05/6:56, 1764885392, 6701936, 185114823488482
2025/12/05/6:56, 1764885393, 6701937, 184831487342406.1
2025/12/05/6:56, 1764885395, 6701938, 184700222665761.1
2025/12/05/6:56, 1764885396, 6701939, 185248951840265.6
2025/12/05/6:56, 1764885397, 6701940, 184993684870326.2
2025/12/05/6:56, 1764885399, 6701941, 185074680438786.7
2025/12/05/6:56, 1764885400, 6701942, 184763352513196.5
2025/12/05/6:56, 1764885401, 6701943, 185049591032724.6
2025/12/05/6:56, 1764885403, 6701944, 185178508011732.7
2025/12/05/6:56, 1764885404, 6701945, 184790557427017.4
2025/12/05/6:56, 1764885405, 6701946, 185162396614216.6
2025/12/05/6:56, 1764885407, 6701947, 184717495012659.8
2025/12/05/6:56, 1764885408, 6701948, 185060078275465.4
2025/12/05/6:56, 1764885410, 6701949, 185376720769329.5
2025/12/05/6:56, 1764885411, 6701950, 185139551710292.6
2025/12/05/6:56, 1764885412, 6701951, 184397550262778.3
2025/12/05/6:56, 1764885414, 6701952, 184794001576846.7
2025/12/05/6:56, 1764885415, 6701953, 184756941492727.9
2025/12/05/6:56, 1764885416, 6701954, 184912908592305.1
2025/12/05/6:56, 1764885418, 6701955, 184859595216856.6
2025/12/05/6:56, 1764885419, 6701956, 184770021522416.1
2025/12/05/6:57, 1764885420, 6701957, 184665768268031.4
2025/12/05/6:57, 1764885422, 6701958, 184936450065858
2025/12/05/6:57, 1764885423, 6701959, 184391577823186
2025/12/05/6:57, 1764885425, 6701960, 185039619767488.1
2025/12/05/6:57, 1764885426, 6701961, 185293674190296.4
2025/12/05/6:57, 1764885427, 6701962, 185010841122286.1
2025/12/05/6:57, 1764885429, 6701963, 184392209895626.2
2025/12/05/6:57, 1764885430, 6701964, 184318824995328.2
2025/12/05/6:57, 1764885431, 6701965, 184634448433626.4
2025/12/05/6:57, 1764885433, 6701966, 184344675468206
2025/12/05/6:57, 1764885434, 6701967, 184380922887760
2025/12/05/6:57, 1764885435, 6701968, 184366643210376.4
2025/12/05/6:57, 1764885437, 6701969, 184567061771796.2
2025/12/05/6:57, 1764885438, 6701970, 184194190629592.9
2025/12/05/6:57, 1764885439, 6701971, 184283983614470.3
2025/12/05/6:57, 1764885441, 6701972, 183976628715651.5
2025/12/05/6:57, 1764885442, 6701973, 184305293485324.8
2025/12/05/6:57, 1764885444, 6701974, 184496437351137.2
2025/12/05/6:57, 1764885445, 6701975, 184791576482585.8
2025/12/05/6:57, 1764885446, 6701976, 184793550096531.5
2025/12/05/6:57, 1764885448, 6701977, 184802811892702.5
2025/12/05/6:57, 1764885449, 6701978, 184445045991885.9
2025/12/05/6:57, 1764885450, 6701979, 184568648402616.2
2025/12/05/6:57, 1764885452, 6701980, 184899080395237.8
2025/12/05/6:57, 1764885453, 6701981, 184491032486798.2
2025/12/05/6:57, 1764885454, 6701982, 184739643346955.9
2025/12/05/6:57, 1764885456, 6701983, 184868586124837.1
2025/12/05/6:57, 1764885457, 6701984, 184524093745273.2
2025/12/05/6:57, 1764885459, 6701985, 184641272236098.2
2025/12/05/6:57, 1764885460, 6701986, 184899918858679.9
2025/12/05/6:57, 1764885461, 6701987, 184312517170361.8
2025/12/05/6:57, 1764885463, 6701988, 185307437890176.1
2025/12/05/6:57, 1764885464, 6701989, 184971497837716.4
2025/12/05/6:57, 1764885465, 6701990, 184706852976669
2025/12/05/6:57, 1764885467, 6701991, 184393022560194.4
2025/12/05/6:57, 1764885468, 6701992, 184453495123490.4
2025/12/05/6:57, 1764885469, 6701993, 185166472836485.2
2025/12/05/6:57, 1764885471, 6701994, 185188182589904.4
2025/12/05/6:57, 1764885472, 6701995, 184813066945566
2025/12/05/6:57, 1764885473, 6701996, 184258262135969.8
2025/12/05/6:57, 1764885475, 6701997, 184997644997657.5
2025/12/05/6:57, 1764885476, 6701998, 184962442432547.4
2025/12/05/6:57, 1764885478, 6701999, 184050800481639.7
2025/12/05/6:57, 1764885479, 6702000, 184973897133105
2025/12/05/6:58, 1764885480, 6702001, 184644406799425.2
2025/12/05/6:58, 1764885482, 6702002, 184959243372032
2025/12/05/6:58, 1764885483, 6702003, 184944009136270.8
2025/12/05/6:58, 1764885484, 6702004, 184987957520048.4
2025/12/05/6:58, 1764885486, 6702005, 184696314136179.5
2025/12/05/6:58, 1764885487, 6702006, 184334768700158.8
2025/12/05/6:58, 1764885488, 6702007, 185143447340434.9
2025/12/05/6:58, 1764885490, 6702008, 185162783597342
2025/12/05/6:58, 1764885491, 6702009, 184877822122133
2025/12/05/6:58, 1764885493, 6702010, 184854087157017.4
2025/12/05/6:58, 1764885494, 6702011, 184752491186769.2
2025/12/05/6:58, 1764885495, 6702012, 185013962786174.9
2025/12/05/6:58, 1764885497, 6702013, 185003127258623.7
2025/12/05/6:58, 1764885498, 6702014, 185353024502526.9
2025/12/05/6:58, 1764885499, 6702015, 184731478002978.9
2025/12/05/6:58, 1764885501, 6702016, 184902524545067.7
2025/12/05/6:58, 1764885502, 6702017, 185565155753253.1
2025/12/05/6:58, 1764885503, 6702018, 184600497113960.4
2025/12/05/6:58, 1764885505, 6702019, 184689954713462.5
2025/12/05/6:58, 1764885506, 6702020, 185084393715270.2
2025/12/05/6:58, 1764885507, 6702021, 184586552821955.1
2025/12/05/6:58, 1764885509, 6702022, 184584424414757.5
2025/12/05/6:58, 1764885510, 6702023, 185343711108605.7
2025/12/05/6:58, 1764885512, 6702024, 184921963997475.2
2025/12/05/6:58, 1764885513, 6702025, 184859995099421.6
2025/12/05/6:58, 1764885514, 6702026, 184484518270828.7
2025/12/05/6:58, 1764885516, 6702027, 185222082311821.8
2025/12/05/6:58, 1764885517, 6702028, 184805043495400.9
2025/12/05/6:58, 1764885518, 6702029, 184767480333217.5
2025/12/05/6:58, 1764885520, 6702030, 184893456240459.7
2025/12/05/6:58, 1764885521, 6702031, 184267562630453.7
2025/12/05/6:58, 1764885522, 6702032, 185110914958900.3
2025/12/05/6:58, 1764885524, 6702033, 185172845158642.9
2025/12/05/6:58, 1764885525, 6702034, 184724692898819.3
2025/12/05/6:58, 1764885527, 6702035, 184430327733626.9
2025/12/05/6:58, 1764885528, 6702036, 185099795643722.2
2025/12/05/6:58, 1764885529, 6702037, 184728717523339.3
2025/12/05/6:58, 1764885531, 6702038, 184607927189996.4
2025/12/05/6:58, 1764885532, 6702039, 184344430378893.1
2025/12/05/6:58, 1764885533, 6702040, 184974426010045.4
2025/12/05/6:58, 1764885535, 6702041, 184309111718843.9
2025/12/05/6:58, 1764885536, 6702042, 185237884122836.5
2025/12/05/6:58, 1764885537, 6702043, 185114023723354.3
2025/12/05/6:58, 1764885539, 6702044, 184653797589972.6
2025/12/05/6:59, 1764885540, 6702045, 184845341338349.2
2025/12/05/6:59, 1764885541, 6702046, 184614325311027.3
2025/12/05/6:59, 1764885543, 6702047, 184508098442695.2
2025/12/05/6:59, 1764885544, 6702048, 184683285704240.6
2025/12/05/6:59, 1764885546, 6702049, 184742777910282.9
2025/12/05/6:59, 1764885547, 6702050, 184460422121461.6
2025/12/05/6:59, 1764885548, 6702051, 184800541591690.5
2025/12/05/6:59, 1764885550, 6702052, 184562172884960.6
2025/12/05/6:59, 1764885551, 6702053, 184937727110177.2
2025/12/05/6:59, 1764885552, 6702054, 185169362310499.5
2025/12/05/6:59, 1764885554, 6702055, 184964570839746.4
2025/12/05/6:59, 1764885555, 6702056, 185239741641845.5
2025/12/05/6:59, 1764885556, 6702057, 185368116844473.8
2025/12/05/6:59, 1764885558, 6702058, 184806552729596.6
2025/12/05/6:59, 1764885559, 6702059, 184744712825917
2025/12/05/6:59, 1764885561, 6702060, 184635016008879.5
2025/12/05/6:59, 1764885562, 6702061, 184881988640465.2
2025/12/05/6:59, 1764885563, 6702062, 184674810773763.7
2025/12/05/6:59, 1764885565, 6702063, 184714399147645.1
2025/12/05/6:59, 1764885566, 6702064, 185576068677432.4
2025/12/05/6:59, 1764885567, 6702065, 185208808790567.9
2025/12/05/6:59, 1764885569, 6702066, 184741410569902.1
2025/12/05/6:59, 1764885570, 6702067, 184698197454064.1
2025/12/05/6:59, 1764885571, 6702068, 185169916986314.6
2025/12/05/6:59, 1764885573, 6702069, 184857711898972.9
2025/12/05/6:59, 1764885574, 6702070, 185184209563136.2
2025/12/05/6:59, 1764885575, 6702071, 185140725559109.1
2025/12/05/6:59, 1764885577, 6702072, 184987041659980.3
2025/12/05/6:59, 1764885578, 6702073, 184818123525090.5
2025/12/05/6:59, 1764885580, 6702074, 184972439496659
2025/12/05/6:59, 1764885581, 6702075, 185259542278504.4
2025/12/05/6:59, 1764885582, 6702076, 184979327796317.6
2025/12/05/6:59, 1764885584, 6702077, 183644365002896.2
2025/12/05/6:59, 1764885585, 6702078, 184896603703224.6
2025/12/05/6:59, 1764885586, 6702079, 185220121597312.3
2025/12/05/6:59, 1764885588, 6702080, 185059742890087.2
2025/12/05/6:59, 1764885589, 6702081, 185104258849119.1
2025/12/05/6:59, 1764885590, 6702082, 184985145442660
2025/12/05/6:59, 1764885592, 6702083, 184511955374527.7
2025/12/05/6:59, 1764885593, 6702084, 185097460845523.1
2025/12/05/6:59, 1764885595, 6702085, 184772794901493.9
2025/12/05/6:59, 1764885596, 6702086, 184659924822813.4
2025/12/05/6:59, 1764885597, 6702087, 184735605822997.5
2025/12/05/6:59, 1764885599, 6702088, 184708839490054.9
2025/12/05/7:00, 1764885600, 6702089, 185244617629245.3
2025/12/05/7:00, 1764885601, 6702090, 185119531783194
2025/12/05/7:00, 1764885603, 6702091, 185102014346982.7
2025/12/05/7:00, 1764885604, 6702092, 184594098992929.8
2025/12/05/7:00, 1764885605, 6702093, 184931483782395
2025/12/05/7:00, 1764885607, 6702094, 185066463497058.3
2025/12/05/7:00, 1764885608, 6702095, 185286411806948.2
2025/12/05/7:00, 1764885609, 6702096, 184541185500044.1
2025/12/05/7:00, 1764885611, 6702097, 184213217299999.8
2025/12/05/7:00, 1764885612, 6702098, 184744067854040.2
2025/12/05/7:00, 1764885614, 6702099, 184978940813190.7
2025/12/05/7:00, 1764885615, 6702100, 185329844213225.2
2025/12/05/7:00, 1764885616, 6702101, 184865877242948.7
2025/12/05/7:00, 1764885618, 6702102, 184740494709835.2
2025/12/05/7:00, 1764885619, 6702103, 184828094790325.9
2025/12/05/7:00, 1764885620, 6702104, 184567397157172.3
2025/12/05/7:00, 1764885622, 6702105, 184591480407104
2025/12/05/7:00, 1764885623, 6702106, 184791576482585.8
2025/12/05/7:00, 1764885624, 6702107, 184956740881145.1
2025/12/05/7:00, 1764885626, 6702108, 184306415736393
2025/12/05/7:00, 1764885627, 6702109, 184760282447056.5
2025/12/05/7:00, 1764885629, 6702110, 183779770398997.8
2025/12/05/7:00, 1764885630, 6702111, 185091049825054.2
2025/12/05/7:00, 1764885631, 6702112, 185354301546843.6
2025/12/05/7:00, 1764885633, 6702113, 184863116763310.9
2025/12/05/7:00, 1764885634, 6702114, 184923692522107.7
2025/12/05/7:00, 1764885635, 6702115, 185024321034539.6
2025/12/05/7:00, 1764885637, 6702116, 185284347896939.9
2025/12/05/7:00, 1764885638, 6702117, 184834841196172.7
2025/12/05/7:00, 1764885639, 6702118, 184434210464332.9
2025/12/05/7:00, 1764885641, 6702119, 185246746036442.8
2025/12/05/7:00, 1764885642, 6702120, 184683130910990.5
2025/12/05/7:00, 1764885643, 6702121, 185071300786144.5
2025/12/05/7:00, 1764885645, 6702122, 184583882638380.1
2025/12/05/7:00, 1764885646, 6702123, 184680086643726.5
2025/12/05/7:00, 1764885648, 6702124, 184364966283493.2
2025/12/05/7:00, 1764885649, 6702125, 184268478490520.9
2025/12/05/7:00, 1764885650, 6702126, 184839484993694.7
2025/12/05/7:00, 1764885652, 6702127, 184628334100222.3
2025/12/05/7:00, 1764885653, 6702128, 184811144929369.8
2025/12/05/7:00, 1764885654, 6702129, 184647425267816.8
2025/12/05/7:00, 1764885656, 6702130, 184629727239479.7
2025/12/05/7:00, 1764885657, 6702131, 184576891143220.5
2025/12/05/7:00, 1764885658, 6702132, 184844876958596.4
2025/12/05/7:01, 1764885660, 6702133, 184888902739000.1
2025/12/05/7:01, 1764885661, 6702134, 184737115057193.2
2025/12/05/7:01, 1764885663, 6702135, 184707252859234.4
2025/12/05/7:01, 1764885664, 6702136, 184795201224540.9
2025/12/05/7:01, 1764885665, 6702137, 185100750202100.1
2025/12/05/7:01, 1764885667, 6702138, 184821154892916.9
2025/12/05/7:01, 1764885668, 6702139, 184902124662502.7
2025/12/05/7:01, 1764885669, 6702140, 184575252914648.7
2025/12/05/7:01, 1764885671, 6702141, 184738572693637
2025/12/05/7:01, 1764885672, 6702142, 185021147772898.8
2025/12/05/7:01, 1764885673, 6702143, 184444478416634
2025/12/05/7:01, 1764885675, 6702144, 184449096415280.8
2025/12/05/7:01, 1764885676, 6702145, 184868702219775.8
2025/12/05/7:01, 1764885677, 6702146, 184749653310504
2025/12/05/7:01, 1764885679, 6702147, 184706001613789.8
2025/12/05/7:01, 1764885680, 6702148, 184674243198510.6
2025/12/05/7:01, 1764885682, 6702149, 184595505031623.2
2025/12/05/7:01, 1764885683, 6702150, 185051951629799.9
2025/12/05/7:01, 1764885684, 6702151, 184556406836369.9
2025/12/05/7:01, 1764885686, 6702152, 185003204655248.5
2025/12/05/7:01, 1764885687, 6702153, 184567152067858.8
2025/12/05/7:01, 1764885688, 6702154, 185089566389733.1
2025/12/05/7:01, 1764885690, 6702155, 185031015842634.9
2025/12/05/7:01, 1764885691, 6702156, 184898719210984.4
2025/12/05/7:01, 1764885692, 6702157, 184858782552290.6
2025/12/05/7:01, 1764885694, 6702158, 184538270227156.2
2025/12/05/7:01, 1764885695, 6702159, 184890076587817.4
2025/12/05/7:01, 1764885697, 6702160, 185351321776767.7
2025/12/05/7:01, 1764885698, 6702161, 184912470011428.6
2025/12/05/7:01, 1764885699, 6702162, 184951465011180.9
2025/12/05/7:01, 1764885701, 6702163, 184978502232313.8
2025/12/05/7:01, 1764885702, 6702164, 184118599925472.4
2025/12/05/7:01, 1764885703, 6702165, 184690651283089.6
2025/12/05/7:01, 1764885705, 6702166, 184943544756518.5
2025/12/05/7:01, 1764885706, 6702167, 183754797087876.8
2025/12/05/7:01, 1764885707, 6702168, 185223772138143.1
2025/12/05/7:01, 1764885709, 6702169, 184636538142513
2025/12/05/7:01, 1764885710, 6702170, 184953593418380.2
2025/12/05/7:01, 1764885711, 6702171, 184997038724092.8
2025/12/05/7:01, 1764885713, 6702172, 184686175178254.9
2025/12/05/7:01, 1764885714, 6702173, 184693011880164.5
2025/12/05/7:01, 1764885716, 6702174, 184924182700735.9
2025/12/05/7:01, 1764885717, 6702175, 184792892225215.6
2025/12/05/7:01, 1764885718, 6702176, 184553646356732.1
2025/12/05/7:02, 1764885720, 6702177, 184563050046714.1
2025/12/05/7:02, 1764885721, 6702178, 185072500433837.5
2025/12/05/7:02, 1764885722, 6702179, 184918107065642.7
2025/12/05/7:02, 1764885724, 6702180, 183723425655722.8
2025/12/05/7:02, 1764885725, 6702181, 184346661981591.5
2025/12/05/7:02, 1764885726, 6702182, 184659950621689.1
2025/12/05/7:02, 1764885728, 6702183, 185040845214056.8
2025/12/05/7:02, 1764885729, 6702184, 185100556710538.8
2025/12/05/7:02, 1764885731, 6702185, 185128367897923.6
2025/12/05/7:02, 1764885732, 6702186, 184687942401201
2025/12/05/7:02, 1764885733, 6702187, 184909696632350.6
2025/12/05/7:02, 1764885735, 6702188, 184853764671078.7
2025/12/05/7:02, 1764885736, 6702189, 184682614933487.5
2025/12/05/7:02, 1764885737, 6702190, 184930787212768.2
2025/12/05/7:02, 1764885739, 6702191, 184527576593416.3
2025/12/05/7:02, 1764885740, 6702192, 184464343550480.1
2025/12/05/7:02, 1764885741, 6702193, 184380690697882.6
2025/12/05/7:02, 1764885743, 6702194, 185448235251181.3
2025/12/05/7:02, 1764885744, 6702195, 185180571921743.3
2025/12/05/7:02, 1764885745, 6702196, 185517505230894.3
2025/12/05/7:02, 1764885747, 6702197, 184428960393243.8
2025/12/05/7:02, 1764885748, 6702198, 184733464516361.9
2025/12/05/7:02, 1764885750, 6702199, 184368294338383.8
2025/12/05/7:02, 1764885751, 6702200, 184692818388600.8
2025/12/05/7:02, 1764885752, 6702201, 184259152197162.3
2025/12/05/7:02, 1764885754, 6702202, 185029596904502
2025/12/05/7:02, 1764885755, 6702203, 184655035935978.1
2025/12/05/7:02, 1764885756, 6702204, 184918042568455.8
2025/12/05/7:02, 1764885758, 6702205, 184783282144231.2
2025/12/05/7:02, 1764885759, 6702206, 184892914464082.6
2025/12/05/7:02, 1764885760, 6702207, 185228854516542.1
2025/12/05/7:02, 1764885762, 6702208, 184733761203426.4
2025/12/05/7:02, 1764885763, 6702209, 184530956246056.4
2025/12/05/7:02, 1764885765, 6702210, 185061523012471.3
2025/12/05/7:02, 1764885766, 6702211, 185219528223183.2
2025/12/05/7:02, 1764885767, 6702212, 185318389512669.1
2025/12/05/7:02, 1764885769, 6702213, 184490890592986.1
2025/12/05/7:02, 1764885770, 6702214, 184122882538742.6
2025/12/05/7:02, 1764885771, 6702215, 185063096743853.8
2025/12/05/7:02, 1764885773, 6702216, 185192168516110.8
2025/12/05/7:02, 1764885774, 6702217, 184869798671968.7
2025/12/05/7:02, 1764885775, 6702218, 184209863446233.2
2025/12/05/7:02, 1764885777, 6702219, 184772769102618.3
2025/12/05/7:02, 1764885778, 6702220, 185136494543588.1
2025/12/05/7:02, 1764885779, 6702221, 184374692459415.9
2025/12/05/7:03, 1764885781, 6702222, 185226493919468.2
2025/12/05/7:03, 1764885782, 6702223, 185299994914702.1
2025/12/05/7:03, 1764885784, 6702224, 184821025898542.6
2025/12/05/7:03, 1764885785, 6702225, 184481267612563.8
2025/12/05/7:03, 1764885786, 6702226, 184741784653591.5
2025/12/05/7:03, 1764885788, 6702227, 185033815020586.2
2025/12/05/7:03, 1764885789, 6702228, 184548963860895.9
2025/12/05/7:03, 1764885790, 6702229, 185104181452493.9
2025/12/05/7:03, 1764885792, 6702230, 184977573472809.3
2025/12/05/7:03, 1764885793, 6702231, 184821464479420
2025/12/05/7:03, 1764885794, 6702232, 184628953273225.7
2025/12/05/7:03, 1764885796, 6702233, 184102320835268.7
2025/12/05/7:03, 1764885797, 6702234, 184707343155297.3
2025/12/05/7:03, 1764885799, 6702235, 184585391872573.2
2025/12/05/7:03, 1764885800, 6702236, 184268027010205.9
2025/12/05/7:03, 1764885801, 6702237, 184844386779968
2025/12/05/7:03, 1764885803, 6702238, 184851674962192.4
2025/12/05/7:03, 1764885804, 6702239, 185090095266673.7
2025/12/05/7:03, 1764885805, 6702240, 184725505563385.5
2025/12/05/7:03, 1764885807, 6702241, 184876467681189.9
2025/12/05/7:03, 1764885808, 6702242, 184722499994433.7
2025/12/05/7:03, 1764885809, 6702243, 185169968584065.7
2025/12/05/7:03, 1764885811, 6702244, 184832532196849.1
2025/12/05/7:03, 1764885812, 6702245, 184588384542088.8
2025/12/05/7:03, 1764885813, 6702246, 184740585005898.1
2025/12/05/7:03, 1764885815, 6702247, 184300391699051.8
2025/12/05/7:03, 1764885816, 6702248, 185173709420957.8
2025/12/05/7:03, 1764885818, 6702249, 184989221664928.6
2025/12/05/7:03, 1764885819, 6702250, 184828507572328.2
2025/12/05/7:03, 1764885820, 6702251, 185284941271066.2
2025/12/05/7:03, 1764885822, 6702252, 185383144689236.1
2025/12/05/7:03, 1764885823, 6702253, 184070394727297.8
2025/12/05/7:03, 1764885824, 6702254, 184782366284165
2025/12/05/7:03, 1764885826, 6702255, 184652778534403.9
2025/12/05/7:03, 1764885827, 6702256, 184517747221991.8
2025/12/05/7:03, 1764885828, 6702257, 184870766129786.4
2025/12/05/7:03, 1764885830, 6702258, 184731516701290.1
2025/12/05/7:03, 1764885831, 6702259, 184838917418442
2025/12/05/7:03, 1764885833, 6702260, 184501261740785.6
2025/12/05/7:03, 1764885834, 6702261, 184840104166697.4
2025/12/05/7:03, 1764885835, 6702262, 184709445763619.2
2025/12/05/7:03, 1764885837, 6702263, 184906445974084.9
2025/12/05/7:03, 1764885838, 6702264, 184589055312842
2025/12/05/7:03, 1764885839, 6702265, 184462176444968.9
2025/12/05/7:04, 1764885841, 6702266, 184673675623257.6
2025/12/05/7:04, 1764885842, 6702267, 184750685265509
2025/12/05/7:04, 1764885843, 6702268, 184828004494263.1
2025/12/05/7:04, 1764885845, 6702269, 184713160801637.4
2025/12/05/7:04, 1764885846, 6702270, 185174715577089.6
2025/12/05/7:04, 1764885847, 6702271, 184860291786483.7
2025/12/05/7:04, 1764885849, 6702272, 184479706780618.9
2025/12/05/7:04, 1764885850, 6702273, 184904059578136.5
2025/12/05/7:04, 1764885852, 6702274, 184510394542580.8
2025/12/05/7:04, 1764885853, 6702275, 185152296354604.9
2025/12/05/7:04, 1764885854, 6702276, 184229315798078.7
2025/12/05/7:04, 1764885856, 6702277, 184778238464144.4
2025/12/05/7:04, 1764885857, 6702278, 184891727715827.2
2025/12/05/7:04, 1764885858, 6702279, 184863877830126.6
2025/12/05/7:04, 1764885860, 6702280, 185017639125882.1
2025/12/05/7:04, 1764885861, 6702281, 185119170598942.6
2025/12/05/7:04, 1764885862, 6702282, 184695359577801.9
2025/12/05/7:04, 1764885864, 6702283, 184556303640869.1
2025/12/05/7:04, 1764885865, 6702284, 184941506645383.5
2025/12/05/7:04, 1764885867, 6702285, 184441937227433.4
2025/12/05/7:04, 1764885868, 6702286, 184651682082211.5
2025/12/05/7:04, 1764885869, 6702287, 184992382027132.1
2025/12/05/7:04, 1764885871, 6702288, 184411094672218.7
2025/12/05/7:04, 1764885872, 6702289, 184955992713766.3
2025/12/05/7:04, 1764885873, 6702290, 185059717091211.8
2025/12/05/7:04, 1764885875, 6702291, 184597556042196.9
2025/12/05/7:04, 1764885876, 6702292, 185145304859445.2
2025/12/05/7:04, 1764885877, 6702293, 185507624261720.7
2025/12/05/7:04, 1764885879, 6702294, 185417637785279.5
2025/12/05/7:04, 1764885880, 6702295, 184574156462456.1
2025/12/05/7:04, 1764885881, 6702296, 184710245528749.5
2025/12/05/7:04, 1764885883, 6702297, 184893404642710.5
2025/12/05/7:04, 1764885884, 6702298, 185124343273404.5
2025/12/05/7:04, 1764885886, 6702299, 184737824526258.2
2025/12/05/7:04, 1764885887, 6702300, 185250744862087.4
2025/12/05/7:04, 1764885888, 6702301, 184484079689952.9
2025/12/05/7:04, 1764885890, 6702302, 184324397552356.9
2025/12/05/7:04, 1764885891, 6702303, 184740378614895.9
2025/12/05/7:04, 1764885892, 6702304, 184842774350274.9
2025/12/05/7:04, 1764885894, 6702305, 184316025817378.4
2025/12/05/7:04, 1764885895, 6702306, 184862729780183.4
2025/12/05/7:04, 1764885896, 6702307, 184576710551094.7
2025/12/05/7:04, 1764885898, 6702308, 184719765313669.5
2025/12/05/7:04, 1764885899, 6702309, 184932657631215.2
2025/12/05/7:05, 1764885901, 6702310, 185454697869399.1
2025/12/05/7:05, 1764885902, 6702311, 184343617714325.1
2025/12/05/7:05, 1764885903, 6702312, 184087267191631.2
2025/12/05/7:05, 1764885905, 6702313, 184084390617054.8
2025/12/05/7:05, 1764885906, 6702314, 184666980815160.8
2025/12/05/7:05, 1764885907, 6702315, 184926453001745.6
2025/12/05/7:05, 1764885909, 6702316, 184411430057596.6
2025/12/05/7:05, 1764885910, 6702317, 184575846288776.8
2025/12/05/7:05, 1764885911, 6702318, 184987480240859
2025/12/05/7:05, 1764885913, 6702319, 185071919959147.8
2025/12/05/7:05, 1764885914, 6702320, 185089205205483.2
2025/12/05/7:05, 1764885915, 6702321, 185202346172350.2
2025/12/05/7:05, 1764885917, 6702322, 185241908747356.7
2025/12/05/7:05, 1764885918, 6702323, 185452143780763
2025/12/05/7:05, 1764885920, 6702324, 185023637364349.2
2025/12/05/7:05, 1764885921, 6702325, 185185396311391.6
2025/12/05/7:05, 1764885922, 6702326, 184834609006295.4
2025/12/05/7:05, 1764885924, 6702327, 185098247711214.5
2025/12/05/7:05, 1764885925, 6702328, 184590616144786.4
2025/12/05/7:05, 1764885926, 6702329, 185446661519796.5
2025/12/05/7:05, 1764885928, 6702330, 184736237895437.8
2025/12/05/7:05, 1764885929, 6702331, 184997116120719
2025/12/05/7:05, 1764885930, 6702332, 185265295427657.4
2025/12/05/7:05, 1764885932, 6702333, 184880402009645.1
2025/12/05/7:05, 1764885933, 6702334, 185339996070587.8
2025/12/05/7:05, 1764885935, 6702335, 185637998877174.2
2025/12/05/7:05, 1764885936, 6702336, 184753742432211.4
2025/12/05/7:05, 1764885937, 6702337, 184523371376770.4
2025/12/05/7:05, 1764885939, 6702338, 184555607071239.5
2025/12/05/7:05, 1764885940, 6702339, 185508888406603.2
2025/12/05/7:05, 1764885941, 6702340, 184777296805202.3
2025/12/05/7:05, 1764885943, 6702341, 184859014742165.5
2025/12/05/7:05, 1764885944, 6702342, 184970762569775.7
2025/12/05/7:05, 1764885945, 6702343, 184574930428710.9
2025/12/05/7:05, 1764885947, 6702344, 185257994345997.9
2025/12/05/7:05, 1764885948, 6702345, 184349461159542.9
2025/12/05/7:05, 1764885949, 6702346, 184910328704793
2025/12/05/7:05, 1764885951, 6702347, 184645013072992
2025/12/05/7:05, 1764885952, 6702348, 184675675036078.6
2025/12/05/7:05, 1764885954, 6702349, 185086767211783.3
2025/12/05/7:05, 1764885955, 6702350, 184854370944643
2025/12/05/7:05, 1764885956, 6702351, 184507182582628.7
2025/12/05/7:05, 1764885958, 6702352, 185107225719758.2
2025/12/05/7:05, 1764885959, 6702353, 184710000439434.2
2025/12/05/7:06, 1764885960, 6702354, 184654468360724.9
2025/12/05/7:06, 1764885962, 6702355, 184948730330418.1
2025/12/05/7:06, 1764885963, 6702356, 184787603455814.5
2025/12/05/7:06, 1764885964, 6702357, 184898667613235.4
2025/12/05/7:06, 1764885966, 6702358, 184799677329374.6
2025/12/05/7:06, 1764885967, 6702359, 184539753662475.9
2025/12/05/7:06, 1764885969, 6702360, 184976399623992
2025/12/05/7:06, 1764885970, 6702361, 184897429267228.5
2025/12/05/7:06, 1764885971, 6702362, 184959088578782.2
2025/12/05/7:06, 1764885973, 6702363, 185269655437553.3
2025/12/05/7:06, 1764885974, 6702364, 184722177508495.2
2025/12/05/7:06, 1764885975, 6702365, 185524522524929.9
2025/12/05/7:06, 1764885977, 6702366, 184915372384880.9
2025/12/05/7:06, 1764885978, 6702367, 184253076562068.8
2025/12/05/7:06, 1764885979, 6702368, 183994288045674.8
2025/12/05/7:06, 1764885981, 6702369, 184574840132647.6
2025/12/05/7:06, 1764885982, 6702370, 185481902783220.8
2025/12/05/7:06, 1764885983, 6702371, 184742726312533.7
2025/12/05/7:06, 1764885985, 6702372, 184727930657649.2
2025/12/05/7:06, 1764885986, 6702373, 184646754497062.5
2025/12/05/7:06, 1764885988, 6702374, 184676371605708.4
2025/12/05/7:06, 1764885989, 6702375, 184867244583331.8
2025/12/05/7:06, 1764885990, 6702376, 184688097194453.4
2025/12/05/7:06, 1764885992, 6702377, 183826040681537.5
2025/12/05/7:06, 1764885993, 6702378, 184531743111749.3
2025/12/05/7:06, 1764885994, 6702379, 184381296971449.4
2025/12/05/7:06, 1764885996, 6702380, 184556239143681.8
2025/12/05/7:06, 1764885997, 6702381, 185267475432606.6
2025/12/05/7:06, 1764885998, 6702382, 184960159232098.6
2025/12/05/7:06, 1764886000, 6702383, 184737115057193
2025/12/05/7:06, 1764886001, 6702384, 184877177150255.1
2025/12/05/7:06, 1764886003, 6702385, 184740997787900.1
2025/12/05/7:06, 1764886004, 6702386, 184446323036205.1
2025/12/05/7:06, 1764886005, 6702387, 184817414056023.9
2025/12/05/7:06, 1764886007, 6702388, 184944705705899.1
2025/12/05/7:06, 1764886008, 6702389, 184945711862027.3
2025/12/05/7:06, 1764886009, 6702390, 184265395524942.5
2025/12/05/7:06, 1764886011, 6702391, 184802915088203.4
2025/12/05/7:06, 1764886012, 6702392, 184773672063246.8
2025/12/05/7:06, 1764886013, 6702393, 184888928537875.7
2025/12/05/7:06, 1764886015, 6702394, 184238538895936.7
2025/12/05/7:06, 1764886016, 6702395, 184924182700735.9
2025/12/05/7:06, 1764886017, 6702396, 185172922555266.9
2025/12/05/7:06, 1764886019, 6702397, 184639569510339.2
2025/12/05/7:07, 1764886020, 6702398, 184631533160738.8
2025/12/05/7:07, 1764886022, 6702399, 184541108103418.6
2025/12/05/7:07, 1764886023, 6702400, 184573937172016.8
2025/12/05/7:07, 1764886024, 6702401, 185328863855969.1
2025/12/05/7:07, 1764886026, 6702402, 184525860968219.4
2025/12/05/7:07, 1764886027, 6702403, 184346829674279.5
2025/12/05/7:07, 1764886028, 6702404, 184843096836212.3
2025/12/05/7:07, 1764886030, 6702405, 184521939539199.7
2025/12/05/7:07, 1764886031, 6702406, 184678125929216.7
2025/12/05/7:07, 1764886032, 6702407, 185076073578043.4
2025/12/05/7:07, 1764886034, 6702408, 184991556463129.2
2025/12/05/7:07, 1764886035, 6702409, 184206212905401.5
2025/12/05/7:07, 1764886037, 6702410, 185095332438324.1
2025/12/05/7:07, 1764886038, 6702411, 184525435286780.8
2025/12/05/7:07, 1764886039, 6702412, 184444426818882.1
2025/12/05/7:07, 1764886041, 6702413, 185039335979861.6
2025/12/05/7:07, 1764886042, 6702414, 184939249243809.5
2025/12/05/7:07, 1764886043, 6702415, 185215916380666.1
2025/12/05/7:07, 1764886045, 6702416, 184310685450226.4
2025/12/05/7:07, 1764886046, 6702417, 184720642475424.8
2025/12/05/7:07, 1764886047, 6702418, 184850643007187.1
2025/12/05/7:07, 1764886049, 6702419, 184935688999041.2
2025/12/05/7:07, 1764886050, 6702420, 185048713870971.8
2025/12/05/7:07, 1764886051, 6702421, 184477926658234.1
2025/12/05/7:07, 1764886053, 6702422, 184585882051201.1
2025/12/05/7:07, 1764886054, 6702423, 184808397349167.5
2025/12/05/7:07, 1764886056, 6702424, 185027907078181.3
2025/12/05/7:07, 1764886057, 6702425, 184559218913759
2025/12/05/7:07, 1764886058, 6702426, 184930426028516.7
2025/12/05/7:07, 1764886060, 6702427, 185031751110575.6
2025/12/05/7:07, 1764886061, 6702428, 184122637449429.9
2025/12/05/7:07, 1764886062, 6702429, 185278014273096.2
2025/12/05/7:07, 1764886064, 6702430, 183478207347645.2
2025/12/05/7:07, 1764886065, 6702431, 184407508628577.2
2025/12/05/7:07, 1764886066, 6702432, 185063496626419.2
2025/12/05/7:07, 1764886068, 6702433, 184584488911944.4
2025/12/05/7:07, 1764886069, 6702434, 184298353587917.1
2025/12/05/7:07, 1764886071, 6702435, 184647889647568.7
2025/12/05/7:07, 1764886072, 6702436, 184261951375113.1
2025/12/05/7:07, 1764886073, 6702437, 184537754249652.4
2025/12/05/7:07, 1764886075, 6702438, 185024837012040.8
2025/12/05/7:07, 1764886076, 6702439, 184998625354913.3
2025/12/05/7:07, 1764886077, 6702440, 183591516007201.2
2025/12/05/7:07, 1764886079, 6702441, 185346677979245.2
2025/12/05/7:08, 1764886080, 6702442, 184553349669668
2025/12/05/7:08, 1764886081, 6702443, 184989660245805.8
2025/12/05/7:08, 1764886083, 6702444, 184359367927590.2
2025/12/05/7:08, 1764886084, 6702445, 184338264447736.7
2025/12/05/7:08, 1764886085, 6702446, 184558057964377.2
2025/12/05/7:08, 1764886087, 6702447, 184798322888431.2
2025/12/05/7:08, 1764886088, 6702448, 185023018191345.8
2025/12/05/7:08, 1764886090, 6702449, 185234517369631.9
2025/12/05/7:08, 1764886091, 6702450, 184638756845773.5
2025/12/05/7:08, 1764886092, 6702451, 184408979164458.8
2025/12/05/7:08, 1764886094, 6702452, 184472741084334.5
2025/12/05/7:08, 1764886095, 6702453, 184839265703255.8
2025/12/05/7:08, 1764886096, 6702454, 184676152315268.8
2025/12/05/7:08, 1764886098, 6702455, 184823889573682.1
2025/12/05/7:08, 1764886099, 6702456, 185123982089153.1
2025/12/05/7:08, 1764886100, 6702457, 184714618438083.5
2025/12/05/7:08, 1764886102, 6702458, 184907116744838.5
2025/12/05/7:08, 1764886103, 6702459, 184710671210187.9
2025/12/05/7:08, 1764886105, 6702460, 184652378651841.1
2025/12/05/7:08, 1764886106, 6702461, 185267952711796.8
2025/12/05/7:08, 1764886107, 6702462, 184413764855795.7
2025/12/05/7:08, 1764886109, 6702463, 184908858168910.3
2025/12/05/7:08, 1764886110, 6702464, 183841262017863.6
2025/12/05/7:08, 1764886111, 6702465, 184395163866829.9
2025/12/05/7:08, 1764886113, 6702466, 184494992614131.3
2025/12/05/7:08, 1764886114, 6702467, 184733051734361.3
2025/12/05/7:08, 1764886115, 6702468, 184959565857970.2
2025/12/05/7:08, 1764886117, 6702469, 184899544774990.5
2025/12/05/7:08, 1764886118, 6702470, 185715356804239.7
2025/12/05/7:08, 1764886119, 6702471, 184829023549830.4
2025/12/05/7:08, 1764886121, 6702472, 185031119038135.3
2025/12/05/7:08, 1764886122, 6702473, 184829294438018.9
2025/12/05/7:08, 1764886124, 6702474, 185229912270423.2
2025/12/05/7:08, 1764886125, 6702475, 184992420725446
2025/12/05/7:08, 1764886126, 6702476, 185032267088077
2025/12/05/7:08, 1764886128, 6702477, 185535190359793.7
2025/12/05/7:08, 1764886129, 6702478, 184883755863411.4
2025/12/05/7:08, 1764886130, 6702479, 185352598821085.6
2025/12/05/7:08, 1764886132, 6702480, 184856937932717.2
2025/12/05/7:08, 1764886133, 6702481, 185601686960433.7
2025/12/05/7:08, 1764886134, 6702482, 184488620291973.9
2025/12/05/7:08, 1764886136, 6702483, 185205209847488.5
2025/12/05/7:08, 1764886137, 6702484, 184880131121456.2
2025/12/05/7:08, 1764886139, 6702485, 185146323915012.9
2025/12/05/7:09, 1764886140, 6702486, 184686962043947.3
2025/12/05/7:09, 1764886141, 6702487, 184571641072130.7
2025/12/05/7:09, 1764886143, 6702488, 184183316403727.5
2025/12/05/7:09, 1764886144, 6702489, 184374718258290.8
2025/12/05/7:09, 1764886145, 6702490, 184553427066292.8
2025/12/05/7:09, 1764886147, 6702491, 184556677724558.4
2025/12/05/7:09, 1764886148, 6702492, 184940126405564.8
2025/12/05/7:09, 1764886149, 6702493, 185291287794349
2025/12/05/7:09, 1764886151, 6702494, 184875938804248.8
2025/12/05/7:09, 1764886152, 6702495, 184534039211634.1
2025/12/05/7:09, 1764886153, 6702496, 184328022294312
2025/12/05/7:09, 1764886155, 6702497, 184434971531149.7
2025/12/05/7:09, 1764886156, 6702498, 184455275245874.5
2025/12/05/7:09, 1764886158, 6702499, 184428173527553.7
2025/12/05/7:09, 1764886159, 6702500, 185444546012036.6
2025/12/05/7:09, 1764886160, 6702501, 185476910700883.4
2025/12/05/7:09, 1764886162, 6702502, 184415325687740.6
2025/12/05/7:09, 1764886163, 6702503, 184887690191869
2025/12/05/7:09, 1764886164, 6702504, 185080356191314.5
2025/12/05/7:09, 1764886166, 6702505, 185027300804616.8
2025/12/05/7:09, 1764886167, 6702506, 185278272261847.1
2025/12/05/7:09, 1764886168, 6702507, 185124330373966.5
2025/12/05/7:09, 1764886170, 6702508, 184570596217687.8
2025/12/05/7:09, 1764886171, 6702509, 185021573454337.3
2025/12/05/7:09, 1764886173, 6702510, 185290965308408.8
2025/12/05/7:09, 1764886174, 6702511, 185278336759033.9
2025/12/05/7:09, 1764886175, 6702512, 184085745057997.9
2025/12/05/7:09, 1764886177, 6702513, 184443962439130.1
2025/12/05/7:09, 1764886178, 6702514, 184549518536711.2
2025/12/05/7:09, 1764886179, 6702515, 185052196719112.4
2025/12/05/7:09, 1764886181, 6702516, 184885058706605.2
2025/12/05/7:09, 1764886182, 6702517, 185088998814481.8
2025/12/05/7:09, 1764886183, 6702518, 184895829736971.7
2025/12/05/7:09, 1764886185, 6702519, 184560921639515.9
2025/12/05/7:09, 1764886186, 6702520, 184985584023536.4
2025/12/05/7:09, 1764886187, 6702521, 185133114890948
2025/12/05/7:09, 1764886189, 6702522, 184351305779114.5
2025/12/05/7:09, 1764886190, 6702523, 184455275245874.5
2025/12/05/7:09, 1764886192, 6702524, 185052183819674.8
2025/12/05/7:09, 1764886193, 6702525, 184585985246701.9
2025/12/05/7:09, 1764886194, 6702526, 184968414872140.9
2025/12/05/7:09, 1764886196, 6702527, 184978669925001.9
2025/12/05/7:09, 1764886197, 6702528, 185222301602259.1
2025/12/05/7:09, 1764886198, 6702529, 184769969924666.8
2025/12/05/7:10, 1764886200, 6702530, 184962558527485
2025/12/05/7:10, 1764886201, 6702531, 184471322146202.8
2025/12/05/7:10, 1764886202, 6702532, 184601425873465.9
2025/12/05/7:10, 1764886204, 6702533, 184058191859365
2025/12/05/7:10, 1764886205, 6702534, 184948665833231.1
2025/12/05/7:10, 1764886207, 6702535, 184854525737893.1
2025/12/05/7:10, 1764886208, 6702536, 184785758836243.5
2025/12/05/7:10, 1764886209, 6702537, 184882388523030.6
2025/12/05/7:10, 1764886211, 6702538, 184965783386877.5
2025/12/05/7:10, 1764886212, 6702539, 184539598869223.4
2025/12/05/7:10, 1764886213, 6702540, 184324242759106.8
2025/12/05/7:10, 1764886215, 6702541, 184706285401416.3
2025/12/05/7:10, 1764886216, 6702542, 184622193967942.3
2025/12/05/7:10, 1764886217, 6702543, 184952187379685.5
2025/12/05/7:10, 1764886219, 6702544, 184466020477363.3
2025/12/05/7:10, 1764886220, 6702545, 184704105396469.2
2025/12/05/7:10, 1764886221, 6702546, 184644522894364.1
2025/12/05/7:10, 1764886223, 6702547, 184987506039732.6
2025/12/05/7:10, 1764886224, 6702548, 184763610501947.4
2025/12/05/7:10, 1764886226, 6702549, 184813144342190.8
2025/12/05/7:10, 1764886227, 6702550, 184836402028117.1
2025/12/05/7:10, 1764886228, 6702551, 184689090451144.8
2025/12/05/7:10, 1764886230, 6702552, 184508898207823.2
2025/12/05/7:10, 1764886231, 6702553, 183994726626553.8
2025/12/05/7:10, 1764886232, 6702554, 184840491149826.2
2025/12/05/7:10, 1764886234, 6702555, 184466652549804.9
2025/12/05/7:10, 1764886235, 6702556, 184934979529976.4
2025/12/05/7:10, 1764886236, 6702557, 184741849150778.3
2025/12/05/7:10, 1764886238, 6702558, 184357781296769.8
2025/12/05/7:10, 1764886239, 6702559, 184481280512000.6
2025/12/05/7:10, 1764886241, 6702560, 184982152773145
2025/12/05/7:10, 1764886242, 6702561, 184897197077353.6
2025/12/05/7:10, 1764886243, 6702562, 184503003164858.1
2025/12/05/7:10, 1764886245, 6702563, 184894655888152.7
2025/12/05/7:10, 1764886246, 6702564, 184914869306815
2025/12/05/7:10, 1764886247, 6702565, 183951268421403.2
2025/12/05/7:10, 1764886249, 6702566, 184333349762026.4
2025/12/05/7:10, 1764886250, 6702567, 184583985833878.5
2025/12/05/7:10, 1764886251, 6702568, 184833383559728.8
2025/12/05/7:10, 1764886253, 6702569, 184734689962931
2025/12/05/7:10, 1764886254, 6702570, 185110966556651.9
2025/12/05/7:10, 1764886255, 6702571, 184905891298269.8
2025/12/05/7:10, 1764886257, 6702572, 184568712899805.6
2025/12/05/7:10, 1764886258, 6702573, 184456513591879.1
2025/12/05/7:11, 1764886260, 6702574, 184648134736881.2
2025/12/05/7:11, 1764886261, 6702575, 184681673274546.2
2025/12/05/7:11, 1764886262, 6702576, 184582192812059.1
2025/12/05/7:11, 1764886264, 6702577, 184157891612289.7
2025/12/05/7:11, 1764886265, 6702578, 184647928345879.9
2025/12/05/7:11, 1764886266, 6702579, 184792337549402.3
2025/12/05/7:11, 1764886268, 6702580, 184588771525215.4
2025/12/05/7:11, 1764886269, 6702581, 184381245373698.8
2025/12/05/7:11, 1764886270, 6702582, 184449406001783.1
2025/12/05/7:11, 1764886272, 6702583, 185127516535045.4
2025/12/05/7:11, 1764886273, 6702584, 185442043521150.2
2025/12/05/7:11, 1764886275, 6702585, 184887006521677.4
2025/12/05/7:11, 1764886276, 6702586, 183744890319826.8
2025/12/05/7:11, 1764886277, 6702587, 184210753507423.6
2025/12/05/7:11, 1764886279, 6702588, 184517605328179.8
2025/12/05/7:11, 1764886280, 6702589, 184963422789802.3
2025/12/05/7:11, 1764886281, 6702590, 185038226628231.4
2025/12/05/7:11, 1764886283, 6702591, 184770227913417.4
2025/12/05/7:11, 1764886284, 6702592, 184634177545437.8
2025/12/05/7:11, 1764886285, 6702593, 184852139341944.6
2025/12/05/7:11, 1764886287, 6702594, 184441201959492.6
2025/12/05/7:11, 1764886288, 6702595, 184389152728923.9
2025/12/05/7:11, 1764886289, 6702596, 184594215087867.9
2025/12/05/7:11, 1764886291, 6702597, 184470728772075.4
2025/12/05/7:11, 1764886292, 6702598, 184620465443308.5
2025/12/05/7:11, 1764886294, 6702599, 184502667779480.2
2025/12/05/7:11, 1764886295, 6702600, 184909683732915.1
2025/12/05/7:11, 1764886296, 6702601, 184703834508280.7
2025/12/05/7:11, 1764886298, 6702602, 184352247438056.4
2025/12/05/7:11, 1764886299, 6702603, 184813286236002.9
2025/12/05/7:11, 1764886300, 6702604, 184836569720805.2
2025/12/05/7:11, 1764886302, 6702605, 184978515131751.7
2025/12/05/7:11, 1764886303, 6702606, 184553710853919.3
2025/12/05/7:11, 1764886304, 6702607, 185458064622603.8
2025/12/05/7:11, 1764886306, 6702608, 184701486810643.2
2025/12/05/7:11, 1764886307, 6702609, 184860498177485.1
2025/12/05/7:11, 1764886309, 6702610, 184927459157875.9
2025/12/05/7:11, 1764886310, 6702611, 184843458020464
2025/12/05/7:11, 1764886311, 6702612, 185009099698215
2025/12/05/7:11, 1764886313, 6702613, 184628592088972.9
2025/12/05/7:11, 1764886314, 6702614, 184668709339794.9
2025/12/05/7:11, 1764886315, 6702615, 185088960116167.8
2025/12/05/7:11, 1764886317, 6702616, 184552266116910.9
2025/12/05/7:11, 1764886318, 6702617, 184588474838151
2025/12/05/7:11, 1764886319, 6702618, 185012156864915.6
2025/12/05/7:12, 1764886321, 6702619, 185015472020371
2025/12/05/7:12, 1764886322, 6702620, 184893004760145.4
2025/12/05/7:12, 1764886323, 6702621, 185388123872134.8
2025/12/05/7:12, 1764886325, 6702622, 184631507361861.6
2025/12/05/7:12, 1764886326, 6702623, 185303129478031.4
2025/12/05/7:12, 1764886328, 6702624, 185129954528745.1
2025/12/05/7:12, 1764886329, 6702625, 184840413753199.5
2025/12/05/7:12, 1764886330, 6702626, 185302742494904.4
2025/12/05/7:12, 1764886332, 6702627, 184875758212122.3
2025/12/05/7:12, 1764886333, 6702628, 184929922950450.6
2025/12/05/7:12, 1764886334, 6702629, 184724744496570.1
2025/12/05/7:12, 1764886336, 6702630, 184575291612962.3
2025/12/05/7:12, 1764886337, 6702631, 184866960795704.5
2025/12/05/7:12, 1764886338, 6702632, 184620413845558.2
2025/12/05/7:12, 1764886340, 6702633, 184427064175922.5
2025/12/05/7:12, 1764886341, 6702634, 185065960418992.4
2025/12/05/7:12, 1764886343, 6702635, 185024333933977.2
2025/12/05/7:12, 1764886344, 6702636, 184528144168669
2025/12/05/7:12, 1764886345, 6702637, 184812860554564.2
2025/12/05/7:12, 1764886347, 6702638, 184514664256413.8
2025/12/05/7:12, 1764886348, 6702639, 184891018246759.6
2025/12/05/7:12, 1764886349, 6702640, 184748840645938.8
2025/12/05/7:12, 1764886351, 6702641, 184397330972339.2
2025/12/05/7:12, 1764886352, 6702642, 184644626089864.9
2025/12/05/7:12, 1764886353, 6702643, 184566029816790.6
2025/12/05/7:12, 1764886355, 6702644, 184524648421088.3
2025/12/05/7:12, 1764886356, 6702645, 184320966301965.6
2025/12/05/7:12, 1764886357, 6702646, 184560612053015.8
2025/12/05/7:12, 1764886359, 6702647, 184791021806770.6
2025/12/05/7:12, 1764886360, 6702648, 184542797929740
2025/12/05/7:12, 1764886362, 6702649, 184302803893875.9
2025/12/05/7:12, 1764886363, 6702650, 184781076340409.7
2025/12/05/7:12, 1764886364, 6702651, 185028513351747.5
2025/12/05/7:12, 1764886366, 6702652, 184847585840485
2025/12/05/7:12, 1764886367, 6702653, 184374640861666.4
2025/12/05/7:12, 1764886368, 6702654, 185155185828618.6
2025/12/05/7:12, 1764886370, 6702655, 184840362155450.4
2025/12/05/7:12, 1764886371, 6702656, 184549776525461.6
2025/12/05/7:12, 1764886372, 6702657, 185169181718373.8
2025/12/05/7:12, 1764886374, 6702658, 184473914933152.9
2025/12/05/7:12, 1764886375, 6702659, 184668451351044.3
2025/12/05/7:12, 1764886377, 6702660, 184787655053566.2
2025/12/05/7:12, 1764886378, 6702661, 183791986166370.7
2025/12/05/7:12, 1764886379, 6702662, 184271109975783.5
2025/12/05/7:13, 1764886381, 6702663, 184302404011310.8
2025/12/05/7:13, 1764886382, 6702664, 185521400861039.6
2025/12/05/7:13, 1764886383, 6702665, 185105213407498.4
2025/12/05/7:13, 1764886385, 6702666, 184894320502776.9
2025/12/05/7:13, 1764886386, 6702667, 184801328457383
2025/12/05/7:13, 1764886387, 6702668, 184790776717455.4
2025/12/05/7:13, 1764886389, 6702669, 184796955548048.8
2025/12/05/7:13, 1764886390, 6702670, 184925859627619.2
2025/12/05/7:13, 1764886391, 6702671, 184550047413650.2
2025/12/05/7:13, 1764886393, 6702672, 185118990006814.9
2025/12/05/7:13, 1764886394, 6702673, 185078279381865.4
2025/12/05/7:13, 1764886396, 6702674, 184871939978603.6
2025/12/05/7:13, 1764886397, 6702675, 184768976667975.1
2025/12/05/7:13, 1764886398, 6702676, 185096944868020.6
2025/12/05/7:13, 1764886400, 6702677, 184657873812243.2
2025/12/05/7:13, 1764886401, 6702678, 184650405037893.2
2025/12/05/7:13, 1764886402, 6702679, 184484260282077.8
2025/12/05/7:13, 1764886404, 6702680, 185168897930747.3
2025/12/05/7:13, 1764886405, 6702681, 184826791947132
2025/12/05/7:13, 1764886406, 6702682, 185168781835808.8
2025/12/05/7:13, 1764886408, 6702683, 184669057624608.6
2025/12/05/7:13, 1764886409, 6702684, 184929858453263.7
2025/12/05/7:13, 1764886411, 6702685, 185193639051993.5
2025/12/05/7:13, 1764886412, 6702686, 185156669263938.8
2025/12/05/7:13, 1764886413, 6702687, 184943815644707.1
2025/12/05/7:13, 1764886415, 6702688, 184044686148234.5
2025/12/05/7:13, 1764886416, 6702689, 184688638970830.6
2025/12/05/7:13, 1764886417, 6702690, 185020257711705.5
2025/12/05/7:13, 1764886419, 6702691, 184699113314130.9
2025/12/05/7:13, 1764886420, 6702692, 184863568243625.4
2025/12/05/7:13, 1764886421, 6702693, 184661614649134.7
2025/12/05/7:13, 1764886423, 6702694, 185062696861288.7
2025/12/05/7:13, 1764886424, 6702695, 184952935547064.3
2025/12/05/7:13, 1764886425, 6702696, 184826263070192.6
2025/12/05/7:13, 1764886427, 6702697, 184283583731907.8
2025/12/05/7:13, 1764886428, 6702698, 183953267834224.6
2025/12/05/7:13, 1764886430, 6702699, 185303838947096.6
2025/12/05/7:13, 1764886431, 6702700, 184937056339422.3
2025/12/05/7:13, 1764886432, 6702701, 184395460553892
2025/12/05/7:13, 1764886434, 6702702, 184773865554810.5
2025/12/05/7:13, 1764886435, 6702703, 184932644731777.2
2025/12/05/7:13, 1764886436, 6702704, 184867567069269.6
2025/12/05/7:13, 1764886438, 6702705, 184560328265388
2025/12/05/7:13, 1764886439, 6702706, 184903130818632
2025/12/05/7:14, 1764886440, 6702707, 184261435397611.6
2025/12/05/7:14, 1764886442, 6702708, 185158539682383.4
2025/12/05/7:14, 1764886443, 6702709, 183965032121282.9
2025/12/05/7:14, 1764886445, 6702710, 184118612824909.6
2025/12/05/7:14, 1764886446, 6702711, 184980514544575.3
2025/12/05/7:14, 1764886447, 6702712, 184651785277712.3
2025/12/05/7:14, 1764886449, 6702713, 184409069460522.9
2025/12/05/7:14, 1764886450, 6702714, 184433513894703.3
2025/12/05/7:14, 1764886451, 6702715, 184783346641419.1
2025/12/05/7:14, 1764886453, 6702716, 184170984541415.8
2025/12/05/7:14, 1764886454, 6702717, 184871514297165.2
2025/12/05/7:14, 1764886455, 6702718, 184827591712262.4
2025/12/05/7:14, 1764886457, 6702719, 185048700971534.1
2025/12/05/7:14, 1764886458, 6702720, 183661779243607.9
2025/12/05/7:14, 1764886459, 6702721, 185150271142907.4
2025/12/05/7:14, 1764886461, 6702722, 184899441579489.7
2025/12/05/7:14, 1764886462, 6702723, 184826804846569.7
2025/12/05/7:14, 1764886464, 6702724, 184763236418258
2025/12/05/7:14, 1764886465, 6702725, 184753252253585.3
2025/12/05/7:14, 1764886466, 6702726, 185249880599770
2025/12/05/7:14, 1764886468, 6702727, 185283174048120.1
2025/12/05/7:14, 1764886469, 6702728, 184847598739923
2025/12/05/7:14, 1764886470, 6702729, 185108451166327.1
2025/12/05/7:14, 1764886472, 6702730, 183748721452783.8
2025/12/05/7:14, 1764886473, 6702731, 184729813975531.2
2025/12/05/7:14, 1764886474, 6702732, 185579177441883.7
2025/12/05/7:14, 1764886476, 6702733, 184667522591539.8
2025/12/05/7:14, 1764886477, 6702734, 185230402449048.9
2025/12/05/7:14, 1764886479, 6702735, 184920287070590.6
2025/12/05/7:14, 1764886480, 6702736, 184725118580259.5
2025/12/05/7:14, 1764886481, 6702737, 184924182700735.9
2025/12/05/7:14, 1764886483, 6702738, 184635841572883.3
2025/12/05/7:14, 1764886484, 6702739, 185024733816540.2
2025/12/05/7:14, 1764886485, 6702740, 184875010044743.6
2025/12/05/7:14, 1764886487, 6702741, 184840065468386
2025/12/05/7:14, 1764886488, 6702742, 184829720119459.1
2025/12/05/7:14, 1764886489, 6702743, 185062735559602.3
2025/12/05/7:14, 1764886491, 6702744, 185173941610835.2
2025/12/05/7:14, 1764886492, 6702745, 184236784572426.2
2025/12/05/7:14, 1764886493, 6702746, 184734689962931
2025/12/05/7:14, 1764886495, 6702747, 184630011027105.6
2025/12/05/7:14, 1764886496, 6702748, 184185380313738.2
2025/12/05/7:14, 1764886498, 6702749, 184611397138701.8
2025/12/05/7:14, 1764886499, 6702750, 184729517288467.5
2025/12/05/7:15, 1764886500, 6702751, 184769763533665.1
2025/12/05/7:15, 1764886502, 6702752, 184893120855084.1
2025/12/05/7:15, 1764886503, 6702753, 184356194665949.7
2025/12/05/7:15, 1764886504, 6702754, 184150061653690
2025/12/05/7:15, 1764886506, 6702755, 185081684833383.7
2025/12/05/7:15, 1764886507, 6702756, 184719842710296.7
2025/12/05/7:15, 1764886508, 6702757, 185022760202594.9
2025/12/05/7:15, 1764886510, 6702758, 185261980272204.5
2025/12/05/7:15, 1764886511, 6702759, 184694392119983.2
2025/12/05/7:15, 1764886513, 6702760, 183417064013595.3
2025/12/05/7:15, 1764886514, 6702761, 184290639724254.3
2025/12/05/7:15, 1764886515, 6702762, 184480687137874.3
2025/12/05/7:15, 1764886517, 6702763, 184895739440908.1
2025/12/05/7:15, 1764886518, 6702764, 184637389505392.4
2025/12/05/7:15, 1764886519, 6702765, 183885532887580.1
2025/12/05/7:15, 1764886521, 6702766, 184874777854868.6
2025/12/05/7:15, 1764886522, 6702767, 184828107689763.6
2025/12/05/7:15, 1764886523, 6702768, 184528402157420
2025/12/05/7:15, 1764886525, 6702769, 184670373367240.2
2025/12/05/7:15, 1764886526, 6702770, 184750543371697
2025/12/05/7:15, 1764886527, 6702771, 185004417202379.5
2025/12/05/7:15, 1764886529, 6702772, 184943789845831.1
2025/12/05/7:15, 1764886530, 6702773, 184450876537664.9
2025/12/05/7:15, 1764886532, 6702774, 184421839903710.8
2025/12/05/7:15, 1764886533, 6702775, 184586656017455.9
2025/12/05/7:15, 1764886534, 6702776, 184764268373263
2025/12/05/7:15, 1764886536, 6702777, 184721971117493.7
2025/12/05/7:15, 1764886537, 6702778, 185029532407315.2
2025/12/05/7:15, 1764886538, 6702779, 184347732634908.1
2025/12/05/7:15, 1764886540, 6702780, 184980140460885.9
2025/12/05/7:15, 1764886541, 6702781, 184919835590277.6
2025/12/05/7:15, 1764886542, 6702782, 184269329853399.8
2025/12/05/7:15, 1764886544, 6702783, 184666387441033.7
2025/12/05/7:15, 1764886545, 6702784, 184778431955708.1
2025/12/05/7:15, 1764886547, 6702785, 184633442277497
2025/12/05/7:15, 1764886548, 6702786, 184127500537392
2025/12/05/7:15, 1764886549, 6702787, 184620426744996
2025/12/05/7:15, 1764886551, 6702788, 184939455634809.6
2025/12/05/7:15, 1764886552, 6702789, 184377311045242.3
2025/12/05/7:15, 1764886553, 6702790, 184795304420041.4
2025/12/05/7:15, 1764886555, 6702791, 185456310299095.4
2025/12/05/7:15, 1764886556, 6702792, 185036446505847.2
2025/12/05/7:15, 1764886557, 6702793, 185300381897829.5
2025/12/05/7:15, 1764886559, 6702794, 185150167947404.9
2025/12/05/7:16, 1764886560, 6702795, 184501751919415.1
2025/12/05/7:16, 1764886561, 6702796, 184452888849924.1
2025/12/05/7:16, 1764886563, 6702797, 184879008870388.2
2025/12/05/7:16, 1764886564, 6702798, 184665858564094.2
2025/12/05/7:16, 1764886566, 6702799, 184354517739066.4
2025/12/05/7:16, 1764886567, 6702800, 184497443507266.8
2025/12/05/7:16, 1764886568, 6702801, 184550550491716.4
2025/12/05/7:16, 1764886570, 6702802, 184149635972248.9
2025/12/05/7:16, 1764886571, 6702803, 184838027357251.2
2025/12/05/7:16, 1764886572, 6702804, 185624880149170.6
2025/12/05/7:16, 1764886574, 6702805, 184925575839992.1
2025/12/05/7:16, 1764886575, 6702806, 184112562988692.5
2025/12/05/7:16, 1764886576, 6702807, 184551169664718.3
2025/12/05/7:16, 1764886578, 6702808, 184408850170082.3
2025/12/05/7:16, 1764886579, 6702809, 185269487744865.6
2025/12/05/7:16, 1764886581, 6702810, 184886619538550
2025/12/05/7:16, 1764886582, 6702811, 185087670172411.9
2025/12/05/7:16, 1764886583, 6702812, 185015575215870
2025/12/05/7:16, 1764886585, 6702813, 185175244454029
2025/12/05/7:16, 1764886586, 6702814, 184285118764977.1
2025/12/05/7:16, 1764886587, 6702815, 184923524829420
2025/12/05/7:16, 1764886589, 6702816, 184887703091307
2025/12/05/7:16, 1764886590, 6702817, 184635119204380.3
2025/12/05/7:16, 1764886591, 6702818, 184953399926816.6
2025/12/05/7:16, 1764886593, 6702819, 184614660696405.5
2025/12/05/7:16, 1764886594, 6702820, 184592602658171.4
2025/12/05/7:16, 1764886595, 6702821, 185089476093671.7
2025/12/05/7:16, 1764886597, 6702822, 184009818968500.9
2025/12/05/7:16, 1764886598, 6702823, 184613693238587.2
2025/12/05/7:16, 1764886600, 6702824, 185027971575370.4
2025/12/05/7:16, 1764886601, 6702825, 184602548124533.1
2025/12/05/7:16, 1764886602, 6702826, 184593428222175.9
2025/12/05/7:16, 1764886604, 6702827, 184553194876417.3
2025/12/05/7:16, 1764886605, 6702828, 184860124093795.7
2025/12/05/7:16, 1764886606, 6702829, 185018735578074.7
2025/12/05/7:16, 1764886608, 6702830, 184879679641142
2025/12/05/7:16, 1764886609, 6702831, 184167114710147.8
2025/12/05/7:16, 1764886610, 6702832, 184825076321937.5
2025/12/05/7:16, 1764886612, 6702833, 184833564151854.3
2025/12/05/7:16, 1764886613, 6702834, 184363882730738.6
2025/12/05/7:16, 1764886615, 6702835, 184962261840422.9
2025/12/05/7:16, 1764886616, 6702836, 184784198004298.7
2025/12/05/7:16, 1764886617, 6702837, 184614879986843.9
2025/12/05/7:16, 1764886619, 6702838, 185127181149667.9
2025/12/05/7:17, 1764886620, 6702839, 184844206187843.1
2025/12/05/7:17, 1764886621, 6702840, 185005229866945.6
2025/12/05/7:17, 1764886623, 6702841, 184474469608967
2025/12/05/7:17, 1764886624, 6702842, 184759637475178.6
2025/12/05/7:17, 1764886625, 6702843, 184735709018498.3
2025/12/05/7:17, 1764886627, 6702844, 184371931979776.8
2025/12/05/7:17, 1764886628, 6702845, 184229934971081
2025/12/05/7:17, 1764886629, 6702846, 184586914006206.4
2025/12/05/7:17, 1764886631, 6702847, 184774329934563.9
2025/12/05/7:17, 1764886632, 6702848, 183478891017836.8
2025/12/05/7:17, 1764886634, 6702849, 183950481555710.8
2025/12/05/7:17, 1764886635, 6702850, 184411842839597.5
2025/12/05/7:17, 1764886636, 6702851, 184211927356243.2
2025/12/05/7:17, 1764886638, 6702852, 184865709550260.5
2025/12/05/7:17, 1764886639, 6702853, 184819039385158
2025/12/05/7:17, 1764886640, 6702854, 184819103882345.2
2025/12/05/7:17, 1764886642, 6702855, 184936217875983.1
2025/12/05/7:17, 1764886643, 6702856, 185229705879421.8
2025/12/05/7:17, 1764886644, 6702857, 185532158991967.3
2025/12/05/7:17, 1764886646, 6702858, 185170420064381
2025/12/05/7:17, 1764886647, 6702859, 184092220575656.2
2025/12/05/7:17, 1764886649, 6702860, 185087308988160.5
2025/12/05/7:17, 1764886650, 6702861, 184325107021423.6
2025/12/05/7:17, 1764886651, 6702862, 184753445745149.3
2025/12/05/7:17, 1764886653, 6702863, 185110386081961.2
2025/12/05/7:17, 1764886654, 6702864, 184559786489012.1
2025/12/05/7:17, 1764886655, 6702865, 184719984604108.8
2025/12/05/7:17, 1764886657, 6702866, 184134530730862.6
2025/12/05/7:17, 1764886658, 6702867, 184867979851272.6
2025/12/05/7:17, 1764886659, 6702868, 184787771148504.6
2025/12/05/7:17, 1764886661, 6702869, 184743500278786
2025/12/05/7:17, 1764886662, 6702870, 184911463855298.1
2025/12/05/7:17, 1764886663, 6702871, 185131244472501.4
2025/12/05/7:17, 1764886665, 6702872, 185063328933731.1
2025/12/05/7:17, 1764886666, 6702873, 185254730788294.7
2025/12/05/7:17, 1764886668, 6702874, 184907400532465.1
2025/12/05/7:17, 1764886669, 6702875, 185115326566548.1
2025/12/05/7:17, 1764886670, 6702876, 184645000173553.3
2025/12/05/7:17, 1764886672, 6702877, 185384679722304.9
2025/12/05/7:17, 1764886673, 6702878, 184801599345571.6
2025/12/05/7:17, 1764886674, 6702879, 184484221583766.6
2025/12/05/7:17, 1764886676, 6702880, 184353047203184.5
2025/12/05/7:17, 1764886677, 6702881, 184236487885364
2025/12/05/7:17, 1764886678, 6702882, 184629753038354.7
2025/12/05/7:18, 1764886680, 6702883, 185376707869893
2025/12/05/7:18, 1764886681, 6702884, 184877718926632.2
2025/12/05/7:18, 1764886683, 6702885, 184569061184619.4
2025/12/05/7:18, 1764886684, 6702886, 184924285896236.4
2025/12/05/7:18, 1764886685, 6702887, 184660789085130.5
2025/12/05/7:18, 1764886687, 6702888, 184362347697667.4
2025/12/05/7:18, 1764886688, 6702889, 184559451103633.9
2025/12/05/7:18, 1764886689, 6702890, 184700596749450.5
2025/12/05/7:18, 1764886691, 6702891, 185405357520719.2
2025/12/05/7:18, 1764886692, 6702892, 184597530243321.2
2025/12/05/7:18, 1764886693, 6702893, 183649563476236.2
2025/12/05/7:18, 1764886695, 6702894, 185079453230683.5
2025/12/05/7:18, 1764886696, 6702895, 184845599327100.3
2025/12/05/7:18, 1764886697, 6702896, 184450515353413.3
2025/12/05/7:18, 1764886699, 6702897, 184728988411527.5
2025/12/05/7:18, 1764886700, 6702898, 184525590080030.8
2025/12/05/7:18, 1764886702, 6702899, 184680770313915.7
2025/12/05/7:18, 1764886703, 6702900, 184266272686697.8
2025/12/05/7:18, 1764886704, 6702901, 184153699295082.1
2025/12/05/7:18, 1764886706, 6702902, 184061016836189.7
2025/12/05/7:18, 1764886707, 6702903, 184987222252106
2025/12/05/7:18, 1764886708, 6702904, 184212572328121.8
2025/12/05/7:18, 1764886710, 6702905, 185055279684690.4
2025/12/05/7:18, 1764886711, 6702906, 184830545683463.6
2025/12/05/7:18, 1764886712, 6702907, 184344688367643.1
2025/12/05/7:18, 1764886714, 6702908, 185063264436541.8
2025/12/05/7:18, 1764886715, 6702909, 184758786112298.9
2025/12/05/7:18, 1764886717, 6702910, 184243556777148.6
2025/12/05/7:18, 1764886718, 6702911, 185361073751564.8
2025/12/05/7:18, 1764886719, 6702912, 185194064733433.8
2025/12/05/7:18, 1764886721, 6702913, 184605579492359.5
2025/12/05/7:18, 1764886722, 6702914, 184890566766446.2
2025/12/05/7:18, 1764886723, 6702915, 185385389191372.5
2025/12/05/7:18, 1764886725, 6702916, 184881924143277.6
2025/12/05/7:18, 1764886726, 6702917, 184531498022436
2025/12/05/7:18, 1764886727, 6702918, 185246462248816.3
2025/12/05/7:18, 1764886729, 6702919, 184184232263794
2025/12/05/7:18, 1764886730, 6702920, 184674088405258.5
2025/12/05/7:18, 1764886731, 6702921, 184798529279430.6
2025/12/05/7:18, 1764886733, 6702922, 184928852297134
2025/12/05/7:18, 1764886734, 6702923, 184875113240244.4
2025/12/05/7:18, 1764886736, 6702924, 184649502077262.3
2025/12/05/7:18, 1764886737, 6702925, 184398440323970.4
2025/12/05/7:18, 1764886738, 6702926, 184659821627315
2025/12/05/7:19, 1764886740, 6702927, 184388572254233.2
2025/12/05/7:19, 1764886741, 6702928, 184593376624426.7
2025/12/05/7:19, 1764886742, 6702929, 185116487515928.9
2025/12/05/7:19, 1764886744, 6702930, 184796568564921.7
2025/12/05/7:19, 1764886745, 6702931, 184627353742966.2
2025/12/05/7:19, 1764886746, 6702932, 184716721046405.1
2025/12/05/7:19, 1764886748, 6702933, 184728859417153.1
2025/12/05/7:19, 1764886749, 6702934, 184652107763650.9
2025/12/05/7:19, 1764886751, 6702935, 184489045973413.4
2025/12/05/7:19, 1764886752, 6702936, 184159426645360.9
2025/12/05/7:19, 1764886753, 6702937, 184428173527553.8
2025/12/05/7:19, 1764886755, 6702938, 186038861798889.8
2025/12/05/7:19, 1764886756, 6702939, 185250783560399
2025/12/05/7:19, 1764886757, 6702940, 185182042457625
2025/12/05/7:19, 1764886759, 6702941, 185337983758326.3
2025/12/05/7:19, 1764886760, 6702942, 184972491094410.3
2025/12/05/7:19, 1764886761, 6702943, 185210085834888.2
2025/12/05/7:19, 1764886763, 6702944, 184331092360452.1
2025/12/05/7:19, 1764886764, 6702945, 184235559125859.4
2025/12/05/7:19, 1764886765, 6702946, 185103046301988
2025/12/05/7:19, 1764886767, 6702947, 185429440770649.4
2025/12/05/7:19, 1764886768, 6702948, 185086702714593.8
2025/12/05/7:19, 1764886770, 6702949, 185245365796621.7
2025/12/05/7:19, 1764886771, 6702950, 184924556784425.3
2025/12/05/7:19, 1764886772, 6702951, 185000263583482.9
2025/12/05/7:19, 1764886774, 6702952, 184770498801607.1
2025/12/05/7:19, 1764886775, 6702953, 184830726275589.3
2025/12/05/7:19, 1764886776, 6702954, 185139164727163.8
2025/12/05/7:19, 1764886778, 6702955, 184370126058519.5
2025/12/05/7:19, 1764886779, 6702956, 184298405185666.2
2025/12/05/7:19, 1764886780, 6702957, 184627663329468.4
2025/12/05/7:19, 1764886782, 6702958, 184463995265666.7
2025/12/05/7:19, 1764886783, 6702959, 184630965585485.8
2025/12/05/7:19, 1764886785, 6702960, 185208718494505.1
2025/12/05/7:19, 1764886786, 6702961, 184999076835227.2
2025/12/05/7:19, 1764886787, 6702962, 184085861152936.6
2025/12/05/7:19, 1764886789, 6702963, 184782482379104.2
2025/12/05/7:19, 1764886790, 6702964, 184393435342195
2025/12/05/7:19, 1764886791, 6702965, 185196734917009.2
2025/12/05/7:19, 1764886793, 6702966, 184673507930569.8
2025/12/05/7:19, 1764886794, 6702967, 184009935063439.5
2025/12/05/7:19, 1764886795, 6702968, 184696352834493.1
2025/12/05/7:19, 1764886797, 6702969, 184394763984264.8
2025/12/05/7:19, 1764886798, 6702970, 185225668355463.3
2025/12/05/7:19, 1764886799, 6702971, 184553491563479.6
2025/12/05/7:20, 1764886801, 6702972, 184208122022160.6
2025/12/05/7:20, 1764886802, 6702973, 183979053809913.6
2025/12/05/7:20, 1764886804, 6702974, 185194425917685.9
2025/12/05/7:20, 1764886805, 6702975, 184667058211787.6
2025/12/05/7:20, 1764886806, 6702976, 184435306916525.2
2025/12/05/7:20, 1764886808, 6702977, 184901763478251.1
2025/12/05/7:20, 1764886809, 6702978, 185240270518784.6
2025/12/05/7:20, 1764886810, 6702979, 184792595538153.3
2025/12/05/7:20, 1764886812, 6702980, 184924492287238.1
2025/12/05/7:20, 1764886813, 6702981, 184895533049906.7
2025/12/05/7:20, 1764886814, 6702982, 184214107361190.6
2025/12/05/7:20, 1764886816, 6702983, 184909412844726.5
2025/12/05/7:20, 1764886817, 6702984, 185041644979187.2
2025/12/05/7:20, 1764886819, 6702985, 185038020237232.1
2025/12/05/7:20, 1764886820, 6702986, 184120663835482
2025/12/05/7:20, 1764886821, 6702987, 184189224346130.2
2025/12/05/7:20, 1764886823, 6702988, 183676948982181.4
2025/12/05/7:20, 1764886824, 6702989, 185009602776279.5
2025/12/05/7:20, 1764886825, 6702990, 184832983677163.7
2025/12/05/7:20, 1764886827, 6702991, 184593350825551
2025/12/05/7:20, 1764886828, 6702992, 184551853334910.3
2025/12/05/7:20, 1764886829, 6702993, 183981530501924.8
2025/12/05/7:20, 1764886831, 6702994, 184784017412173
2025/12/05/7:20, 1764886832, 6702995, 184615034780094.9
2025/12/05/7:20, 1764886833, 6702996, 183784491593147.5
2025/12/05/7:20, 1764886835, 6702997, 184431011403816.4
2025/12/05/7:20, 1764886836, 6702998, 184861736523492.1
2025/12/05/7:20, 1764886838, 6702999, 184481074120999.3
2025/12/05/7:20, 1764886839, 6703000, 184656222684233.2
2025/12/05/7:20, 1764886840, 6703001, 185034111707650.4
2025/12/05/7:20, 1764886842, 6703002, 184854370944643
2025/12/05/7:20, 1764886843, 6703003, 184294328963396.6
2025/12/05/7:20, 1764886844, 6703004, 184147443067863
2025/12/05/7:20, 1764886846, 6703005, 184894823580840.8
2025/12/05/7:20, 1764886847, 6703006, 184679596465099.3
2025/12/05/7:20, 1764886848, 6703007, 184728175746961.5
2025/12/05/7:20, 1764886850, 6703008, 184883562371848
2025/12/05/7:20, 1764886851, 6703009, 184371557896087.2
2025/12/05/7:20, 1764886853, 6703010, 185122137469580.2
2025/12/05/7:20, 1764886854, 6703011, 184802966685954.7
2025/12/05/7:20, 1764886855, 6703012, 184314839069123.1
2025/12/05/7:20, 1764886857, 6703013, 184609539619692.8
2025/12/05/7:20, 1764886858, 6703014, 184470741671511
2025/12/05/7:20, 1764886859, 6703015, 185166601830862.1
2025/12/05/7:21, 1764886861, 6703016, 184362502490918.6
2025/12/05/7:21, 1764886862, 6703017, 184938681668556.4
2025/12/05/7:21, 1764886863, 6703018, 184317277062820.7
2025/12/05/7:21, 1764886865, 6703019, 184753755331650.4
2025/12/05/7:21, 1764886866, 6703020, 184429940750499.8
2025/12/05/7:21, 1764886867, 6703021, 184493238290622.9
2025/12/05/7:21, 1764886869, 6703022, 184506847197250.5
2025/12/05/7:21, 1764886870, 6703023, 184402000568737.1
2025/12/05/7:21, 1764886872, 6703024, 184626528178962.6
2025/12/05/7:21, 1764886873, 6703025, 184417144508435.9
2025/12/05/7:21, 1764886874, 6703026, 185713924966669.3
2025/12/05/7:21, 1764886876, 6703027, 184739772341330
2025/12/05/7:21, 1764886877, 6703028, 183811619110341.2
2025/12/05/7:21, 1764886878, 6703029, 185459754448924.7
2025/12/05/7:21, 1764886880, 6703030, 185069249775571.5
2025/12/05/7:21, 1764886881, 6703031, 185157546425691.6
2025/12/05/7:21, 1764886882, 6703032, 185259064999314.5
2025/12/05/7:21, 1764886884, 6703033, 184677958236527.3
2025/12/05/7:21, 1764886885, 6703034, 184943506058204.5
2025/12/05/7:21, 1764886887, 6703035, 183726547319612.1
2025/12/05/7:21, 1764886888, 6703036, 184799587033312.5
2025/12/05/7:21, 1764886889, 6703037, 184942964281827.4
2025/12/05/7:21, 1764886891, 6703038, 184698803727630.8
2025/12/05/7:21, 1764886892, 6703039, 184579019550418.8
2025/12/05/7:21, 1764886893, 6703040, 185047514223278.7
2025/12/05/7:21, 1764886895, 6703041, 184738211509385.2
2025/12/05/7:21, 1764886896, 6703042, 185062296978725.8
2025/12/05/7:21, 1764886897, 6703043, 185301684741023.4
2025/12/05/7:21, 1764886899, 6703044, 184636589740261.9
2025/12/05/7:21, 1764886900, 6703045, 184028716644531.3
2025/12/05/7:21, 1764886901, 6703046, 184376150095861
2025/12/05/7:21, 1764886903, 6703047, 184835163682110.4
2025/12/05/7:21, 1764886904, 6703048, 184991182379439.3
2025/12/05/7:21, 1764886906, 6703049, 184722487094995.7
2025/12/05/7:21, 1764886907, 6703050, 185066527994245.2
2025/12/05/7:21, 1764886908, 6703051, 185048339787282.3
2025/12/05/7:21, 1764886910, 6703052, 184976077138051.8
2025/12/05/7:21, 1764886911, 6703053, 184782998356605.7
2025/12/05/7:21, 1764886912, 6703054, 184978811818816.4
2025/12/05/7:21, 1764886914, 6703055, 185080214297499.7
2025/12/05/7:21, 1764886915, 6703056, 184943351264954.8
2025/12/05/7:21, 1764886916, 6703057, 185357990785986.8
2025/12/05/7:21, 1764886918, 6703058, 184817336659399.7
2025/12/05/7:21, 1764886919, 6703059, 184466278466114.3
2025/12/05/7:22, 1764886921, 6703060, 185091604500869.6
2025/12/05/7:22, 1764886922, 6703061, 184654261969724.9
2025/12/05/7:22, 1764886923, 6703062, 184116355423337.7
2025/12/05/7:22, 1764886925, 6703063, 184112137307253.9
2025/12/05/7:22, 1764886926, 6703064, 184413106984478.6
2025/12/05/7:22, 1764886927, 6703065, 184585830453451.9
2025/12/05/7:22, 1764886929, 6703066, 184263924989060.6
2025/12/05/7:22, 1764886930, 6703067, 184193687551529.4
2025/12/05/7:22, 1764886931, 6703068, 184293129315703.6
2025/12/05/7:22, 1764886933, 6703069, 184917758780829.3
2025/12/05/7:22, 1764886934, 6703070, 184945724761465.3
2025/12/05/7:22, 1764886935, 6703071, 184693024779602.5
2025/12/05/7:22, 1764886937, 6703072, 184644987274116.3
2025/12/05/7:22, 1764886938, 6703073, 184751072248636.4
2025/12/05/7:22, 1764886940, 6703074, 184980101762572.3
2025/12/05/7:22, 1764886941, 6703075, 184844283584467.7
2025/12/05/7:22, 1764886942, 6703076, 184797110341299.7
2025/12/05/7:22, 1764886944, 6703077, 185155108431992
2025/12/05/7:22, 1764886945, 6703078, 184880582601770.9
2025/12/05/7:22, 1764886946, 6703079, 185263399210336.9
2025/12/05/7:22, 1764886948, 6703080, 184419002027444.9
2025/12/05/7:22, 1764886949, 6703081, 185245855975249.6
2025/12/05/7:22, 1764886950, 6703082, 185270235912244.1
2025/12/05/7:22, 1764886952, 6703083, 185831026060868.7
2025/12/05/7:22, 1764886953, 6703084, 184561579510832.5
2025/12/05/7:22, 1764886955, 6703085, 184246768737100.6
2025/12/05/7:22, 1764886956, 6703086, 184389591309800.5
2025/12/05/7:22, 1764886957, 6703087, 184611822820140.4
2025/12/05/7:22, 1764886959, 6703088, 184528453755169.2
2025/12/05/7:22, 1764886960, 6703089, 184257836454529.8
2025/12/05/7:22, 1764886961, 6703090, 185263450808086.1
2025/12/05/7:22, 1764886963, 6703091, 184248303770171.9
2025/12/05/7:22, 1764886964, 6703092, 184956598987330.6
2025/12/05/7:22, 1764886965, 6703093, 184694792002548.7
2025/12/05/7:22, 1764886967, 6703094, 184431695074008.6
2025/12/05/7:22, 1764886968, 6703095, 184649669769952.5
2025/12/05/7:22, 1764886969, 6703096, 184626334687398.9
2025/12/05/7:22, 1764886971, 6703097, 184829604024521.1
2025/12/05/7:22, 1764886972, 6703098, 185463147001002.7
2025/12/05/7:22, 1764886974, 6703099, 184260635632481.2
2025/12/05/7:22, 1764886975, 6703100, 184210443920921.8
2025/12/05/7:22, 1764886976, 6703101, 184527318604663.3
2025/12/05/7:22, 1764886978, 6703102, 185070526819889.8
2025/12/05/7:22, 1764886979, 6703103, 184753213555272
2025/12/05/7:23, 1764886980, 6703104, 185087296088722.6
2025/12/05/7:23, 1764886982, 6703105, 184457532647447.7
2025/12/05/7:23, 1764886983, 6703106, 184167798380339.4
2025/12/05/7:23, 1764886984, 6703107, 184927665548876.5
2025/12/05/7:23, 1764886986, 6703108, 184144553593851.1
2025/12/05/7:23, 1764886987, 6703109, 185207634941750.5
2025/12/05/7:23, 1764886989, 6703110, 184557877372251.5
2025/12/05/7:23, 1764886990, 6703111, 184559580098010.8
2025/12/05/7:23, 1764886991, 6703112, 184263770195808.4
2025/12/05/7:23, 1764886993, 6703113, 184657177242613.6
2025/12/05/7:23, 1764886994, 6703114, 184083990734489.8
2025/12/05/7:23, 1764886995, 6703115, 184981623896205.5
2025/12/05/7:23, 1764886997, 6703116, 184391939007437.4
2025/12/05/7:23, 1764886998, 6703117, 184379439452438
2025/12/05/7:23, 1764886999, 6703118, 184413313375479.1
2025/12/05/7:23, 1764887001, 6703119, 184563785314656.7
2025/12/05/7:23, 1764887002, 6703120, 184589738983033.6
2025/12/05/7:23, 1764887003, 6703121, 184592344669421.3
2025/12/05/7:23, 1764887005, 6703122, 184194551813844.2
2025/12/05/7:23, 1764887006, 6703123, 185006713302264.8
2025/12/05/7:23, 1764887008, 6703124, 184810241968738.5
2025/12/05/7:23, 1764887009, 6703125, 184678551610656.5
2025/12/05/7:23, 1764887010, 6703126, 184275276494116.5
2025/12/05/7:23, 1764887012, 6703127, 184355382001384.3
2025/12/05/7:23, 1764887013, 6703128, 184557026009371.8
2025/12/05/7:23, 1764887014, 6703129, 184588939217903.6
2025/12/05/7:23, 1764887016, 6703130, 184120418746169.5
2025/12/05/7:23, 1764887017, 6703131, 184377323944678.1
2025/12/05/7:23, 1764887018, 6703132, 183962671524208.1
2025/12/05/7:23, 1764887020, 6703133, 184386289053784.2
2025/12/05/7:23, 1764887021, 6703134, 184532142994313.9
2025/12/05/7:23, 1764887023, 6703135, 184849327264555.3
2025/12/05/7:23, 1764887024, 6703136, 184931999759899.2
2025/12/05/7:23, 1764887025, 6703137, 184750246684632.8
2025/12/05/7:23, 1764887027, 6703138, 184508640219072.3
2025/12/05/7:23, 1764887028, 6703139, 184901531288373.6
2025/12/05/7:23, 1764887029, 6703140, 184871669090415
2025/12/05/7:23, 1764887031, 6703141, 184690096607274.3
2025/12/05/7:23, 1764887032, 6703142, 183905307725363.4
2025/12/05/7:23, 1764887033, 6703143, 184879228160827.8
2025/12/05/7:23, 1764887035, 6703144, 185043592794259.1
2025/12/05/7:23, 1764887036, 6703145, 184722345201183.6
2025/12/05/7:23, 1764887037, 6703146, 184429489270185.3
2025/12/05/7:23, 1764887039, 6703147, 184717559509846.7
2025/12/05/7:24, 1764887040, 6703148, 185135527085772.3
2025/12/05/7:24, 1764887042, 6703149, 184798077799117.7
2025/12/05/7:24, 1764887043, 6703150, 184357600704644.1
2025/12/05/7:24, 1764887044, 6703151, 185043979777384.2
2025/12/05/7:24, 1764887046, 6703152, 184827114433072.2
2025/12/05/7:24, 1764887047, 6703153, 184425296952977.1
2025/12/05/7:24, 1764887048, 6703154, 184727298585206.2
2025/12/05/7:24, 1764887050, 6703155, 185136971822778.1
2025/12/05/7:24, 1764887051, 6703156, 184854319346893.8
2025/12/05/7:24, 1764887052, 6703157, 185032202590890.7
2025/12/05/7:24, 1764887054, 6703158, 184364347110489.6
2025/12/05/7:24, 1764887055, 6703159, 185157301336379.1
2025/12/05/7:24, 1764887057, 6703160, 184865103276695.8
2025/12/05/7:24, 1764887058, 6703161, 183940471592161.9
2025/12/05/7:24, 1764887059, 6703162, 184769724835353.9
2025/12/05/7:24, 1764887061, 6703163, 184081501143040.5
2025/12/05/7:24, 1764887062, 6703164, 184703911904905.8
2025/12/05/7:24, 1764887063, 6703165, 184681389486920.3
2025/12/05/7:24, 1764887065, 6703166, 184790557427018.2
2025/12/05/7:24, 1764887066, 6703167, 184932193251462.9
2025/12/05/7:24, 1764887067, 6703168, 184320321330087.5
2025/12/05/7:24, 1764887069, 6703169, 183942819289797.6
2025/12/05/7:24, 1764887070, 6703170, 183724586605104.1
2025/12/05/7:24, 1764887071, 6703171, 185201340016218.7
2025/12/05/7:24, 1764887073, 6703172, 184513464608720.8
2025/12/05/7:24, 1764887074, 6703173, 184392635577067
2025/12/05/7:24, 1764887076, 6703174, 184675352550139.5
2025/12/05/7:24, 1764887077, 6703175, 184403380808555.9
2025/12/05/7:24, 1764887078, 6703176, 184613770635212.2
2025/12/05/7:24, 1764887080, 6703177, 184725131479697.5
2025/12/05/7:24, 1764887081, 6703178, 184167321101150.1
2025/12/05/7:24, 1764887082, 6703179, 184666116552845.1
2025/12/05/7:24, 1764887084, 6703180, 184743642172600.5
2025/12/05/7:24, 1764887085, 6703181, 184359845206780.4
2025/12/05/7:24, 1764887086, 6703182, 184376627375050.9
2025/12/05/7:24, 1764887088, 6703183, 184599503857269
2025/12/05/7:24, 1764887089, 6703184, 184663356073207.3
2025/12/05/7:24, 1764887091, 6703185, 184877886619320.2
2025/12/05/7:24, 1764887092, 6703186, 184498436763960.8
2025/12/05/7:24, 1764887093, 6703187, 184749408221190.1
2025/12/05/7:24, 1764887095, 6703188, 184511129810521.4
2025/12/05/7:24, 1764887096, 6703189, 184188295586625.8
2025/12/05/7:24, 1764887097, 6703190, 184115310568894.8
2025/12/05/7:24, 1764887099, 6703191, 184854422542392.2
2025/12/05/7:25, 1764887100, 6703192, 184161503454806.8
2025/12/05/7:25, 1764887101, 6703193, 184204213492578.9
2025/12/05/7:25, 1764887103, 6703194, 184215100617882.3
2025/12/05/7:25, 1764887104, 6703195, 184175937925440.7
2025/12/05/7:25, 1764887105, 6703196, 185080330392438.9
2025/12/05/7:25, 1764887107, 6703197, 184579522628481.7
2025/12/05/7:25, 1764887108, 6703198, 184305628870703
2025/12/05/7:25, 1764887110, 6703199, 184749653310504
2025/12/05/7:25, 1764887111, 6703200, 184977741165498.7
2025/12/05/7:25, 1764887112, 6703201, 184612816076834.2
2025/12/05/7:25, 1764887114, 6703202, 185100634107163.8
2025/12/05/7:25, 1764887115, 6703203, 184489781241355.8
2025/12/05/7:25, 1764887116, 6703204, 185049216949035.2
2025/12/05/7:25, 1764887118, 6703205, 184609410625316.3
2025/12/05/7:25, 1764887119, 6703206, 184841407009891.3
2025/12/05/7:25, 1764887120, 6703207, 185062348576475
2025/12/05/7:25, 1764887122, 6703208, 184363586043674.4
2025/12/05/7:25, 1764887123, 6703209, 184848785488178.1
2025/12/05/7:25, 1764887125, 6703210, 184888644750249.1
2025/12/05/7:25, 1764887126, 6703211, 184352905309372.3
2025/12/05/7:25, 1764887127, 6703212, 184562650164150.8
2025/12/05/7:25, 1764887129, 6703213, 183807762178511.8
2025/12/05/7:25, 1764887130, 6703214, 184486853069027.7
2025/12/05/7:25, 1764887131, 6703215, 184181084801029.1
2025/12/05/7:25, 1764887133, 6703216, 184802412010137.6
2025/12/05/7:25, 1764887134, 6703217, 184472212207395
2025/12/05/7:25, 1764887135, 6703218, 184783952914984.7
2025/12/05/7:25, 1764887137, 6703219, 184581367248055.1
2025/12/05/7:25, 1764887138, 6703220, 184468574566001.9
2025/12/05/7:25, 1764887139, 6703221, 184654881142728
2025/12/05/7:25, 1764887141, 6703222, 184699177811320.2
2025/12/05/7:25, 1764887142, 6703223, 184329879813321
2025/12/05/7:25, 1764887144, 6703224, 184625444626208
2025/12/05/7:25, 1764887145, 6703225, 184357716799583.3
2025/12/05/7:25, 1764887146, 6703226, 183798809968842.6
2025/12/05/7:25, 1764887148, 6703227, 184033128252178.3
2025/12/05/7:25, 1764887149, 6703228, 184108125582171.3
2025/12/05/7:25, 1764887150, 6703229, 184790583225892.8
2025/12/05/7:25, 1764887152, 6703230, 184890708660259.8
2025/12/05/7:25, 1764887153, 6703231, 184572544032760
2025/12/05/7:25, 1764887154, 6703232, 185627885718123.5
2025/12/05/7:25, 1764887156, 6703233, 184970620675963.7
2025/12/05/7:25, 1764887157, 6703234, 185330772972729.7
2025/12/05/7:25, 1764887159, 6703235, 185555532772832.4
2025/12/05/7:26, 1764887160, 6703236, 184622980833632.3
2025/12/05/7:26, 1764887161, 6703237, 184756683503976.3
2025/12/05/7:26, 1764887163, 6703238, 184916197948884.5
2025/12/05/7:26, 1764887164, 6703239, 185240657501912
2025/12/05/7:26, 1764887165, 6703240, 185320040640676.4
2025/12/05/7:26, 1764887167, 6703241, 184735373633122.5
2025/12/05/7:26, 1764887168, 6703242, 184904756147766.1
2025/12/05/7:26, 1764887169, 6703243, 184890540967569.7
2025/12/05/7:26, 1764887171, 6703244, 185513983684440.1
2025/12/05/7:26, 1764887172, 6703245, 184732948538860.8
2025/12/05/7:26, 1764887173, 6703246, 185296782954750.7
2025/12/05/7:26, 1764887175, 6703247, 184244201749025.7
2025/12/05/7:26, 1764887176, 6703248, 184356581649076.2
2025/12/05/7:26, 1764887178, 6703249, 185272196626753.9
2025/12/05/7:26, 1764887179, 6703250, 184822999512488.8
2025/12/05/7:26, 1764887180, 6703251, 185398920701375.2
2025/12/05/7:26, 1764887182, 6703252, 184949813883172.7
2025/12/05/7:26, 1764887183, 6703253, 184716721046405.1
2025/12/05/7:26, 1764887184, 6703254, 185077066834735.1
2025/12/05/7:26, 1764887186, 6703255, 184925330750677.3
2025/12/05/7:26, 1764887187, 6703256, 184881046981523.1
2025/12/05/7:26, 1764887188, 6703257, 184977470277308.5
2025/12/05/7:26, 1764887190, 6703258, 185147626758206.8
2025/12/05/7:26, 1764887191, 6703259, 185697078301214.1
2025/12/05/7:26, 1764887193, 6703260, 184947208196784.9
2025/12/05/7:26, 1764887194, 6703261, 185333701145055.3
2025/12/05/7:26, 1764887195, 6703262, 185029893591566.6
2025/12/05/7:26, 1764887197, 6703263, 185011434496413.2
2025/12/05/7:26, 1764887198, 6703264, 185327625509964.8
2025/12/05/7:26, 1764887199, 6703265, 184632139434303.2
2025/12/05/7:26, 1764887201, 6703266, 184512497150904.8
2025/12/05/7:26, 1764887202, 6703267, 184185290017674.9
2025/12/05/7:26, 1764887203, 6703268, 184403548501244.3
2025/12/05/7:26, 1764887205, 6703269, 184423091149152.2
2025/12/05/7:26, 1764887206, 6703270, 184250677266682.3
2025/12/05/7:26, 1764887207, 6703271, 184079579126844.3
2025/12/05/7:26, 1764887209, 6703272, 184612854775146.6
2025/12/05/7:26, 1764887210, 6703273, 185400442835008.1
2025/12/05/7:26, 1764887212, 6703274, 184738946777326.3
2025/12/05/7:26, 1764887213, 6703275, 184716488856530.1
2025/12/05/7:26, 1764887214, 6703276, 184901608684998.9
2025/12/05/7:26, 1764887216, 6703277, 184605437598546.4
2025/12/05/7:26, 1764887217, 6703278, 184692018623472.8
2025/12/05/7:26, 1764887218, 6703279, 184780263675841.4
2025/12/05/7:27, 1764887220, 6703280, 185137204012655.7
2025/12/05/7:27, 1764887221, 6703281, 184971265647841.6
2025/12/05/7:27, 1764887222, 6703282, 184998302868973.1
2025/12/05/7:27, 1764887224, 6703283, 184727995154836.5
2025/12/05/7:27, 1764887225, 6703284, 184719210637854.5
2025/12/05/7:27, 1764887227, 6703285, 184346262099026.4
2025/12/05/7:27, 1764887228, 6703286, 185151328896786.8
2025/12/05/7:27, 1764887229, 6703287, 185011034613849.8
2025/12/05/7:27, 1764887231, 6703288, 184097612540557.4
2025/12/05/7:27, 1764887232, 6703289, 184821632172108.1
2025/12/05/7:27, 1764887233, 6703290, 184453611218428.6
2025/12/05/7:27, 1764887235, 6703291, 184114497904326.3
2025/12/05/7:27, 1764887236, 6703292, 184454165894243.1
2025/12/05/7:27, 1764887237, 6703293, 184810345164239.3
2025/12/05/7:27, 1764887239, 6703294, 184818665301468.6
2025/12/05/7:27, 1764887240, 6703295, 184330963366075.6
2025/12/05/7:27, 1764887241, 6703296, 184941068064504.8
2025/12/05/7:27, 1764887243, 6703297, 184595492132186.6
2025/12/05/7:27, 1764887244, 6703298, 184942164516699.4
2025/12/05/7:27, 1764887246, 6703299, 184004994578852.5
2025/12/05/7:27, 1764887247, 6703300, 184646303016747.2
2025/12/05/7:27, 1764887248, 6703301, 184678138828654.6
2025/12/05/7:27, 1764887250, 6703302, 184447148600208.9
2025/12/05/7:27, 1764887251, 6703303, 185077350622360.9
2025/12/05/7:27, 1764887252, 6703304, 185212807616212.5
2025/12/05/7:27, 1764887254, 6703305, 184456087910440.5
2025/12/05/7:27, 1764887255, 6703306, 184779193022523.8
2025/12/05/7:27, 1764887256, 6703307, 184580464287424.2
2025/12/05/7:27, 1764887258, 6703308, 184124869052128.2
2025/12/05/7:27, 1764887259, 6703309, 183782866264013.4
2025/12/05/7:27, 1764887261, 6703310, 184935431010290.7
2025/12/05/7:27, 1764887262, 6703311, 184586307732641.6
2025/12/05/7:27, 1764887263, 6703312, 184260506638107.1
2025/12/05/7:27, 1764887265, 6703313, 185029932289877.8
2025/12/05/7:27, 1764887266, 6703314, 184777090414200.5
2025/12/05/7:27, 1764887267, 6703315, 184219873409781.2
2025/12/05/7:27, 1764887269, 6703316, 184507105186001.6
2025/12/05/7:27, 1764887270, 6703317, 184706027412665.4
2025/12/05/7:27, 1764887271, 6703318, 184972994172474.1
2025/12/05/7:27, 1764887273, 6703319, 184796891050861.9
2025/12/05/7:27, 1764887274, 6703320, 184711741863506.8
2025/12/05/7:27, 1764887275, 6703321, 184962094147732.8
2025/12/05/7:27, 1764887277, 6703322, 184857647401784.7
2025/12/05/7:27, 1764887278, 6703323, 184444259126194.6
2025/12/05/7:28, 1764887280, 6703324, 183988547795960.2
2025/12/05/7:28, 1764887281, 6703325, 184027091315399.5
2025/12/05/7:28, 1764887282, 6703326, 185150903215347.8
2025/12/05/7:28, 1764887284, 6703327, 185430137340278.9
2025/12/05/7:28, 1764887285, 6703328, 184999399321167.7
2025/12/05/7:28, 1764887286, 6703329, 185654639151630.8
2025/12/05/7:28, 1764887288, 6703330, 184860214389858.8
2025/12/05/7:28, 1764887289, 6703331, 184840439552075.2
2025/12/05/7:28, 1764887290, 6703332, 184940371494877.7
2025/12/05/7:28, 1764887292, 6703333, 185414812808454.5
2025/12/05/7:28, 1764887293, 6703334, 185186221875395.2
2025/12/05/7:28, 1764887295, 6703335, 185037659052978.3
2025/12/05/7:28, 1764887296, 6703336, 185329715218848.7
2025/12/05/7:28, 1764887297, 6703337, 183808587742514.4
2025/12/05/7:28, 1764887299, 6703338, 184210676110798.1
2025/12/05/7:28, 1764887300, 6703339, 185213220398215.5
2025/12/05/7:28, 1764887301, 6703340, 185154682750553.3
2025/12/05/7:28, 1764887303, 6703341, 184842825948023.7
2025/12/05/7:28, 1764887304, 6703342, 184624773855454.1
2025/12/05/7:28, 1764887305, 6703343, 184918545646519.3
2025/12/05/7:28, 1764887307, 6703344, 184534542289700.3
2025/12/05/7:28, 1764887308, 6703345, 184192487903834
2025/12/05/7:28, 1764887309, 6703346, 184452669559486.4
2025/12/05/7:28, 1764887311, 6703347, 185122898536396.1
2025/12/05/7:28, 1764887312, 6703348, 184627637530592.8
2025/12/05/7:28, 1764887314, 6703349, 184596678880442.8
2025/12/05/7:28, 1764887315, 6703350, 184780663558406.4
2025/12/05/7:28, 1764887316, 6703351, 184428418616866.3
2025/12/05/7:28, 1764887318, 6703352, 184203620118452.6
2025/12/05/7:28, 1764887319, 6703353, 184690509389277.6
2025/12/05/7:28, 1764887320, 6703354, 185468448669841.2
2025/12/05/7:28, 1764887322, 6703355, 184361973613978
2025/12/05/7:28, 1764887323, 6703356, 184742455424345.1
2025/12/05/7:28, 1764887324, 6703357, 185349335263382
2025/12/05/7:28, 1764887326, 6703358, 184370216354582.3
2025/12/05/7:28, 1764887327, 6703359, 184825205316311.8
2025/12/05/7:28, 1764887329, 6703360, 185063973905607.8
2025/12/05/7:28, 1764887330, 6703361, 184289427177123.5
2025/12/05/7:28, 1764887331, 6703362, 185042031962312.2
2025/12/05/7:28, 1764887333, 6703363, 184922518673290.2
2025/12/05/7:28, 1764887334, 6703364, 184828817158831.1
2025/12/05/7:28, 1764887335, 6703365, 184907529526841.9
2025/12/05/7:28, 1764887337, 6703366, 184633442277497.5
2025/12/05/7:28, 1764887338, 6703367, 185162061228840.1
2025/12/05/7:28, 1764887339, 6703368, 185011421596974.8
2025/12/05/7:29, 1764887341, 6703369, 184822638328237.4
2025/12/05/7:29, 1764887342, 6703370, 185386137358751.1
2025/12/05/7:29, 1764887343, 6703371, 184711832159569.7
2025/12/05/7:29, 1764887345, 6703372, 184852642420010.5
2025/12/05/7:29, 1764887346, 6703373, 184710967897252.4
2025/12/05/7:29, 1764887348, 6703374, 184569977044685.9
2025/12/05/7:29, 1764887349, 6703375, 184885768175672.8
2025/12/05/7:29, 1764887350, 6703376, 185527373300630.3
2025/12/05/7:29, 1764887352, 6703377, 185169388109376
2025/12/05/7:29, 1764887353, 6703378, 184748518159997.8
2025/12/05/7:29, 1764887354, 6703379, 185394547792040.9
2025/12/05/7:29, 1764887356, 6703380, 184623238822385.3
2025/12/05/7:29, 1764887357, 6703381, 184410011119464.1
2025/12/05/7:29, 1764887358, 6703382, 184978528031189.8
2025/12/05/7:29, 1764887360, 6703383, 185359422623557.6
2025/12/05/7:29, 1764887361, 6703384, 184838130552752
2025/12/05/7:29, 1764887363, 6703385, 185174006108023.5
2025/12/05/7:29, 1764887364, 6703386, 184736341090938.6
2025/12/05/7:29, 1764887365, 6703387, 184720900464175.3
2025/12/05/7:29, 1764887367, 6703388, 184265988899071.2
2025/12/05/7:29, 1764887368, 6703389, 184928516911755.9
2025/12/05/7:29, 1764887369, 6703390, 184807700779540.4
2025/12/05/7:29, 1764887371, 6703391, 184623187224633.6
2025/12/05/7:29, 1764887372, 6703392, 184922221986226.1
2025/12/05/7:29, 1764887373, 6703393, 184903608097822.2
2025/12/05/7:29, 1764887375, 6703394, 184782572675167.1
2025/12/05/7:29, 1764887376, 6703395, 184737940621196.7
2025/12/05/7:29, 1764887377, 6703396, 185104671631119.7
2025/12/05/7:29, 1764887379, 6703397, 184614286612716.1
2025/12/05/7:29, 1764887380, 6703398, 184899647970489.8
2025/12/05/7:29, 1764887382, 6703399, 184640008091215.7
2025/12/05/7:29, 1764887383, 6703400, 184545984090818.8
2025/12/05/7:29, 1764887384, 6703401, 185191368750983.6
2025/12/05/7:29, 1764887386, 6703402, 184845083349598.1
2025/12/05/7:29, 1764887387, 6703403, 185153044521983.7
2025/12/05/7:29, 1764887388, 6703404, 185284567187376.8
2025/12/05/7:29, 1764887390, 6703405, 184432701230137.4
2025/12/05/7:29, 1764887391, 6703406, 184291478187696.4
2025/12/05/7:29, 1764887392, 6703407, 185196631721508.3
2025/12/05/7:29, 1764887394, 6703408, 185366788202405.3
2025/12/05/7:29, 1764887395, 6703409, 184802386211263.9
2025/12/05/7:29, 1764887397, 6703410, 185353256692401
2025/12/05/7:29, 1764887398, 6703411, 184901311997936.6
2025/12/05/7:29, 1764887399, 6703412, 184197957265362.4
2025/12/05/7:30, 1764887401, 6703413, 185419263114413.6
2025/12/05/7:30, 1764887402, 6703414, 185068462909879.7
2025/12/05/7:30, 1764887403, 6703415, 184749227629065.4
2025/12/05/7:30, 1764887405, 6703416, 184490348816608.6
2025/12/05/7:30, 1764887406, 6703417, 184660260208191.6
2025/12/05/7:30, 1764887407, 6703418, 185158578380696.6
2025/12/05/7:30, 1764887409, 6703419, 184869682577029.5
2025/12/05/7:30, 1764887410, 6703420, 184175563841751.4
2025/12/05/7:30, 1764887411, 6703421, 184407947209453.5
2025/12/05/7:30, 1764887413, 6703422, 184873849095362.9
2025/12/05/7:30, 1764887414, 6703423, 184823979869745
2025/12/05/7:30, 1764887416, 6703424, 184653565400096.5
2025/12/05/7:30, 1764887417, 6703425, 184175280054124.8
2025/12/05/7:30, 1764887418, 6703426, 184863864930689.7
2025/12/05/7:30, 1764887420, 6703427, 184752968465959
2025/12/05/7:30, 1764887421, 6703428, 184875268033494.4
2025/12/05/7:30, 1764887422, 6703429, 184515322127729.8
2025/12/05/7:30, 1764887424, 6703430, 185125904105348.9
2025/12/05/7:30, 1764887425, 6703431, 184557232400373.5
2025/12/05/7:30, 1764887426, 6703432, 184746738037615.8
2025/12/05/7:30, 1764887428, 6703433, 184645167866242.8
2025/12/05/7:30, 1764887429, 6703434, 184198847326553.3
2025/12/05/7:30, 1764887431, 6703435, 184456100809878.1
2025/12/05/7:30, 1764887432, 6703436, 185091888288494.6
2025/12/05/7:30, 1764887433, 6703437, 184618956209114.2
2025/12/05/7:30, 1764887435, 6703438, 184053302972527.2
2025/12/05/7:30, 1764887436, 6703439, 185139306620977.2
2025/12/05/7:30, 1764887437, 6703440, 184965938180127.2
2025/12/05/7:30, 1764887439, 6703441, 184951232821305
2025/12/05/7:30, 1764887440, 6703442, 184879782836642.8
2025/12/05/7:30, 1764887441, 6703443, 185329624922785.8
2025/12/05/7:30, 1764887443, 6703444, 184904369164638.9
2025/12/05/7:30, 1764887444, 6703445, 184920274171154.2
2025/12/05/7:30, 1764887445, 6703446, 185033286143644.4
2025/12/05/7:30, 1764887447, 6703447, 184787538958627.2
2025/12/05/7:30, 1764887448, 6703448, 184627095754215.2
2025/12/05/7:30, 1764887450, 6703449, 184971497837716.4
2025/12/05/7:30, 1764887451, 6703450, 184616531114851.7
2025/12/05/7:30, 1764887452, 6703451, 184847650337671.9
2025/12/05/7:30, 1764887454, 6703452, 185340189562150.8
2025/12/05/7:30, 1764887455, 6703453, 185028061871433.2
2025/12/05/7:30, 1764887456, 6703454, 184760282447056.5
2025/12/05/7:30, 1764887458, 6703455, 184705395340225.5
2025/12/05/7:30, 1764887459, 6703456, 184461028395026
2025/12/05/7:31, 1764887460, 6703457, 184681312090295.2
2025/12/05/7:31, 1764887462, 6703458, 184575730193838.2
2025/12/05/7:31, 1764887463, 6703459, 184772188627927.2
2025/12/05/7:31, 1764887465, 6703460, 185032047797640
2025/12/05/7:31, 1764887466, 6703461, 184216816243079.2
2025/12/05/7:31, 1764887467, 6703462, 184931832067211.1
2025/12/05/7:31, 1764887469, 6703463, 184896822993664.4
2025/12/05/7:31, 1764887470, 6703464, 184872455956107.4
2025/12/05/7:31, 1764887471, 6703465, 184935972786667.8
2025/12/05/7:31, 1764887473, 6703466, 183924153803644.5
2025/12/05/7:31, 1764887474, 6703467, 185460786403929
2025/12/05/7:31, 1764887475, 6703468, 185207338254686
2025/12/05/7:31, 1764887477, 6703469, 184932502837962.7
2025/12/05/7:31, 1764887478, 6703470, 185091552903117.9
2025/12/05/7:31, 1764887479, 6703471, 185023366476159.2
2025/12/05/7:31, 1764887481, 6703472, 184988899178989.3
2025/12/05/7:31, 1764887482, 6703473, 184730394450221.9
2025/12/05/7:31, 1764887484, 6703474, 184984345677529.7
2025/12/05/7:31, 1764887485, 6703475, 184945750560340.9
2025/12/05/7:31, 1764887486, 6703476, 184413106984479.8
2025/12/05/7:31, 1764887488, 6703477, 184919306713335.8
2025/12/05/7:31, 1764887489, 6703478, 184716669448655.9
2025/12/05/7:31, 1764887490, 6703479, 184634783819002.7
2025/12/05/7:31, 1764887492, 6703480, 184299037258106.2
2025/12/05/7:31, 1764887493, 6703481, 185218418871553.1
2025/12/05/7:31, 1764887494, 6703482, 184108344872610.7
2025/12/05/7:31, 1764887496, 6703483, 184882968997721.4
2025/12/05/7:31, 1764887497, 6703484, 183584395517666.1
2025/12/05/7:31, 1764887499, 6703485, 184838246647688.5
2025/12/05/7:31, 1764887500, 6703486, 185016245986625.4
2025/12/05/7:31, 1764887501, 6703487, 184791937666837.2
2025/12/05/7:31, 1764887503, 6703488, 184686536362507.8
2025/12/05/7:31, 1764887504, 6703489, 184274592823925.6
2025/12/05/7:31, 1764887505, 6703490, 184891392330450.1
2025/12/05/7:31, 1764887507, 6703491, 184379336256939.5
2025/12/05/7:31, 1764887508, 6703492, 184476714111103
2025/12/05/7:31, 1764887509, 6703493, 184903943483198.5
2025/12/05/7:31, 1764887511, 6703494, 183950868538838.2
2025/12/05/7:31, 1764887512, 6703495, 185020915583021.4
2025/12/05/7:31, 1764887513, 6703496, 184613138562771.9
2025/12/05/7:31, 1764887515, 6703497, 184507763057319.4
2025/12/05/7:31, 1764887516, 6703498, 185314558379712.2
2025/12/05/7:31, 1764887518, 6703499, 184925304951803.3
2025/12/05/7:31, 1764887519, 6703500, 184840787836889
2025/12/05/7:32, 1764887520, 6703501, 184662040330575.6
2025/12/05/7:32, 1764887522, 6703502, 185188156791029.1
2025/12/05/7:32, 1764887523, 6703503, 184352273236930
2025/12/05/7:32, 1764887524, 6703504, 184998844645351.9
2025/12/05/7:32, 1764887526, 6703505, 184070020643608.4
2025/12/05/7:32, 1764887527, 6703506, 184515438222668.3
2025/12/05/7:32, 1764887528, 6703507, 184582631392935.4
2025/12/05/7:32, 1764887530, 6703508, 184871295006725.5
2025/12/05/7:32, 1764887531, 6703509, 184988009117798.5
2025/12/05/7:32, 1764887533, 6703510, 184626128296399.3
2025/12/05/7:32, 1764887534, 6703511, 184558303053690.1
2025/12/05/7:32, 1764887535, 6703512, 184036391809882.9
2025/12/05/7:32, 1764887537, 6703513, 184967382917135.6
2025/12/05/7:32, 1764887538, 6703514, 184427580153424.6
2025/12/05/7:32, 1764887539, 6703515, 184753665035586.2
2025/12/05/7:32, 1764887541, 6703516, 183503774032894.8
2025/12/05/7:32, 1764887542, 6703517, 184766990154588.6
2025/12/05/7:32, 1764887543, 6703518, 184995890674149
2025/12/05/7:32, 1764887545, 6703519, 184437241832159.3
2025/12/05/7:32, 1764887546, 6703520, 184768447791033.6
2025/12/05/7:32, 1764887547, 6703521, 184120380047855.8
2025/12/05/7:32, 1764887549, 6703522, 184494115452375.8
2025/12/05/7:32, 1764887550, 6703523, 184558057964377.2
2025/12/05/7:32, 1764887552, 6703524, 184533174949316.8
2025/12/05/7:32, 1764887553, 6703525, 184677468057900.1
2025/12/05/7:32, 1764887554, 6703526, 184625147939143.5
2025/12/05/7:32, 1764887556, 6703527, 184535187261578.3
2025/12/05/7:32, 1764887557, 6703528, 184959798047847.1
2025/12/05/7:32, 1764887558, 6703529, 185266753064103.4
2025/12/05/7:32, 1764887560, 6703530, 183945257283497.3
2025/12/05/7:32, 1764887561, 6703531, 184194242227344.5
2025/12/05/7:32, 1764887562, 6703532, 184933328401968.3
2025/12/05/7:32, 1764887564, 6703533, 184578129489225
2025/12/05/7:32, 1764887565, 6703534, 184872572051043.8
2025/12/05/7:32, 1764887567, 6703535, 184614789690779.6
2025/12/05/7:32, 1764887568, 6703536, 184795485012167.5
2025/12/05/7:32, 1764887569, 6703537, 184825063422499.5
2025/12/05/7:32, 1764887571, 6703538, 184286744094110.6
2025/12/05/7:32, 1764887572, 6703539, 184725028284196.7
2025/12/05/7:32, 1764887573, 6703540, 184624554565017.2
2025/12/05/7:32, 1764887575, 6703541, 184231960182777.9
2025/12/05/7:32, 1764887576, 6703542, 184111763223564.5
2025/12/05/7:32, 1764887577, 6703543, 184619072304051.3
2025/12/05/7:32, 1764887579, 6703544, 184732071377104.9
2025/12/05/7:33, 1764887580, 6703545, 184548164095765.6
2025/12/05/7:33, 1764887581, 6703546, 184881988640465.2
2025/12/05/7:33, 1764887583, 6703547, 184600613208899.3
2025/12/05/7:33, 1764887584, 6703548, 184265240731690.7
2025/12/05/7:33, 1764887586, 6703549, 184689129149458.5
2025/12/05/7:33, 1764887587, 6703550, 184594176389554.7
2025/12/05/7:33, 1764887588, 6703551, 184795639805417.1
2025/12/05/7:33, 1764887590, 6703552, 184534800278450.9
2025/12/05/7:33, 1764887591, 6703553, 184797729514302.1
2025/12/05/7:33, 1764887592, 6703554, 184591686798104.9
2025/12/05/7:33, 1764887594, 6703555, 183934679744696.5
2025/12/05/7:33, 1764887595, 6703556, 185259813166692.9
2025/12/05/7:33, 1764887596, 6703557, 184657538426865
2025/12/05/7:33, 1764887598, 6703558, 184907929409405.5
2025/12/05/7:33, 1764887599, 6703559, 184788183930505.2
2025/12/05/7:33, 1764887601, 6703560, 184997490204407.2
2025/12/05/7:33, 1764887602, 6703561, 184910302905916.3
2025/12/05/7:33, 1764887603, 6703562, 183969276036240.4
2025/12/05/7:33, 1764887605, 6703563, 184013185721706.9
2025/12/05/7:33, 1764887606, 6703564, 184886064862734.9
2025/12/05/7:33, 1764887607, 6703565, 185342008382846.8
2025/12/05/7:33, 1764887609, 6703566, 184620142957369.6
2025/12/05/7:33, 1764887610, 6703567, 185099976235848
2025/12/05/7:33, 1764887611, 6703568, 184605153810920.9
2025/12/05/7:33, 1764887613, 6703569, 184783049954354.9
2025/12/05/7:33, 1764887614, 6703570, 184943880141894
2025/12/05/7:33, 1764887615, 6703571, 184392738772567.8
2025/12/05/7:33, 1764887617, 6703572, 184101779058889.7
2025/12/05/7:33, 1764887618, 6703573, 184695372477239.3
2025/12/05/7:33, 1764887620, 6703574, 184864419606504.8
2025/12/05/7:33, 1764887621, 6703575, 184933857278908.2
2025/12/05/7:33, 1764887622, 6703576, 184099044378127.8
2025/12/05/7:33, 1764887624, 6703577, 185370503240424.6
2025/12/05/7:33, 1764887625, 6703578, 183854883823929.2
2025/12/05/7:33, 1764887626, 6703579, 184575923685402.2
2025/12/05/7:33, 1764887628, 6703580, 184671972897498.8
2025/12/05/7:33, 1764887629, 6703581, 184783385339733.1
2025/12/05/7:33, 1764887630, 6703582, 184582141214307.5
2025/12/05/7:33, 1764887632, 6703583, 185070294630015.2
2025/12/05/7:33, 1764887633, 6703584, 184576013981464.8
2025/12/05/7:33, 1764887635, 6703585, 185438418779194.5
2025/12/05/7:33, 1764887636, 6703586, 184507763057319.4
2025/12/05/7:33, 1764887637, 6703587, 184888412560372
2025/12/05/7:33, 1764887639, 6703588, 184600548711711.1
2025/12/05/7:34, 1764887640, 6703589, 184856718642280
2025/12/05/7:34, 1764887641, 6703590, 185430059943654.1
2025/12/05/7:34, 1764887643, 6703591, 184566945676859.2
2025/12/05/7:34, 1764887644, 6703592, 184744325842792.1
2025/12/05/7:34, 1764887645, 6703593, 184798516379993.5
2025/12/05/7:34, 1764887647, 6703594, 184322178849096.5
2025/12/05/7:34, 1764887648, 6703595, 185200643446590.8
2025/12/05/7:34, 1764887649, 6703596, 185045489011580.9
2025/12/05/7:34, 1764887651, 6703597, 184270658495467.3
2025/12/05/7:34, 1764887652, 6703598, 184306673725143.9
2025/12/05/7:34, 1764887654, 6703599, 184204897162770.1
2025/12/05/7:34, 1764887655, 6703600, 185204229490234.7
2025/12/05/7:34, 1764887656, 6703601, 184193094177400.7
2025/12/05/7:34, 1764887658, 6703602, 184351563767864.8
2025/12/05/7:34, 1764887659, 6703603, 184699616392196.8
2025/12/05/7:34, 1764887660, 6703604, 184458732295139.4
2025/12/05/7:34, 1764887662, 6703605, 185665423081433.3
2025/12/05/7:34, 1764887663, 6703606, 184865774047447.8
2025/12/05/7:34, 1764887664, 6703607, 184653475104033.6
2025/12/05/7:34, 1764887666, 6703608, 184826572656694.8
2025/12/05/7:34, 1764887667, 6703609, 184393435342195
2025/12/05/7:34, 1764887669, 6703610, 184478352339675.1
2025/12/05/7:34, 1764887670, 6703611, 184167591989337.2
2025/12/05/7:34, 1764887671, 6703612, 184922596069913.9
2025/12/05/7:34, 1764887673, 6703613, 184538554014782.5
2025/12/05/7:34, 1764887674, 6703614, 184472895877584.2
2025/12/05/7:34, 1764887675, 6703615, 184396041028583.9
2025/12/05/7:34, 1764887677, 6703616, 184846566784917.7
2025/12/05/7:34, 1764887678, 6703617, 184511104011648
2025/12/05/7:34, 1764887679, 6703618, 184901389394561.9
2025/12/05/7:34, 1764887681, 6703619, 184172713066050.7
2025/12/05/7:34, 1764887682, 6703620, 183975183978644.6
2025/12/05/7:34, 1764887683, 6703621, 184406425075822.7
2025/12/05/7:34, 1764887685, 6703622, 184640124186154.2
2025/12/05/7:34, 1764887686, 6703623, 184653307411345.5
2025/12/05/7:34, 1764887688, 6703624, 184463247098287.8
2025/12/05/7:34, 1764887689, 6703625, 184659537839688.4
2025/12/05/7:34, 1764887690, 6703626, 184553581859542.4
2025/12/05/7:34, 1764887692, 6703627, 184066279806716.9
2025/12/05/7:34, 1764887693, 6703628, 184590100167285.3
2025/12/05/7:34, 1764887694, 6703629, 185187344126463.4
2025/12/05/7:34, 1764887696, 6703630, 184716643649780.2
2025/12/05/7:34, 1764887697, 6703631, 184562637264712.8
2025/12/05/7:34, 1764887698, 6703632, 184744764423668.7
2025/12/05/7:35, 1764887700, 6703633, 184971820323655.9
2025/12/05/7:35, 1764887701, 6703634, 184302919988814.7
2025/12/05/7:35, 1764887703, 6703635, 184639569510339.1
2025/12/05/7:35, 1764887704, 6703636, 184190037010698.7
2025/12/05/7:35, 1764887705, 6703637, 184857144323718.5
2025/12/05/7:35, 1764887707, 6703638, 183618746719897.3
2025/12/05/7:35, 1764887708, 6703639, 185130896187687.6
2025/12/05/7:35, 1764887709, 6703640, 184600742203273.3
2025/12/05/7:35, 1764887711, 6703641, 184996922629154
2025/12/05/7:35, 1764887712, 6703642, 184882943198844.7
2025/12/05/7:35, 1764887713, 6703643, 184652701137778.8
2025/12/05/7:35, 1764887715, 6703644, 184213926769064.9
2025/12/05/7:35, 1764887716, 6703645, 184763726596886.3
2025/12/05/7:35, 1764887717, 6703646, 184549363743461
2025/12/05/7:35, 1764887719, 6703647, 184118341936720.8
2025/12/05/7:35, 1764887720, 6703648, 184975161277985.3
2025/12/05/7:35, 1764887722, 6703649, 183940703782037.7
2025/12/05/7:35, 1764887723, 6703650, 184729181903091
2025/12/05/7:35, 1764887724, 6703651, 184993001200136
2025/12/05/7:35, 1764887726, 6703652, 185357629601734.7
2025/12/05/7:35, 1764887727, 6703653, 184706362798043
2025/12/05/7:35, 1764887728, 6703654, 185772372318268.6
2025/12/05/7:35, 1764887730, 6703655, 184634951511692.6
2025/12/05/7:35, 1764887731, 6703656, 184983416918025.8
2025/12/05/7:35, 1764887732, 6703657, 185121015218513.6
2025/12/05/7:35, 1764887734, 6703658, 184927665548876.5
2025/12/05/7:35, 1764887735, 6703659, 184248097379169.9
2025/12/05/7:35, 1764887737, 6703660, 184517115149551.5
2025/12/05/7:35, 1764887738, 6703661, 184641981705163.5
2025/12/05/7:35, 1764887739, 6703662, 184435255318775.9
2025/12/05/7:35, 1764887741, 6703663, 184253295852508.1
2025/12/05/7:35, 1764887742, 6703664, 184371338605650
2025/12/05/7:35, 1764887743, 6703665, 184784817177301.3
2025/12/05/7:35, 1764887745, 6703666, 184918119965079.6
2025/12/05/7:35, 1764887746, 6703667, 185080639978941
2025/12/05/7:35, 1764887747, 6703668, 184909812727289.1
2025/12/05/7:35, 1764887749, 6703669, 184801070468631
2025/12/05/7:35, 1764887750, 6703670, 185209324768071.1
2025/12/05/7:35, 1764887751, 6703671, 184870779029224.1
2025/12/05/7:35, 1764887753, 6703672, 184496708239326.2
2025/12/05/7:35, 1764887754, 6703673, 185162099927151.2
2025/12/05/7:35, 1764887756, 6703674, 185358003685424.8
2025/12/05/7:35, 1764887757, 6703675, 184665794066904.9
2025/12/05/7:35, 1764887758, 6703676, 184687013641696.6
2025/12/05/7:36, 1764887760, 6703677, 184693901941355.4
2025/12/05/7:36, 1764887761, 6703678, 184474817893782.8
2025/12/05/7:36, 1764887762, 6703679, 185077041035859.2
2025/12/05/7:36, 1764887764, 6703680, 185413329373134.9
2025/12/05/7:36, 1764887765, 6703681, 184635235299319.2
2025/12/05/7:36, 1764887766, 6703682, 184948124056853.5
2025/12/05/7:36, 1764887768, 6703683, 184626038000336.8
2025/12/05/7:36, 1764887769, 6703684, 184263318715494.2
2025/12/05/7:36, 1764887771, 6703685, 184878196205822.4
2025/12/05/7:36, 1764887772, 6703686, 184901866673751.8
2025/12/05/7:36, 1764887773, 6703687, 184464988522358.2
2025/12/05/7:36, 1764887775, 6703688, 184343114636261.6
2025/12/05/7:36, 1764887776, 6703689, 184532633172940.3
2025/12/05/7:36, 1764887777, 6703690, 184610571574698.3
2025/12/05/7:36, 1764887779, 6703691, 184677222968587.8
2025/12/05/7:36, 1764887780, 6703692, 184284396396473.8
2025/12/05/7:36, 1764887781, 6703693, 184827436919009.9
2025/12/05/7:36, 1764887783, 6703694, 183712732021983.2
2025/12/05/7:36, 1764887784, 6703695, 184463543785351.4
2025/12/05/7:36, 1764887785, 6703696, 184526273750222.4
2025/12/05/7:36, 1764887787, 6703697, 184277701588378.5
2025/12/05/7:36, 1764887788, 6703698, 184747602299931.3
2025/12/05/7:36, 1764887790, 6703699, 184829294438018.9
2025/12/05/7:36, 1764887791, 6703700, 185005539453447.7
2025/12/05/7:36, 1764887792, 6703701, 184613241758272.3
2025/12/05/7:36, 1764887794, 6703702, 184295025533026.2
2025/12/05/7:36, 1764887795, 6703703, 184750543371697
2025/12/05/7:36, 1764887796, 6703704, 184793846783595.4
2025/12/05/7:36, 1764887798, 6703705, 184725376569010
2025/12/05/7:36, 1764887799, 6703706, 184781798708913.1
2025/12/05/7:36, 1764887800, 6703707, 184800838278754.9
2025/12/05/7:36, 1764887802, 6703708, 183796500969519.1
2025/12/05/7:36, 1764887803, 6703709, 184658841270058.4
2025/12/05/7:36, 1764887805, 6703710, 185019883628016.1
2025/12/05/7:36, 1764887806, 6703711, 184741023586774.7
2025/12/05/7:36, 1764887807, 6703712, 184028626348468.8
2025/12/05/7:36, 1764887809, 6703713, 184835860251740
2025/12/05/7:36, 1764887810, 6703714, 184810229069300.9
2025/12/05/7:36, 1764887811, 6703715, 184839394697632.3
2025/12/05/7:36, 1764887813, 6703716, 184456139508189.7
2025/12/05/7:36, 1764887814, 6703717, 184602690018346.8
2025/12/05/7:36, 1764887815, 6703718, 184443614154316.7
2025/12/05/7:36, 1764887817, 6703719, 184678009834277.8
2025/12/05/7:36, 1764887818, 6703720, 184003923925535.9
2025/12/05/7:36, 1764887819, 6703721, 184867128488392.4
2025/12/05/7:37, 1764887821, 6703722, 184827449818448
2025/12/05/7:37, 1764887822, 6703723, 184412565208102.7
2025/12/05/7:37, 1764887824, 6703724, 184547183738511.8
2025/12/05/7:37, 1764887825, 6703725, 184640807856346.1
2025/12/05/7:37, 1764887826, 6703726, 184592731652548.8
2025/12/05/7:37, 1764887828, 6703727, 183857837795130.2
2025/12/05/7:37, 1764887829, 6703728, 184502138902540.8
2025/12/05/7:37, 1764887830, 6703729, 184454862463871.5
2025/12/05/7:37, 1764887832, 6703730, 185148000841896.1
2025/12/05/7:37, 1764887833, 6703731, 184904523957888.3
2025/12/05/7:37, 1764887834, 6703732, 184475798251036.5
2025/12/05/7:37, 1764887836, 6703733, 184780650658968.4
2025/12/05/7:37, 1764887837, 6703734, 184734896353932.6
2025/12/05/7:37, 1764887839, 6703735, 184842026182894.1
2025/12/05/7:37, 1764887840, 6703736, 184985661420161.2
2025/12/05/7:37, 1764887841, 6703737, 184516431479360.2
2025/12/05/7:37, 1764887843, 6703738, 184282809765653.3
2025/12/05/7:37, 1764887844, 6703739, 184782753267292.8
2025/12/05/7:37, 1764887845, 6703740, 184327957797124.8
2025/12/05/7:37, 1764887847, 6703741, 184507543766880.1
2025/12/05/7:37, 1764887848, 6703742, 183968398874485.5
2025/12/05/7:37, 1764887849, 6703743, 184138568254821
2025/12/05/7:37, 1764887851, 6703744, 184935985686105.8
2025/12/05/7:37, 1764887852, 6703745, 184690174003899.8
2025/12/05/7:37, 1764887853, 6703746, 184872997732484.9
2025/12/05/7:37, 1764887855, 6703747, 184248484362296.4
2025/12/05/7:37, 1764887856, 6703748, 184054205933156.1
2025/12/05/7:37, 1764887858, 6703749, 183801286660853.5
2025/12/05/7:37, 1764887859, 6703750, 184681957062173.1
2025/12/05/7:37, 1764887860, 6703751, 184783862618923
2025/12/05/7:37, 1764887862, 6703752, 184256262723147.3
2025/12/05/7:37, 1764887863, 6703753, 185269307152739.6
2025/12/05/7:37, 1764887864, 6703754, 184672785562064.6
2025/12/05/7:37, 1764887866, 6703755, 184262028771738
2025/12/05/7:37, 1764887867, 6703756, 184595350238372.1
2025/12/05/7:37, 1764887868, 6703757, 184709020082180.6
2025/12/05/7:37, 1764887870, 6703758, 184712644824135.7
2025/12/05/7:37, 1764887871, 6703759, 184794969034664.9
2025/12/05/7:37, 1764887873, 6703760, 184345784819836.2
2025/12/05/7:37, 1764887874, 6703761, 184813879610131.6
2025/12/05/7:37, 1764887875, 6703762, 185683443595708.5
2025/12/05/7:37, 1764887877, 6703763, 185333830139432
2025/12/05/7:37, 1764887878, 6703764, 183771089077519.2
2025/12/05/7:37, 1764887879, 6703765, 184842064881206.9
2025/12/05/7:38, 1764887881, 6703766, 184644368101114
2025/12/05/7:38, 1764887882, 6703767, 185018800075261.5
2025/12/05/7:38, 1764887883, 6703768, 185252989364223.8
2025/12/05/7:38, 1764887885, 6703769, 184662788497954.7
2025/12/05/7:38, 1764887886, 6703770, 185002946666495.5
2025/12/05/7:38, 1764887887, 6703771, 184451366716292.8
2025/12/05/7:38, 1764887889, 6703772, 184707433451359.6
2025/12/05/7:38, 1764887890, 6703773, 185075093220787.3
2025/12/05/7:38, 1764887892, 6703774, 184770447203857.2
2025/12/05/7:38, 1764887893, 6703775, 185033724724523.1
2025/12/05/7:38, 1764887894, 6703776, 184232863143408.9
2025/12/05/7:38, 1764887896, 6703777, 184864471204256.2
2025/12/05/7:38, 1764887897, 6703778, 184919964584653.4
2025/12/05/7:38, 1764887898, 6703779, 185405241425783
2025/12/05/7:38, 1764887900, 6703780, 184506305420873.5
2025/12/05/7:38, 1764887901, 6703781, 184723880234252.9
2025/12/05/7:38, 1764887902, 6703782, 185410788183934.3
2025/12/05/7:38, 1764887904, 6703783, 184546822554260.4
2025/12/05/7:38, 1764887905, 6703784, 184366462618249.8
2025/12/05/7:38, 1764887907, 6703785, 185269461945991.6
2025/12/05/7:38, 1764887908, 6703786, 184521887941450.9
2025/12/05/7:38, 1764887909, 6703787, 185145575747634.1
2025/12/05/7:38, 1764887911, 6703788, 184441395451056.1
2025/12/05/7:38, 1764887912, 6703789, 185048662273220.1
2025/12/05/7:38, 1764887913, 6703790, 184378265603620.6
2025/12/05/7:38, 1764887915, 6703791, 184792698733653.6
2025/12/05/7:38, 1764887916, 6703792, 184575897886527.3
2025/12/05/7:38, 1764887917, 6703793, 183942857988111.2
2025/12/05/7:38, 1764887919, 6703794, 184750169288007.7
2025/12/05/7:38, 1764887920, 6703795, 184479229501427.9
2025/12/05/7:38, 1764887921, 6703796, 185197199296761.4
2025/12/05/7:38, 1764887923, 6703797, 184945944051904.6
2025/12/05/7:38, 1764887924, 6703798, 184865245170508.4
2025/12/05/7:38, 1764887926, 6703799, 185054376724061.9
2025/12/05/7:38, 1764887927, 6703800, 184571653971569.2
2025/12/05/7:38, 1764887928, 6703801, 185218792955242.5
2025/12/05/7:38, 1764887930, 6703802, 185100930794228.2
2025/12/05/7:38, 1764887931, 6703803, 184999915298669.2
2025/12/05/7:38, 1764887932, 6703804, 184791628080334.7
2025/12/05/7:38, 1764887934, 6703805, 184606134168174.6
2025/12/05/7:38, 1764887935, 6703806, 184915565876442.2
2025/12/05/7:38, 1764887936, 6703807, 184821683769857.1
2025/12/05/7:38, 1764887938, 6703808, 184612699981895.7
2025/12/05/7:38, 1764887939, 6703809, 185107896490512
2025/12/05/7:39, 1764887941, 6703810, 184883510774098.8
2025/12/05/7:39, 1764887942, 6703811, 184679686761161.1
2025/12/05/7:39, 1764887943, 6703812, 184701615805020.1
2025/12/05/7:39, 1764887945, 6703813, 184650366339579.6
2025/12/05/7:39, 1764887946, 6703814, 185145266161131.5
2025/12/05/7:39, 1764887947, 6703815, 185421688208675.7
2025/12/05/7:39, 1764887949, 6703816, 184203233135325.2
2025/12/05/7:39, 1764887950, 6703817, 183985271338818.4
2025/12/05/7:39, 1764887951, 6703818, 184199750287182.2
2025/12/05/7:39, 1764887953, 6703819, 184300417497925.7
2025/12/05/7:39, 1764887954, 6703820, 184808487645230.4
2025/12/05/7:39, 1764887955, 6703821, 184764268373263.1
2025/12/05/7:39, 1764887957, 6703822, 184413842252420
2025/12/05/7:39, 1764887958, 6703823, 185219631418684.4
2025/12/05/7:39, 1764887960, 6703824, 185488584691878.7
2025/12/05/7:39, 1764887961, 6703825, 185132598913444.1
2025/12/05/7:39, 1764887962, 6703826, 185293338804920.6
2025/12/05/7:39, 1764887964, 6703827, 184803031183141.9
2025/12/05/7:39, 1764887965, 6703828, 185003823828250.8
2025/12/05/7:39, 1764887966, 6703829, 185021612152649.5
2025/12/05/7:39, 1764887968, 6703830, 185055692466692.1
2025/12/05/7:39, 1764887969, 6703831, 184875822709309.6
2025/12/05/7:39, 1764887970, 6703832, 184055186290412.3
2025/12/05/7:39, 1764887972, 6703833, 184615163774469
2025/12/05/7:39, 1764887973, 6703834, 184766861160213.1
2025/12/05/7:39, 1764887975, 6703835, 185237909921712.2
2025/12/05/7:39, 1764887976, 6703836, 184667032412911.6
2025/12/05/7:39, 1764887977, 6703837, 185081478442382.3
2025/12/05/7:39, 1764887979, 6703838, 184836273033740.7
2025/12/05/7:39, 1764887980, 6703839, 185070952501330.8
2025/12/05/7:39, 1764887981, 6703840, 184651411194022.9
2025/12/05/7:39, 1764887983, 6703841, 184859479121917.7
