#time, delivered spill, recorded spill, delivered POT, recorded POT, efficiency[%]
2025/11/29/17:10,0,0,0,0,-nan
2025/11/29/17:20,51,51,8745336133038119,2170981086421189,24.82444417681854
2025/11/29/17:30,53,53,9087490081321294,2264356048895796,24.91728770686664
2025/11/29/17:40,57,57,9892600816278062,2464129955435591,24.90881822888192
2025/11/29/17:50,109,109,2.035704988616044e+16,5061460209143442,24.8634268592348
2025/11/29/18:00,109,109,2.035704988616044e+16,5061460209143442,24.8634268592348
2025/11/29/18:10,449,449,8.871950456992178e+16,2.202572251213674e+16,24.82624606495383
2025/11/29/18:20,890,890,1.773586924052859e+17,4.402284845307735e+16,24.82136502928194
2025/11/29/18:30,1332,1332,2.66173715853727e+17,6.606235726335504e+16,24.81926401014701
2025/11/29/18:40,1773,1773,3.548039460616591e+17,8.805766440939821e+16,24.81868237003633
2025/11/29/18:50,2185,2185,4.376276271599053e+17,1.086105250756862e+17,24.81802298007134
2025/11/29/19:00,2568,2568,5.14577427180252e+17,1.277081116616234e+17,24.81805553761464
2025/11/29/19:10,3009,3009,6.032072954944631e+17,1.497038703911767e+17,24.81798073553817
2025/11/29/19:20,3450,3450,6.918137227572421e+17,1.716965023744614e+17,24.81831405282919
2025/11/29/19:30,3892,3892,7.8063622855024e+17,1.937437187792757e+17,24.81869425136561
2025/11/29/19:40,4333,4333,8.692830539490938e+17,2.157468276857493e+17,24.8189386305906
2025/11/29/19:50,4774,4774,9.579065504442255e+17,2.377424974349824e+17,24.81896562088757
2025/11/29/20:00,5215,5215,1.046496248955306e+18,2.597308415807236e+17,24.81908958966715
2025/11/29/20:10,5656,5656,1.135118976708457e+18,2.817281404902221e+17,24.8192609119406
2025/11/29/20:20,6098,6098,1.223923558874855e+18,3.037711898220271e+17,24.81945768747863
2025/11/29/20:30,6539,6539,1.312556973063858e+18,3.25770703358564e+17,24.81954764966342
2025/11/29/20:40,6829,6829,1.370830842255582e+18,3.402354695593084e+17,24.81965382391607
2025/11/29/20:50,7270,7270,1.459470059179178e+18,3.622367211789628e+17,24.81974322807887
2025/11/29/21:00,7711,7711,1.548077759809939e+18,3.842316651800393e+17,24.8199202362556
2025/11/29/21:10,8033,8033,1.612797088801785e+18,4.002946763128694e+17,24.81990320371084
2025/11/29/21:20,8475,8475,1.701651293337266e+18,4.223471153129694e+17,24.8198392330232
2025/11/29/21:30,8916,8916,1.790259760401005e+18,4.443430091125335e+17,24.82002997224291
2025/11/29/21:40,9253,9253,1.857994288368607e+18,4.611536904926088e+17,24.81997352626526
2025/11/29/21:50,9694,9694,1.946598611346135e+18,4.831443548085878e+17,24.81992702514454
2025/11/29/22:00,10135,10135,2.035205170028383e+18,5.05136511447598e+17,24.81993063335984
2025/11/29/22:10,10576,10576,2.123816907138243e+18,5.271320034812794e+17,24.82003047012034
2025/11/29/22:20,11018,11018,2.212627068646773e+18,5.491758319133142e+17,24.82008105637007
2025/11/29/22:30,11395,11395,2.288393265190982e+18,5.679809436434372e+17,24.82007582713434
2025/11/29/22:40,11431,11431,2.295628590653063e+18,5.697772250365069e+17,24.82009621924146
2025/11/29/22:50,11781,11433,2.365894381110048e+18,5.69876935276676e+17,24.08716719675782
2025/11/29/23:00,12222,11614,2.454416686109697e+18,6.061996871320073e+17,24.69831999442795
2025/11/29/23:10,12664,12056,2.543123621804042e+18,6.949066228263534e+17,27.32492502009794
2025/11/29/23:20,13091,12483,2.628849930047264e+18,7.8063293106957e+17,29.69484572501007
2025/11/29/23:30,13114,12506,2.633465494080861e+18,7.852484951031681e+17,29.81806660721931
2025/11/29/23:40,13555,12947,2.721991287784995e+18,8.737742888073039e+17,32.10055420560632
2025/11/29/23:50,13996,13388,2.810558296353095e+18,9.623412973754024e+17,34.24021834466522
2025/11/30/0:00,14437,13829,2.899115822402743e+18,1.050898823425055e+18,36.24894236043617
2025/11/30/0:10,14879,14271,2.987901264925462e+18,1.139684265947774e+18,38.14330410868533
2025/11/30/0:20,14953,14345,3.002754483176556e+18,1.154537484198869e+18,38.44928017483155
2025/11/30/0:30,15394,14786,3.091321996680241e+18,1.243104997702554e+18,40.21273096227178
2025/11/30/0:40,15835,15227,3.179906837288935e+18,1.331689838311242e+18,41.87826582512679
2025/11/30/0:50,16178,15570,3.248818911634075e+18,1.40060191265638e+18,43.11111055284741
2025/11/30/1:00,16619,16011,3.337417748932289e+18,1.489200749954595e+18,44.62134686108809
2025/11/30/1:10,17061,16453,3.426218675372281e+18,1.578001676394591e+18,46.05665387726983
2025/11/30/1:20,17502,16894,3.514804749115605e+18,1.666587750137916e+18,47.41622562554188
2025/11/30/1:30,17943,17045,3.603397729798273e+18,1.696929224364713e+18,47.09247636839999
2025/11/30/1:40,18384,17305,3.692000953988813e+18,1.749159548033785e+18,47.37700693560235
2025/11/30/1:50,18825,17746,3.780613356928939e+18,1.837771950973913e+18,48.61041787321961
2025/11/30/2:00,19267,18188,3.869413025338383e+18,1.926571619383361e+18,49.78976415201581
2025/11/30/2:10,19708,18629,3.958024627184741e+18,2.01518322122972e+18,50.91386262199882
2025/11/30/2:20,20149,19070,4.046643271246845e+18,2.10380186529183e+18,51.98881453772449
2025/11/30/2:30,20544,19465,4.126025328367473e+18,2.18318392241246e+18,52.91251867511612
2025/11/30/2:40,20904,19825,4.198247116667623e+18,2.255405710712613e+18,53.72255724915141
2025/11/30/2:50,21345,20266,4.286705160848748e+18,2.343863754893742e+18,54.67751261040002
2025/11/30/3:00,21787,20708,4.375382916531891e+18,2.432541510576886e+18,55.59608283393441
2025/11/30/3:10,22228,21149,4.463883034692425e+18,2.52104162873742e+18,56.47642667033114
2025/11/30/3:20,22536,21457,4.525706006246434e+18,2.582864600291428e+18,57.07097625710834
2025/11/30/3:30,22711,21632,4.560847288656982e+18,2.618005882701977e+18,57.40174395255607
2025/11/30/3:40,22711,21632,4.560847288656982e+18,2.618005882701977e+18,57.40174395255607
2025/11/30/3:50,22711,21632,4.560847288656982e+18,2.618005882701977e+18,57.40174395255607
2025/11/30/4:00,22711,21632,4.560847288656982e+18,2.618005882701977e+18,57.40174395255607
2025/11/30/4:10,22711,21632,4.560847288656982e+18,2.618005882701977e+18,57.40174395255607
2025/11/30/4:20,22713,21634,4.561222888088695e+18,2.618381482133689e+18,57.40525175762412
2025/11/30/4:30,22715,21636,4.561597981485082e+18,2.618756575530076e+18,57.40875426022328
2025/11/30/4:40,22766,21687,4.57116692703461e+18,2.628325521079605e+18,57.49791164998304
2025/11/30/4:50,23191,22112,4.650868397654675e+18,2.708026991699677e+18,58.22626572416609
2025/11/30/5:00,23632,22553,4.73355801460164e+18,2.790716608646642e+18,58.95600307502514
2025/11/30/5:10,24073,22994,4.816237077551281e+18,2.873395671596275e+18,59.66059447092658
2025/11/30/5:20,24514,23435,4.898960226973176e+18,2.956118821018165e+18,60.34175996657569
2025/11/30/5:30,24955,23876,4.981697616264784e+18,3.038856210309781e+18,61.00041480615354
2025/11/30/5:40,25396,24317,5.064456669865091e+18,3.121615263910093e+18,61.63771293541836
2025/11/30/5:50,25838,24759,5.147374836389522e+18,3.204533430434522e+18,62.25568434962179
2025/11/30/6:00,26279,25200,5.230077308425786e+18,3.287235902470779e+18,62.85252986939523
2025/11/30/6:10,26720,25641,5.312786905750172e+18,3.369945499795168e+18,63.43084259878342
2025/11/30/6:20,27161,26082,5.395509673967872e+18,3.452668268012888e+18,63.99151288100252
2025/11/30/6:30,27602,26523,5.478229181233554e+18,3.535387775278587e+18,64.53522951156472
2025/11/30/6:40,28043,26964,5.560968526144404e+18,3.618127120189428e+18,65.06289512661547
2025/11/30/6:50,28485,27406,5.643875844138651e+18,3.701034438183665e+18,65.57611365649211
2025/11/30/7:00,28926,27847,5.726599025899438e+18,3.783757619944448e+18,66.07338147531918
2025/11/30/7:10,29367,28288,5.809373206334786e+18,3.866531800379805e+18,66.55678096500283
2025/11/30/7:20,29808,28729,5.892107979955848e+18,3.949266574000858e+18,67.02637812198499
2025/11/30/7:30,30249,29170,5.974830084200822e+18,4.031988678245818e+18,67.48290112730673
2025/11/30/7:40,30691,29612,6.057771366981737e+18,4.114929961026741e+18,67.92811599750074
2025/11/30/7:50,31132,30053,6.140492299544994e+18,4.197650893589995e+18,68.36016867737197
2025/11/30/8:00,31573,30494,6.223245693491276e+18,4.28040428753628e+18,68.78089823792493
2025/11/30/8:10,32014,30935,6.305983129530445e+18,4.363141723575455e+18,69.19050739516238
2025/11/30/8:20,32455,31376,6.388728005294438e+18,4.44588659933944e+18,69.58954263908346
2025/11/30/8:30,32896,31817,6.47146536442717e+18,4.528623958472164e+18,69.97833880662392
2025/11/30/8:40,33338,32259,6.554385280721608e+18,4.611543874766597e+18,70.35814462006859
2025/11/30/8:50,33779,32700,6.637117639580853e+18,4.694276233625843e+18,70.72763341772401
2025/11/30/9:00,34220,33141,6.71986708690552e+18,4.77702568095051e+18,71.08809771340755
2025/11/30/9:10,34661,33582,6.802620468081357e+18,4.859779062126346e+18,71.43980889318998
2025/11/30/9:20,35102,34023,6.885372131929285e+18,4.942530725974274e+18,71.78305879873155
2025/11/30/9:30,35543,34464,6.968122177723353e+18,5.025280771768343e+18,72.11814953293798
2025/11/30/9:40,35985,34906,7.051033389541819e+18,5.108191983586809e+18,72.44600473972146
2025/11/30/9:50,36426,35347,7.133808231679628e+18,5.190966825724618e+18,72.76571863360033
2025/11/30/10:00,36867,35788,7.216560551760638e+18,5.273719145805627e+18,73.07801421438899
2025/11/30/10:10,37308,36229,7.299340131603886e+18,5.356498725648876e+18,73.38332820602361
2025/11/30/10:20,37749,36670,7.382087449360409e+18,5.439246043405398e+18,73.6816798868545
2025/11/30/10:30,38191,37112,7.464965693905709e+18,5.522124287950698e+18,73.97387361684571
2025/11/30/10:40,38632,37553,7.547733625685816e+18,5.604892219730806e+18,74.25927434238942
2025/11/30/10:50,39073,37994,7.630478750047759e+18,5.687637344092749e+18,74.53840748926991
2025/11/30/11:00,39514,38435,7.713206032591338e+18,5.770364626636328e+18,74.81149346010285
2025/11/30/11:10,39955,38876,7.795913818731496e+18,5.853072412776486e+18,75.0787213516024
2025/11/30/11:20,40396,39317,7.878697265439135e+18,5.935855859484124e+18,75.34057547207048
2025/11/30/11:30,40838,39759,7.961668821123197e+18,6.018827415168186e+18,75.5975606420549
2025/11/30/11:40,41279,40200,8.044380773381799e+18,6.101539367426788e+18,75.84846539855853
2025/11/30/11:50,41720,40641,8.127117769911339e+18,6.184276363956328e+18,76.09433675062634
2025/11/30/12:00,42161,41082,8.209848432081773e+18,6.267007026126762e+18,76.33523417603017
2025/11/30/12:10,42520,41441,8.27723767568304e+18,6.33439626972803e+18,76.52790119023993
2025/11/30/12:20,42520,41441,8.27723767568304e+18,6.33439626972803e+18,76.52790119023993
2025/11/30/12:30,42909,41830,8.350256880872707e+18,6.407415474917697e+18,76.73315403738862
2025/11/30/12:40,43350,42271,8.433060440783273e+18,6.490219034828262e+18,76.96160937541488
2025/11/30/12:50,43791,42712,8.51584584793453e+18,6.573004441979519e+18,77.18557333413644
2025/11/30/13:00,44232,43153,8.598629821158506e+18,6.655788415203496e+18,77.40522099027577
2025/11/30/13:10,44367,43206,8.623978141698439e+18,6.665744051558738e+18,77.29314641150008
2025/11/30/13:20,44809,43648,8.706977198544804e+18,6.748743108405103e+18,77.50959896315129
2025/11/30/13:30,45250,44089,8.78978484805436e+18,6.831550757914659e+18,77.72147869383673
2025/11/30/13:40,45691,44530,8.872624000686417e+18,6.914389910546716e+18,77.92948185352827
2025/11/30/13:50,46132,44971,8.95544490438096e+18,6.997210814241258e+18,78.13359234467801
2025/11/30/14:00,46573,45412,9.038271780734392e+18,7.080037690594691e+18,78.33397647641232
2025/11/30/14:10,47014,45853,9.121074290862922e+18,7.16284020072322e+18,78.53066395806718
2025/11/30/14:20,47456,46295,9.204034498099114e+18,7.245800407959413e+18,78.72417698408094
2025/11/30/14:30,47897,46736,9.286837998517471e+18,7.328603908377771e+18,78.91387692503834
2025/11/30/14:40,48338,47177,9.369640517714313e+18,7.411406427574617e+18,79.1002217594427
2025/11/30/14:50,48779,47618,9.452433569975241e+18,7.49419947983553e+18,79.28328111863324
2025/11/30/15:00,49220,48059,9.535253477407543e+18,7.577019387267807e+18,79.46321935982616
2025/11/30/15:10,49660,48499,9.617853097945483e+18,7.659619007805769e+18,79.63959243089268
2025/11/30/15:20,50102,48941,9.700841213862961e+18,7.742607123723298e+18,79.81377030126775
2025/11/30/15:30,50543,49382,9.783614814868484e+18,7.825380724728812e+18,79.98455451083704
2025/11/30/15:40,50984,49823,9.866351268563886e+18,7.908117178424208e+18,80.15239842129894
2025/11/30/15:50,51425,50264,9.949091403629779e+18,7.990857313490102e+18,80.31745804018601
2025/11/30/16:00,51866,50705,1.003182787915102e+19,8.073593789011359e+18,80.47978779411251
2025/11/30/16:10,52308,51147,1.011477018377377e+19,8.156536093634127e+18,80.63985582904232
2025/11/30/16:20,52749,51588,1.019750746198831e+19,8.239273371848676e+18,80.79693398176912
2025/11/30/16:30,53190,52029,1.028025178699792e+19,8.322017696858276e+18,80.95149680461769
2025/11/30/16:40,53631,52470,1.036300907031813e+19,8.40477498017848e+18,81.10361501324506
2025/11/30/16:50,53654,52493,1.036732711989205e+19,8.409093029752396e+18,81.11148546299518
2025/11/30/17:00,53654,52493,1.036732711989205e+19,8.409093029752396e+18,81.11148546299518
2025/11/30/17:10,53654,52493,1.036732711989205e+19,8.409093029752396e+18,81.11148546299518
2025/11/30/17:20,53655,52494,1.036751452711328e+19,8.409280436973631e+18,81.11182689912371
2025/11/30/17:30,53921,52499,1.04173872281251e+19,8.410218322146592e+18,80.7325113099424
2025/11/30/17:40,54362,52940,1.050011092475401e+19,8.492942018775527e+18,80.88430760053605
2025/11/30/17:50,54803,53381,1.058284812659102e+19,8.575679220612511e+18,81.03375497815949
2025/11/30/18:00,55244,53822,1.066557776521686e+19,8.658408859238367e+18,81.18087036480688
2025/11/30/18:10,55686,54264,1.074851186949948e+19,8.741342963520988e+18,81.32607629457867
2025/11/30/18:20,56127,54705,1.083126208753975e+19,8.824093181561242e+18,81.4687439953323
2025/11/30/18:30,56568,55146,1.091402009303497e+19,8.906851187056444e+18,81.60926140076057
2025/11/30/18:40,57009,55587,1.099677552224163e+19,8.989606616263084e+18,81.7476595578501
2025/11/30/18:50,57450,56028,1.107954427554823e+19,9.072375369569663e+18,81.88401204904932
2025/11/30/19:00,57892,56470,1.116247213661917e+19,9.155303230640589e+18,82.01859873500655
2025/11/30/19:10,58333,56911,1.124521883983359e+19,9.238049933854994e+18,82.15091289403222
2025/11/30/19:20,58774,57352,1.132802857809745e+19,9.320859672118852e+18,82.28139263473059
2025/11/30/19:30,59215,57793,1.14108143313664e+19,9.403645425387803e+18,82.40994158969681
2025/11/30/19:40,59656,58234,1.149361368735027e+19,9.486444781371673e+18,82.53665939557668
2025/11/30/19:50,60097,58675,1.157637936246407e+19,9.569210456485474e+18,82.6615140785144
2025/11/30/20:00,60539,59117,1.16593548547469e+19,9.652185948768301e+18,82.78490593189713
2025/11/30/20:10,60932,59510,1.173307876717515e+19,9.72590986119655e+18,82.8930756725684
2025/11/30/20:20,61373,59951,1.181581212629547e+19,9.808643220316877e+18,83.01285697060342
2025/11/30/20:30,61814,60392,1.189856141339623e+19,9.891392507417631e+18,83.13099511577268
2025/11/30/20:40,62255,60833,1.198129578145897e+19,9.974126875480375e+18,83.24748055143847
2025/11/30/20:50,62696,61274,1.206407392236994e+19,1.005690501639134e+19,83.36242865474503
2025/11/30/21:00,63138,61716,1.214700389765866e+19,1.013983499168006e+19,83.47601661373074
2025/11/30/21:10,63578,62156,1.222954961566517e+19,1.022238070968658e+19,83.58754844571253
2025/11/30/21:20,64019,62597,1.231227768482935e+19,1.030510877885075e+19,83.69782620764195
2025/11/30/21:30,64460,63038,1.239501190857316e+19,1.038784300259456e+19,83.80663995497807
2025/11/30/21:40,64901,63479,1.247777076761124e+19,1.047060186163265e+19,83.91404247312637
2025/11/30/21:50,65343,63921,1.256068607764551e+19,1.055351717166692e+19,84.02022872340713
2025/11/30/22:00,65784,64362,1.264339903791776e+19,1.063623013193916e+19,84.12476818963741
2025/11/30/22:10,66225,64803,1.272617573996098e+19,1.071900683398238e+19,84.22802775168378
2025/11/30/22:20,66666,65244,1.280895988675978e+19,1.080179098078118e+19,84.32996181014397
2025/11/30/22:30,67107,65685,1.289171975575936e+19,1.088455084978076e+19,84.43055741200163
2025/11/30/22:40,67548,66126,1.297448390391511e+19,1.096731499793651e+19,84.52987478466927
2025/11/30/22:50,67990,66568,1.305743522254874e+19,1.105026631657014e+19,84.62815344844721
2025/11/30/23:00,68431,67009,1.314015675657407e+19,1.113298785059547e+19,84.7249241910725
2025/11/30/23:10,68872,67450,1.322292334499384e+19,1.121575443901525e+19,84.82053587084806
2025/11/30/23:20,69313,67891,1.330567775829239e+19,1.129850885231379e+19,84.91494426334137
2025/11/30/23:30,69754,68332,1.338840678002842e+19,1.138123787404982e+19,85.00815713955819
2025/11/30/23:40,70195,68773,1.347112436323982e+19,1.146395545726122e+19,85.10021248518953
2025/11/30/23:50,70637,69215,1.355404018815515e+19,1.154687128217656e+19,85.19136081850593
2025/12/01/0:00,71078,69656,1.363675404982721e+19,1.162958514384862e+19,85.28118276061429
2025/12/01/0:10,71519,70097,1.371951002900135e+19,1.171234112302275e+19,85.36996655321006
2025/12/01/0:20,71960,70538,1.380228554712129e+19,1.179511664114269e+19,85.45770626809538
2025/12/01/0:30,72400,70978,1.388487328901869e+19,1.187770438304009e+19,85.54420437119845
2025/12/01/0:40,72842,71420,1.396783021474113e+19,1.196066130876254e+19,85.63005939275877
2025/12/01/0:50,73283,71861,1.405057141760955e+19,1.204340251163095e+19,85.71468130140944
2025/12/01/1:00,73724,72302,1.413332599857497e+19,1.212615709259638e+19,85.79832584219047
2025/12/01/1:10,73919,72496,1.416991634976562e+19,1.216255955993156e+19,85.83367226534648
2025/12/01/1:20,73919,72496,1.416991634976562e+19,1.216255955993156e+19,85.83367226534648
2025/12/01/1:30,74218,72795,1.4225983394982e+19,1.221862660514794e+19,85.889504197354
2025/12/01/1:40,74660,73237,1.430885393704095e+19,1.230149714720689e+19,85.97122593698674
2025/12/01/1:50,75101,73678,1.439161626446691e+19,1.238425947463286e+19,86.05190165617296
2025/12/01/2:00,75542,74119,1.447434861415467e+19,1.246699182432062e+19,86.13162606936916
2025/12/01/2:10,75983,74560,1.455707752429768e+19,1.254972073446363e+19,86.21044102785392
2025/12/01/2:20,76424,75001,1.463980973963776e+19,1.263245294980371e+19,86.28836832217111
2025/12/01/2:30,76795,75372,1.470940930941168e+19,1.270205251957763e+19,86.35324677144131
2025/12/01/2:40,77237,75814,1.479237242550973e+19,1.278501563567568e+19,86.42978467488875
2025/12/01/2:50,77678,76255,1.487511564039374e+19,1.286775885055969e+19,86.50526934807132
2025/12/01/3:00,78119,76696,1.495789868193004e+19,1.295054189209599e+19,86.57995462785793
2025/12/01/3:10,78560,77137,1.504064295559991e+19,1.303328616576586e+19,86.65378338040613
2025/12/01/3:20,79001,77578,1.512340907426088e+19,1.311605228442682e+19,86.72682342997354
2025/12/01/3:30,79443,78020,1.520635596691687e+19,1.319899917708281e+19,86.79922530946085
2025/12/01/3:40,79884,78461,1.528913615476221e+19,1.328177936492816e+19,86.87069845205868
2025/12/01/3:50,80249,78826,1.535763791236843e+19,1.335028112253438e+19,86.92926085842012
2025/12/01/4:00,80518,79095,1.54081638120811e+19,1.340080702224705e+19,86.9721219587493
2025/12/01/4:10,80959,79536,1.549092753511009e+19,1.348357074527604e+19,87.04172629247415
2025/12/01/4:20,81400,79977,1.557374022018598e+19,1.356638343035193e+19,87.11063134832436
2025/12/01/4:30,81842,80419,1.565675312099253e+19,1.364939633115848e+19,87.17897143602148
2025/12/01/4:40,82283,80860,1.573955932954463e+19,1.373220253971057e+19,87.24642318247085
2025/12/01/4:50,82724,81301,1.582237273349329e+19,1.381501594365924e+19,87.31317468217131
2025/12/01/5:00,83165,81742,1.590516370586177e+19,1.389780691602772e+19,87.37921327339593
2025/12/01/5:10,83606,82183,1.598797453136764e+19,1.398061774153359e+19,87.44458351559346
2025/12/01/5:20,84047,82624,1.607081049006026e+19,1.406345370022621e+19,87.50929960206055
2025/12/01/5:30,84489,83066,1.615379829415968e+19,1.414644150432563e+19,87.57346877012942
2025/12/01/5:40,84930,83507,1.623660355664119e+19,1.422924676680714e+19,87.63684299594178
2025/12/01/5:50,85371,83948,1.63194025469776e+19,1.431204575714355e+19,87.69956936808437
2025/12/01/6:00,85812,84389,1.640219676542507e+19,1.439483997559101e+19,87.76165888909802
2025/12/01/6:10,86253,84830,1.648502100883559e+19,1.447766421900154e+19,87.82314691162266
2025/12/01/6:20,86695,85272,1.656798758634292e+19,1.456063079650886e+19,87.88412425243047
2025/12/01/6:30,87136,85713,1.665082848423019e+19,1.464347169439614e+19,87.94440293625512
2025/12/01/6:40,87577,86154,1.673362506219117e+19,1.472626827235712e+19,88.00405302273934
2025/12/01/6:50,88018,86595,1.681640444166743e+19,1.480904765183338e+19,88.06310352015409
2025/12/01/7:00,88459,87036,1.689921063071555e+19,1.48918538408815e+19,88.12159435313781
2025/12/01/7:10,88900,87477,1.698200548133865e+19,1.49746486915046e+19,88.1795068783842
2025/12/01/7:20,89342,87919,1.706498597437225e+19,1.505762918453819e+19,88.23698541066106
2025/12/01/7:30,89783,88360,1.714780970196008e+19,1.514045291212602e+19,88.29380063854686
2025/12/01/7:40,90224,88801,1.723061035618203e+19,1.522325356634798e+19,88.35005407040704
2025/12/01/7:50,90615,89192,1.730405211398819e+19,1.529669532415413e+19,88.39949870347795
2025/12/01/8:00,91056,89633,1.738684421091674e+19,1.537948742108269e+19,88.45473758502025
2025/12/01/8:10,91497,90074,1.746967212977691e+19,1.546231533994286e+19,88.50947645197915
2025/12/01/8:20,91939,90516,1.755263111501068e+19,1.554527432517663e+19,88.5637841034704
2025/12/01/8:30,92380,90957,1.76354559821606e+19,1.562809919232655e+19,88.61749425779166
2025/12/01/8:40,92821,91398,1.771824146211627e+19,1.571088467228222e+19,88.67067708651548
2025/12/01/8:50,93184,91761,1.778642598157131e+19,1.577906919173725e+19,88.7141082086199
2025/12/01/9:00,93625,92202,1.786923776571177e+19,1.586188097587771e+19,88.76641065414746
2025/12/01/9:10,94067,92644,1.795222099120742e+19,1.594486420137336e+19,88.81833734768968
2025/12/01/9:20,94508,93085,1.803505568781908e+19,1.602769889798503e+19,88.86969452947226
2025/12/01/9:30,94949,93526,1.811785140876724e+19,1.611049461893318e+19,88.92055826850034
2025/12/01/9:40,95390,93967,1.820067585899443e+19,1.619331906916038e+19,88.97097665281449
2025/12/01/9:50,95831,94408,1.828350497305199e+19,1.627614818321793e+19,89.02094104608119
2025/12/01/10:00,96272,94849,1.836632986950946e+19,1.63589730796754e+19,89.07045226729521
2025/12/01/10:10,96714,95291,1.844933214973178e+19,1.644197535989773e+19,89.11962355307679
2025/12/01/10:20,97155,95732,1.853215129421393e+19,1.652479450437987e+19,89.16824734503008
2025/12/01/10:30,97596,96173,1.861499891453992e+19,1.660764212470583e+19,89.21645497241383
2025/12/01/10:40,98037,96614,1.869783953196764e+19,1.669048274213351e+19,89.26423137602526
2025/12/01/10:50,98478,97055,1.878069749534646e+19,1.677334070551229e+19,89.31159617297727
2025/12/01/11:00,98919,97496,1.886351614142013e+19,1.685615935158598e+19,89.35852269118352
2025/12/01/11:10,99361,97938,1.894653321958052e+19,1.69391764297464e+19,89.40514992072745
2025/12/01/11:20,99802,98379,1.902934629405176e+19,1.70219895042176e+19,89.45125723808164
2025/12/01/11:30,100243,98820,1.911221215235072e+19,1.710485536251655e+19,89.49699399612786
2025/12/01/11:40,100684,99261,1.919503875533928e+19,1.71876819655051e+19,89.54231447292173
2025/12/01/11:50,101113,99690,1.927564771137611e+19,1.72682909215419e+19,89.58604753577488
2025/12/01/12:00,101215,99792,1.929480513587301e+19,1.72874483460388e+19,89.59638734001976
2025/12/01/12:10,101656,100233,1.937753055689873e+19,1.737017376706456e+19,89.64080183519818
2025/12/01/12:20,102097,100674,1.946030174559336e+19,1.745294495575915e+19,89.68486297860845
2025/12/01/12:30,102538,101115,1.954304519867841e+19,1.753568840884418e+19,89.72853631853658
2025/12/01/12:40,102979,101556,1.962578458099758e+19,1.761842779116343e+19,89.77183927832493
2025/12/01/12:50,103420,101997,1.97085572241554e+19,1.770120043432122e+19,89.81479584221465
2025/12/01/13:00,103862,102439,1.979150851576472e+19,1.778415172593053e+19,89.85748464683603
2025/12/01/13:10,104303,102880,1.987424655669724e+19,1.7866889766863e+19,89.89970873055411
2025/12/01/13:20,104744,103321,1.995703319742173e+19,1.794967640758745e+19,89.94160720194819
2025/12/01/13:30,105078,103655,2.00197195938997e+19,1.80123628040654e+19,89.97310236829703
2025/12/01/13:40,105519,104096,2.010248582196077e+19,1.809512903212649e+19,90.01438524761269
2025/12/01/13:50,105960,104537,2.018527140330605e+19,1.817791461347172e+19,90.05533911470937
2025/12/01/14:00,106402,104979,2.026819149965085e+19,1.82608347098165e+19,90.09602415751336
2025/12/01/14:10,106843,105420,2.03509381790529e+19,1.834358138921855e+19,90.13629360881008
2025/12/01/14:20,107284,105861,2.043371074305974e+19,1.842635395322536e+19,90.17624936030683
2025/12/01/14:30,107725,106302,2.051647643654236e+19,1.850911964670795e+19,90.21587943698238
2025/12/01/14:40,108166,106743,2.059926767542613e+19,1.859191088559172e+19,90.25520313894906
2025/12/01/14:50,108608,107185,2.068223001193377e+19,1.867487322209937e+19,90.29429230466855
2025/12/01/15:00,108988,107565,2.075354210912944e+19,1.874618531929503e+19,90.32764248493574
2025/12/01/15:10,109429,108006,2.083624980287092e+19,1.882889301303651e+19,90.36603607258623
2025/12/01/15:20,109870,108447,2.091895405573904e+19,1.891159726590464e+19,90.40412448688515
2025/12/01/15:30,110311,108888,2.100168489454148e+19,1.899432810470708e+19,90.44192501737736
2025/12/01/15:40,110752,109329,2.108441506120581e+19,1.90770582713714e+19,90.47942860161278
2025/12/01/15:50,111194,109771,2.116732650299544e+19,1.915996971316104e+19,90.51672024074301
2025/12/01/16:00,111635,110212,2.125004300384084e+19,1.924268621400643e+19,90.55363422336798
2025/12/01/16:10,112076,110653,2.133275656345967e+19,1.932539977362527e+19,90.59026064511157
2025/12/01/16:20,112517,111094,2.141549203607547e+19,1.940813524624106e+19,90.62661373153176
2025/12/01/16:30,112958,111535,2.149819305012697e+19,1.949083626029257e+19,90.66267204339505
2025/12/01/16:40,113399,111976,2.158088953215462e+19,1.957353274232021e+19,90.69845204089697
2025/12/01/16:50,113841,112418,2.166375980625356e+19,1.965640301641915e+19,90.73403320666917
2025/12/01/17:00,114282,112859,2.174648327620067e+19,1.973912648636626e+19,90.76928087939967
2025/12/01/17:10,114723,113300,2.182915999418737e+19,1.982180320435296e+19,90.80424170985543
2025/12/01/17:20,115164,113741,2.191188205694779e+19,1.990452526711339e+19,90.8389576732049
2025/12/01/17:30,115605,114182,2.199459430382955e+19,1.998723751399514e+19,90.87340842888428
2025/12/01/17:40,116047,114624,2.20774558590696e+19,2.00700990692352e+19,90.90766253753026
2025/12/01/17:50,116488,115065,2.216018682700829e+19,2.015283003717389e+19,90.94160710148937
2025/12/01/18:00,116929,115506,2.224286988326258e+19,2.023551309342817e+19,90.97527971718742
2025/12/01/18:10,117370,115947,2.232554549067218e+19,2.031818870083777e+19,91.00869991878541
2025/12/01/18:20,117811,116388,2.240825404577361e+19,2.04008972559392e+19,91.0418866827645
2025/12/01/18:30,118252,116829,2.249092882592933e+19,2.048357203609492e+19,91.07481596082341
2025/12/01/18:40,118694,117271,2.257381956677893e+19,2.056646277694452e+19,91.10758910827585
2025/12/01/18:50,119135,117712,2.265649768434166e+19,2.064914089450725e+19,91.14003930439023
2025/12/01/19:00,119576,118153,2.273921551493844e+19,2.073185872510403e+19,91.17226894430161
2025/12/01/19:10,120017,118594,2.282191970044568e+19,2.081456291061128e+19,91.20425969338939
2025/12/01/19:20,120458,119035,2.290462628166226e+19,2.089726949182786e+19,91.23602033427839
2025/12/01/19:30,120899,119476,2.298732356221668e+19,2.097996677238227e+19,91.26754889754187
2025/12/01/19:40,121341,119918,2.307024960398962e+19,2.106289281415521e+19,91.29893770422289
2025/12/01/19:50,121782,120359,2.315295510125358e+19,2.114559831141917e+19,91.33001907939725
2025/12/01/20:00,122223,120800,2.323566115325783e+19,2.122830436342342e+19,91.36087939743018
2025/12/01/20:10,122664,121241,2.331838944359573e+19,2.131103265376132e+19,91.39152901322815
2025/12/01/20:20,123105,121682,2.340113385276127e+19,2.139377706292686e+19,91.42196783085558
2025/12/01/20:30,123547,122124,2.348407729506285e+19,2.147672050522844e+19,91.45226459352345
2025/12/01/20:40,123988,122565,2.356681347360035e+19,2.155945668376594e+19,91.48227318859608
2025/12/01/20:50,124429,123006,2.364953532776391e+19,2.16421785379295e+19,91.51206667693879
2025/12/01/21:00,124870,123447,2.373228462211416e+19,2.172492783227975e+19,91.54166224703071
2025/12/01/21:10,125311,123888,2.381500770298847e+19,2.180765091315406e+19,91.57104286981813
2025/12/01/21:20,125752,124329,2.389773320124314e+19,2.189037641140873e+19,91.60022093756581
2025/12/01/21:30,126194,124771,2.39806164099048e+19,2.19732596200704e+19,91.62925274512418
2025/12/01/21:40,126386,124963,2.40166407555107e+19,2.200928396567629e+19,91.6418086514709
2025/12/01/21:50,126386,124963,2.40166407555107e+19,2.200928396567629e+19,91.6418086514709
2025/12/01/22:00,126386,124963,2.40166407555107e+19,2.200928396567629e+19,91.6418086514709
2025/12/01/22:10,126386,124963,2.40166407555107e+19,2.200928396567629e+19,91.6418086514709
2025/12/01/22:20,126386,124963,2.40166407555107e+19,2.200928396567629e+19,91.6418086514709
2025/12/01/22:30,126387,124964,2.401668740706191e+19,2.200933061722751e+19,91.6418248869569
2025/12/01/22:40,126387,124964,2.401668740706191e+19,2.200933061722751e+19,91.6418248869569
2025/12/01/22:50,126387,124964,2.401668740706191e+19,2.200933061722751e+19,91.6418248869569
2025/12/01/23:00,126387,124964,2.401668740706191e+19,2.200933061722751e+19,91.6418248869569
2025/12/01/23:10,126387,124964,2.401668740706191e+19,2.200933061722751e+19,91.6418248869569
2025/12/01/23:20,126387,124964,2.401668740706191e+19,2.200933061722751e+19,91.6418248869569
2025/12/01/23:30,126387,124964,2.401668740706191e+19,2.200933061722751e+19,91.6418248869569
2025/12/01/23:40,126387,124964,2.401668740706191e+19,2.200933061722751e+19,91.6418248869569
2025/12/01/23:50,126387,124964,2.401668740706191e+19,2.200933061722751e+19,91.6418248869569
2025/12/02/0:00,126387,124964,2.401668740706191e+19,2.200933061722751e+19,91.6418248869569
2025/12/02/0:10,126387,124964,2.401668740706191e+19,2.200933061722751e+19,91.6418248869569
2025/12/02/0:20,126387,124964,2.401668740706191e+19,2.200933061722751e+19,91.6418248869569
2025/12/02/0:30,126388,124965,2.401673417557233e+19,2.200937738573792e+19,91.64184116308324
2025/12/02/0:40,126390,124967,2.401710965598696e+19,2.200975286615255e+19,91.64197183346742
2025/12/02/0:50,126823,125400,2.409834799813066e+19,2.209099120829626e+19,91.67014772137027
2025/12/02/1:00,127264,125841,2.41811194028522e+19,2.21737626130178e+19,91.69866061040318
2025/12/02/1:10,127705,126282,2.426393634973457e+19,2.225657955990016e+19,91.72699449544852
2025/12/02/1:20,128147,126724,2.434696329583575e+19,2.233960650600135e+19,91.75520673587354
2025/12/02/1:30,128588,127165,2.442981513151733e+19,2.242245834168292e+19,91.78316831696085
2025/12/02/1:40,129029,127606,2.451265319363095e+19,2.250529640379654e+19,91.81093627859111
2025/12/02/1:50,129470,128047,2.459552420823495e+19,2.258816741840054e+19,91.83852812877916
2025/12/02/2:00,129911,128488,2.46783915001387e+19,2.267103471030429e+19,91.86593344293478
2025/12/02/2:10,130353,128930,2.476144897611271e+19,2.27540921862783e+19,91.89321759089746
2025/12/02/2:20,130794,129371,2.484429408303489e+19,2.283693729320049e+19,91.92025024689615
2025/12/02/2:30,131235,129812,2.492718930274981e+19,2.29198325129154e+19,91.94711940662734
2025/12/02/2:40,131676,130253,2.501005104207775e+19,2.300269425224335e+19,91.97379970773684
2025/12/02/2:50,132117,130694,2.509291618005919e+19,2.308555939022479e+19,92.00030488513084
2025/12/02/3:00,132558,131135,2.517579795648337e+19,2.316844116664896e+19,92.02664085045429
2025/12/02/3:10,132999,131576,2.525865207461722e+19,2.325129528478281e+19,92.05279528018984
2025/12/02/3:20,133440,132017,2.534153600914313e+19,2.333417921930872e+19,92.07878800594344
2025/12/02/3:30,133881,132458,2.542443137918811e+19,2.34170745893537e+19,92.10461480968425
2025/12/02/3:40,134322,132899,2.550729348260268e+19,2.349993669276827e+19,92.13026348246814
2025/12/02/3:50,134763,133340,2.559016302856701e+19,2.35828062387326e+19,92.15574833347667
2025/12/02/4:00,135204,133781,2.567305797820645e+19,2.366570118837204e+19,92.18107639713809
2025/12/02/4:10,135513,134090,2.573117984371528e+19,2.372382305388087e+19,92.19873786578545
2025/12/02/4:20,135837,134414,2.579203754617699e+19,2.378468075634258e+19,92.21714536418257
2025/12/02/4:30,136278,134855,2.587485733219977e+19,2.386750054236536e+19,92.24205658774254
2025/12/02/4:40,136622,135199,2.593945872454919e+19,2.393210193471479e+19,92.26137749769374
2025/12/02/4:50,136622,135199,2.593945872454919e+19,2.393210193471479e+19,92.26137749769374
2025/12/02/5:00,136622,135199,2.593945872454919e+19,2.393210193471479e+19,92.26137749769374
2025/12/02/5:10,136622,135199,2.593945872454919e+19,2.393210193471479e+19,92.26137749769374
2025/12/02/5:20,136622,135199,2.593945872454919e+19,2.393210193471479e+19,92.26137749769374
2025/12/02/5:30,136622,135199,2.593945872454919e+19,2.393210193471479e+19,92.26137749769374
2025/12/02/5:40,136622,135199,2.593945872454919e+19,2.393210193471479e+19,92.26137749769374
2025/12/02/5:50,136622,135199,2.593945872454919e+19,2.393210193471479e+19,92.26137749769374
2025/12/02/6:00,136622,135199,2.593945872454919e+19,2.393210193471479e+19,92.26137749769374
2025/12/02/6:10,136622,135199,2.593945872454919e+19,2.393210193471479e+19,92.26137749769374
2025/12/02/6:20,136802,135379,2.597324930513689e+19,2.396589251530248e+19,92.27144526180865
2025/12/02/6:30,137243,135820,2.605607372080651e+19,2.40487169309721e+19,92.29601201108257
2025/12/02/6:40,137684,136261,2.613888329252572e+19,2.413152650269132e+19,92.32041871349416
2025/12/02/6:50,138125,136702,2.622170017682002e+19,2.421434338698561e+19,92.34467339532426
2025/12/02/7:00,138567,137144,2.630469497708417e+19,2.429733818724977e+19,92.3688269657445
2025/12/02/7:10,139008,137585,2.638752228989002e+19,2.438016550005561e+19,92.39278031570439
2025/12/02/7:20,139449,138026,2.647032920754998e+19,2.446297241771557e+19,92.41657791977191
2025/12/02/7:30,139890,138467,2.655317584389394e+19,2.454581905405953e+19,92.44023840449196
2025/12/02/7:40,140331,138908,2.663599172987496e+19,2.462863494004056e+19,92.4637430053601
2025/12/02/7:50,140773,139350,2.6718982459928e+19,2.471162567009359e+19,92.48715106256401
2025/12/02/8:00,141214,139791,2.680179070944202e+19,2.479443391960761e+19,92.51036316343134
2025/12/02/8:10,141655,140232,2.688462907763348e+19,2.487727228779907e+19,92.53344063614247
2025/12/02/8:20,142096,140673,2.696747639100439e+19,2.496011960116998e+19,92.55637879967141
2025/12/02/8:30,142492,141069,2.704186378274012e+19,2.503450699290571e+19,92.57685488706724
2025/12/02/8:40,142933,141510,2.712463660547094e+19,2.511727981563653e+19,92.59950716010871
2025/12/02/8:50,143375,141952,2.720760627494766e+19,2.520024948511325e+19,92.62207498319044
2025/12/02/9:00,143816,142393,2.729037722385455e+19,2.528302043402014e+19,92.64445202289188
2025/12/02/9:10,144257,142834,2.737315705008993e+19,2.536580026025552e+19,92.66669611341811
2025/12/02/9:20,144698,143275,2.745592316360399e+19,2.544856637376958e+19,92.68880242025374
2025/12/02/9:30,145139,143716,2.753869472728524e+19,2.553133793745083e+19,92.71077729096024
2025/12/02/9:40,145580,144157,2.76214932936558e+19,2.561413650382139e+19,92.73262756472525
2025/12/02/9:50,146022,144599,2.770446678670639e+19,2.569710999687198e+19,92.75439298186525
2025/12/02/10:00,146463,145040,2.778725763416964e+19,2.577990084433523e+19,92.77598093247609
2025/12/02/10:10,146904,145481,2.78700554810225e+19,2.586269869118809e+19,92.79744243350619
2025/12/02/10:20,147345,145922,2.795284574135493e+19,2.594548895152053e+19,92.81877484529377
2025/12/02/10:30,147786,146363,2.803564682004574e+19,2.602829003021133e+19,92.83998402919269
2025/12/02/10:40,148228,146805,2.811862764299537e+19,2.611127085316096e+19,92.86111393727829
2025/12/02/10:50,148669,147246,2.820139710008238e+19,2.619404031024798e+19,92.88206615186259
2025/12/02/11:00,149110,147687,2.828423001824858e+19,2.627687322841417e+19,92.90291166300341
2025/12/02/11:10,149551,148128,2.836701225297662e+19,2.635965546314221e+19,92.9236227913859
2025/12/02/11:20,149992,148569,2.844983228132823e+19,2.644247549149382e+19,92.94422276383033
2025/12/02/11:30,150433,149010,2.853264455259018e+19,2.652528776275577e+19,92.96470123498531
2025/12/02/11:40,150875,149452,2.861561978382706e+19,2.660826299399265e+19,92.98510112659197
2025/12/02/11:50,151316,149893,2.869842358597616e+19,2.669106679614176e+19,93.00534127311674
2025/12/02/12:00,151757,150334,2.878124741414087e+19,2.677389062430647e+19,93.0254698104289
2025/12/02/12:10,152198,150775,2.886406314572853e+19,2.685670635589412e+19,93.04548088153879
2025/12/02/12:20,152639,151216,2.894687728380998e+19,2.693952049397557e+19,93.06537706933547
2025/12/02/12:30,153080,151657,2.902969664149402e+19,2.702233985165961e+19,93.08516098316659
2025/12/02/12:40,153522,152099,2.911271755010373e+19,2.710536076026932e+19,93.10488007043762
2025/12/02/12:50,153963,152540,2.919552761349788e+19,2.718817082366347e+19,93.12443735763709
2025/12/02/13:00,154404,152981,2.927835002959989e+19,2.727099323976548e+19,93.1438869068612
2025/12/02/13:10,154845,153422,2.936118339589254e+19,2.735382660605814e+19,93.1632292787108
2025/12/02/13:20,155286,153863,2.944398542992863e+19,2.743662864009422e+19,93.182455565971
2025/12/02/13:30,155728,154305,2.952698286847606e+19,2.751962607864166e+19,93.201619011411
2025/12/02/13:40,156169,154746,2.960977050637867e+19,2.760241371654427e+19,93.22062699066859
2025/12/02/13:50,156169,154746,2.960977050637867e+19,2.760241371654427e+19,93.22062699066859
2025/12/02/14:00,156169,154746,2.960977050637867e+19,2.760241371654427e+19,93.22062699066859
2025/12/02/14:10,156169,154746,2.960977050637867e+19,2.760241371654427e+19,93.22062699066859
2025/12/02/14:20,156169,154746,2.960977050637867e+19,2.760241371654427e+19,93.22062699066859
2025/12/02/14:30,156169,154746,2.960977050637867e+19,2.760241371654427e+19,93.22062699066859
2025/12/02/14:40,156169,154746,2.960977050637867e+19,2.760241371654427e+19,93.22062699066859
2025/12/02/14:50,156169,154746,2.960977050637867e+19,2.760241371654427e+19,93.22062699066859
2025/12/02/15:00,156346,154923,2.964302256101479e+19,2.763566577118038e+19,93.2282317509875
2025/12/02/15:10,156787,155364,2.972586992340358e+19,2.771851313356917e+19,93.24710497957879
2025/12/02/15:20,157228,155805,2.980871766295904e+19,2.780136087312463e+19,93.26587338465487
2025/12/02/15:30,157670,156247,2.989177518126901e+19,2.78844183914346e+19,93.28458488108706
2025/12/02/15:40,158111,156688,2.99746455773708e+19,2.79672887875364e+19,93.303150875786
2025/12/02/15:50,158552,157129,3.005750738124757e+19,2.805015059141316e+19,93.32161258625601
2025/12/02/16:00,158993,157570,3.014035996681219e+19,2.813300317697778e+19,93.33997075003508
2025/12/02/16:10,159434,158011,3.022321093860556e+19,2.821585414877115e+19,93.35822790665065
2025/12/02/16:20,159548,158125,3.024462575186691e+19,2.82372689620325e+19,93.36293063665865
2025/12/02/16:30,159548,158125,3.024462575186691e+19,2.82372689620325e+19,93.36293063665865
2025/12/02/16:40,159548,158125,3.024462575186691e+19,2.82372689620325e+19,93.36293063665865
2025/12/02/16:50,159932,158507,3.031678075207782e+19,2.830904743434285e+19,93.37748511573952
2025/12/02/17:00,160373,158948,3.039964156423292e+19,2.839190824649795e+19,93.39553621547567
2025/12/02/17:10,160814,159389,3.048250455840524e+19,2.847477124067027e+19,93.41348964981502
2025/12/02/17:20,161256,159831,3.056551374479299e+19,2.855778042705802e+19,93.4313771576079
2025/12/02/17:30,161697,160272,3.064834845323339e+19,2.864061513549842e+19,93.44913047827491
2025/12/02/17:40,162138,160713,3.073120558837803e+19,2.872347227064306e+19,93.46679285991222
2025/12/02/17:50,162579,161154,3.081401304657602e+19,2.880627972884105e+19,93.48434975119847
2025/12/02/18:00,163020,161595,3.089682358825549e+19,2.888909027052052e+19,93.50181318153965
2025/12/02/18:10,163460,162035,3.097947478086088e+19,2.897174146312591e+19,93.51914991478375
2025/12/02/18:20,163902,162477,3.106248931694204e+19,2.905475599920707e+19,93.5364699936012
2025/12/02/18:30,164087,162662,3.109725766382928e+19,2.908952434609431e+19,93.54369655537099
2025/12/02/18:40,164522,163097,3.117888077732363e+19,2.917114745958866e+19,93.56059849590498
2025/12/02/18:50,164963,163538,3.126159351065604e+19,2.925386019292107e+19,93.57763603109164
2025/12/02/19:00,165404,163979,3.134438339162896e+19,2.933665007389399e+19,93.59459941307645
2025/12/02/19:10,165846,164421,3.142731914849724e+19,2.941958583076227e+19,93.61150307397132
2025/12/02/19:20,166287,164862,3.151008005726886e+19,2.950234673953389e+19,93.62828239697912
2025/12/02/19:30,166728,165303,3.159284871738993e+19,2.958511539965496e+19,93.64497536865096
2025/12/02/19:40,167169,165744,3.167561860285432e+19,2.966788528511935e+19,93.66158134776238
2025/12/02/19:50,167610,166185,3.175840581631384e+19,2.975067249857887e+19,93.67810421799061
2025/12/02/20:00,168051,166626,3.184120768757189e+19,2.983347436983692e+19,93.69454407183613
2025/12/02/20:10,168493,167068,3.192416854294029e+19,2.991643522520532e+19,93.71092996506887
2025/12/02/20:20,168891,167466,3.199889949006632e+19,2.999116617233135e+19,93.72561760019826
2025/12/02/20:30,169332,167907,3.208166622618465e+19,3.007393290844968e+19,93.74180473177455
2025/12/02/20:40,169773,168348,3.216448678672835e+19,3.015675346899338e+19,93.75791900225998
2025/12/02/20:50,170214,168789,3.224731184231327e+19,3.02395785245783e+19,93.77395136824855
2025/12/02/21:00,170655,169230,3.23301135410543e+19,3.032238022331933e+19,93.78989710263326
2025/12/02/21:10,171097,169672,3.241310101185806e+19,3.040536769412309e+19,93.80579686898685
2025/12/02/21:20,171538,170113,3.249591087180233e+19,3.048817755406736e+19,93.82158165790287
2025/12/02/21:30,171979,170554,3.257872778361112e+19,3.057099446587615e+19,93.83728753599468
2025/12/02/21:40,172420,170995,3.266155469632804e+19,3.065382137859307e+19,93.85291564837638
2025/12/02/21:50,172861,171436,3.274437043960258e+19,3.073663712186761e+19,93.86846260660818
2025/12/02/22:00,173303,171878,3.282742563824538e+19,3.081969232051041e+19,93.88397573461906
2025/12/02/22:10,173744,172319,3.291027800511284e+19,3.090254468737787e+19,93.89937296359801
2025/12/02/22:20,174185,172760,3.299309413477717e+19,3.09853608170422e+19,93.91468617786087
2025/12/02/22:30,174626,173201,3.307588244306354e+19,3.106814912532857e+19,93.92991760328371
2025/12/02/22:40,175067,173642,3.315871012870189e+19,3.115097681096693e+19,93.94508016161613
2025/12/02/22:50,175508,174083,3.324154467693134e+19,3.123381135919637e+19,93.96016840598783
2025/12/02/23:00,175950,174525,3.332455092170555e+19,3.131681760397058e+19,93.97521268192918
2025/12/02/23:10,176327,174902,3.339533367385346e+19,3.138760035611849e+19,93.98798246083433
2025/12/02/23:20,176768,175343,3.347810539768126e+19,3.147037207994629e+19,94.00284665489455
2025/12/02/23:30,177209,175784,3.35609061961705e+19,3.155317287843553e+19,94.01764271203122
2025/12/02/23:40,177650,176225,3.364367239082205e+19,3.163593907308708e+19,94.03235980183103
2025/12/02/23:50,178091,176666,3.372652597054629e+19,3.171879265281132e+19,94.04702008298055
2025/12/03/0:00,178533,177108,3.380953815024845e+19,3.180180483251348e+19,94.06163636778275
2025/12/03/0:10,178974,177549,3.389235653383149e+19,3.188462321609652e+19,94.07614718164893
2025/12/03/0:20,179415,177990,3.397515200772964e+19,3.196741868999467e+19,94.0905832672119
2025/12/03/0:30,179856,178431,3.405802214977699e+19,3.205028883204202e+19,94.10496208821064
2025/12/03/0:40,180297,178872,3.41408739467344e+19,3.213314062899943e+19,94.11926794590151
2025/12/03/0:50,180739,179314,3.422388943418781e+19,3.221615611645284e+19,94.13353259688435
2025/12/03/1:00,181180,179755,3.430670912683152e+19,3.229897580909655e+19,94.14769481295218
2025/12/03/1:10,181621,180196,3.438951963118009e+19,3.238178631344512e+19,94.1617872559214
2025/12/03/1:20,182062,180637,3.447236460234859e+19,3.246463128461362e+19,94.17581781553163
2025/12/03/1:30,182503,181078,3.455515351702458e+19,3.254742019928961e+19,94.18977167401151
2025/12/03/1:40,182944,181519,3.463799503098902e+19,3.263026171325405e+19,94.20366763163184
2025/12/03/1:50,183386,181961,3.472099970707547e+19,3.27132663893405e+19,94.21752445300176
2025/12/03/2:00,183827,182402,3.480384334063678e+19,3.279611002290181e+19,94.23128848706558
2025/12/03/2:10,184268,182843,3.488666618558055e+19,3.287893286784558e+19,94.24498372227723
2025/12/03/2:20,184709,183284,3.496949290483173e+19,3.296175958709676e+19,94.2586147211258
2025/12/03/2:30,185150,183725,3.505231058852992e+19,3.304457727079495e+19,94.27217982488163
2025/12/03/2:40,185591,184166,3.513514546408256e+19,3.312741214634759e+19,94.28568377555914
2025/12/03/2:50,186033,184608,3.521816511422314e+19,3.321043179648818e+19,94.29915411202349
2025/12/03/3:00,186474,185049,3.530095996754222e+19,3.329322664980725e+19,94.31252487303179
2025/12/03/3:10,186915,185490,3.538373715892562e+19,3.337600384119065e+19,94.32583022896293
2025/12/03/3:20,187356,185931,3.546657229594988e+19,3.345883897821491e+19,94.33908272561135
2025/12/03/3:30,187797,186372,3.554938852470764e+19,3.354165520697267e+19,94.35227045793052
2025/12/03/3:40,188239,186814,3.563239108053935e+19,3.362465776280438e+19,94.36542635267749
2025/12/03/3:50,188680,187255,3.571520918897734e+19,3.370747587124238e+19,94.37849206731062
2025/12/03/4:00,189121,187696,3.579802833907072e+19,3.379029502133575e+19,94.39149749053725
2025/12/03/4:10,189562,188137,3.588082584557193e+19,3.387309252783696e+19,94.4044395009856
2025/12/03/4:20,190003,188578,3.596362699260402e+19,3.395589367486905e+19,94.41732248488768
2025/12/03/4:30,190444,189019,3.604644971874402e+19,3.403871640100905e+19,94.43014961695117
2025/12/03/4:40,190886,189461,3.6129455735598e+19,3.412172241786303e+19,94.44294613119021
2025/12/03/4:50,191206,189781,3.618956150917926e+19,3.418182819144429e+19,94.45217561637016
2025/12/03/5:00,191462,190037,3.623761741704117e+19,3.42298840993062e+19,94.45953277052148
2025/12/03/5:10,191903,190478,3.632038003968367e+19,3.43126467219487e+19,94.47215773749802
2025/12/03/5:20,192344,190919,3.64031539888966e+19,3.439542067116163e+19,94.48472701473243
2025/12/03/5:30,192785,191360,3.648591408287528e+19,3.447818076514031e+19,94.49723717165331
2025/12/03/5:40,192787,191362,3.648628922826573e+19,3.447855591053076e+19,94.49729375005998
2025/12/03/5:50,192787,191362,3.648628922826573e+19,3.447855591053076e+19,94.49729375005998
2025/12/03/6:00,192787,191362,3.648628922826573e+19,3.447855591053076e+19,94.49729375005998
2025/12/03/6:10,192787,191362,3.648628922826573e+19,3.447855591053076e+19,94.49729375005998
2025/12/03/6:20,192787,191362,3.648628922826573e+19,3.447855591053076e+19,94.49729375005998
2025/12/03/6:30,192787,191362,3.648628922826573e+19,3.447855591053076e+19,94.49729375005998
2025/12/03/6:40,192787,191362,3.648628922826573e+19,3.447855591053076e+19,94.49729375005998
2025/12/03/6:50,192787,191362,3.648628922826573e+19,3.447855591053076e+19,94.49729375005998
2025/12/03/7:00,192787,191362,3.648628922826573e+19,3.447855591053076e+19,94.49729375005998
2025/12/03/7:10,192787,191362,3.648628922826573e+19,3.447855591053076e+19,94.49729375005998
2025/12/03/7:20,192787,191362,3.648628922826573e+19,3.447855591053076e+19,94.49729375005998
2025/12/03/7:30,192787,191362,3.648628922826573e+19,3.447855591053076e+19,94.49729375005998
2025/12/03/7:40,192787,191362,3.648628922826573e+19,3.447855591053076e+19,94.49729375005998
2025/12/03/7:50,192787,191362,3.648628922826573e+19,3.447855591053076e+19,94.49729375005998
2025/12/03/8:00,192787,191362,3.648628922826573e+19,3.447855591053076e+19,94.49729375005998
2025/12/03/8:10,192787,191362,3.648628922826573e+19,3.447855591053076e+19,94.49729375005998
2025/12/03/8:20,192787,191362,3.648628922826573e+19,3.447855591053076e+19,94.49729375005998
2025/12/03/8:30,192787,191362,3.648628922826573e+19,3.447855591053076e+19,94.49729375005998
2025/12/03/8:40,192787,191362,3.648628922826573e+19,3.447855591053076e+19,94.49729375005998
2025/12/03/8:50,192787,191362,3.648628922826573e+19,3.447855591053076e+19,94.49729375005998
2025/12/03/9:00,192787,191362,3.648628922826573e+19,3.447855591053076e+19,94.49729375005998
2025/12/03/9:10,192787,191362,3.648628922826573e+19,3.447855591053076e+19,94.49729375005998
2025/12/03/9:20,192787,191362,3.648628922826573e+19,3.447855591053076e+19,94.49729375005998
2025/12/03/9:30,192787,191362,3.648628922826573e+19,3.447855591053076e+19,94.49729375005998
2025/12/03/9:40,192787,191362,3.648628922826573e+19,3.447855591053076e+19,94.49729375005998
2025/12/03/9:50,192787,191362,3.648628922826573e+19,3.447855591053076e+19,94.49729375005998
2025/12/03/10:00,192787,191362,3.648628922826573e+19,3.447855591053076e+19,94.49729375005998
2025/12/03/10:10,192787,191362,3.648628922826573e+19,3.447855591053076e+19,94.49729375005998
2025/12/03/10:20,192787,191362,3.648628922826573e+19,3.447855591053076e+19,94.49729375005998
2025/12/03/10:30,192787,191362,3.648628922826573e+19,3.447855591053076e+19,94.49729375005998
2025/12/03/10:40,192787,191362,3.648628922826573e+19,3.447855591053076e+19,94.49729375005998
2025/12/03/10:50,192787,191362,3.648628922826573e+19,3.447855591053076e+19,94.49729375005998
2025/12/03/11:00,192787,191362,3.648628922826573e+19,3.447855591053076e+19,94.49729375005998
2025/12/03/11:10,192787,191362,3.648628922826573e+19,3.447855591053076e+19,94.49729375005998
2025/12/03/11:20,192787,191362,3.648628922826573e+19,3.447855591053076e+19,94.49729375005998
2025/12/03/11:30,192787,191362,3.648628922826573e+19,3.447855591053076e+19,94.49729375005998
2025/12/03/11:40,192787,191362,3.648628922826573e+19,3.447855591053076e+19,94.49729375005998
2025/12/03/11:50,192787,191362,3.648628922826573e+19,3.447855591053076e+19,94.49729375005998
2025/12/03/12:00,192787,191362,3.648628922826573e+19,3.447855591053076e+19,94.49729375005998
2025/12/03/12:10,192787,191362,3.648628922826573e+19,3.447855591053076e+19,94.49729375005998
2025/12/03/12:20,192787,191362,3.648628922826573e+19,3.447855591053076e+19,94.49729375005998
2025/12/03/12:30,192787,191362,3.648628922826573e+19,3.447855591053076e+19,94.49729375005998
2025/12/03/12:40,192787,191362,3.648628922826573e+19,3.447855591053076e+19,94.49729375005998
2025/12/03/12:50,192787,191362,3.648628922826573e+19,3.447855591053076e+19,94.49729375005998
2025/12/03/13:00,192787,191362,3.648628922826573e+19,3.447855591053076e+19,94.49729375005998
2025/12/03/13:10,192787,191362,3.648628922826573e+19,3.447855591053076e+19,94.49729375005998
2025/12/03/13:20,192787,191362,3.648628922826573e+19,3.447855591053076e+19,94.49729375005998
2025/12/03/13:30,192787,191362,3.648628922826573e+19,3.447855591053076e+19,94.49729375005998
2025/12/03/13:40,192787,191362,3.648628922826573e+19,3.447855591053076e+19,94.49729375005998
2025/12/03/13:50,192787,191362,3.648628922826573e+19,3.447855591053076e+19,94.49729375005998
2025/12/03/14:00,192787,191362,3.648628922826573e+19,3.447855591053076e+19,94.49729375005998
2025/12/03/14:10,192787,191362,3.648628922826573e+19,3.447855591053076e+19,94.49729375005998
2025/12/03/14:20,192787,191362,3.648628922826573e+19,3.447855591053076e+19,94.49729375005998
2025/12/03/14:30,192787,191362,3.648628922826573e+19,3.447855591053076e+19,94.49729375005998
2025/12/03/14:40,192787,191362,3.648628922826573e+19,3.447855591053076e+19,94.49729375005998
2025/12/03/14:50,192787,191362,3.648628922826573e+19,3.447855591053076e+19,94.49729375005998
2025/12/03/15:00,192787,191362,3.648628922826573e+19,3.447855591053076e+19,94.49729375005998
2025/12/03/15:10,192787,191362,3.648628922826573e+19,3.447855591053076e+19,94.49729375005998
2025/12/03/15:20,192787,191362,3.648628922826573e+19,3.447855591053076e+19,94.49729375005998
2025/12/03/15:30,192787,191362,3.648628922826573e+19,3.447855591053076e+19,94.49729375005998
2025/12/03/15:40,192787,191362,3.648628922826573e+19,3.447855591053076e+19,94.49729375005998
2025/12/03/15:50,192787,191362,3.648628922826573e+19,3.447855591053076e+19,94.49729375005998
2025/12/03/16:00,192787,191362,3.648628922826573e+19,3.447855591053076e+19,94.49729375005998
2025/12/03/16:10,192787,191362,3.648628922826573e+19,3.447855591053076e+19,94.49729375005998
2025/12/03/16:20,192787,191362,3.648628922826573e+19,3.447855591053076e+19,94.49729375005998
2025/12/03/16:30,192787,191362,3.648628922826573e+19,3.447855591053076e+19,94.49729375005998
2025/12/03/16:40,192787,191362,3.648628922826573e+19,3.447855591053076e+19,94.49729375005998
2025/12/03/16:50,192787,191362,3.648628922826573e+19,3.447855591053076e+19,94.49729375005998
2025/12/03/17:00,192787,191362,3.648628922826573e+19,3.447855591053076e+19,94.49729375005998
2025/12/03/17:10,192787,191362,3.648628922826573e+19,3.447855591053076e+19,94.49729375005998
2025/12/03/17:20,192787,191362,3.648628922826573e+19,3.447855591053076e+19,94.49729375005998
2025/12/03/17:30,192787,191362,3.648628922826573e+19,3.447855591053076e+19,94.49729375005998
2025/12/03/17:40,192787,191362,3.648628922826573e+19,3.447855591053076e+19,94.49729375005998
2025/12/03/17:50,192787,191362,3.648628922826573e+19,3.447855591053076e+19,94.49729375005998
2025/12/03/18:00,192787,191362,3.648628922826573e+19,3.447855591053076e+19,94.49729375005998
2025/12/03/18:10,192787,191362,3.648628922826573e+19,3.447855591053076e+19,94.49729375005998
2025/12/03/18:20,192787,191362,3.648628922826573e+19,3.447855591053076e+19,94.49729375005998
2025/12/03/18:30,192787,191362,3.648628922826573e+19,3.447855591053076e+19,94.49729375005998
2025/12/03/18:40,192787,191362,3.648628922826573e+19,3.447855591053076e+19,94.49729375005998
2025/12/03/18:50,192787,191362,3.648628922826573e+19,3.447855591053076e+19,94.49729375005998
2025/12/03/19:00,192787,191362,3.648628922826573e+19,3.447855591053076e+19,94.49729375005998
2025/12/03/19:10,192787,191362,3.648628922826573e+19,3.447855591053076e+19,94.49729375005998
2025/12/03/19:20,192787,191362,3.648628922826573e+19,3.447855591053076e+19,94.49729375005998
2025/12/03/19:30,192788,191363,3.648632349295616e+19,3.447859017522119e+19,94.49729891770934
2025/12/03/19:40,192791,191366,3.648672916245287e+19,3.44789958447179e+19,94.49736009825442
2025/12/03/19:50,192793,191368,3.648713091206208e+19,3.447939759432711e+19,94.49742068628574
2025/12/03/20:00,192796,191371,3.64877329700312e+19,3.447999965229623e+19,94.49751148040905
2025/12/03/20:10,192797,191372,3.648793378928145e+19,3.448020047154648e+19,94.49754176454697
2025/12/03/20:20,192801,191376,3.648873736772083e+19,3.448100404998586e+19,94.49766294322073
2025/12/03/20:30,192854,191429,3.649935827170367e+19,3.44916249539687e+19,94.4992640616055
2025/12/03/20:40,192865,191440,3.650156337145094e+19,3.449383005371597e+19,94.4995963671373
2025/12/03/20:50,192898,191473,3.650817509673898e+19,3.450044177900401e+19,94.50059250451469
2025/12/03/21:00,192921,191496,3.651278385588055e+19,3.450505053814558e+19,94.50128665713443
2025/12/03/21:10,193140,191715,3.655662349409763e+19,3.454889017636266e+19,94.50788085486305
2025/12/03/21:20,193181,191756,3.656483525859746e+19,3.455710194086249e+19,94.50911428005712
2025/12/03/21:30,193518,192093,3.663231427576994e+19,3.462458095803497e+19,94.51922883544663
2025/12/03/21:40,193900,192475,3.670876324594249e+19,3.470102992820752e+19,94.53064298493661
2025/12/03/21:50,194341,192916,3.6796821546241e+19,3.478908822850603e+19,94.54373167744411
2025/12/03/22:00,194782,193357,3.688517621429081e+19,3.487744289655584e+19,94.55680161029815
2025/12/03/22:10,195139,193714,3.695667472830181e+19,3.494894141056685e+19,94.56733233578122
2025/12/03/22:20,195140,193715,3.695687370673132e+19,3.494914038899636e+19,94.56736158564929
2025/12/03/22:30,195508,194083,3.70304998667832e+19,3.50227665490482e+19,94.5781630683955
2025/12/03/22:40,195950,194525,3.711892923508895e+19,3.511119591735392e+19,94.59107964828604
2025/12/03/22:50,196391,194966,3.720722469134071e+19,3.519949137360571e+19,94.60391541054051
2025/12/03/23:00,196832,195407,3.729553554829545e+19,3.52878022305604e+19,94.61669261958941
2025/12/03/23:10,197273,195848,3.738385150195986e+19,3.53761181842248e+19,94.62941019431932
2025/12/03/23:20,197714,196289,3.747218149928069e+19,3.546444818154557e+19,94.64206983045902
2025/12/03/23:30,198156,196731,3.756067749965693e+19,3.555294418192185e+19,94.65469354818367
2025/12/03/23:40,198597,197172,3.764899065411755e+19,3.56412573363825e+19,94.66723202175548
2025/12/03/23:50,199038,197613,3.773731059612035e+19,3.572957727838534e+19,94.67971276696804
2025/12/04/0:00,199479,198054,3.782562360845494e+19,3.581789029072003e+19,94.69213425661506
2025/12/04/0:10,199920,198495,3.791393441846865e+19,3.590620110073378e+19,94.70449757185615
2025/12/04/0:20,200361,198936,3.800228260664078e+19,3.599454928890588e+19,94.71680862300612
2025/12/04/0:30,200803,199378,3.809081936349943e+19,3.608308604576461e+19,94.72908865893621
2025/12/04/0:40,201244,199819,3.817914935465427e+19,3.617141603691946e+19,94.74128326148772
2025/12/04/0:50,201685,200260,3.826750896196322e+19,3.625977564422843e+19,94.75342562869608
2025/12/04/1:00,202126,200701,3.835585140680265e+19,3.63481180890679e+19,94.76550970948161
2025/12/04/1:10,202567,201142,3.84441707846098e+19,3.643643746687509e+19,94.77753511973665
2025/12/04/1:20,203008,201583,3.853246117098267e+19,3.652472785324797e+19,94.78950148337097
2025/12/04/1:30,203450,202025,3.862096467921858e+19,3.661323136148385e+19,94.80144182204994
2025/12/04/1:40,203891,202466,3.870925984244669e+19,3.670152652471196e+19,94.81329964482261
2025/12/04/1:50,204332,202907,3.879757135299011e+19,3.678983803525544e+19,94.82510567615738
2025/12/04/2:00,204773,203348,3.888585385111182e+19,3.687812053337714e+19,94.83685423130481
2025/12/04/2:10,205214,203789,3.897414651307455e+19,3.696641319533986e+19,94.84855090524903
2025/12/04/2:20,205655,204230,3.906244535554474e+19,3.705471203781004e+19,94.86019551653668
2025/12/04/2:30,205985,204560,3.912853627257408e+19,3.712080295483938e+19,94.86887701663925
2025/12/04/2:40,206048,204623,3.914114791584241e+19,3.713341459810772e+19,94.87053031236709
2025/12/04/2:50,206048,204623,3.914114791584241e+19,3.713341459810772e+19,94.87053031236709
2025/12/04/3:00,206048,204623,3.914114791584241e+19,3.713341459810772e+19,94.87053031236709
2025/12/04/3:10,206048,204623,3.914114791584241e+19,3.713341459810772e+19,94.87053031236709
2025/12/04/3:20,206048,204623,3.914114791584241e+19,3.713341459810772e+19,94.87053031236709
2025/12/04/3:30,206048,204623,3.914114791584241e+19,3.713341459810772e+19,94.87053031236709
2025/12/04/3:40,206048,204623,3.914114791584241e+19,3.713341459810772e+19,94.87053031236709
2025/12/04/3:50,206048,204623,3.914114791584241e+19,3.713341459810772e+19,94.87053031236709
2025/12/04/4:00,206048,204623,3.914114791584241e+19,3.713341459810772e+19,94.87053031236709
2025/12/04/4:10,206048,204623,3.914114791584241e+19,3.713341459810772e+19,94.87053031236709
2025/12/04/4:20,206048,204623,3.914114791584241e+19,3.713341459810772e+19,94.87053031236709
2025/12/04/4:30,206048,204623,3.914114791584241e+19,3.713341459810772e+19,94.87053031236709
2025/12/04/4:40,206048,204623,3.914114791584241e+19,3.713341459810772e+19,94.87053031236709
2025/12/04/4:50,206048,204623,3.914114791584241e+19,3.713341459810772e+19,94.87053031236709
2025/12/04/5:00,206048,204623,3.914114791584241e+19,3.713341459810772e+19,94.87053031236709
2025/12/04/5:10,206048,204623,3.914114791584241e+19,3.713341459810772e+19,94.87053031236709
2025/12/04/5:20,206048,204623,3.914114791584241e+19,3.713341459810772e+19,94.87053031236709
2025/12/04/5:30,206048,204623,3.914114791584241e+19,3.713341459810772e+19,94.87053031236709
2025/12/04/5:40,206048,204623,3.914114791584241e+19,3.713341459810772e+19,94.87053031236709
2025/12/04/5:50,206048,204623,3.914114791584241e+19,3.713341459810772e+19,94.87053031236709
2025/12/04/6:00,206048,204623,3.914114791584241e+19,3.713341459810772e+19,94.87053031236709
2025/12/04/6:10,206048,204623,3.914114791584241e+19,3.713341459810772e+19,94.87053031236709
2025/12/04/6:20,206048,204623,3.914114791584241e+19,3.713341459810772e+19,94.87053031236709
2025/12/04/6:30,206048,204623,3.914114791584241e+19,3.713341459810772e+19,94.87053031236709
2025/12/04/6:40,206048,204623,3.914114791584241e+19,3.713341459810772e+19,94.87053031236709
2025/12/04/6:50,206048,204623,3.914114791584241e+19,3.713341459810772e+19,94.87053031236709
2025/12/04/7:00,206048,204623,3.914114791584241e+19,3.713341459810772e+19,94.87053031236709
2025/12/04/7:10,206048,204623,3.914114791584241e+19,3.713341459810772e+19,94.87053031236709
2025/12/04/7:20,206048,204623,3.914114791584241e+19,3.713341459810772e+19,94.87053031236709
2025/12/04/7:30,206048,204623,3.914114791584241e+19,3.713341459810772e+19,94.87053031236709
2025/12/04/7:40,206048,204623,3.914114791584241e+19,3.713341459810772e+19,94.87053031236709
2025/12/04/7:50,206048,204623,3.914114791584241e+19,3.713341459810772e+19,94.87053031236709
2025/12/04/8:00,206048,204623,3.914114791584241e+19,3.713341459810772e+19,94.87053031236709
2025/12/04/8:10,206048,204623,3.914114791584241e+19,3.713341459810772e+19,94.87053031236709
2025/12/04/8:20,206048,204623,3.914114791584241e+19,3.713341459810772e+19,94.87053031236709
2025/12/04/8:30,206048,204623,3.914114791584241e+19,3.713341459810772e+19,94.87053031236709
2025/12/04/8:40,206048,204623,3.914114791584241e+19,3.713341459810772e+19,94.87053031236709
2025/12/04/8:50,206048,204623,3.914114791584241e+19,3.713341459810772e+19,94.87053031236709
2025/12/04/9:00,206048,204623,3.914114791584241e+19,3.713341459810772e+19,94.87053031236709
2025/12/04/9:10,206048,204623,3.914114791584241e+19,3.713341459810772e+19,94.87053031236709
2025/12/04/9:20,206048,204623,3.914114791584241e+19,3.713341459810772e+19,94.87053031236709
2025/12/04/9:30,206048,204623,3.914114791584241e+19,3.713341459810772e+19,94.87053031236709
2025/12/04/9:40,206048,204623,3.914114791584241e+19,3.713341459810772e+19,94.87053031236709
2025/12/04/9:50,206048,204623,3.914114791584241e+19,3.713341459810772e+19,94.87053031236709
2025/12/04/10:00,206048,204623,3.914114791584241e+19,3.713341459810772e+19,94.87053031236709
2025/12/04/10:10,206048,204623,3.914114791584241e+19,3.713341459810772e+19,94.87053031236709
2025/12/04/10:20,206048,204623,3.914114791584241e+19,3.713341459810772e+19,94.87053031236709
2025/12/04/10:30,206048,204623,3.914114791584241e+19,3.713341459810772e+19,94.87053031236709
2025/12/04/10:40,206048,204623,3.914114791584241e+19,3.713341459810772e+19,94.87053031236709
2025/12/04/10:50,206048,204623,3.914114791584241e+19,3.713341459810772e+19,94.87053031236709
2025/12/04/11:00,206048,204623,3.914114791584241e+19,3.713341459810772e+19,94.87053031236709
2025/12/04/11:10,206048,204623,3.914114791584241e+19,3.713341459810772e+19,94.87053031236709
2025/12/04/11:20,206048,204623,3.914114791584241e+19,3.713341459810772e+19,94.87053031236709
2025/12/04/11:30,206048,204623,3.914114791584241e+19,3.713341459810772e+19,94.87053031236709
2025/12/04/11:40,206048,204623,3.914114791584241e+19,3.713341459810772e+19,94.87053031236709
2025/12/04/11:50,206048,204623,3.914114791584241e+19,3.713341459810772e+19,94.87053031236709
2025/12/04/12:00,206048,204623,3.914114791584241e+19,3.713341459810772e+19,94.87053031236709
2025/12/04/12:10,206048,204623,3.914114791584241e+19,3.713341459810772e+19,94.87053031236709
2025/12/04/12:20,206048,204623,3.914114791584241e+19,3.713341459810772e+19,94.87053031236709
2025/12/04/12:30,206048,204623,3.914114791584241e+19,3.713341459810772e+19,94.87053031236709
2025/12/04/12:40,206048,204623,3.914114791584241e+19,3.713341459810772e+19,94.87053031236709
2025/12/04/12:50,206048,204623,3.914114791584241e+19,3.713341459810772e+19,94.87053031236709
2025/12/04/13:00,206048,204623,3.914114791584241e+19,3.713341459810772e+19,94.87053031236709
2025/12/04/13:10,206048,204623,3.914114791584241e+19,3.713341459810772e+19,94.87053031236709
2025/12/04/13:20,206048,204623,3.914114791584241e+19,3.713341459810772e+19,94.87053031236709
2025/12/04/13:30,206048,204623,3.914114791584241e+19,3.713341459810772e+19,94.87053031236709
2025/12/04/13:40,206048,204623,3.914114791584241e+19,3.713341459810772e+19,94.87053031236709
2025/12/04/13:50,206048,204623,3.914114791584241e+19,3.713341459810772e+19,94.87053031236709
2025/12/04/14:00,206048,204623,3.914114791584241e+19,3.713341459810772e+19,94.87053031236709
2025/12/04/14:10,206048,204623,3.914114791584241e+19,3.713341459810772e+19,94.87053031236709
2025/12/04/14:20,206048,204623,3.914114791584241e+19,3.713341459810772e+19,94.87053031236709
2025/12/04/14:30,206048,204623,3.914114791584241e+19,3.713341459810772e+19,94.87053031236709
2025/12/04/14:40,206048,204623,3.914114791584241e+19,3.713341459810772e+19,94.87053031236709
2025/12/04/14:50,206048,204623,3.914114791584241e+19,3.713341459810772e+19,94.87053031236709
2025/12/04/15:00,206048,204623,3.914114791584241e+19,3.713341459810772e+19,94.87053031236709
2025/12/04/15:10,206048,204623,3.914114791584241e+19,3.713341459810772e+19,94.87053031236709
2025/12/04/15:20,206048,204623,3.914114791584241e+19,3.713341459810772e+19,94.87053031236709
2025/12/04/15:30,206048,204623,3.914114791584241e+19,3.713341459810772e+19,94.87053031236709
2025/12/04/15:40,206048,204623,3.914114791584241e+19,3.713341459810772e+19,94.87053031236709
2025/12/04/15:50,206048,204623,3.914114791584241e+19,3.713341459810772e+19,94.87053031236709
2025/12/04/16:00,206048,204623,3.914114791584241e+19,3.713341459810772e+19,94.87053031236709
2025/12/04/16:10,206048,204623,3.914114791584241e+19,3.713341459810772e+19,94.87053031236709
2025/12/04/16:20,206048,204623,3.914114791584241e+19,3.713341459810772e+19,94.87053031236709
2025/12/04/16:30,206048,204623,3.914114791584241e+19,3.713341459810772e+19,94.87053031236709
2025/12/04/16:40,206048,204623,3.914114791584241e+19,3.713341459810772e+19,94.87053031236709
2025/12/04/16:50,206048,204623,3.914114791584241e+19,3.713341459810772e+19,94.87053031236709
2025/12/04/17:00,206048,204623,3.914114791584241e+19,3.713341459810772e+19,94.87053031236709
2025/12/04/17:10,206048,204623,3.914114791584241e+19,3.713341459810772e+19,94.87053031236709
2025/12/04/17:20,206048,204623,3.914114791584241e+19,3.713341459810772e+19,94.87053031236709
2025/12/04/17:30,206050,204625,3.914118726516713e+19,3.713345394743244e+19,94.87053546911328
2025/12/04/17:40,206051,204626,3.914121863406709e+19,3.71334853163324e+19,94.8705395800139
2025/12/04/17:50,206054,204629,3.914131284423412e+19,3.713357952649943e+19,94.87055192623552
2025/12/04/18:00,206056,204631,3.914150060697808e+19,3.713376728924339e+19,94.87057653232446
2025/12/04/18:10,206058,204633,3.914184299601283e+19,3.713410967827813e+19,94.87062140140102
2025/12/04/18:20,206060,204635,3.91422757714679e+19,3.71345424537332e+19,94.87067811422912
2025/12/04/18:30,206063,204638,3.914292447053665e+19,3.713519115280196e+19,94.87076312030304
2025/12/04/18:40,206064,204639,3.914313991631294e+19,3.713540659857825e+19,94.87079135187628
2025/12/04/18:50,206068,204643,3.91440057951116e+19,3.713627247737691e+19,94.87090481172618
2025/12/04/19:00,206071,204646,3.914465333930743e+19,3.713692002157273e+19,94.87098965896675
2025/12/04/19:10,206074,204649,3.914530066102689e+19,3.713756734329219e+19,94.87107447425076
2025/12/04/19:20,206126,204701,3.915653786275389e+19,3.714880454501919e+19,94.87254638095961
2025/12/04/19:30,206126,204701,3.915653786275389e+19,3.714880454501919e+19,94.87254638095961
2025/12/04/19:40,206129,204704,3.91569695662185e+19,3.714923624848381e+19,94.87260291085752
2025/12/04/19:50,206130,204705,3.915718571017233e+19,3.714945239243764e+19,94.87263121360347
2025/12/04/20:00,206131,204706,3.915721713318759e+19,3.714948381545289e+19,94.87263532823162
2025/12/04/20:10,206139,204714,3.915777868583577e+19,3.715004536810108e+19,94.87270885858258
2025/12/04/20:20,206191,204766,3.916902163446198e+19,3.716128831672729e+19,94.87418057956231
2025/12/04/20:30,206192,204767,3.916922260907946e+19,3.716148929134476e+19,94.87420687979316
2025/12/04/20:40,206192,204767,3.916922260907946e+19,3.716148929134476e+19,94.87420687979316
2025/12/04/20:50,206192,204767,3.916922260907946e+19,3.716148929134476e+19,94.87420687979316
2025/12/04/21:00,206192,204767,3.916922260907946e+19,3.716148929134476e+19,94.87420687979316
2025/12/04/21:10,206197,204772,3.916974198091368e+19,3.716200866317899e+19,94.87427484533086
2025/12/04/21:20,206197,204772,3.916974198091368e+19,3.716200866317899e+19,94.87427484533086
2025/12/04/21:30,206197,204772,3.916974198091368e+19,3.716200866317899e+19,94.87427484533086
2025/12/04/21:40,206197,204772,3.916974198091368e+19,3.716200866317899e+19,94.87427484533086
2025/12/04/21:50,206197,204772,3.916974198091368e+19,3.716200866317899e+19,94.87427484533086
2025/12/04/22:00,206197,204772,3.916974198091368e+19,3.716200866317899e+19,94.87427484533086
2025/12/04/22:10,206201,204776,3.916997025321799e+19,3.716223693548329e+19,94.87430471671152
2025/12/04/22:20,206204,204779,3.917058922173388e+19,3.716285590399919e+19,94.87438571227645
2025/12/04/22:30,206206,204781,3.917100534171837e+19,3.716327202398368e+19,94.87444016251378
2025/12/04/22:40,206258,204833,3.918183375489487e+19,3.717410043716017e+19,94.87585667813755
2025/12/04/22:50,206326,204901,3.919598847307802e+19,3.718825515534333e+19,94.87770714313349
2025/12/04/23:00,206373,204948,3.920542132561445e+19,3.719768800787975e+19,94.87893957047476
2025/12/04/23:10,206471,205046,3.922506250605702e+19,3.721732918832232e+19,94.88150384100813
2025/12/04/23:20,206473,205048,3.922544784716598e+19,3.721771452943129e+19,94.88155412384985
2025/12/04/23:30,206476,205051,3.922600274932584e+19,3.721826943159115e+19,94.88162653083687
2025/12/04/23:40,206547,205122,3.923912629401999e+19,3.723139297628529e+19,94.88333837330963
2025/12/04/23:50,206988,205563,3.932061151778977e+19,3.731287820005508e+19,94.89394177700838
2025/12/05/0:00,207429,206004,3.940209732132483e+19,3.739436400359014e+19,94.90450139909662
2025/12/05/0:10,207784,206359,3.946762808109057e+19,3.745989476335587e+19,94.91296179844001
2025/12/05/0:20,208225,206800,3.954901104374346e+19,3.754127772600876e+19,94.92342977801891
2025/12/05/0:30,208666,207241,3.963040326145907e+19,3.762266994372438e+19,94.93385594769551
2025/12/05/0:40,209107,207682,3.97118160453157e+19,3.770408272758101e+19,94.94424199728454
2025/12/05/0:50,209548,208123,3.979322406924105e+19,3.778549075150636e+19,94.95458494581591
2025/12/05/1:00,209990,208565,3.987481855385258e+19,3.786708523611788e+19,94.96490920698945
2025/12/05/1:10,210274,208849,3.992723085512453e+19,3.791949753738984e+19,94.97151874864618
2025/12/05/1:20,210574,209149,3.998255038142989e+19,3.79748170636952e+19,94.97847611375188
2025/12/05/1:30,211015,209590,4.006375232759135e+19,3.805601900985666e+19,94.98865383023049
2025/12/05/1:40,211240,209815,4.010517525063424e+19,3.809744193289954e+19,94.99382983570695
2025/12/05/1:50,211681,210256,4.018654382089452e+19,3.817881050315982e+19,95.00396618658507
2025/12/05/2:00,212123,210698,4.02681396701118e+19,3.82604063523771e+19,95.01408971414466
2025/12/05/2:10,212564,211139,4.0349522493038e+19,3.834178917530331e+19,95.0241460277972
2025/12/05/2:20,213005,211580,4.043092521124407e+19,3.842319189350937e+19,95.03416430060736
2025/12/05/2:30,213446,212021,4.051234932804336e+19,3.850461601030867e+19,95.044144931025
2025/12/05/2:40,213887,212462,4.059375931997139e+19,3.858602600223669e+19,95.05408380162778
2025/12/05/2:50,214328,212903,4.067518525405629e+19,3.866745193632159e+19,95.06398482220932
2025/12/05/3:00,214770,213345,4.075678609632342e+19,3.874905277858873e+19,95.07386742175972
2025/12/05/3:10,215211,213786,4.083819159536447e+19,3.883045827762977e+19,95.08368701134505
2025/12/05/3:20,215652,214227,4.091962774122462e+19,3.891189442348993e+19,95.09347120547727
2025/12/05/3:30,216093,214668,4.100105217496309e+19,3.899331885722839e+19,95.1032151341699
2025/12/05/3:40,216534,215109,4.108249616308793e+19,3.907476284535323e+19,95.11292276456508
2025/12/05/3:50,216976,215551,4.116412017001028e+19,3.915638685227559e+19,95.12261331119763
2025/12/05/4:00,217417,215992,4.124553654922382e+19,3.923780323148912e+19,95.13224099936583
2025/12/05/4:10,217858,216433,4.132695812439516e+19,3.931922480666046e+19,95.1418313641876
2025/12/05/4:20,218299,216874,4.140839520194294e+19,3.940066188420824e+19,95.1513858290251
2025/12/05/4:30,218740,217315,4.14898606167043e+19,3.948212729896961e+19,95.16090609153225
2025/12/05/4:40,219181,217756,4.157131364012406e+19,3.956358032238937e+19,95.1703876016156
2025/12/05/4:50,219623,218198,4.165292051910871e+19,3.964518720137402e+19,95.17984983354619
2025/12/05/5:00,220064,218639,4.173433714366956e+19,3.972660382593486e+19,95.18925313028666
2025/12/05/5:10,220505,219080,4.181576716629565e+19,3.980803384856095e+19,95.19862134837749
2025/12/05/5:20,220946,219521,4.189720830210979e+19,3.988947498437509e+19,95.20795442202865
2025/12/05/5:30,221387,219962,4.197865473772238e+19,3.997092141998769e+19,95.21725188603881
2025/12/05/5:40,221702,220277,4.203682214859116e+19,4.002908883085646e+19,95.22386989521286
2025/12/05/5:50,222144,220719,4.211845225143942e+19,4.011071893370472e+19,95.23312655045135
2025/12/05/6:00,222585,221160,4.219988017576564e+19,4.019214685803094e+19,95.24232460051465
2025/12/05/6:10,223026,221601,4.228130055601068e+19,4.027356723827599e+19,95.25148637498741
2025/12/05/6:20,223467,222042,4.236273258339e+19,4.03549992656553e+19,95.2606142349705
2025/12/05/6:30,223908,222243,4.244416295645522e+19,4.039210061088299e+19,95.16526607515503
2025/12/05/6:40,224350,222243,4.252580259214248e+19,4.039210061088299e+19,94.98257093058666
2025/12/05/6:50,224791,222243,4.260725806750029e+19,4.039210061088299e+19,94.80098566045262
2025/12/05/7:00,225232,222243,4.268876141743083e+19,4.039210061088299e+19,94.61998725123458
2025/12/05/7:10,225673,222243,4.277025496600746e+19,4.039210061088299e+19,94.43970030804222
2025/12/05/7:20,226114,222243,4.285172046594386e+19,4.039210061088299e+19,94.26016078627313
2025/12/05/7:30,226555,222243,4.293317726644798e+19,4.039210061088299e+19,94.08132167858253
2025/12/05/7:40,226997,222256,4.301481506320445e+19,4.039450424660801e+19,93.90835270883706
2025/12/05/7:50,227438,222697,4.309628071594763e+19,4.047596989935119e+19,93.9198678561911
2025/12/05/8:00,227879,223138,4.317771588924169e+19,4.055740507264524e+19,93.93133526720591
2025/12/05/8:10,228320,223579,4.325919641559101e+19,4.063888559899456e+19,93.94276585393978
2025/12/05/8:20,228761,224020,4.334064315039308e+19,4.072033233379664e+19,93.95414874785337
2025/12/05/8:30,229202,224461,4.342212840630826e+19,4.080181758971181e+19,93.96549429342167
2025/12/05/8:40,229644,224903,4.350375535809481e+19,4.088344454149837e+19,93.97681695516229
2025/12/05/8:50,230085,225344,4.358521945904851e+19,4.096490864245207e+19,93.98807474387408
2025/12/05/9:00,230526,225785,4.36666989197107e+19,4.104638810311426e+19,93.99929263850613
2025/12/05/9:10,230967,226226,4.374817103556225e+19,4.11278602189658e+19,94.01046774168816
2025/12/05/9:20,231408,226667,4.382963316657832e+19,4.120932234998188e+19,94.02159993756342
2025/12/05/9:30,231850,227109,4.391123718522872e+19,4.129092636863227e+19,94.03271011121069
2025/12/05/9:40,232291,227550,4.399270898888806e+19,4.137239817229161e+19,94.04376116674629
2025/12/05/9:50,232732,227991,4.40741519906058e+19,4.145384117400936e+19,94.05476748105114
2025/12/05/10:00,233173,228432,4.41556334051201e+19,4.153532258852366e+19,94.06573835651828
2025/12/05/10:10,233614,228873,4.423709473050179e+19,4.161678391390535e+19,94.07666612701462
2025/12/05/10:20,234007,229266,4.430968349545592e+19,4.168937267885947e+19,94.08636981831485
2025/12/05/10:30,234449,229708,4.439131177628443e+19,4.177100095968799e+19,94.09724400621043
2025/12/05/10:40,234890,230149,4.447277779819654e+19,4.18524669816001e+19,94.10805677916817
2025/12/05/10:50,235331,230590,4.455426217873014e+19,4.19339513621337e+19,94.11883243384209
2025/12/05/11:00,235772,231031,4.463576701485643e+19,4.201545619825998e+19,94.12957143600936
2025/12/05/11:10,236213,231472,4.47172295390732e+19,4.209691872247675e+19,94.140265746323
2025/12/05/11:20,236654,231913,4.479868922970916e+19,4.217837841311271e+19,94.15092079332818
2025/12/05/11:30,237096,232355,4.488032421623283e+19,4.226001339963639e+19,94.1615599656281
2025/12/05/11:40,237537,232796,4.496179819326674e+19,4.234148737667029e+19,94.17213963433329
2025/12/05/11:50,237978,233237,4.504328797077024e+19,4.24229771541738e+19,94.18268307078996
2025/12/05/12:00,238419,233678,4.512475423550132e+19,4.250444341890488e+19,94.19318540125157
2025/12/05/12:10,238860,234119,4.520624447026396e+19,4.258593365366752e+19,94.20365295259143
2025/12/05/12:20,239302,234561,4.528789317949308e+19,4.266758236289664e+19,94.2141030800193
2025/12/05/12:30,239743,235002,4.536937990785317e+19,4.274906909125673e+19,94.22449497454365
2025/12/05/12:40,239868,235127,4.539246975672091e+19,4.277215894012447e+19,94.22743280848147
2025/12/05/12:50,239868,235127,4.539246975672091e+19,4.277215894012447e+19,94.22743280848147
2025/12/05/13:00,240214,235473,4.545633457791205e+19,4.283602376131561e+19,94.23554309662774
2025/12/05/13:10,240655,235914,4.553773666052421e+19,4.291742584392777e+19,94.24584749099324
2025/12/05/13:20,241097,236356,4.561934124780764e+19,4.29990304312112e+19,94.25614060851358
2025/12/05/13:30,241538,236797,4.570070152398763e+19,4.308039070739118e+19,94.26636631557815
2025/12/05/13:40,241979,237238,4.578213131979013e+19,4.316182050319368e+19,94.27656436898172
2025/12/05/13:50,242420,237679,4.586355126634314e+19,4.32432404497467e+19,94.28672498259124
2025/12/05/14:00,242805,238064,4.593464832926971e+19,4.331433751267327e+19,94.29556791680764
2025/12/05/14:10,243087,238346,4.59867238382233e+19,4.336641302162686e+19,94.30202763342213
2025/12/05/14:20,243218,238477,4.601090864128507e+19,4.339059782468863e+19,94.3050226696778
2025/12/05/14:30,243659,238918,4.609233315710275e+19,4.34720223405063e+19,94.31508314481438
2025/12/05/14:40,244100,239359,4.617375935054385e+19,4.355344853394741e+19,94.32510834410631
2025/12/05/14:50,244384,239643,4.622621033120512e+19,4.360589951460868e+19,94.33154741039286
2025/12/05/15:00,244546,239805,4.625610800665493e+19,4.363579719005848e+19,94.33521121963081
2025/12/05/15:10,244988,240247,4.633767500184276e+19,4.371736418524632e+19,94.34518279889477
2025/12/05/15:20,245192,240451,4.637531354686953e+19,4.375500273027309e+19,94.34977229006073
2025/12/05/15:30,245473,240732,4.642712222846749e+19,4.380681141187105e+19,94.35607745898633
2025/12/05/15:40,245638,240897,4.645751997729041e+19,4.383720916069396e+19,94.35977034960688
2025/12/05/15:50,246079,241338,4.653894550625567e+19,4.391863468965922e+19,94.36963861537382
2025/12/05/16:00,246520,241779,4.662030910594989e+19,4.399999828935345e+19,94.37946494382632
2025/12/05/16:10,246962,242221,4.67019686938939e+19,4.408165787729746e+19,94.38929259327125
2025/12/05/16:20,247403,242662,4.678341721298486e+19,4.416310639638842e+19,94.39906066573272
2025/12/05/16:30,247844,243103,4.686489283802514e+19,4.42445820214287e+19,94.40879801933445
2025/12/05/16:40,248285,243544,4.694639864159627e+19,4.432608782499983e+19,94.41850516244978
2025/12/05/16:50,248726,243985,4.702789721507145e+19,4.440758639847501e+19,94.42817780133132
2025/12/05/17:00,249071,244330,4.709167594833161e+19,4.447136513173517e+19,94.4357240131538
2025/12/05/17:10,249071,244330,4.709167594833161e+19,4.447136513173517e+19,94.4357240131538
2025/12/05/17:20,249071,244330,4.709167594833161e+19,4.447136513173517e+19,94.4357240131538
2025/12/05/17:30,249071,244330,4.709167594833161e+19,4.447136513173517e+19,94.4357240131538
2025/12/05/17:40,249071,244330,4.709167594833161e+19,4.447136513173517e+19,94.4357240131538
2025/12/05/17:50,249071,244330,4.709167594833161e+19,4.447136513173517e+19,94.4357240131538
2025/12/05/18:00,249071,244330,4.709167594833161e+19,4.447136513173517e+19,94.4357240131538
2025/12/05/18:10,249071,244330,4.709167594833161e+19,4.447136513173517e+19,94.4357240131538
2025/12/05/18:20,249071,244330,4.709167594833161e+19,4.447136513173517e+19,94.4357240131538
2025/12/05/18:30,249071,244330,4.709167594833161e+19,4.447136513173517e+19,94.4357240131538
2025/12/05/18:40,249071,244330,4.709167594833161e+19,4.447136513173517e+19,94.4357240131538
2025/12/05/18:50,249071,244330,4.709167594833161e+19,4.447136513173517e+19,94.4357240131538
2025/12/05/19:00,249071,244330,4.709167594833161e+19,4.447136513173517e+19,94.4357240131538
2025/12/05/19:10,249071,244330,4.709167594833161e+19,4.447136513173517e+19,94.4357240131538
2025/12/05/19:20,249071,244330,4.709167594833161e+19,4.447136513173517e+19,94.4357240131538
2025/12/05/19:30,249071,244330,4.709167594833161e+19,4.447136513173517e+19,94.4357240131538
2025/12/05/19:40,249071,244330,4.709167594833161e+19,4.447136513173517e+19,94.4357240131538
2025/12/05/19:50,249071,244330,4.709167594833161e+19,4.447136513173517e+19,94.4357240131538
2025/12/05/20:00,249071,244330,4.709167594833161e+19,4.447136513173517e+19,94.4357240131538
2025/12/05/20:10,249071,244330,4.709167594833161e+19,4.447136513173517e+19,94.4357240131538
2025/12/05/20:20,249071,244330,4.709167594833161e+19,4.447136513173517e+19,94.4357240131538
2025/12/05/20:30,249071,244330,4.709167594833161e+19,4.447136513173517e+19,94.4357240131538
2025/12/05/20:40,249071,244330,4.709167594833161e+19,4.447136513173517e+19,94.4357240131538
2025/12/05/20:50,249071,244330,4.709167594833161e+19,4.447136513173517e+19,94.4357240131538
2025/12/05/21:00,249071,244330,4.709167594833161e+19,4.447136513173517e+19,94.4357240131538
2025/12/05/21:10,249071,244330,4.709167594833161e+19,4.447136513173517e+19,94.4357240131538
2025/12/05/21:20,249071,244330,4.709167594833161e+19,4.447136513173517e+19,94.4357240131538
2025/12/05/21:30,249071,244330,4.709167594833161e+19,4.447136513173517e+19,94.4357240131538
2025/12/05/21:40,249073,244332,4.709171522121443e+19,4.447140440461799e+19,94.43572865357001
2025/12/05/21:50,249079,244338,4.709221426863229e+19,4.447190345203585e+19,94.43578761947957
2025/12/05/22:00,249080,244339,4.709243109807587e+19,4.447212028147943e+19,94.43581323899096
2025/12/05/22:10,249080,244339,4.709243109807587e+19,4.447212028147943e+19,94.43581323899096
2025/12/05/22:20,249080,244339,4.709243109807587e+19,4.447212028147943e+19,94.43581323899096
2025/12/05/22:30,249080,244339,4.709243109807587e+19,4.447212028147943e+19,94.43581323899096
2025/12/05/22:40,249080,244339,4.709243109807587e+19,4.447212028147943e+19,94.43581323899096
2025/12/05/22:50,249080,244339,4.709243109807587e+19,4.447212028147943e+19,94.43581323899096
2025/12/05/23:00,249080,244339,4.709243109807587e+19,4.447212028147943e+19,94.43581323899096
2025/12/05/23:10,249081,244340,4.70924389672694e+19,4.447212815067296e+19,94.43581416877211
2025/12/05/23:20,249081,244340,4.70924389672694e+19,4.447212815067296e+19,94.43581416877211
2025/12/05/23:30,249082,244341,4.709244681400022e+19,4.447213599740377e+19,94.43581509589889
2025/12/05/23:40,249086,244345,4.709250189814103e+19,4.447219108154459e+19,94.43582160433085
2025/12/05/23:50,249086,244345,4.709250189814103e+19,4.447219108154459e+19,94.43582160433085
2025/12/06/0:00,249090,244349,4.709262783828343e+19,4.447231702168699e+19,94.43583648465187
2025/12/06/0:10,249095,244354,4.709312084285062e+19,4.447281002625417e+19,94.43589473430653
2025/12/06/0:20,249095,244354,4.709312084285062e+19,4.447281002625417e+19,94.43589473430653
2025/12/06/0:30,249095,244354,4.709312084285062e+19,4.447281002625417e+19,94.43589473430653
2025/12/06/0:40,249095,244354,4.709312084285062e+19,4.447281002625417e+19,94.43589473430653
2025/12/06/0:50,249096,244355,4.709312867385235e+19,4.447281785725591e+19,94.43589565954804
2025/12/06/1:00,249100,244359,4.709325483571841e+19,4.447294401912196e+19,94.43591056566972
2025/12/06/1:10,249103,244362,4.709371263346473e+19,4.447340181686828e+19,94.43596465415544
2025/12/06/1:20,249106,244365,4.709429038444698e+19,4.447397956785054e+19,94.43603291353169
2025/12/06/1:30,249112,244371,4.709539995348605e+19,4.447508913688961e+19,94.43616400076354
2025/12/06/1:40,249355,244614,4.714033045177285e+19,4.452001963517641e+19,94.44146701670417
2025/12/06/1:50,249796,245055,4.722180893561243e+19,4.460149811901599e+19,94.45105794195798
2025/12/06/2:00,250237,245496,4.730331902209363e+19,4.468300820549719e+19,94.46061952783357
2025/12/06/2:10,250678,245937,4.738481565250071e+19,4.476450483590427e+19,94.47014664821609
2025/12/06/2:20,251119,246378,4.746629776068219e+19,4.484598694408575e+19,94.47963936473907
2025/12/06/2:30,251561,246820,4.754796748065712e+19,4.492765666406067e+19,94.48912129069996
2025/12/06/2:40,252002,247261,4.762947080405334e+19,4.500915998745689e+19,94.49855148007764
2025/12/06/2:50,252443,247702,4.771096562402431e+19,4.509065480742787e+19,94.50794847196089
2025/12/06/3:00,252884,248143,4.779248585555194e+19,4.51721750389555e+19,94.51731633186841
2025/12/06/3:10,253325,248584,4.787394056581824e+19,4.525362974922179e+19,94.52664479750945
2025/12/06/3:20,253766,249025,4.795541795692055e+19,4.533510714032411e+19,94.53594415765424
2025/12/06/3:30,254208,249467,4.803707807141961e+19,4.541676725482317e+19,94.54523272064826
2025/12/06/3:40,254649,249908,4.81185445232699e+19,4.549823370667346e+19,94.55446784071103
2025/12/06/3:50,255090,250349,4.820006971544386e+19,4.557975889884742e+19,94.56367836796538
2025/12/06/4:00,255531,250790,4.82815490896541e+19,4.566123827305766e+19,94.57285264039315
2025/12/06/4:10,255972,251231,4.836302672659388e+19,4.574271590999744e+19,94.58199580557768
2025/12/06/4:20,256413,251672,4.844451609761025e+19,4.582420528101381e+19,94.59110952555123
2025/12/06/4:30,256855,252114,4.852618323439546e+19,4.590587241779902e+19,94.60021241740858
2025/12/06/4:40,257296,252555,4.860765956822122e+19,4.598734875162477e+19,94.60926356077931
2025/12/06/4:50,257737,252996,4.868913122625881e+19,4.606882040966237e+19,94.61828389498298
2025/12/06/5:00,258178,253437,4.877064716865892e+19,4.615033635206247e+19,94.62727897061757
2025/12/06/5:10,258575,253834,4.884399636235854e+19,4.62236855457621e+19,94.63534720386684
2025/12/06/5:20,259017,254276,4.892567822479335e+19,4.63053674081969e+19,94.64430354024486
2025/12/06/5:30,259458,254717,4.900715810159146e+19,4.638684728499501e+19,94.65320798409783
2025/12/06/5:40,259899,255158,4.908862214844497e+19,4.646831133184853e+19,94.66208114647714
2025/12/06/5:50,260340,255599,4.917007093714712e+19,4.654976012055068e+19,94.67092325340364
2025/12/06/6:00,260781,256040,4.925151621976926e+19,4.663120540317281e+19,94.67973573665401
2025/12/06/6:10,261222,256481,4.933297984865504e+19,4.67126690320586e+19,94.68852109757997
2025/12/06/6:20,261664,256923,4.941462189456365e+19,4.679431107796721e+19,94.6972966378506
2025/12/06/6:30,262105,257364,4.949604944865027e+19,4.687573863205383e+19,94.70602028690212
2025/12/06/6:40,262546,257805,4.957749370172956e+19,4.695718288513312e+19,94.714717060203
2025/12/06/6:50,262987,258246,4.965893647930674e+19,4.70386256627103e+19,94.72338515004576
2025/12/06/7:00,263428,258687,4.97403636723896e+19,4.712005285579316e+19,94.73202320382119
2025/12/06/7:10,263869,259128,4.982180934649674e+19,4.72014985299003e+19,94.74063497298359
2025/12/06/7:20,264311,259570,4.99034727897989e+19,4.728316197320245e+19,94.74924154550607
2025/12/06/7:30,264752,260011,4.998495763237738e+19,4.736464681578094e+19,94.75780126519672
2025/12/06/7:40,265193,260452,5.006639697901376e+19,4.744608616241732e+19,94.76632836651937
2025/12/06/7:50,265634,260893,5.014786118538163e+19,4.752755036878519e+19,94.77483036233602
2025/12/06/8:00,266075,261334,5.02292953152661e+19,4.760898449866966e+19,94.78330165663293
2025/12/06/8:10,266517,261776,5.031092993340771e+19,4.769061911681126e+19,94.79176628206888
2025/12/06/8:20,266958,262217,5.03924086284239e+19,4.777209781182746e+19,94.80018739346693
2025/12/06/8:30,267399,262658,5.047384617080298e+19,4.785353535420654e+19,94.80857708420052
2025/12/06/8:40,267840,263099,5.055530539499538e+19,4.793499457839894e+19,94.81694196855581
2025/12/06/8:50,268281,263540,5.063677845480202e+19,4.801646763820558e+19,94.82528135367988
2025/12/06/9:00,268722,263981,5.071824929022953e+19,4.809793847363309e+19,94.8335937196846
2025/12/06/9:10,269164,264423,5.079991212196927e+19,4.817960130537283e+19,94.84189891843681
2025/12/06/9:20,269605,264864,5.088134151837943e+19,4.826103070178298e+19,94.85015383163604
2025/12/06/9:30,270046,265305,5.096283344950848e+19,4.834252263291204e+19,94.85838867418444
2025/12/06/9:40,270487,265746,5.104429459255661e+19,4.842398377596016e+19,94.86659412670473
2025/12/06/9:50,270928,266187,5.11258013601415e+19,4.850549054354506e+19,94.87477800467441
2025/12/06/10:00,271369,266628,5.120727857252214e+19,4.858696775592569e+19,94.88293287665066
2025/12/06/10:10,271532,266791,5.123739879737604e+19,4.861708798077959e+19,94.88594097651453
2025/12/06/10:20,271931,267190,5.131094532658121e+19,4.869063450998477e+19,94.89327121159272
2025/12/06/10:30,272372,267631,5.139206270675171e+19,4.877175189015527e+19,94.90133168705798
2025/12/06/10:40,272813,268072,5.147314099196464e+19,4.88528301753682e+19,94.90936289082205
2025/12/06/10:50,273254,268513,5.155452721443453e+19,4.893421639783809e+19,94.91739919232002
2025/12/06/11:00,273688,268947,5.163447326863302e+19,4.901416245203658e+19,94.92526862244912
2025/12/06/11:10,273810,269069,5.1656923183227e+19,4.903661236663056e+19,94.92747408260804
2025/12/06/11:20,274251,269510,5.173808340417103e+19,4.911777258757459e+19,94.93543122553086
2025/12/06/11:30,274478,269737,5.177986639860544e+19,4.9159555582009e+19,94.9395180041117
2025/12/06/11:40,274478,269737,5.177986639860544e+19,4.9159555582009e+19,94.9395180041117
2025/12/06/11:50,274478,269737,5.177986639860544e+19,4.9159555582009e+19,94.9395180041117
2025/12/06/12:00,274478,269737,5.177986639860544e+19,4.9159555582009e+19,94.9395180041117
2025/12/06/12:10,274478,269737,5.177986639860544e+19,4.9159555582009e+19,94.9395180041117
2025/12/06/12:20,274478,269737,5.177986639860544e+19,4.9159555582009e+19,94.9395180041117
2025/12/06/12:30,274478,269737,5.177986639860544e+19,4.9159555582009e+19,94.9395180041117
2025/12/06/12:40,274478,269737,5.177986639860544e+19,4.9159555582009e+19,94.9395180041117
2025/12/06/12:50,274478,269737,5.177986639860544e+19,4.9159555582009e+19,94.9395180041117
2025/12/06/13:00,274478,269737,5.177986639860544e+19,4.9159555582009e+19,94.9395180041117
2025/12/06/13:10,274583,269842,5.179927521710646e+19,4.917896440051002e+19,94.94141413057629
2025/12/06/13:20,275024,270283,5.188076963257687e+19,4.926045881598043e+19,94.94936016725723
2025/12/06/13:30,275465,270724,5.196229328675096e+19,4.934198247015452e+19,94.95728411728018
2025/12/06/13:40,275906,271165,5.204381012045061e+19,4.942349930385416e+19,94.96518258265108
2025/12/06/13:50,276348,271607,5.212551945828757e+19,4.950520864169112e+19,94.9730749087435
2025/12/06/14:00,276789,272048,5.220703892178249e+19,4.958672810518605e+19,94.98092427627961
2025/12/06/14:10,277230,272489,5.22885800973012e+19,4.966826928070476e+19,94.98875124985142
2025/12/06/14:20,277671,272930,5.237011790833706e+19,4.974980709174061e+19,94.99655352851649
2025/12/06/14:30,278112,273371,5.245166003184841e+19,4.983134921525196e+19,95.00433196012213
2025/12/06/14:40,278553,273812,5.253318267528699e+19,4.991287185869055e+19,95.0120843947475
2025/12/06/14:50,278995,274254,5.261491617943326e+19,4.999460536283682e+19,95.01983276441919
2025/12/06/15:00,279436,274695,5.269643123624826e+19,5.007612041965181e+19,95.02753648563204
2025/12/06/15:10,279877,275136,5.277797611086137e+19,5.015766529426493e+19,95.03521921512788
2025/12/06/15:20,280318,275577,5.285948190937602e+19,5.023917109277958e+19,95.042874576242
2025/12/06/15:30,280759,276018,5.294101229354789e+19,5.032070147695145e+19,95.05050866411976
2025/12/06/15:40,281200,276459,5.302253680931406e+19,5.040222599271762e+19,95.05811872785355
2025/12/06/15:50,281642,276901,5.310428046802673e+19,5.048396965143029e+19,95.06572578801045
2025/12/06/16:00,282083,277342,5.318580671276902e+19,5.056549589617258e+19,95.07328932557611
2025/12/06/16:10,282524,277783,5.326729658873386e+19,5.064698577213741e+19,95.08082635237275
2025/12/06/16:20,282962,278221,5.334826418445359e+19,5.072795336785714e+19,95.08829226844828
2025/12/06/16:30,283359,278618,5.34216327022718e+19,5.080132188567536e+19,95.09503793865699
2025/12/06/16:40,283801,279060,5.350334245763781e+19,5.088303164104136e+19,95.10252874636548
2025/12/06/16:50,284242,279501,5.358486880445335e+19,5.096455798785691e+19,95.10997997184856
2025/12/06/17:00,284683,279942,5.366643319369682e+19,5.104612237710038e+19,95.1174120196529
2025/12/06/17:10,285124,280383,5.374794093128068e+19,5.112763011468424e+19,95.12481637213483
2025/12/06/17:20,285565,280824,5.382945919516678e+19,5.120914837857033e+19,95.13219925339374
2025/12/06/17:30,286006,281265,5.391098242476877e+19,5.129067160817233e+19,95.1395602551799
2025/12/06/17:40,286448,281707,5.399268613424569e+19,5.137237531764924e+19,95.14691525055564
2025/12/06/17:50,286889,282148,5.407417601642808e+19,5.145386519983164e+19,95.15422885815148
2025/12/06/18:00,287330,282589,5.415575163864374e+19,5.15354408220473e+19,95.16152811601515
2025/12/06/18:10,287771,283030,5.423729940458843e+19,5.161698858799198e+19,95.16880293568826
2025/12/06/18:20,288212,283471,5.431885296370915e+19,5.169854214711271e+19,95.17605642676753
2025/12/06/18:30,288653,283912,5.440038528698892e+19,5.178007447039248e+19,95.18328628965952
2025/12/06/18:40,289095,284354,5.448212636669119e+19,5.186181555009475e+19,95.19051294187662
2025/12/06/18:50,289481,284740,5.455346268300659e+19,5.193315186641015e+19,95.19680202185833
2025/12/06/19:00,289595,284854,5.457452815287425e+19,5.19542173362778e+19,95.19865603005046
2025/12/06/19:10,290036,285295,5.465598365574648e+19,5.203567283915003e+19,95.20581162146746
2025/12/06/19:20,290477,285736,5.473747224753353e+19,5.211716143093708e+19,95.21294881000919
2025/12/06/19:30,290919,286178,5.481917264155833e+19,5.219886182496189e+19,95.22008324764467
2025/12/06/19:40,291360,286619,5.490065339108078e+19,5.228034257448433e+19,95.22717735628599
2025/12/06/19:50,291801,287060,5.498215322689487e+19,5.236184241029843e+19,95.2342520930688
2025/12/06/20:00,292242,287501,5.506364443016032e+19,5.244333361356388e+19,95.24130514114462
2025/12/06/20:10,292683,287942,5.514516984332744e+19,5.2524859026731e+19,95.24834029155956
2025/12/06/20:20,293124,288383,5.522668753570399e+19,5.260637671910755e+19,95.25535400814611
2025/12/06/20:30,293566,288825,5.530837576772626e+19,5.268806495112982e+19,95.26236165820393
2025/12/06/20:40,294007,289266,5.538989980604554e+19,5.276958898944909e+19,95.26933461556749
2025/12/06/20:50,294448,289707,5.547140612629077e+19,5.285109530969433e+19,95.27628556840469
2025/12/06/21:00,294889,290148,5.555292835129741e+19,5.293261753470097e+19,95.28321747500598
2025/12/06/21:10,295330,290589,5.56344476731695e+19,5.301413685657306e+19,95.29012882092451
2025/12/06/21:20,295771,291030,5.571593040007257e+19,5.309561958347613e+19,95.29701685356218
2025/12/06/21:30,296213,291472,5.579758258670631e+19,5.317727177010987e+19,95.3038990308861
2025/12/06/21:40,296654,291913,5.587908233408189e+19,5.325877151748545e+19,95.3107483030403
2025/12/06/21:50,297095,292354,5.596061438515779e+19,5.334030356856135e+19,95.31758032790395
2025/12/06/22:00,297486,292745,5.603287803774407e+19,5.341256722114762e+19,95.32361908158387
2025/12/06/22:10,297927,293186,5.611436885076287e+19,5.349405803416643e+19,95.33041024917307
2025/12/06/22:20,298369,293628,5.619604339759126e+19,5.357573258099482e+19,95.33719696588327
2025/12/06/22:30,298810,294069,5.627750996781977e+19,5.365719915122332e+19,95.34394677714992
2025/12/06/22:40,299251,294510,5.635898689549698e+19,5.373867607890054e+19,95.35067792922693
2025/12/06/22:50,299692,294951,5.644049173855028e+19,5.382018092195384e+19,95.35739194347468
2025/12/06/23:00,300133,295392,5.652198376376784e+19,5.390167294717139e+19,95.36408554316147
2025/12/06/23:10,300574,295833,5.66035014031276e+19,5.398319058653115e+19,95.37076196411472
2025/12/06/23:20,301016,296275,5.668519693777946e+19,5.406488612118302e+19,95.37743368965864
2025/12/06/23:30,301457,296716,5.676669188134008e+19,5.414638106474363e+19,95.38406990128348
2025/12/06/23:40,301898,297157,5.684819248641208e+19,5.422788166981563e+19,95.39068754521483
2025/12/06/23:50,302339,297598,5.692969398519583e+19,5.430938316859938e+19,95.39728631375071
2025/12/07/0:00,302780,298039,5.701120369799313e+19,5.439089288139669e+19,95.4038668776806
2025/12/07/0:10,303221,298480,5.709269900564023e+19,5.447238818904379e+19,95.41042749382443
2025/12/07/0:20,303663,298922,5.717436312961982e+19,5.455405231302338e+19,95.41698293926608
2025/12/07/0:30,304104,299363,5.725589017973857e+19,5.463557936314212e+19,95.42350872832345
2025/12/07/0:40,304545,299804,5.733737440493713e+19,5.471706358834069e+19,95.43001254628287
2025/12/07/0:50,304986,300245,5.741884465866448e+19,5.479853384206804e+19,95.43649679443517
2025/12/07/1:00,305427,300686,5.750033346204116e+19,5.488002264544471e+19,95.44296413806671
2025/12/07/1:10,305869,301128,5.758202958480414e+19,5.49617187682077e+19,95.4494295607671
2025/12/07/1:20,306310,301569,5.766350997879235e+19,5.50431991621959e+19,95.45585966313853
2025/12/07/1:30,306751,302010,5.77450267319737e+19,5.512471591537725e+19,95.46227447645191
2025/12/07/1:40,307192,302451,5.782653332060465e+19,5.52062225040082e+19,95.46867040763314
2025/12/07/1:50,307633,302892,5.790806172961453e+19,5.528775091301809e+19,95.47505003909257
2025/12/07/2:00,308074,303333,5.798953872571026e+19,5.536922790911382e+19,95.48140772598576
2025/12/07/2:10,308516,303775,5.807119989780844e+19,5.545088908121199e+19,95.48776188333017
2025/12/07/2:20,308957,304216,5.815271854293743e+19,5.553240772634099e+19,95.49408715146873
2025/12/07/2:30,309398,304657,5.823421408170376e+19,5.561390326510731e+19,95.50039292550579
2025/12/07/2:40,309517,304776,5.825617947078437e+19,5.563586865418793e+19,95.50208949436765
2025/12/07/2:50,309958,305217,5.833749558332757e+19,5.571718476673112e+19,95.50835909153201
2025/12/07/3:00,310200,305459,5.838206004217968e+19,5.576174922558324e+19,95.51178767124125
2025/12/07/3:10,310642,305901,5.846355586254076e+19,5.584324504594432e+19,95.51804405678419
2025/12/07/3:20,311083,306342,5.854494838970096e+19,5.592463757310452e+19,95.52427512762587
2025/12/07/3:30,311524,306783,5.862633137455382e+19,5.600602055795737e+19,95.53048816946141
2025/12/07/3:40,311965,307224,5.870774653888537e+19,5.608743572228893e+19,95.53668643223962
2025/12/07/3:50,312361,307620,5.878092487776723e+19,5.616061406117079e+19,95.54224296054326
2025/12/07/4:00,312803,308062,5.88627117823861e+19,5.624240096578966e+19,95.54843679937196
2025/12/07/4:10,313244,308503,5.89443391326879e+19,5.632402831609146e+19,95.55460141694364
2025/12/07/4:20,313685,308944,5.9025961907198e+19,5.640565109060156e+19,95.56074864020655
2025/12/07/4:30,314126,309385,5.910758889680579e+19,5.648727808020935e+19,95.56687920197325
2025/12/07/4:40,314567,309826,5.91892011644273e+19,5.656889034783085e+19,95.57299175348349
2025/12/07/4:50,315008,310267,5.927083134989636e+19,5.665052053329991e+19,95.57908880824054
2025/12/07/5:00,315450,310709,5.935264331440732e+19,5.673233249781087e+19,95.58518261315518
2025/12/07/5:10,315891,311150,5.943427789719155e+19,5.68139670805951e+19,95.59124648384049
2025/12/07/5:20,316332,311591,5.951593246138509e+19,5.689562164478865e+19,95.59729519772451
2025/12/07/5:30,316462,311721,5.953999489411304e+19,5.69196840775166e+19,95.59907450234678
2025/12/07/5:40,316469,311728,5.954128807208084e+19,5.69209772554844e+19,95.59917008610178
2025/12/07/5:50,316910,312169,5.962272678949558e+19,5.700241597289914e+19,95.60518118225667
2025/12/07/6:00,317235,312494,5.96827438006023e+19,5.706243298400586e+19,95.60960061529545
2025/12/07/6:10,317676,312935,5.976417773070026e+19,5.714386691410382e+19,95.61558291924693
2025/12/07/6:20,318117,313376,5.984564326061493e+19,5.722533244401849e+19,95.62155125447386
2025/12/07/6:30,318558,313817,5.99271106281319e+19,5.730679981153545e+19,95.62750349694588
2025/12/07/6:40,318999,314258,6.000858113065076e+19,5.738827031405432e+19,95.63343980606457
2025/12/07/6:50,319441,314700,6.009024940334757e+19,5.746993858675112e+19,95.63937437002804
2025/12/07/7:00,319828,315087,6.016175615383015e+19,5.754144533723371e+19,95.6445572999956
2025/12/07/7:10,320268,315527,6.024304206409467e+19,5.762273124749823e+19,95.65043409692258
2025/12/07/7:20,320638,315897,6.031142303304449e+19,5.769111221644805e+19,95.65536562591006
2025/12/07/7:30,321079,316338,6.039287690829157e+19,5.777256609169513e+19,95.66122537832489
2025/12/07/7:40,321520,316779,6.047437092976161e+19,5.785406011316516e+19,95.66707222198339
2025/12/07/7:50,321962,317221,6.055605031310507e+19,5.793573949650863e+19,95.67291657390446
2025/12/07/8:00,322403,317662,6.063752775487631e+19,5.801721693827987e+19,95.6787307899674
2025/12/07/8:10,322844,318103,6.071903106161938e+19,5.809872024502293e+19,95.68453124039927
2025/12/07/8:20,323285,318544,6.080054270857121e+19,5.818023189197477e+19,95.69031673096062
2025/12/07/8:30,323726,318985,6.088202551065209e+19,5.826171469405565e+19,95.69608469064816
2025/12/07/8:40,324167,319426,6.09635167403613e+19,5.834320592376485e+19,95.70183782579976
2025/12/07/8:50,324609,319868,6.10451902212704e+19,5.842487940467396e+19,95.7075884158955
2025/12/07/9:00,325050,320309,6.112664308589811e+19,5.850633226930167e+19,95.71330816757882
2025/12/07/9:10,325491,320750,6.120810081250442e+19,5.858778999590797e+19,95.7190130361615
2025/12/07/9:20,325932,321191,6.128957270746596e+19,5.866926189086952e+19,95.72470372880043
2025/12/07/9:30,326373,321632,6.137102579571823e+19,5.875071497912179e+19,95.73037800391589
2025/12/07/9:40,326815,322074,6.145269864572877e+19,5.883238782913233e+19,95.73605248533936
2025/12/07/9:50,327256,322515,6.15341508345292e+19,5.891384001793275e+19,95.74169663339843
2025/12/07/10:00,327697,322956,6.161560306683935e+19,5.899529225024291e+19,95.74732586199963
2025/12/07/10:10,328138,323397,6.169707288261798e+19,5.907676206602154e+19,95.75294143762424
2025/12/07/10:20,328579,323838,6.177855587077331e+19,5.915824505417686e+19,95.75854310664442
2025/12/07/10:30,329020,324279,6.186000621308377e+19,5.923969539648733e+19,95.76412778302917
2025/12/07/10:40,329462,324721,6.194167312094268e+19,5.932136230434623e+19,95.76971256252601
2025/12/07/10:50,329903,325162,6.202313808446893e+19,5.940282726787249e+19,95.7752688794497
2025/12/07/11:00,330344,325603,6.21046090675951e+19,5.948429825099865e+19,95.78081102846251
2025/12/07/11:10,330785,326044,6.218606535448225e+19,5.95657545378858e+19,95.78633765995684
2025/12/07/11:20,331226,326485,6.226753853991641e+19,5.964722772331997e+19,95.79185097397627
2025/12/07/11:30,331667,326926,6.234899444703133e+19,5.972868363043489e+19,95.79734871454497
2025/12/07/11:40,332109,327368,6.243064385694512e+19,5.981033304034868e+19,95.80284511785482
2025/12/07/11:50,332550,327809,6.251213516344478e+19,5.989182434684834e+19,95.80831656166382
2025/12/07/12:00,332991,328250,6.259359797855676e+19,5.997328716196032e+19,95.81377185332259
2025/12/07/12:10,333432,328691,6.267504457401919e+19,6.005473375742275e+19,95.81921188184899
2025/12/07/12:20,333873,329132,6.275652094131895e+19,6.01362101247225e+19,95.82463977082702
2025/12/07/12:30,334315,329574,6.283821612215211e+19,6.021790530555566e+19,95.83006810457066
2025/12/07/12:40,334756,330015,6.291969678744128e+19,6.029938597084484e+19,95.83546814370622
2025/12/07/12:50,335197,330456,6.300116077276446e+19,6.038084995616802e+19,95.84085311372674
2025/12/07/13:00,335526,330785,6.306194466188398e+19,6.044163384528753e+19,95.84486201520484
2025/12/07/13:10,335921,331180,6.313494242125557e+19,6.051463160465913e+19,95.84966626070089
2025/12/07/13:20,336362,331621,6.321642639797221e+19,6.059611558137577e+19,95.85501590978814
2025/12/07/13:30,336804,332063,6.329808734285972e+19,6.067777652626328e+19,95.86036335915918
2025/12/07/13:40,337245,332504,6.337959985083613e+19,6.075928903423969e+19,95.86568734614396
2025/12/07/13:50,337686,332945,6.346106028487954e+19,6.08407494682831e+19,95.870994268243
2025/12/07/14:00,338127,333386,6.354253749731181e+19,6.092222668071536e+19,95.87628867243885
2025/12/07/14:10,338568,333827,6.362401406094103e+19,6.100370324434458e+19,95.88156947455936
2025/12/07/14:20,339009,334268,6.370549407670477e+19,6.108518326010832e+19,95.88683699173347
2025/12/07/14:30,339451,334710,6.378715467627427e+19,6.116684385967783e+19,95.89210268133958
2025/12/07/14:40,339892,335151,6.386857479026205e+19,6.12482639736656e+19,95.89733945809613
2025/12/07/14:50,340333,335592,6.395000516353358e+19,6.132969434693714e+19,95.90256355742935
2025/12/07/15:00,340774,336033,6.403144248653192e+19,6.141113166993548e+19,95.90777481368222
2025/12/07/15:10,341215,336474,6.411288412759121e+19,6.149257331099477e+19,95.91297310633888
2025/12/07/15:20,341657,336916,6.419447527720799e+19,6.157416446061155e+19,95.91816771570875
2025/12/07/15:30,342098,337357,6.427590383914054e+19,6.16555930225441e+19,95.92333882514646
2025/12/07/15:40,342539,337798,6.435736166983242e+19,6.173705085323597e+19,95.92849870067822
2025/12/07/15:50,342980,338239,6.443881651745201e+19,6.181850570085556e+19,95.93364534265339
2025/12/07/16:00,343421,338680,6.452025005517498e+19,6.189993923857854e+19,95.93877764832644
2025/12/07/16:10,343862,339121,6.460168826263618e+19,6.198137744603973e+19,95.94389730815756
2025/12/07/16:20,344304,339563,6.468329865844615e+19,6.20629878418497e+19,95.94901486018402
2025/12/07/16:30,344745,340004,6.47647363847454e+19,6.214442556814896e+19,95.9541087281973
2025/12/07/16:40,345186,340445,6.484616750734524e+19,6.222585669074879e+19,95.95918939033731
2025/12/07/16:50,345608,340867,6.492411256390929e+19,6.230380174731284e+19,95.96404061123349
2025/12/07/17:00,346024,341283,6.500091891292208e+19,6.238060809632563e+19,95.96880957928192
2025/12/07/17:10,346408,341667,6.507183684375845e+19,6.245152602716201e+19,95.9732029343386
2025/12/07/17:20,346850,342109,6.515345117474805e+19,6.25331403581516e+19,95.97824709305343
2025/12/07/17:30,347291,342550,6.523490169325185e+19,6.26145908766554e+19,95.98326854401085
2025/12/07/17:40,347732,342991,6.531635632172288e+19,6.269604550512643e+19,95.98827772374531
2025/12/07/17:50,348173,343432,6.539780011452435e+19,6.277748929792791e+19,95.9932737614908
2025/12/07/18:00,348614,343873,6.547924666245231e+19,6.285893584585586e+19,95.99825753936322
2025/12/07/18:10,349056,344315,6.556090815155411e+19,6.294059733495766e+19,96.00324203786319
2025/12/07/18:20,349497,344756,6.564238162614193e+19,6.302207080954549e+19,96.00820270123637
2025/12/07/18:30,349938,345197,6.572386051105071e+19,6.310354969445427e+19,96.01315139399659
2025/12/07/18:40,350379,345638,6.580533270983277e+19,6.318502189323633e+19,96.01808742742682
2025/12/07/18:50,350820,346079,6.588679596914972e+19,6.326648515255328e+19,96.02301071397773
2025/12/07/19:00,351261,346520,6.596830395927876e+19,6.334799314268231e+19,96.02792453446443
2025/12/07/19:10,351703,346962,6.604996495560919e+19,6.342965413901275e+19,96.03283541731248
2025/12/07/19:20,352144,347403,6.613142843070788e+19,6.351111761411144e+19,96.03772233750857
2025/12/07/19:30,352585,347844,6.62129318420526e+19,6.359262102545616e+19,96.04259961959237
2025/12/07/19:40,352980,348239,6.628591231403661e+19,6.366560149744017e+19,96.04695669845738
2025/12/07/19:50,353421,348680,6.636740010229202e+19,6.374708928569558e+19,96.05181035785979
2025/12/07/20:00,353862,349121,6.644888003223585e+19,6.38285692156394e+19,96.05665164661124
2025/12/07/20:10,354304,349563,6.653055565900527e+19,6.391024484240883e+19,96.06149266206863
2025/12/07/20:20,354745,350004,6.661202886132476e+19,6.399171804472832e+19,96.06630985215673
2025/12/07/20:30,355186,350445,6.669350973171493e+19,6.407319891511849e+19,96.07111572454792
2025/12/07/20:40,355627,350886,6.677498491675543e+19,6.415467410015899e+19,96.07590953429187
2025/12/07/20:50,356068,351327,6.685647598195814e+19,6.423616516536169e+19,96.08069259094128
2025/12/07/21:00,356510,351769,6.693813876892397e+19,6.431782795232752e+19,96.08547404396472
2025/12/07/21:10,356858,352117,6.700248927299188e+19,6.438217845639543e+19,96.08923363142469
2025/12/07/21:20,357299,352558,6.708405920677473e+19,6.446374839017828e+19,96.09398887369083
2025/12/07/21:30,357740,352999,6.716564452923843e+19,6.454533371264199e+19,96.09873345969936
2025/12/07/21:40,358181,353440,6.724721443478448e+19,6.462690361818803e+19,96.10346563999674
2025/12/07/21:50,358562,353821,6.731771151950974e+19,6.46974007029133e+19,96.10754620522559
2025/12/07/22:00,358988,354247,6.739648913882253e+19,6.477617832222609e+19,96.11209597105399
2025/12/07/22:10,359331,354590,6.745995490637989e+19,6.483964408978345e+19,96.11575367900427
2025/12/07/22:20,359667,354926,6.752199319004403e+19,6.490168237344759e+19,96.11932247138877
2025/12/07/22:30,359879,355138,6.756111182096128e+19,6.494080100436483e+19,96.12156942659509
2025/12/07/22:40,360283,355542,6.763554674295792e+19,6.501523592636148e+19,96.12583775428818
2025/12/07/22:50,360724,355983,6.771699149312985e+19,6.50966806765334e+19,96.13049729643957
2025/12/07/23:00,361166,356425,6.779866782238958e+19,6.517835700579314e+19,96.13515884491891
2025/12/07/23:10,361547,356806,6.786904893641113e+19,6.524873811981468e+19,96.13916673703281
2025/12/07/23:20,361988,357247,6.795055550248103e+19,6.533024468588459e+19,96.14379779941494
2025/12/07/23:30,362429,357688,6.803205975971926e+19,6.541174894312282e+19,96.14841763449313
2025/12/07/23:40,362870,358129,6.81135806176952e+19,6.549326980109876e+19,96.15302735103062
2025/12/07/23:50,363312,358571,6.819527373447645e+19,6.557496291788e+19,96.1576357522974
2025/12/08/0:00,363707,358966,6.826829550990488e+19,6.564798469330843e+19,96.16174565803203
2025/12/08/0:10,364148,359407,6.8349780770825e+19,6.572946995422856e+19,96.16632154917617
2025/12/08/0:20,364589,359848,6.843125961428784e+19,6.58109487976914e+19,96.17088618364502
2025/12/08/0:30,365030,360289,6.851271672360447e+19,6.589240590700803e+19,96.17543874786433
2025/12/08/0:40,365471,360730,6.859418374949265e+19,6.597387293289621e+19,96.17998105179608
2025/12/08/0:50,365913,361172,6.867582326229991e+19,6.605551244570346e+19,96.18452216205921
2025/12/08/1:00,366354,361613,6.875727289493479e+19,6.613696207833835e+19,96.18904196418548
2025/12/08/1:10,366795,362054,6.88387362120283e+19,6.621842539543186e+19,96.19355182738147
2025/12/08/1:20,367236,362495,6.892022169466399e+19,6.629991087806755e+19,96.19805225205867
2025/12/08/1:30,367677,362936,6.900168085526206e+19,6.638137003866562e+19,96.20254059884019
2025/12/08/1:40,368118,363377,6.908310882316258e+19,6.646279800656613e+19,96.20701664815947
2025/12/08/1:50,368560,363819,6.916476054915748e+19,6.654444973256104e+19,96.21149441450881
2025/12/08/2:00,369001,364260,6.924622621776706e+19,6.662591540117062e+19,96.21595145364886
2025/12/08/2:10,369442,364701,6.932767768929414e+19,6.670736687269769e+19,96.22039724402728
2025/12/08/2:20,369883,365142,6.940914635925434e+19,6.678883554265789e+19,96.22483353557757
2025/12/08/2:30,370324,365583,6.949061226249164e+19,6.687030144589519e+19,96.22925927505349
2025/12/08/2:40,370766,366025,6.957226803900012e+19,6.695195722240368e+19,96.23368492870237
2025/12/08/2:50,371207,366466,6.965371234348359e+19,6.703340152688715e+19,96.23808878459357
2025/12/08/3:00,371648,366907,6.973518193252875e+19,6.71148711159323e+19,96.24248371628013
2025/12/08/3:10,372089,367348,6.981666621692287e+19,6.719635540032643e+19,96.2468691809846
2025/12/08/3:20,372530,367789,6.989812138808607e+19,6.727781057148962e+19,96.25124285952116
2025/12/08/3:30,372971,368230,6.997962095924244e+19,6.735931014264599e+19,96.25560873197274
2025/12/08/3:40,373413,368672,7.006127877506169e+19,6.744096795846525e+19,96.25997289457248
2025/12/08/3:50,373854,369113,7.01427342891822e+19,6.752242347258576e+19,96.26431612176179
2025/12/08/4:00,374295,369554,7.022417741491515e+19,6.76038665983187e+19,96.26864861497131
2025/12/08/4:10,374736,369995,7.0305664056733e+19,6.768535324013656e+19,96.27297337739105
2025/12/08/4:20,375177,370436,7.038714628917479e+19,6.776683547257835e+19,96.27728789311716
2025/12/08/4:30,375618,370877,7.046859175420775e+19,6.78482809376113e+19,96.28159049107154
2025/12/08/4:40,376060,371319,7.055025463479773e+19,6.792994381820128e+19,96.28589460072052
2025/12/08/4:50,376501,371760,7.063169931484839e+19,6.801138849825195e+19,96.29017729714229
2025/12/08/5:00,376942,372201,7.071314390306798e+19,6.809283308647154e+19,96.29445012346176
2025/12/08/5:10,377383,372642,7.079459983341474e+19,6.817428901681829e+19,96.29871371155112
2025/12/08/5:20,377824,373083,7.087607339666049e+19,6.825576258006404e+19,96.3029684193539
2025/12/08/5:30,377955,373214,7.090027717814881e+19,6.827996636155236e+19,96.30423050390554
2025/12/08/5:40,378396,373655,7.098172510187914e+19,6.83614142852827e+19,96.30847121165969
2025/12/08/5:50,378837,374096,7.106316907095154e+19,6.84428582543551e+19,96.31270199337683
2025/12/08/6:00,379278,374537,7.114461147376126e+19,6.852430065716481e+19,96.31692300749603
2025/12/08/6:10,379719,374978,7.12260630812872e+19,6.860575226469075e+19,96.32113484412862
2025/12/08/6:20,380160,375419,7.13075188024308e+19,6.868720798583436e+19,96.32533727073516
2025/12/08/6:30,380602,375861,7.1389156866928e+19,6.876884605033156e+19,96.3295394824724
2025/12/08/6:40,381043,376302,7.147061163635114e+19,6.88503008197547e+19,96.3337226916025
2025/12/08/6:50,381484,376743,7.155210683414661e+19,6.893179601755016e+19,96.33789844557595
2025/12/08/7:00,381925,377184,7.163358438700786e+19,6.901327357041141e+19,96.34206379728265
2025/12/08/7:10,382366,377625,7.171503701684005e+19,6.909472620024361e+19,96.34621841444334
2025/12/08/7:20,382807,378066,7.179649390150002e+19,6.917618308490358e+19,96.3503638211201
2025/12/08/7:30,383249,378508,7.187815205260152e+19,6.925784123600508e+19,96.3545100398813
2025/12/08/7:40,383690,378949,7.195961587724929e+19,6.933930506065284e+19,96.35863701514717
2025/12/08/7:50,384131,379390,7.204108145832318e+19,6.942077064172673e+19,96.36275474555121
2025/12/08/8:00,384572,379831,7.212255855687921e+19,6.950224774028277e+19,96.36686375382823
2025/12/08/8:10,385013,380272,7.220405384966613e+19,6.958374303306969e+19,96.37096440311771
2025/12/08/8:20,385455,380714,7.228570631714651e+19,6.966539550055006e+19,96.37506368810995
2025/12/08/8:30,385896,381155,7.236717439902149e+19,6.974686358242505e+19,96.37914449699466
2025/12/08/8:40,386337,381596,7.244865243887528e+19,6.982834162227883e+19,96.38321662530964
2025/12/08/8:50,386778,382037,7.253014143142209e+19,6.990983061482565e+19,96.38728015017871
2025/12/08/9:00,387219,382478,7.261163205701196e+19,6.999132124041552e+19,96.39133463555939
2025/12/08/9:10,387660,382919,7.269310725136586e+19,7.007279643476941e+19,96.39537926541556
2025/12/08/9:20,388102,383361,7.277476337944849e+19,7.015445256285204e+19,96.39942379072521
2025/12/08/9:30,388543,383802,7.285624885148086e+19,7.023593803488442e+19,96.40345082555923
2025/12/08/9:40,388984,384243,7.293772854600989e+19,7.031741772941345e+19,96.40746857787938
2025/12/08/9:50,389425,384684,7.301925970031682e+19,7.039894888372038e+19,96.41147989263294
2025/12/08/10:00,389866,385125,7.31007574066917e+19,7.048044659009526e+19,96.41548061941616
2025/12/08/10:10,390105,385364,7.314488513105347e+19,7.052457431445702e+19,96.41764313129805
2025/12/08/10:20,390529,385788,7.322316103614594e+19,7.06028502195495e+19,96.42147268771564
2025/12/08/10:30,390812,386071,7.327535461848888e+19,7.065504380189244e+19,96.42402165060928
2025/12/08/10:40,390812,386071,7.327535461848888e+19,7.065504380189244e+19,96.42402165060928
2025/12/08/10:50,390812,386071,7.327535461848888e+19,7.065504380189244e+19,96.42402165060928
2025/12/08/11:00,390812,386071,7.327535461848888e+19,7.065504380189244e+19,96.42402165060928
2025/12/08/11:10,390812,386071,7.327535461848888e+19,7.065504380189244e+19,96.42402165060928
2025/12/08/11:20,390812,386071,7.327535461848888e+19,7.065504380189244e+19,96.42402165060928
2025/12/08/11:30,390815,386074,7.327597197582485e+19,7.065566115922841e+19,96.42405177858176
2025/12/08/11:40,390838,386097,7.328076230689133e+19,7.066045149029488e+19,96.42428553673761
2025/12/08/11:50,390999,386258,7.33142518731224e+19,7.069394105652596e+19,96.42591890437461
2025/12/08/12:00,391440,386699,7.340589555512893e+19,7.078558473853248e+19,96.4303809703833
2025/12/08/12:10,391882,387141,7.349764438168936e+19,7.087733356509291e+19,96.43483700921271
2025/12/08/12:20,392323,387582,7.358920147903331e+19,7.096889066243686e+19,96.43927265966732
2025/12/08/12:30,392764,388023,7.368097257349283e+19,7.106066175689639e+19,96.44370761531029
2025/12/08/12:40,393205,388464,7.377264641302988e+19,7.115233559643343e+19,96.44812685459846
2025/12/08/12:50,393646,388905,7.38642389488824e+19,7.124392813228609e+19,96.45253121959371
2025/12/08/13:00,394087,389346,7.395584178172397e+19,7.133553096512771e+19,96.45692516849454
2025/12/08/13:10,394529,389788,7.404758096381339e+19,7.142727014721721e+19,96.46131476208964
2025/12/08/13:20,394970,390229,7.413919025389412e+19,7.151887943729784e+19,96.46568730030248
2025/12/08/13:30,395411,390670,7.423094404153952e+19,7.161063322494318e+19,96.47005591747558
2025/12/08/13:40,395852,391111,7.432254991115372e+19,7.170223909455743e+19,96.47440673156579
2025/12/08/13:50,396293,391552,7.44141530706348e+19,7.179384225403853e+19,96.47874670547009
2025/12/08/14:00,396646,391905,7.448744446996518e+19,7.1867133653369e+19,96.48221141798905
2025/12/08/14:10,397087,392346,7.457902173560547e+19,7.195871091900931e+19,96.48653099006101
2025/12/08/14:20,397528,392787,7.467058471278394e+19,7.20502738961878e+19,96.49083929545347
2025/12/08/14:30,397969,393228,7.47623186394362e+19,7.214200782284009e+19,96.49514506200195
2025/12/08/14:40,398410,393669,7.48540155515394e+19,7.223370473494322e+19,96.49943854409251
2025/12/08/14:50,398851,394110,7.494569666557234e+19,7.232538584897618e+19,96.5037207829441
2025/12/08/15:00,399293,394552,7.503748890290664e+19,7.241717808631056e+19,96.50799772899306
2025/12/08/15:10,399734,394993,7.51290997499882e+19,7.250878893339205e+19,96.51225580325608
2025/12/08/15:20,400175,395434,7.522089144429475e+19,7.260058062769879e+19,96.51651188082975
2025/12/08/15:30,400616,395875,7.53124930541278e+19,7.269218223753174e+19,96.52074880230984
2025/12/08/15:40,401057,396316,7.54040914493951e+19,7.278378063279907e+19,96.52497528154083
2025/12/08/15:50,401134,396393,7.542008867009413e+19,7.279977785349806e+19,96.52571236284547
2025/12/08/16:00,401576,396835,7.551186054553726e+19,7.289154972894119e+19,96.52993477095441
2025/12/08/16:10,402017,397276,7.5603666513007e+19,7.298335569641103e+19,96.53414849113811
2025/12/08/16:20,402458,397717,7.569552533859254e+19,7.307521452199653e+19,96.53835440750937
2025/12/08/16:30,402899,398158,7.578743962462613e+19,7.316712880803012e+19,96.54255265836349
2025/12/08/16:40,403298,398557,7.587057150620708e+19,7.325026068961115e+19,96.5463410060361
2025/12/08/16:50,403740,398999,7.596269980678347e+19,7.334238899018757e+19,96.55052963722873
2025/12/08/17:00,404181,399440,7.605460759220992e+19,7.343429677561401e+19,96.5546981313144
2025/12/08/17:10,404622,399881,7.614652360458805e+19,7.352621278799227e+19,96.55885693455623
2025/12/08/17:20,405063,400322,7.623843289697845e+19,7.361812208038257e+19,96.56300540681795
2025/12/08/17:30,405504,400763,7.633036412510752e+19,7.371005330851169e+19,96.56714487526737
2025/12/08/17:40,405805,401064,7.639311955992986e+19,7.377280874333417e+19,96.56996489776796
2025/12/08/17:50,405806,401065,7.639332047160671e+19,7.377300965501102e+19,96.56997391863653
2025/12/08/18:00,405860,401119,7.640416232620017e+19,7.378385150960443e+19,96.57046064400447
2025/12/08/18:10,406289,401548,7.649021470225963e+19,7.386990388566394e+19,96.57431891543862
2025/12/08/18:20,406730,401989,7.657869132062484e+19,7.395838050402915e+19,96.57827683993084
2025/12/08/18:30,407171,402430,7.666716977785632e+19,7.404685896126063e+19,96.58222571122938
2025/12/08/18:40,407612,402871,7.675562104160297e+19,7.413531022500728e+19,96.58616426909576
2025/12/08/18:50,408054,403313,7.684430266101593e+19,7.422399184442024e+19,96.59010398187267
2025/12/08/19:00,408495,403754,7.693277617506678e+19,7.431246535847109e+19,96.59402539870268
2025/12/08/19:10,408936,404195,7.702125902645291e+19,7.440094820985722e+19,96.59793821898478
2025/12/08/19:20,409264,404523,7.708706915493657e+19,7.446675833834088e+19,96.60084259873838
2025/12/08/19:30,409705,404964,7.717556094852247e+19,7.455525013192678e+19,96.60474017371446
2025/12/08/19:40,410147,405406,7.726422636419116e+19,7.464391554759547e+19,96.60863644159893
2025/12/08/19:50,410588,405847,7.735272886118854e+19,7.473241804459285e+19,96.61251664269285
2025/12/08/20:00,411029,406288,7.744128391361633e+19,7.482097309702064e+19,96.61639027121687
2025/12/08/20:10,411470,406729,7.752980790559157e+19,7.490949708899589e+19,96.62025369676337
2025/12/08/20:20,411911,407170,7.761828705539396e+19,7.499797623879827e+19,96.62410635946442
2025/12/08/20:30,412094,407353,7.765500661106632e+19,7.503469579447063e+19,96.62570266754406
2025/12/08/20:40,412170,407429,7.767025311496765e+19,7.504994229837196e+19,96.62636503486463
2025/12/08/20:50,412568,407827,7.775009446547613e+19,7.512978364888044e+19,96.62982941099936
2025/12/08/21:00,413009,408268,7.783868508393646e+19,7.521837426734077e+19,96.63366510653397
2025/12/08/21:10,413450,408709,7.792727696465838e+19,7.530696614806269e+19,96.63749213541229
2025/12/08/21:20,413891,409150,7.801584515374427e+19,7.539553433714858e+19,96.6413094526735
2025/12/08/21:30,414332,409591,7.81042394792573e+19,7.548392866266161e+19,96.64511064435678
2025/12/08/21:40,414774,410033,7.819279349201596e+19,7.557248267542027e+19,96.64891008547579
2025/12/08/21:50,415047,410306,7.824743785448378e+19,7.562712703788809e+19,96.65125033043425
2025/12/08/22:00,415262,410521,7.829055081520467e+19,7.567023999860898e+19,96.65309441648888
2025/12/08/22:10,415703,410962,7.837901444777032e+19,7.575870363117463e+19,96.65687195092025
2025/12/08/22:20,416144,411403,7.846749440367141e+19,7.584718358707572e+19,96.66064166250084
2025/12/08/22:30,416586,411845,7.855621076808054e+19,7.593589995148485e+19,96.66441292040986
2025/12/08/22:40,417027,412286,7.864469591239318e+19,7.602438509579749e+19,96.66816587413015
2025/12/08/22:50,417468,412727,7.873320106453346e+19,7.611289024793777e+19,96.67191123799481
2025/12/08/23:00,417909,413168,7.882174052014793e+19,7.620142970355224e+19,96.67564963764546
2025/12/08/23:10,418350,413609,7.891025427345241e+19,7.628994345685672e+19,96.67937856654805
2025/12/08/23:20,418698,413957,7.898010434765942e+19,7.635979353106373e+19,96.68231532708359
2025/12/08/23:30,418698,413957,7.898010434765942e+19,7.635979353106373e+19,96.68231532708359
2025/12/08/23:40,419018,414277,7.904432000459316e+19,7.642400918799747e+19,96.68501061626765
2025/12/08/23:50,419459,414718,7.913280623101403e+19,7.651249541441834e+19,96.68871743414968
2025/12/09/0:00,419900,415159,7.922134277594789e+19,7.66010319593522e+19,96.69241807222784
2025/12/09/0:10,420341,415600,7.930983006520494e+19,7.668951924860925e+19,96.69610839609493
2025/12/09/0:20,420782,416041,7.939835490560193e+19,7.677804408900624e+19,96.69979205524973
2025/12/09/0:30,421224,416483,7.948709272889623e+19,7.686678191230054e+19,96.70347634233813
2025/12/09/0:40,421665,416924,7.957560148579723e+19,7.695529066920154e+19,96.707142933675
2025/12/09/0:50,422106,417365,7.966413266563568e+19,7.704382184903999e+19,96.71080230347377
2025/12/09/1:00,422547,417806,7.975266365967068e+19,7.713235284307499e+19,96.7144535412919
2025/12/09/1:10,422988,418247,7.984121310668661e+19,7.722090229009092e+19,96.71809744036037
2025/12/09/1:20,423430,418689,7.99299297160692e+19,7.730961889947351e+19,96.72174012174955
2025/12/09/1:30,423871,419130,8.001845055596352e+19,7.739813973936783e+19,96.72536671431411
2025/12/09/1:40,424312,419571,8.010695670196694e+19,7.748664588537125e+19,96.72898469187339
2025/12/09/1:50,424753,420012,8.019548149494564e+19,7.757517067834996e+19,96.73259544334697
2025/12/09/2:00,425194,420453,8.028401387133603e+19,7.766370305474034e+19,96.73619854035323
2025/12/09/2:10,425635,420894,8.037253538051767e+19,7.775222456392198e+19,96.7397932587419
2025/12/09/2:20,426077,421336,8.046124341969468e+19,7.784093260309899e+19,96.74338761715642
2025/12/09/2:30,426518,421777,8.054972651731827e+19,7.792941570072258e+19,96.74696497444678
2025/12/09/2:40,426959,422218,8.06382568129518e+19,7.801794599635611e+19,96.75053638290601
2025/12/09/2:50,427400,422659,8.072676170091166e+19,7.810645088431597e+19,96.75409893647932
2025/12/09/3:00,427841,423100,8.081530009212905e+19,7.819498927553336e+19,96.75765503115308
2025/12/09/3:10,428189,423448,8.088516286805112e+19,7.826485205145543e+19,96.76045553512672
2025/12/09/3:20,428631,423890,8.097378924661608e+19,7.835347843002039e+19,96.76400123919706
2025/12/09/3:30,429072,424331,8.106225712063303e+19,7.844194630403734e+19,96.76753286958656
2025/12/09/3:40,429513,424772,8.115069386336651e+19,7.853038304677082e+19,96.77105556114221
2025/12/09/3:50,429912,425171,8.123070969380884e+19,7.861039887721315e+19,96.77423621377594
2025/12/09/4:00,430076,425335,8.126359215778447e+19,7.864328134118878e+19,96.77554148540715
2025/12/09/4:10,430518,425777,8.135224896622567e+19,7.873193814962998e+19,96.77905546571486
2025/12/09/4:20,430959,426218,8.144073531467512e+19,7.882042449807943e+19,96.78255506108682
2025/12/09/4:30,431400,426659,8.152925329227445e+19,7.890894247567876e+19,96.78604830685479
2025/12/09/4:40,431841,427100,8.161779808387044e+19,7.899748726727475e+19,96.7895350302111
2025/12/09/4:50,432282,427541,8.170631528092502e+19,7.908600446432933e+19,96.79301311338486
2025/12/09/5:00,432503,427762,8.175065401957527e+19,7.913034320297958e+19,96.79475247260008
2025/12/09/5:10,432914,428173,8.183310506286935e+19,7.921279424627366e+19,96.79798192359608
2025/12/09/5:20,433355,428614,8.1921650887994e+19,7.930134007139831e+19,96.80144285644553
2025/12/09/5:30,433796,429055,8.201015071236981e+19,7.938983989577412e+19,96.80489452362333
2025/12/09/5:40,434237,429496,8.209867563822563e+19,7.947836482162994e+19,96.80833972506171
2025/12/09/5:50,434678,429937,8.218720538901288e+19,7.956689457241719e+19,96.8117776919253
2025/12/09/6:00,435119,430378,8.227575958542115e+19,7.965544876882546e+19,96.81520920645502
2025/12/09/6:10,435561,430820,8.23644918742507e+19,7.974418105765501e+19,96.81864022108432
2025/12/09/6:20,436002,431261,8.245302713896703e+19,7.983271632237134e+19,96.82205625734105
2025/12/09/6:30,436443,431702,8.254154995893807e+19,7.992123914234238e+19,96.82546448679578
2025/12/09/6:40,436884,432143,8.263005913674775e+19,8.000974832015206e+19,96.82886489012523
2025/12/09/6:50,437325,432584,8.271858513112831e+19,8.009827431453262e+19,96.83225866056354
2025/12/09/7:00,437767,433026,8.280732852467078e+19,8.018701770807509e+19,96.83565348226996
2025/12/09/7:10,438208,433467,8.289586978967663e+19,8.027555897308094e+19,96.8390333279041
2025/12/09/7:20,438649,433908,8.298444811030323e+19,8.036413729370754e+19,96.84240737118266
2025/12/09/7:30,439090,434349,8.307299413960013e+19,8.045268332300444e+19,96.84577299309522
2025/12/09/7:40,439531,434790,8.316155632987991e+19,8.054124551328422e+19,96.84913206024956
2025/12/09/7:50,439972,435231,8.325009201487274e+19,8.062978119827705e+19,96.8524829784842
2025/12/09/8:00,440414,435673,8.33388554095994e+19,8.071854459300371e+19,96.85583536788788
2025/12/09/8:10,440855,436114,8.342741679823059e+19,8.08071059816349e+19,96.85917301870569
2025/12/09/8:20,441296,436555,8.351592677322534e+19,8.089561595662965e+19,96.86250165946103
2025/12/09/8:30,441737,436996,8.360445777728319e+19,8.09841469606875e+19,96.8658240406558
2025/12/09/8:40,442178,437437,8.369298099548556e+19,8.107267017888988e+19,96.86913910171627
2025/12/09/8:50,442619,437878,8.378152991181847e+19,8.116121909522278e+19,96.87244811672261
2025/12/09/9:00,443061,438320,8.387026822877426e+19,8.124995741217858e+19,96.87575719985988
2025/12/09/9:10,443502,438761,8.395880119423042e+19,8.133849037763473e+19,96.87905165471115
2025/12/09/9:20,443943,439202,8.404734405836662e+19,8.142703324177093e+19,96.88233953618331
2025/12/09/9:30,444384,439643,8.413585510094483e+19,8.151554428434914e+19,96.88561931954945
2025/12/09/9:40,444825,440084,8.422438522843411e+19,8.160407441183842e+19,96.88889291445837
2025/12/09/9:50,445267,440526,8.431312321404214e+19,8.169281239744645e+19,96.89216729649118
2025/12/09/10:00,445708,440967,8.440165853757986e+19,8.178134772098417e+19,96.89542733875426
2025/12/09/10:10,445878,441137,8.443579525913384e+19,8.181548444253815e+19,96.89668249282909
2025/12/09/10:20,446039,441298,8.446809871574295e+19,8.184778789914726e+19,96.89786930635942
2025/12/09/10:30,446480,441739,8.455660766857355e+19,8.193629685197786e+19,96.90111643685351
2025/12/09/10:40,446921,442180,8.464513576814236e+19,8.202482495154668e+19,96.90435747687478
2025/12/09/10:50,447363,442622,8.473382838515145e+19,8.211351756855576e+19,96.9075977486993
2025/12/09/11:00,447804,443063,8.482236083757112e+19,8.220205002097543e+19,96.91082541122216
2025/12/09/11:10,448245,443504,8.49108726998308e+19,8.229056188323511e+19,96.91404559477468
2025/12/09/11:20,448686,443945,8.499937915974199e+19,8.23790683431463e+19,96.91725887588983
2025/12/09/11:30,449127,444386,8.508791219902145e+19,8.246760138242576e+19,96.92046643421365
2025/12/09/11:40,449568,444827,8.517646781231666e+19,8.255615699572097e+19,96.92366813992633
2025/12/09/11:50,450010,445269,8.526518128534277e+19,8.264487046874708e+19,96.92686888470132
2025/12/09/12:00,450451,445710,8.535371301887682e+19,8.273340220228113e+19,96.93005643935352
2025/12/09/12:10,450559,445818,8.537539406250782e+19,8.275508324591213e+19,96.93083605016544
2025/12/09/12:20,450902,446161,8.544413889634139e+19,8.28238280797457e+19,96.93330537302906
2025/12/09/12:30,451229,446488,8.550962492889409e+19,8.28893141122984e+19,96.93565394682221
2025/12/09/12:40,451412,446671,8.554618394439693e+19,8.292587312780124e+19,96.93696352569177
2025/12/09/12:50,451853,447112,8.563450860215027e+19,8.301419778555458e+19,96.94012278534883
2025/12/09/13:00,452294,447553,8.572291570303413e+19,8.310260488643845e+19,96.94327847448271
2025/12/09/13:10,452735,447994,8.58113845257658e+19,8.319107370917011e+19,96.94642985767359
2025/12/09/13:20,453176,448435,8.589987827290708e+19,8.327956745631139e+19,96.94957563470479
2025/12/09/13:30,453617,448876,8.598840334429423e+19,8.336809252769854e+19,96.95271604694872
2025/12/09/13:40,454059,449318,8.607710575593664e+19,8.345679493934095e+19,96.95585627143956
2025/12/09/13:50,454500,449759,8.616562038386172e+19,8.354530956726603e+19,96.95898340321534
2025/12/09/14:00,454941,450200,8.625412248247307e+19,8.363381166587739e+19,96.96210367553373
2025/12/09/14:10,455382,450641,8.634263524360454e+19,8.372232442700885e+19,96.96521792599586
2025/12/09/14:20,455595,450854,8.638536293748166e+19,8.376505212088597e+19,96.96671898167281
2025/12/09/14:30,456036,451295,8.647373550908665e+19,8.385342469249096e+19,96.96981886908269
2025/12/09/14:40,456478,451737,8.656231589913146e+19,8.394200508253577e+19,96.97291969446721
2025/12/09/14:50,456919,452178,8.665064779248896e+19,8.403033697589327e+19,96.97600550792093
2025/12/09/15:00,457360,452619,8.673899062508551e+19,8.411867980848982e+19,96.97908541739719
2025/12/09/15:10,457801,453060,8.682739752062316e+19,8.420708670402747e+19,96.98216128616166
2025/12/09/15:20,458242,453501,8.691582967885778e+19,8.429551886226209e+19,96.98523177391577
2025/12/09/15:30,458684,453943,8.700442010475523e+19,8.438410928815954e+19,96.98830149842873
2025/12/09/15:40,459125,454384,8.709281172819729e+19,8.44725009116016e+19,96.99135811027291
2025/12/09/15:50,459566,454825,8.718119872930644e+19,8.456088791271075e+19,96.99440836466171
2025/12/09/16:00,460007,455266,8.726961655600814e+19,8.464930573941246e+19,96.99745350099708
2025/12/09/16:10,460448,455707,8.73579604044095e+19,8.473764958781381e+19,97.0004899330692
2025/12/09/16:20,460889,456148,8.744630011091778e+19,8.482598929432209e+19,97.00352008801738
2025/12/09/16:30,461331,456590,8.753483794854291e+19,8.491452713194722e+19,97.00655090246923
2025/12/09/16:40,461772,457031,8.762325053108136e+19,8.500293971448567e+19,97.00957131729983
2025/12/09/16:50,462213,457472,8.771168573887216e+19,8.509137492227647e+19,97.01258641363175
2025/12/09/17:00,462654,457913,8.780007106467984e+19,8.517976024808415e+19,97.01559374061853
2025/12/09/17:10,463095,458354,8.78884566328939e+19,8.526814581629821e+19,97.01859502717107
2025/12/09/17:20,463536,458795,8.797683162626497e+19,8.535652080966928e+19,97.02158992525777
2025/12/09/17:30,463978,459237,8.806541124194368e+19,8.544510042534799e+19,97.02458572594766
2025/12/09/17:40,464419,459678,8.815378507719044e+19,8.553347426059475e+19,97.02756856747415
2025/12/09/17:50,464860,460119,8.824214264129294e+19,8.562183182469725e+19,97.03054488687187
2025/12/09/18:00,465301,460560,8.833049384922338e+19,8.571018303262769e+19,97.03351503834173
2025/12/09/18:10,465742,461001,8.84188600796712e+19,8.579854926307551e+19,97.03647975756007
2025/12/09/18:20,466184,461443,8.850742226559101e+19,8.588711144899532e+19,97.03944511147017
2025/12/09/18:30,466625,461884,8.859577711354928e+19,8.597546629695359e+19,97.04239761536563
2025/12/09/18:40,467066,462325,8.868415060269141e+19,8.606383978609572e+19,97.04534485723973
2025/12/09/18:50,467507,462766,8.877254084557142e+19,8.615223002897573e+19,97.04828678819278
2025/12/09/19:00,467948,463207,8.886093729584141e+19,8.624062647924572e+19,97.05122307243734
2025/12/09/19:10,468389,463648,8.894932036139673e+19,8.632900954480104e+19,97.05415307733719
2025/12/09/19:20,468831,464090,8.903790983535442e+19,8.641759901875873e+19,97.05708408761944
2025/12/09/19:30,469272,464531,8.912634236180344e+19,8.650603154520775e+19,97.06000409400995
2025/12/09/19:40,469713,464972,8.921478441180425e+19,8.659447359520856e+19,97.06291862512309
2025/12/09/19:50,470154,465413,8.930316341275977e+19,8.668285259616408e+19,97.06582531182619
2025/12/09/20:00,470595,465854,8.939153440191355e+19,8.677122358531786e+19,97.06872598828598
2025/12/09/20:10,471036,466295,8.947994522931587e+19,8.685963441272018e+19,97.071622239061
2025/12/09/20:20,471478,466737,8.956854214426242e+19,8.694823132766673e+19,97.07451885018368
2025/12/09/20:30,471919,467178,8.965693644595028e+19,8.703662562935459e+19,97.07740313190899
2025/12/09/20:40,472360,467619,8.974533727757854e+19,8.712502646098285e+19,97.08028194435197
2025/12/09/20:50,472801,468060,8.98337498717395e+19,8.721343905514381e+19,97.08315547292989
2025/12/09/21:00,473242,468501,8.992218329076559e+19,8.73018724741699e+19,97.08602402577031
2025/12/09/21:10,473684,468943,9.001079435506644e+19,8.739048353847075e+19,97.08889268740444
2025/12/09/21:20,474125,469384,9.009920858121259e+19,8.74788977646169e+19,97.09174935289934
2025/12/09/21:30,474566,469825,9.018762865219723e+19,8.756731783560154e+19,97.09460060569864
2025/12/09/21:40,475007,470266,9.027592894600892e+19,8.765561812941323e+19,97.0974424221513
2025/12/09/21:50,475448,470707,9.03642699286198e+19,8.774395911202411e+19,97.10027999045916
2025/12/09/22:00,475889,471148,9.045266299570224e+19,8.783235217910655e+19,97.10311368420386
2025/12/09/22:10,476331,471590,9.054130702200049e+19,8.79209962054048e+19,97.10594986666253
2025/12/09/22:20,476772,472031,9.062971505735826e+19,8.800940424076257e+19,97.10877297259808
2025/12/09/22:30,477213,472472,9.071813620333011e+19,8.809782538673442e+19,97.11159099353333
2025/12/09/22:40,477654,472913,9.080658709027135e+19,8.818627627367567e+19,97.11440447157118
2025/12/09/22:50,478095,473354,9.089503827574412e+19,8.827472745914843e+19,97.11721248342889
2025/12/09/23:00,478536,473795,9.098348285222866e+19,8.836317203563297e+19,97.12001482637076
2025/12/09/23:10,478978,474237,9.107208195475207e+19,8.845177113815638e+19,97.12281660817027
2025/12/09/23:20,479419,474678,9.116048122179463e+19,8.854017040519894e+19,97.12560664283853
2025/12/09/23:30,479860,475119,9.124887673286915e+19,8.862856591627346e+19,97.12839115349699
2025/12/09/23:40,480301,475560,9.133728019897518e+19,8.871696938237949e+19,97.13117052436044
2025/12/09/23:50,480742,476001,9.142571350633054e+19,8.880540268973485e+19,97.13394545571225
2025/12/10/0:00,481184,476443,9.151435158206695e+19,8.889404076547126e+19,97.1367214307956
2025/12/10/0:10,481625,476884,9.160277099296139e+19,8.89824601763657e+19,97.13948520531433
2025/12/10/0:20,482066,477325,9.169118923917881e+19,8.907087842258312e+19,97.14224361322161
2025/12/10/0:30,482507,477766,9.177960988595539e+19,8.91592990693597e+19,97.14499678103702
2025/12/10/0:40,482948,478207,9.186802055158597e+19,8.924770973499028e+19,97.14774433925642
2025/12/10/0:50,483389,478648,9.195643856609049e+19,8.93361277494948e+19,97.1504868419709
2025/12/10/1:00,483831,479090,9.204504384094326e+19,8.942473302434757e+19,97.15322986740745
2025/12/10/1:10,484272,479531,9.213344379694481e+19,8.951313298034912e+19,97.15596127897849
2025/12/10/1:20,484713,479972,9.222187059394118e+19,8.960155977734549e+19,97.15868828107696
2025/12/10/1:30,485154,480413,9.23102967245141e+19,8.968998590791841e+19,97.16141003812868
2025/12/10/1:40,485476,480735,9.237486164578071e+19,8.975455082918502e+19,97.16339405557814
2025/12/10/1:50,485917,481176,9.2463296331041e+19,8.984298551444531e+19,97.16610707105407
2025/12/10/2:00,486359,481618,9.255196040190434e+19,8.993164958530865e+19,97.16882191882586
2025/12/10/2:10,486713,481972,9.26229454283138e+19,9.000263461171811e+19,97.17099169705881
2025/12/10/2:20,487154,482413,9.271139294700539e+19,9.00910821304097e+19,97.17369059691134
2025/12/10/2:30,487595,482854,9.279985077348275e+19,9.017953995688706e+19,97.1763846657559
2025/12/10/2:40,488036,483295,9.288828411597632e+19,9.026797329938063e+19,97.17907285990547
2025/12/10/2:50,488478,483737,9.297695563169848e+19,9.035664481510279e+19,97.18176315970669
2025/12/10/3:00,488919,484178,9.306537864340645e+19,9.044506782681077e+19,97.18444081484287
2025/12/10/3:10,489360,484619,9.315384206985208e+19,9.053353125325639e+19,97.18711460700588
2025/12/10/3:20,489801,485060,9.324227970752297e+19,9.062196889092728e+19,97.18978254841588
2025/12/10/3:30,490242,485501,9.33307368282594e+19,9.071042601166371e+19,97.19244601977438
2025/12/10/3:40,490683,485942,9.341915232146566e+19,9.079884150486997e+19,97.19510319727704
2025/12/10/3:50,491125,486384,9.350776058073242e+19,9.088744976413673e+19,97.19776112664641
2025/12/10/4:00,491566,486825,9.359620273177448e+19,9.097589191517879e+19,97.20040905494328
2025/12/10/4:10,491956,487215,9.367438051088402e+19,9.105406969428833e+19,97.20274550810481
2025/12/10/4:20,492022,487281,9.368759287828944e+19,9.106728206169375e+19,97.20313999314747
2025/12/10/4:30,492463,487722,9.377582552410954e+19,9.115551470751385e+19,97.20577152805548
2025/12/10/4:40,492652,487911,9.381360611789754e+19,9.119329530130185e+19,97.20689681910032
2025/12/10/4:50,493094,488353,9.39019950858097e+19,9.128168426921401e+19,97.20952593797267
2025/12/10/5:00,493535,488794,9.39903358222605e+19,9.137002500566481e+19,97.21214868138061
2025/12/10/5:10,493976,489235,9.407872328983914e+19,9.145841247324345e+19,97.21476788271988
2025/12/10/5:20,494417,489676,9.416710919063937e+19,9.154679837404368e+19,97.21738212087308
2025/12/10/5:30,494817,490076,9.424728928544801e+19,9.162697846885232e+19,97.21974940981112
2025/12/10/5:40,494818,490077,9.424749064012161e+19,9.162717982352592e+19,97.21975534966634
2025/12/10/5:50,494818,490077,9.424749064012161e+19,9.162717982352592e+19,97.21975534966634
2025/12/10/6:00,494818,490077,9.424749064012161e+19,9.162717982352592e+19,97.21975534966634
2025/12/10/6:10,494818,490077,9.424749064012161e+19,9.162717982352592e+19,97.21975534966634
2025/12/10/6:20,494818,490077,9.424749064012161e+19,9.162717982352592e+19,97.21975534966634
2025/12/10/6:30,494818,490077,9.424749064012161e+19,9.162717982352592e+19,97.21975534966634
2025/12/10/6:40,494818,490077,9.424749064012161e+19,9.162717982352592e+19,97.21975534966634
2025/12/10/6:50,494818,490077,9.424749064012161e+19,9.162717982352592e+19,97.21975534966634
2025/12/10/7:00,494818,490077,9.424749064012161e+19,9.162717982352592e+19,97.21975534966634
2025/12/10/7:10,494818,490077,9.424749064012161e+19,9.162717982352592e+19,97.21975534966634
2025/12/10/7:20,494818,490077,9.424749064012161e+19,9.162717982352592e+19,97.21975534966634
2025/12/10/7:30,494818,490077,9.424749064012161e+19,9.162717982352592e+19,97.21975534966634
2025/12/10/7:40,494818,490077,9.424749064012161e+19,9.162717982352592e+19,97.21975534966634
2025/12/10/7:50,494818,490077,9.424749064012161e+19,9.162717982352592e+19,97.21975534966634
2025/12/10/8:00,494818,490077,9.424749064012161e+19,9.162717982352592e+19,97.21975534966634
2025/12/10/8:10,494818,490077,9.424749064012161e+19,9.162717982352592e+19,97.21975534966634
2025/12/10/8:20,494818,490077,9.424749064012161e+19,9.162717982352592e+19,97.21975534966634
2025/12/10/8:30,494818,490077,9.424749064012161e+19,9.162717982352592e+19,97.21975534966634
2025/12/10/8:40,494818,490077,9.424749064012161e+19,9.162717982352592e+19,97.21975534966634
2025/12/10/8:50,494818,490077,9.424749064012161e+19,9.162717982352592e+19,97.21975534966634
2025/12/10/9:00,494818,490077,9.424749064012161e+19,9.162717982352592e+19,97.21975534966634
2025/12/10/9:10,494818,490077,9.424749064012161e+19,9.162717982352592e+19,97.21975534966634
2025/12/10/9:20,494818,490077,9.424749064012161e+19,9.162717982352592e+19,97.21975534966634
2025/12/10/9:30,494818,490077,9.424749064012161e+19,9.162717982352592e+19,97.21975534966634
2025/12/10/9:40,494818,490077,9.424749064012161e+19,9.162717982352592e+19,97.21975534966634
2025/12/10/9:50,494818,490077,9.424749064012161e+19,9.162717982352592e+19,97.21975534966634
2025/12/10/10:00,494818,490077,9.424749064012161e+19,9.162717982352592e+19,97.21975534966634
2025/12/10/10:10,494818,490077,9.424749064012161e+19,9.162717982352592e+19,97.21975534966634
2025/12/10/10:20,494818,490077,9.424749064012161e+19,9.162717982352592e+19,97.21975534966634
2025/12/10/10:30,494818,490077,9.424749064012161e+19,9.162717982352592e+19,97.21975534966634
2025/12/10/10:40,494818,490077,9.424749064012161e+19,9.162717982352592e+19,97.21975534966634
2025/12/10/10:50,494818,490077,9.424749064012161e+19,9.162717982352592e+19,97.21975534966634
2025/12/10/11:00,494818,490077,9.424749064012161e+19,9.162717982352592e+19,97.21975534966634
2025/12/10/11:10,494818,490077,9.424749064012161e+19,9.162717982352592e+19,97.21975534966634
2025/12/10/11:20,494818,490077,9.424749064012161e+19,9.162717982352592e+19,97.21975534966634
2025/12/10/11:30,494818,490077,9.424749064012161e+19,9.162717982352592e+19,97.21975534966634
2025/12/10/11:40,494818,490077,9.424749064012161e+19,9.162717982352592e+19,97.21975534966634
2025/12/10/11:50,494818,490077,9.424749064012161e+19,9.162717982352592e+19,97.21975534966634
2025/12/10/12:00,494818,490077,9.424749064012161e+19,9.162717982352592e+19,97.21975534966634
2025/12/10/12:10,494818,490077,9.424749064012161e+19,9.162717982352592e+19,97.21975534966634
2025/12/10/12:20,494818,490077,9.424749064012161e+19,9.162717982352592e+19,97.21975534966634
2025/12/10/12:30,494818,490077,9.424749064012161e+19,9.162717982352592e+19,97.21975534966634
2025/12/10/12:40,494818,490077,9.424749064012161e+19,9.162717982352592e+19,97.21975534966634
2025/12/10/12:50,494818,490077,9.424749064012161e+19,9.162717982352592e+19,97.21975534966634
2025/12/10/13:00,494818,490077,9.424749064012161e+19,9.162717982352592e+19,97.21975534966634
2025/12/10/13:10,494818,490077,9.424749064012161e+19,9.162717982352592e+19,97.21975534966634
2025/12/10/13:20,494818,490077,9.424749064012161e+19,9.162717982352592e+19,97.21975534966634
2025/12/10/13:30,494818,490077,9.424749064012161e+19,9.162717982352592e+19,97.21975534966634
2025/12/10/13:40,494818,490077,9.424749064012161e+19,9.162717982352592e+19,97.21975534966634
2025/12/10/13:50,494818,490077,9.424749064012161e+19,9.162717982352592e+19,97.21975534966634
2025/12/10/14:00,494818,490077,9.424749064012161e+19,9.162717982352592e+19,97.21975534966634
2025/12/10/14:10,494818,490077,9.424749064012161e+19,9.162717982352592e+19,97.21975534966634
2025/12/10/14:20,494818,490077,9.424749064012161e+19,9.162717982352592e+19,97.21975534966634
2025/12/10/14:30,494818,490077,9.424749064012161e+19,9.162717982352592e+19,97.21975534966634
2025/12/10/14:40,494818,490077,9.424749064012161e+19,9.162717982352592e+19,97.21975534966634
2025/12/10/14:50,494818,490077,9.424749064012161e+19,9.162717982352592e+19,97.21975534966634
2025/12/10/15:00,494818,490077,9.424749064012161e+19,9.162717982352592e+19,97.21975534966634
2025/12/10/15:10,494818,490077,9.424749064012161e+19,9.162717982352592e+19,97.21975534966634
2025/12/10/15:20,494818,490077,9.424749064012161e+19,9.162717982352592e+19,97.21975534966634
2025/12/10/15:30,494818,490077,9.424749064012161e+19,9.162717982352592e+19,97.21975534966634
2025/12/10/15:40,494818,490077,9.424749064012161e+19,9.162717982352592e+19,97.21975534966634
2025/12/10/15:50,494818,490077,9.424749064012161e+19,9.162717982352592e+19,97.21975534966634
2025/12/10/16:00,494818,490077,9.424749064012161e+19,9.162717982352592e+19,97.21975534966634
2025/12/10/16:10,494818,490077,9.424749064012161e+19,9.162717982352592e+19,97.21975534966634
2025/12/10/16:20,494818,490077,9.424749064012161e+19,9.162717982352592e+19,97.21975534966634
2025/12/10/16:30,494818,490077,9.424749064012161e+19,9.162717982352592e+19,97.21975534966634
2025/12/10/16:40,494818,490077,9.424749064012161e+19,9.162717982352592e+19,97.21975534966634
2025/12/10/16:50,494818,490077,9.424749064012161e+19,9.162717982352592e+19,97.21975534966634
2025/12/10/17:00,494818,490077,9.424749064012161e+19,9.162717982352592e+19,97.21975534966634
2025/12/10/17:10,494818,490077,9.424749064012161e+19,9.162717982352592e+19,97.21975534966634
2025/12/10/17:20,494818,490077,9.424749064012161e+19,9.162717982352592e+19,97.21975534966634
2025/12/10/17:30,494818,490077,9.424749064012161e+19,9.162717982352592e+19,97.21975534966634
2025/12/10/17:40,494818,490077,9.424749064012161e+19,9.162717982352592e+19,97.21975534966634
2025/12/10/17:50,494818,490077,9.424749064012161e+19,9.162717982352592e+19,97.21975534966634
2025/12/10/18:00,494818,490077,9.424749064012161e+19,9.162717982352592e+19,97.21975534966634
2025/12/10/18:10,494818,490077,9.424749064012161e+19,9.162717982352592e+19,97.21975534966634
2025/12/10/18:20,494818,490077,9.424749064012161e+19,9.162717982352592e+19,97.21975534966634
2025/12/10/18:30,494818,490077,9.424749064012161e+19,9.162717982352592e+19,97.21975534966634
2025/12/10/18:40,494818,490077,9.424749064012161e+19,9.162717982352592e+19,97.21975534966634
2025/12/10/18:50,494818,490077,9.424749064012161e+19,9.162717982352592e+19,97.21975534966634
2025/12/10/19:00,494818,490077,9.424749064012161e+19,9.162717982352592e+19,97.21975534966634
2025/12/10/19:10,494818,490077,9.424749064012161e+19,9.162717982352592e+19,97.21975534966634
2025/12/10/19:20,494818,490077,9.424749064012161e+19,9.162717982352592e+19,97.21975534966634
2025/12/10/19:30,494818,490077,9.424749064012161e+19,9.162717982352592e+19,97.21975534966634
2025/12/10/19:40,494818,490077,9.424749064012161e+19,9.162717982352592e+19,97.21975534966634
2025/12/10/19:50,494818,490077,9.424749064012161e+19,9.162717982352592e+19,97.21975534966634
2025/12/10/20:00,494818,490077,9.424749064012161e+19,9.162717982352592e+19,97.21975534966634
2025/12/10/20:10,494818,490077,9.424749064012161e+19,9.162717982352592e+19,97.21975534966634
2025/12/10/20:20,494818,490077,9.424749064012161e+19,9.162717982352592e+19,97.21975534966634
2025/12/10/20:30,494818,490077,9.424749064012161e+19,9.162717982352592e+19,97.21975534966634
2025/12/10/20:40,494818,490077,9.424749064012161e+19,9.162717982352592e+19,97.21975534966634
2025/12/10/20:50,494820,490079,9.424752978990023e+19,9.162721897330454e+19,97.21975650456093
2025/12/10/21:00,494827,490086,9.424879380938311e+19,9.162848299278742e+19,97.21979379184923
2025/12/10/21:10,494830,490089,9.42493946579089e+19,9.162908384131321e+19,97.21981151591852
2025/12/10/21:20,494953,490212,9.427397381088507e+19,9.165366299428938e+19,97.22053636791415
2025/12/10/21:30,495062,490321,9.429576186785315e+19,9.167545105125746e+19,97.2211785930869
2025/12/10/21:40,495066,490325,9.42965617318151e+19,9.167625091521941e+19,97.22120216424432
2025/12/10/21:50,495312,490571,9.434572279445055e+19,9.172541197785484e+19,97.22265012235421
2025/12/10/22:00,495753,491012,9.443382545777235e+19,9.181351464117664e+19,97.22524126932947
2025/12/10/22:10,496194,491453,9.452192275201288e+19,9.190161193541717e+19,97.22782742848943
2025/12/10/22:20,496635,491894,9.461002046983224e+19,9.198970965323653e+19,97.23040878378075
2025/12/10/22:30,497076,492335,9.469811499048719e+19,9.207780417389149e+19,97.23298524278026
2025/12/10/22:40,497518,492777,9.478641799515449e+19,9.216610717855878e+19,97.23556299307602
2025/12/10/22:50,497959,493218,9.487453494882135e+19,9.225422413222565e+19,97.23813052890409
2025/12/10/23:00,498400,493659,9.496267279793906e+19,9.234236198134335e+19,97.24069390699313
2025/12/10/23:10,498841,494100,9.505077700341439e+19,9.243046618681868e+19,97.24325155542749
2025/12/10/23:20,499282,494541,9.513889861001155e+19,9.251858779341585e+19,97.24580497054444
2025/12/10/23:30,499723,494982,9.522699273820111e+19,9.26066819216054e+19,97.24835286587334
2025/12/10/23:40,500165,495424,9.531536109963592e+19,9.269505028304021e+19,97.25090396095062
2025/12/10/23:50,500606,495865,9.540351819054775e+19,9.278320737395204e+19,97.25344424787123
2025/12/11/0:00,501047,496306,9.549167587497576e+19,9.287136505838005e+19,97.25597986150501
2025/12/11/0:10,501488,496747,9.557980805566798e+19,9.295949723907228e+19,97.2585100661956
2025/12/11/0:20,501929,497188,9.566795806148657e+19,9.304764724489087e+19,97.26103611941669
2025/12/11/0:30,502370,497629,9.575608011472703e+19,9.313576929813132e+19,97.26355672302347
2025/12/11/0:40,502812,498071,9.584437650346651e+19,9.32240656868708e+19,97.26607766445126
2025/12/11/0:50,503253,498512,9.593249842652578e+19,9.331218760993007e+19,97.26858899791651
2025/12/11/1:00,503694,498953,9.602063048223521e+19,9.340031966563951e+19,97.27109600985125
2025/12/11/1:10,504135,499394,9.610877585022853e+19,9.348846503363283e+19,97.27359880155058
2025/12/11/1:20,504239,499498,9.612955755393447e+19,9.350924673733876e+19,97.27418820675882
2025/12/11/1:30,504681,499940,9.621780709210998e+19,9.359749627551428e+19,97.27668828069707
2025/12/11/1:40,505122,500381,9.63058330224436e+19,9.36855222058479e+19,97.27917745544545
2025/12/11/1:50,505563,500822,9.63939130258009e+19,9.377360220920519e+19,97.28166360888955
2025/12/11/2:00,506004,501263,9.64819589056954e+19,9.38616480890997e+19,97.28414426249691
2025/12/11/2:10,506384,501643,9.655786940786065e+19,9.393755859126495e+19,97.28627937560687
2025/12/11/2:20,506825,502084,9.664598181141876e+19,9.402567099482305e+19,97.28875348205514
2025/12/11/2:30,507234,502493,9.672767683699415e+19,9.410736602039845e+19,97.29104336806159
2025/12/11/2:40,507637,502896,9.680823461309348e+19,9.418792379649778e+19,97.2932975928462
2025/12/11/2:50,508078,503337,9.68963484609113e+19,9.427603764431559e+19,97.29575896489767
2025/12/11/3:00,508519,503778,9.698449269241268e+19,9.436418187581697e+19,97.29821671088588
2025/12/11/3:10,508960,504219,9.707258629480848e+19,9.445227547821277e+19,97.30066858563153
2025/12/11/3:20,509401,504660,9.716071017921438e+19,9.454039936261867e+19,97.3031168547837
2025/12/11/3:30,509799,505058,9.724022340159557e+19,9.461991258499986e+19,97.30532209312807
2025/12/11/3:40,510240,505499,9.732834753114237e+19,9.470803671454666e+19,97.30776193877404
2025/12/11/3:50,510681,505940,9.74164594102611e+19,9.479614859366539e+19,97.31019703194048
2025/12/11/4:00,511122,506381,9.75045523225757e+19,9.488424150597999e+19,97.31262720131579
2025/12/11/4:10,511563,506822,9.759266597291593e+19,9.497235515632022e+19,97.31505355400077
2025/12/11/4:20,512005,507264,9.768099737742351e+19,9.50606865608278e+19,97.31748150925277
2025/12/11/4:30,512446,507705,9.776911554470838e+19,9.514880472811268e+19,97.31989923198448
2025/12/11/4:40,512887,508146,9.785726775224148e+19,9.523695693564577e+19,97.32231353195972
2025/12/11/4:50,513328,508587,9.794541551313215e+19,9.532510469653645e+19,97.3247233646741
2025/12/11/5:00,513769,509028,9.803355578012035e+19,9.541324496352464e+19,97.32712865942268
2025/12/11/5:10,514210,509469,9.812167377284999e+19,9.550136295625428e+19,97.32952902672484
2025/12/11/5:20,514652,509911,9.820995458528602e+19,9.558964376869031e+19,97.33192950993555
2025/12/11/5:30,515093,510352,9.829809398637366e+19,9.567778316977796e+19,97.33432184660778
2025/12/11/5:40,515534,510793,9.838626333278306e+19,9.576595251618736e+19,97.33671070753776
2025/12/11/5:50,515975,511234,9.847443290342334e+19,9.585412208682764e+19,97.33909529678073
2025/12/11/6:00,516416,511675,9.856256660255965e+19,9.594225578596395e+19,97.34147465217524
2025/12/11/6:10,516857,512116,9.865075831175673e+19,9.603044749516102e+19,97.34385131808619
2025/12/11/6:20,517299,512558,9.87391653017957e+19,9.611885448519999e+19,97.3462295244377
2025/12/11/6:30,517740,512999,9.882733961888745e+19,9.620702880229174e+19,97.34859723361923
2025/12/11/6:40,518181,513440,9.891550658813718e+19,9.629519577154147e+19,97.3509605248183
2025/12/11/6:50,518622,513881,9.900369250121695e+19,9.638338168462125e+19,97.35332011322356
2025/12/11/7:00,519063,514322,9.909186828896079e+19,9.647155747236508e+19,97.35567523163995
2025/12/11/7:10,519505,514764,9.918026503251214e+19,9.655995421591644e+19,97.35803204827418
2025/12/11/7:20,519946,515205,9.9268424492122e+19,9.664811367552629e+19,97.36037835797056
2025/12/11/7:30,520387,515646,9.935658497154841e+19,9.67362741549527e+19,97.36272053095821
2025/12/11/7:40,520828,516087,9.94447215990764e+19,9.68244107824807e+19,97.36505791915249
2025/12/11/7:50,521269,516528,9.953287933012287e+19,9.691256851352717e+19,97.36739172599954
2025/12/11/8:00,521710,516969,9.962106180381301e+19,9.700075098721731e+19,97.36972205560711
2025/12/11/8:10,522152,517411,9.970943401300815e+19,9.708912319641244e+19,97.37205326403331
2025/12/11/8:20,522593,517852,9.979759459378553e+19,9.717728377718982e+19,97.37437477600399
2025/12/11/8:30,523034,518293,9.988571258477371e+19,9.726540176817801e+19,97.37669107143644
2025/12/11/8:40,523475,518734,9.997384309140257e+19,9.735353227480687e+19,97.37900361177468
2025/12/11/8:50,523916,519175,1.000619699530372e+20,9.74416591364415e+19,97.38131198313853
2025/12/11/9:00,524117,519376,1.001021394250132e+20,9.748182860841748e+19,97.38236282296585
2025/12/11/9:10,524559,519818,1.001904978827888e+20,9.757018706619308e+19,97.38467132915022
2025/12/11/9:20,524757,520016,1.002300169047792e+20,9.760970608818353e+19,97.38570250957349
2025/12/11/9:30,525016,520275,1.002816599635585e+20,9.76613491469628e+19,97.38704882074359
2025/12/11/9:40,525457,520716,1.003697467432482e+20,9.774943592665247e+19,97.3893420063133
2025/12/11/9:50,525898,521157,1.004578176449041e+20,9.783750682830835e+19,97.39163075803825
2025/12/11/10:00,526340,521599,1.005461477084892e+20,9.792583689189347e+19,97.39392221749489
2025/12/11/10:10,526781,522040,1.006342881225696e+20,9.801397730597392e+19,97.39620474742739
2025/12/11/10:20,527222,522481,1.007224686700897e+20,9.810215785349402e+19,97.39848431914594
2025/12/11/10:30,527663,522922,1.008106452716335e+20,9.819033445503776e+19,97.40075980117447
2025/12/11/10:40,528104,523363,1.008988610538771e+20,9.82785502372814e+19,97.40303231451092
2025/12/11/10:50,528545,523804,1.009870962021495e+20,9.836678538555376e+19,97.40530135518449
2025/12/11/11:00,528987,524246,1.010754486493805e+20,9.845513783278482e+19,97.40756944281765
2025/12/11/11:10,529428,524687,1.011636444610889e+20,9.854333364449316e+19,97.4098295582821
2025/12/11/11:20,529869,525128,1.012518321380507e+20,9.863152132145496e+19,97.41208552846425
2025/12/11/11:30,530251,525510,1.013282014324479e+20,9.870789061585217e+19,97.41403599436967
2025/12/11/11:40,530692,525951,1.01416312489382e+20,9.879600167278625e+19,97.4162826942953
2025/12/11/11:50,531133,526392,1.015043907612606e+20,9.888407994466486e+19,97.41852465992461
2025/12/11/12:00,531575,526834,1.015927000993195e+20,9.897238928272379e+19,97.42076860440363
2025/12/11/12:10,532016,527275,1.016808506775376e+20,9.906053986094193e+19,97.4230046275817
2025/12/11/12:20,532414,527673,1.017604239347657e+20,9.914011311816996e+19,97.42501975200548
2025/12/11/12:30,532855,528114,1.018485547299936e+20,9.922824391339793e+19,97.42724791378504
2025/12/11/12:40,533296,528555,1.019367246928802e+20,9.931641387628449e+19,97.42947321047414
2025/12/11/12:50,533738,528997,1.020250712711252e+20,9.940476045452948e+19,97.43169910694559
2025/12/11/13:00,534179,529438,1.021131994210268e+20,9.949288860443114e+19,97.43391566276188
2025/12/11/13:10,534620,529879,1.022013554634727e+20,9.9581044646877e+19,97.43612909563394
2025/12/11/13:20,535061,530320,1.022895459730348e+20,9.966923515643911e+19,97.43833957647396
2025/12/11/13:30,535502,530761,1.023777147618017e+20,9.975740394520601e+19,97.4405457059749
2025/12/11/13:40,535943,531202,1.02465885860445e+20,9.984557504384929e+19,97.44274809650845
2025/12/11/13:50,536323,531582,1.025418520360796e+20,9.992154121948389e+19,97.44464258781504
2025/12/11/14:00,536666,531925,1.026104281528933e+20,9.999011733629757e+19,97.44635037221427
2025/12/11/14:10,537107,532366,1.026986046612641e+20,1.000782938446684e+20,97.44854292301399
2025/12/11/14:20,537485,532744,1.027741870457249e+20,1.001538762291292e+20,97.45041932033973
2025/12/11/14:30,537887,533146,1.028545873839694e+20,1.002342765673737e+20,97.45241230047061
2025/12/11/14:40,538328,533587,1.029427570125542e+20,1.003224461959585e+20,97.45459428847806
2025/12/11/14:50,538770,534029,1.030311341373898e+20,1.004108233207941e+20,97.45677766382579
2025/12/11/15:00,539211,534470,1.031193313309118e+20,1.004990205143161e+20,97.45895286288554
2025/12/11/15:10,539652,534911,1.032075069000745e+20,1.005871960834788e+20,97.46112381230884
2025/12/11/15:20,540093,535352,1.032956366226626e+20,1.006753258060669e+20,97.46328992949852
2025/12/11/15:30,540534,535793,1.033837778431772e+20,1.007634670265815e+20,97.46545263554746
2025/12/11/15:40,540976,536235,1.034721423176632e+20,1.008518315010675e+20,97.4676171209916
2025/12/11/15:50,541368,536627,1.03550478794851e+20,1.009301679782553e+20,97.46953288184507
2025/12/11/16:00,541809,537068,1.036385750052935e+20,1.010182641886978e+20,97.47168386244034
2025/12/11/16:10,542250,537509,1.037266593629721e+20,1.011063485463764e+20,97.47383090066903
2025/12/11/16:20,542691,537950,1.038147725138722e+20,1.011944616972765e+20,97.47597499551851
2025/12/11/16:30,543132,538391,1.039028987285357e+20,1.0128258791194e+20,97.47811577091635
2025/12/11/16:40,543574,538833,1.039911883906956e+20,1.013708775740999e+20,97.4802568783509
2025/12/11/16:50,544015,539274,1.040793492917532e+20,1.014590384751575e+20,97.4823912385823
2025/12/11/17:00,544456,539715,1.041675137470832e+20,1.015472029304875e+20,97.48452207186421
2025/12/11/17:10,544897,540156,1.042556695189502e+20,1.016353587023545e+20,97.48664909190438
2025/12/11/17:20,545338,540597,1.043438311547729e+20,1.017235203381772e+20,97.48877265900941
2025/12/11/17:30,545779,541038,1.04432023980584e+20,1.018117131639883e+20,97.49089339005546
2025/12/11/17:40,546221,541480,1.045204259099802e+20,1.019001150933845e+20,97.49301555769348
2025/12/11/17:50,546662,541921,1.046086251292039e+20,1.019883143126082e+20,97.49512928464617
2025/12/11/18:00,547103,542362,1.046967305051872e+20,1.020764196885915e+20,97.49723720697669
2025/12/11/18:10,547544,542803,1.047848735924183e+20,1.021645627758226e+20,97.49934248450026
2025/12/11/18:20,547985,543244,1.048730122108067e+20,1.02252701394211e+20,97.50144411669174
2025/12/11/18:30,548427,543686,1.049613270206136e+20,1.023410162040179e+20,97.50354640992572
2025/12/11/18:40,548868,544127,1.050494841936177e+20,1.02429173377022e+20,97.50564142536275
2025/12/11/18:50,549309,544568,1.051376426182155e+20,1.025173318016198e+20,97.50773295715713
2025/12/11/19:00,549750,545009,1.052258077627752e+20,1.026054969461795e+20,97.50982114339951
2025/12/11/19:10,550191,545450,1.053139256117405e+20,1.026936147951448e+20,97.51190471594803
2025/12/11/19:20,550528,545787,1.053812420682788e+20,1.027609312516831e+20,97.5134940856951
2025/12/11/19:30,550970,546229,1.054695962090253e+20,1.028492853924296e+20,97.51557708498036
2025/12/11/19:40,551411,546670,1.055577529298265e+20,1.029374421132308e+20,97.51765195462464
2025/12/11/19:50,551852,547111,1.056459104419567e+20,1.03025599625361e+20,97.51972338007788
2025/12/11/20:00,552293,547552,1.057340836062517e+20,1.031137727896559e+20,97.52179171821868
2025/12/11/20:10,552734,547993,1.05822209613892e+20,1.032018987972963e+20,97.52385550617748
2025/12/11/20:20,553175,548434,1.059103617633389e+20,1.032900509467432e+20,97.52591647033469
2025/12/11/20:30,553617,548876,1.059987567803651e+20,1.033784459637694e+20,97.52797967053036
2025/12/11/20:40,554058,549317,1.060869006203942e+20,1.034665898037985e+20,97.53003358447445
2025/12/11/20:50,554499,549758,1.061750219388309e+20,1.035547111222352e+20,97.53208356471515
2025/12/11/21:00,554940,550199,1.062631843234012e+20,1.036428735068055e+20,97.53413109791529
2025/12/11/21:10,555380,550639,1.06351169268997e+20,1.037308584524013e+20,97.53617112570893
2025/12/11/21:20,555822,551081,1.064395321851923e+20,1.038192213685966e+20,97.53821652275147
2025/12/11/21:30,556263,551522,1.065277228858854e+20,1.039074120692897e+20,97.54025455007366
2025/12/11/21:40,556704,551963,1.066158717143337e+20,1.03995560897738e+20,97.54228824051961
2025/12/11/21:50,557145,552404,1.067040346899174e+20,1.040837238733217e+20,97.5443188964594
2025/12/11/22:00,557586,552845,1.067921908519797e+20,1.04171880035384e+20,97.54634604301019
2025/12/11/22:10,558027,553286,1.068803593963797e+20,1.04260048579784e+20,97.54837012955959
2025/12/11/22:20,558469,553728,1.069687446847403e+20,1.043484338681446e+20,97.55039584289942
2025/12/11/22:30,558697,553956,1.070143142490761e+20,1.043940034324804e+20,97.55143895002969
2025/12/11/22:40,559138,554397,1.071025309112675e+20,1.044822200946718e+20,97.55345574534874
2025/12/11/22:50,559579,554838,1.071907598365157e+20,1.0457044901992e+20,97.55546950073671
2025/12/11/23:00,560020,555279,1.072789870958534e+20,1.046586762792577e+20,97.55747990586967
2025/12/11/23:10,560461,555720,1.073672303042104e+20,1.047469194876147e+20,97.55948736949681
2025/12/11/23:20,560808,556067,1.074366568574013e+20,1.048163460408056e+20,97.56106445114577
2025/12/11/23:30,561157,556416,1.075064413553051e+20,1.048861305387094e+20,97.56264761109925
2025/12/11/23:40,561598,556857,1.075945663039016e+20,1.049742554873059e+20,97.56464391594403
2025/12/11/23:50,562039,557298,1.07682736556084e+20,1.050624257394882e+20,97.56663797708096
2025/12/12/0:00,562480,557739,1.077708877529334e+20,1.051505769363377e+20,97.56862834552982
2025/12/12/0:10,562922,558181,1.078592919304434e+20,1.052389811138477e+20,97.57062115864296
2025/12/12/0:20,563363,558622,1.079474482958653e+20,1.053271374792695e+20,97.57260513521923
2025/12/12/0:30,563804,559063,1.080356862021277e+20,1.05415375385532e+20,97.57458770457265
2025/12/12/0:40,564245,559504,1.0812388134758e+20,1.055035705309843e+20,97.576566079632
2025/12/12/0:50,564632,559891,1.082012723459281e+20,1.055809615293324e+20,97.57829944160143
2025/12/12/1:00,565073,560332,1.082895062638909e+20,1.056691954472952e+20,97.58027263490308
2025/12/12/1:10,565327,560586,1.083402608826153e+20,1.057199500660195e+20,97.58140621478219
2025/12/12/1:20,565768,561027,1.084283302300307e+20,1.05808019413435e+20,97.58337068270191
2025/12/12/1:30,566042,561301,1.08482981504572e+20,1.058626706879763e+20,97.58458812594004
2025/12/12/1:40,566483,561742,1.08570949747215e+20,1.059506389306193e+20,97.58654518294576
2025/12/12/1:50,566924,562183,1.086590775419047e+20,1.06038766725309e+20,97.58850261214009
2025/12/12/2:00,567365,562624,1.087472453459801e+20,1.061269345293843e+20,97.59045775526619
2025/12/12/2:10,567807,563066,1.08835661685441e+20,1.062153508688453e+20,97.59241522859577
2025/12/12/2:20,568248,563507,1.089239141186633e+20,1.063036033020676e+20,97.59436590412911
2025/12/12/2:30,568689,563948,1.090121586575587e+20,1.06391847840963e+20,97.59631324719756
2025/12/12/2:40,569130,564389,1.091003898106302e+20,1.064800789940345e+20,97.59825714542004
2025/12/12/2:50,569571,564830,1.091886117824237e+20,1.06568300965828e+20,97.60019770027198
2025/12/12/3:00,570013,565272,1.092770139493371e+20,1.066567031327414e+20,97.60213907582566
2025/12/12/3:10,570454,565713,1.093652648486227e+20,1.06744954032027e+20,97.6040739989771
2025/12/12/3:20,570895,566154,1.09453480811252e+20,1.068331699946563e+20,97.60600503778009
2025/12/12/3:30,571336,566595,1.095416989527253e+20,1.069213881361296e+20,97.60793301395978
2025/12/12/3:40,571777,567036,1.096299055315558e+20,1.070095947149601e+20,97.60985763520385
2025/12/12/3:50,572218,567477,1.097180998059994e+20,1.070977889894037e+20,97.61177889406683
2025/12/12/4:00,572574,567833,1.097893255601649e+20,1.071690147435692e+20,97.61332825096937
2025/12/12/4:10,573015,568274,1.098775350638653e+20,1.072572242472696e+20,97.61524426710821
2025/12/12/4:20,573456,568715,1.099657661162696e+20,1.073454552996739e+20,97.61715767630338
2025/12/12/4:30,573509,568768,1.09976372193039e+20,1.073560613764433e+20,97.6173874766515
2025/12/12/4:40,573509,568768,1.09976372193039e+20,1.073560613764433e+20,97.6173874766515
2025/12/12/4:50,573509,568768,1.09976372193039e+20,1.073560613764433e+20,97.6173874766515
2025/12/12/5:00,573509,568768,1.09976372193039e+20,1.073560613764433e+20,97.6173874766515
2025/12/12/5:10,573509,568768,1.09976372193039e+20,1.073560613764433e+20,97.6173874766515
2025/12/12/5:20,573509,568768,1.09976372193039e+20,1.073560613764433e+20,97.6173874766515
2025/12/12/5:30,573509,568768,1.09976372193039e+20,1.073560613764433e+20,97.6173874766515
2025/12/12/5:40,573509,568768,1.09976372193039e+20,1.073560613764433e+20,97.6173874766515
2025/12/12/5:50,573509,568768,1.09976372193039e+20,1.073560613764433e+20,97.6173874766515
2025/12/12/6:00,573509,568768,1.09976372193039e+20,1.073560613764433e+20,97.6173874766515
2025/12/12/6:10,573509,568768,1.09976372193039e+20,1.073560613764433e+20,97.6173874766515
2025/12/12/6:20,573509,568768,1.09976372193039e+20,1.073560613764433e+20,97.6173874766515
2025/12/12/6:30,573509,568768,1.09976372193039e+20,1.073560613764433e+20,97.6173874766515
2025/12/12/6:40,573509,568768,1.09976372193039e+20,1.073560613764433e+20,97.6173874766515
2025/12/12/6:50,573509,568768,1.09976372193039e+20,1.073560613764433e+20,97.6173874766515
2025/12/12/7:00,573509,568768,1.09976372193039e+20,1.073560613764433e+20,97.6173874766515
2025/12/12/7:10,573509,568768,1.09976372193039e+20,1.073560613764433e+20,97.6173874766515
2025/12/12/7:20,573509,568768,1.09976372193039e+20,1.073560613764433e+20,97.6173874766515
2025/12/12/7:30,573509,568768,1.09976372193039e+20,1.073560613764433e+20,97.6173874766515
2025/12/12/7:40,573509,568768,1.09976372193039e+20,1.073560613764433e+20,97.6173874766515
2025/12/12/7:50,573509,568768,1.09976372193039e+20,1.073560613764433e+20,97.6173874766515
2025/12/12/8:00,573509,568768,1.09976372193039e+20,1.073560613764433e+20,97.6173874766515
2025/12/12/8:10,573509,568768,1.09976372193039e+20,1.073560613764433e+20,97.6173874766515
2025/12/12/8:20,573509,568768,1.09976372193039e+20,1.073560613764433e+20,97.6173874766515
2025/12/12/8:30,573509,568768,1.09976372193039e+20,1.073560613764433e+20,97.6173874766515
2025/12/12/8:40,573509,568768,1.09976372193039e+20,1.073560613764433e+20,97.6173874766515
2025/12/12/8:50,573509,568768,1.09976372193039e+20,1.073560613764433e+20,97.6173874766515
2025/12/12/9:00,573509,568768,1.09976372193039e+20,1.073560613764433e+20,97.6173874766515
2025/12/12/9:10,573509,568768,1.09976372193039e+20,1.073560613764433e+20,97.6173874766515
2025/12/12/9:20,573509,568768,1.09976372193039e+20,1.073560613764433e+20,97.6173874766515
2025/12/12/9:30,573819,569078,1.100383781013981e+20,1.074180672848024e+20,97.61873006326834
2025/12/12/9:40,574261,569520,1.101267584259004e+20,1.075064476093047e+20,97.62064111025404
2025/12/12/9:50,574702,569961,1.102149692217891e+20,1.075946584051934e+20,97.62254543543648
2025/12/12/10:00,575143,570402,1.103031709217295e+20,1.076828601051338e+20,97.62444651889921
2025/12/12/10:10,575584,570843,1.103914013176685e+20,1.077710905010728e+20,97.62634518149167
2025/12/12/10:20,576025,571284,1.104796657034964e+20,1.078593548869007e+20,97.62824154118273
2025/12/12/10:30,576466,571725,1.10567849330822e+20,1.079475385142263e+20,97.63013314227025
2025/12/12/10:40,576908,572167,1.106562647898964e+20,1.080359539733007e+20,97.63202668952282
2025/12/12/10:50,577349,572608,1.107444826805014e+20,1.081241718639057e+20,97.63391299216654
2025/12/12/11:00,577790,573049,1.108327520676734e+20,1.082124412510777e+20,97.63579739047194
2025/12/12/11:10,578231,573490,1.109209623434823e+20,1.083006515268866e+20,97.63767753070736
2025/12/12/11:20,578672,573931,1.110091944208501e+20,1.083888836042544e+20,97.63955514652078
2025/12/12/11:30,578931,574190,1.110610022920024e+20,1.084406914754067e+20,97.64065624970108
2025/12/12/11:40,578932,574191,1.110612006535034e+20,1.084408898369077e+20,97.64066046362065
2025/12/12/11:50,579361,574620,1.111469292366396e+20,1.085266184200439e+20,97.64248024251135
2025/12/12/12:00,579802,575061,1.11235060277847e+20,1.086147494612513e+20,97.6443480948807
2025/12/12/12:10,580243,575502,1.11323207637965e+20,1.087028968213693e+20,97.64621333485356
2025/12/12/12:20,580606,575865,1.113957497611072e+20,1.087754389445115e+20,97.64774614631611
2025/12/12/12:30,581048,576307,1.114840295882583e+20,1.088637187716626e+20,97.6496088038141
2025/12/12/12:40,581489,576748,1.115721259043732e+20,1.089518150877774e+20,97.65146465090973
2025/12/12/12:50,581930,577189,1.116602066938606e+20,1.090398958772649e+20,97.6533172432863
2025/12/12/13:00,582371,577630,1.117483703178861e+20,1.091280595012904e+20,97.65516865333981
2025/12/12/13:10,582812,578071,1.118365025904351e+20,1.092161917738394e+20,97.65701648754901
2025/12/12/13:20,583253,578512,1.119245899216142e+20,1.093042791050185e+20,97.65886047165255
2025/12/12/13:30,583686,578945,1.12011109403464e+20,1.093907985868683e+20,97.66066881173603
2025/12/12/13:40,584092,579351,1.120921375068206e+20,1.094718266902249e+20,97.66235984532254
2025/12/12/13:50,584533,579792,1.121801724870901e+20,1.095598616704944e+20,97.66419434156491
2025/12/12/14:00,584974,580233,1.12268217441966e+20,1.096479066253703e+20,97.66602616813597
2025/12/12/14:10,585415,580674,1.123563097850411e+20,1.097359989684454e+20,97.66785610740611
2025/12/12/14:20,585857,581116,1.124445699679744e+20,1.098242591513787e+20,97.66968665775325
2025/12/12/14:30,586298,581557,1.125326390423348e+20,1.099123282257391e+20,97.67151038232565
2025/12/12/14:40,586739,581998,1.126206810170535e+20,1.100003702004578e+20,97.67333069474253
2025/12/12/14:50,587049,582308,1.126826005616143e+20,1.100622897450186e+20,97.67460920893201
2025/12/12/15:00,587490,582749,1.12770598594528e+20,1.101502877779323e+20,97.67642377600818
2025/12/12/15:10,587931,583190,1.128585720916023e+20,1.102382612750066e+20,97.67823500861866
2025/12/12/15:20,588373,583632,1.129468119763933e+20,1.103265011597976e+20,97.6800488913814
2025/12/12/15:30,588814,584073,1.130348453012652e+20,1.104145344846694e+20,97.68185570598877
2025/12/12/15:40,589255,584514,1.131228975128872e+20,1.105025866962915e+20,97.68366009516579
2025/12/12/15:50,589648,584907,1.132013883656807e+20,1.10581077549085e+20,97.68526618407614
2025/12/12/16:00,590029,585288,1.132774196892025e+20,1.106571088726067e+20,97.68681982359325
2025/12/12/16:10,590470,585729,1.133655794103744e+20,1.107452685937787e+20,97.68861868812016
2025/12/12/16:20,590912,586171,1.134538941485376e+20,1.108335833319419e+20,97.69041791270284
2025/12/12/16:30,591353,586612,1.135420504509328e+20,1.109217396343371e+20,97.69221111809314
2025/12/12/16:40,591794,587053,1.136301751370128e+20,1.110098643204171e+20,97.69400089946514
2025/12/12/16:50,592235,587494,1.137183254197822e+20,1.110980146031865e+20,97.69578842554792
2025/12/12/17:00,592676,587935,1.138064406107024e+20,1.111861297941067e+20,97.69757247258177
2025/12/12/17:10,593118,588377,1.138947195590279e+20,1.112744087424322e+20,97.69935706699934
2025/12/12/17:20,593559,588818,1.139827793559322e+20,1.113624685393365e+20,97.70113447715352
2025/12/12/17:30,594000,589259,1.14070859472224e+20,1.114505486556283e+20,97.7029095522562
2025/12/12/17:40,594441,589700,1.141589669178446e+20,1.115386561012489e+20,97.70468243770861
2025/12/12/17:50,594882,590141,1.142470470762788e+20,1.116267362596831e+20,97.70645204086
2025/12/12/18:00,595323,590582,1.143351706547358e+20,1.117148598381401e+20,97.70821978784778
2025/12/12/18:10,595596,590855,1.143896184057952e+20,1.117693075891995e+20,97.70931064102321
2025/12/12/18:20,595865,591124,1.144432244494754e+20,1.118229136328797e+20,97.71038361667927
2025/12/12/18:30,596306,591565,1.145311141874185e+20,1.119108033708228e+20,97.71214063952279
2025/12/12/18:40,596747,592006,1.146190059246324e+20,1.119986951080367e+20,97.71389500767552
2025/12/12/18:50,597188,592447,1.147069215400083e+20,1.120866107234126e+20,97.7156471628595
2025/12/12/19:00,597629,592888,1.147948544829792e+20,1.121745436663835e+20,97.717396978813
2025/12/12/19:10,598070,593329,1.148828440664517e+20,1.12262533249856e+20,97.7191452406244
2025/12/12/19:20,598511,593770,1.149709285148518e+20,1.123506176982561e+20,97.720892707014
2025/12/12/19:30,598952,594211,1.150589831819075e+20,1.124386723653118e+20,97.72263690836463
2025/12/12/19:40,599393,594652,1.151470409227575e+20,1.125267301061618e+20,97.724378502828
2025/12/12/19:50,599834,595093,1.152350864894796e+20,1.126147756728839e+20,97.72611719536052
2025/12/12/20:00,600205,595464,1.153091542650528e+20,1.126888434484571e+20,97.72757780308355
2025/12/12/20:10,600646,595905,1.15397177940836e+20,1.127768671242403e+20,97.72931118130191
2025/12/12/20:20,601087,596346,1.154852304024233e+20,1.128649195858276e+20,97.73104248269246
2025/12/12/20:30,601528,596787,1.155732474441416e+20,1.129529366275459e+20,97.73277045117025
2025/12/12/20:40,601969,597228,1.156612707507042e+20,1.130409599341085e+20,97.73449591242732
2025/12/12/20:50,602410,597669,1.157492936591512e+20,1.131289828425555e+20,97.73621874159183
2025/12/12/21:00,602852,598111,1.158375070722069e+20,1.132171962556112e+20,97.73794267260746
2025/12/12/21:10,603293,598552,1.159255374729181e+20,1.133052266563224e+20,97.73966041157423
2025/12/12/21:20,603734,598993,1.160135432673846e+20,1.133932324507889e+20,97.74137506467112
2025/12/12/21:30,604175,599434,1.161015962527409e+20,1.134812854361452e+20,97.74308803567907
2025/12/12/21:40,604616,599875,1.161896482987858e+20,1.135693374821901e+20,97.74479839214465
2025/12/12/21:50,605057,600316,1.162777097347571e+20,1.136573989181614e+20,97.74650634023241
2025/12/12/22:00,605268,600527,1.163198235299144e+20,1.136995127133187e+20,97.74732222154564
2025/12/12/22:10,605572,600831,1.163805083873556e+20,1.137601975707599e+20,97.74849684633239
2025/12/12/22:20,605741,601000,1.16414256522976e+20,1.137939457063803e+20,97.74914955018542
2025/12/12/22:30,606048,601307,1.164755339611653e+20,1.138552231445696e+20,97.75033371603227
2025/12/12/22:40,606489,601748,1.165636065196637e+20,1.13943295703068e+20,97.75203350785678
2025/12/12/22:50,606931,602190,1.166519189066335e+20,1.140316080900378e+20,97.75373535115787
2025/12/12/23:00,607372,602631,1.167400368316281e+20,1.141197260150324e+20,97.75543088068841
2025/12/12/23:10,607763,603022,1.168181066929853e+20,1.141977958763896e+20,97.75693093239197
2025/12/12/23:20,608204,603463,1.169061988489541e+20,1.142858880323584e+20,97.75862114892537
2025/12/12/23:30,608645,603904,1.169943315221467e+20,1.14374020705551e+20,97.76030959576902
2025/12/12/23:40,609086,604345,1.170824468728522e+20,1.144621360562565e+20,97.76199516957372
2025/12/12/23:50,609528,604787,1.171707505784619e+20,1.145504397618661e+20,97.76368180312966
2025/12/13/0:00,609969,605228,1.172588557506211e+20,1.146385449340254e+20,97.76536211288943
2025/12/13/0:10,610410,605669,1.173469333065551e+20,1.147266224899594e+20,97.76703937396434
2025/12/13/0:20,610851,606110,1.174350185654399e+20,1.148147077488442e+20,97.76871426546798
2025/12/13/0:30,611292,606551,1.175231153564475e+20,1.149028045398518e+20,97.77038686504497
2025/12/13/0:40,611378,606637,1.175402932356165e+20,1.149199824190208e+20,97.7707127109653
2025/12/13/0:50,611733,606992,1.176111977312115e+20,1.149908869146158e+20,97.77205668580626
2025/12/13/1:00,612174,607433,1.176992701539173e+20,1.150789593373216e+20,97.77372381904401
2025/12/13/1:10,612615,607874,1.177873686535717e+20,1.15167057836976e+20,97.7753889516775
2025/12/13/1:20,613056,608315,1.178754490278392e+20,1.152551382112435e+20,97.77705125349992
2025/12/13/1:30,613497,608756,1.179635192822401e+20,1.153432084656444e+20,97.77871088236496
2025/12/13/1:40,613939,609198,1.180518005126437e+20,1.15431489696048e+20,97.78037200176793
2025/12/13/1:50,614380,609639,1.181399215154313e+20,1.155196106988356e+20,97.78202763047084
2025/12/13/2:00,614821,610080,1.182280159143287e+20,1.15607705097733e+20,97.78368029241524
2025/12/13/2:10,615262,610521,1.183161322991821e+20,1.156958214825864e+20,97.78533090485936
2025/12/13/2:20,615608,610867,1.183852558193278e+20,1.157649450027321e+20,97.78662401963749
2025/12/13/2:30,616049,611308,1.184733974258195e+20,1.158530866092238e+20,97.78827072277016
2025/12/13/2:40,616372,611631,1.185379247964363e+20,1.159176139798406e+20,97.78947470094863
2025/12/13/2:50,616710,611969,1.186054774997756e+20,1.159851666831799e+20,97.79073372340609
2025/12/13/3:00,617151,612410,1.186936056797073e+20,1.160732948631116e+20,97.79237406969793
2025/12/13/3:10,617591,612850,1.187815264807085e+20,1.161612156641128e+20,97.79400813053091
2025/12/13/3:20,618032,613291,1.188696606539379e+20,1.162493498373422e+20,97.79564373097341
2025/12/13/3:30,618473,613732,1.189578036276796e+20,1.163374928110839e+20,97.79727707078646
2025/12/13/3:40,618915,614174,1.190460929868572e+20,1.164257821702615e+20,97.79891069849307
2025/12/13/3:50,619356,614615,1.191341783062402e+20,1.165138674896445e+20,97.80053813788008
2025/12/13/4:00,619797,615056,1.192222927500251e+20,1.166019819334294e+20,97.80216370935783
2025/12/13/4:10,620235,615494,1.193097775784025e+20,1.166894667618068e+20,97.80377529002281
2025/12/13/4:20,620635,615894,1.193896899133034e+20,1.167693790967077e+20,97.80524531180332
2025/12/13/4:30,621077,616336,1.194779843155679e+20,1.168576734989722e+20,97.8068672386748
2025/12/13/4:40,621293,616552,1.195211750567886e+20,1.169008642401929e+20,97.80765975957758
2025/12/13/4:50,621734,616993,1.196093318543158e+20,1.169890210377201e+20,97.80927560084757
2025/12/13/5:00,622076,617335,1.196777243671141e+20,1.170574135505184e+20,97.8105275393123
2025/12/13/5:10,622076,617335,1.196777243671141e+20,1.170574135505184e+20,97.8105275393123
2025/12/13/5:20,622076,617335,1.196777243671141e+20,1.170574135505184e+20,97.8105275393123
2025/12/13/5:30,622076,617335,1.196777243671141e+20,1.170574135505184e+20,97.8105275393123
2025/12/13/5:40,622077,617336,1.196779245323177e+20,1.17057613715722e+20,97.81053120127588
2025/12/13/5:50,622078,617337,1.196781241564286e+20,1.170578133398329e+20,97.81053485332811
2025/12/13/6:00,622079,617338,1.196783236006826e+20,1.170580127840869e+20,97.81053850207778
2025/12/13/6:10,622434,617693,1.197492546761363e+20,1.171289438595406e+20,97.81183538579646
2025/12/13/6:20,622875,618134,1.198374431769079e+20,1.172171323603122e+20,97.8134456584429
2025/12/13/6:30,623317,618576,1.199257886508192e+20,1.173054778342235e+20,97.81505642274732
2025/12/13/6:40,623758,619017,1.200139371153098e+20,1.173936262987141e+20,97.81666123153838
2025/12/13/6:50,624172,619431,1.200967095945801e+20,1.174763987779844e+20,97.8181660218325
2025/12/13/7:00,624577,619836,1.201776325682946e+20,1.175573217516989e+20,97.81963518452018
2025/12/13/7:10,625018,620277,1.202657916050222e+20,1.176454807884265e+20,97.8212334682822
2025/12/13/7:20,625460,620719,1.203541012848776e+20,1.177337904682819e+20,97.82283213565491
2025/12/13/7:30,625688,620947,1.203996545520769e+20,1.177793437354812e+20,97.82365586816336
2025/12/13/7:40,626129,621388,1.204876632774763e+20,1.178673524608806e+20,97.82524555185266
2025/12/13/7:50,626570,621829,1.205757164647344e+20,1.179554056481387e+20,97.8268337162549
2025/12/13/8:00,627011,622270,1.206637774160867e+20,1.18043466599491e+20,97.82841970249278
2025/12/13/8:10,627452,622711,1.207518588775318e+20,1.181315480609361e+20,97.83000374408044
2025/12/13/8:20,627894,623153,1.208401254008351e+20,1.182198145842394e+20,97.83158879726088
2025/12/13/8:30,628335,623594,1.209281950046271e+20,1.183078841880314e+20,97.8331680080932
2025/12/13/8:40,628776,624035,1.210162626964513e+20,1.183959518798556e+20,97.83474488617426
2025/12/13/8:50,629217,624476,1.211043593343684e+20,1.184840485177727e+20,97.8363199879857
2025/12/13/9:00,629658,624917,1.211924728395772e+20,1.185721620229815e+20,97.8378931007834
2025/12/13/9:10,630099,625358,1.21280541212737e+20,1.186602303961413e+20,97.83946312376736
2025/12/13/9:20,630541,625800,1.213688275633659e+20,1.187485167467702e+20,97.84103474574009
2025/12/13/9:30,630982,626241,1.214569228167091e+20,1.188366120001133e+20,97.84260068851735
2025/12/13/9:40,631423,626682,1.215450368447063e+20,1.189247260281105e+20,97.84416469432348
2025/12/13/9:50,631864,627123,1.216331262409435e+20,1.190128154243478e+20,97.84572599786252
2025/12/13/10:00,632305,627564,1.217211964718286e+20,1.191008856552329e+20,97.847284702626
2025/12/13/10:10,632563,627822,1.217727069791994e+20,1.191523961626037e+20,97.84819531272858
2025/12/13/10:20,632792,628051,1.218183831931825e+20,1.191980723765868e+20,97.84900213915961
2025/12/13/10:30,633233,628492,1.219062944105465e+20,1.192859835939508e+20,97.85055330467905
2025/12/13/10:40,633674,628933,1.219942750430863e+20,1.193739642264905e+20,97.85210345676447
2025/12/13/10:50,634115,629374,1.220823264697389e+20,1.194620156531432e+20,97.85365261920593
2025/12/13/11:00,634556,629815,1.221704279522977e+20,1.19550117135702e+20,97.85520042737443
2025/12/13/11:10,634998,630257,1.222586885032262e+20,1.196383776866305e+20,97.85674879333703
2025/12/13/11:20,635390,630649,1.223369724697576e+20,1.197166616531619e+20,97.85812026920688
2025/12/13/11:30,635831,631090,1.224250090741051e+20,1.198046982575094e+20,97.85966050857337
2025/12/13/11:40,636272,631531,1.225130309036304e+20,1.198927200870347e+20,97.86119827640468
2025/12/13/11:50,636713,631972,1.226010877160949e+20,1.199807768994992e+20,97.86273444599161
2025/12/13/12:00,637112,632371,1.226807743775799e+20,1.200604635609842e+20,97.86412269576074
2025/12/13/12:10,637497,632756,1.227576387521971e+20,1.201373279356014e+20,97.86546006975162
2025/12/13/12:20,637750,633009,1.228081192057465e+20,1.201878083891508e+20,97.86633747545163
2025/12/13/12:30,638191,633450,1.22896181170285e+20,1.202758703536893e+20,97.86786636358944
2025/12/13/12:40,638632,633891,1.229842326635503e+20,1.203639218469546e+20,97.86939288082228
2025/12/13/12:50,639073,634332,1.230722431360624e+20,1.204519323194667e+20,97.87091650413909
2025/12/13/13:00,639515,634774,1.231604806643971e+20,1.205401698478013e+20,97.87244187221398
2025/12/13/13:10,639956,635215,1.232485318860261e+20,1.206282210694304e+20,97.87396184238621
2025/12/13/13:20,640397,635656,1.233365662760174e+20,1.207162554594217e+20,97.87547935238308
2025/12/13/13:30,640838,636097,1.234246170838067e+20,1.20804306267211e+20,97.87699498000752
2025/12/13/13:40,641279,636538,1.2351262406239e+20,1.208923132457943e+20,97.8785076938596
2025/12/13/13:50,641720,636979,1.236006159420397e+20,1.20980305125444e+20,97.88001799455073
2025/12/13/14:00,642162,637421,1.23688844327769e+20,1.210685335111733e+20,97.88153019713563
2025/12/13/14:10,642603,637862,1.237768684329872e+20,1.211565576163915e+20,97.88303675010623
2025/12/13/14:20,643044,638303,1.238649279911486e+20,1.212446171745529e+20,97.88454176731693
2025/12/13/14:30,643485,638744,1.239529675473516e+20,1.213326567307559e+20,97.88604430499439
2025/12/13/14:40,643926,639185,1.240410031648534e+20,1.214206923482577e+20,97.88754464270718
2025/12/13/14:50,644367,639626,1.241289909903905e+20,1.215086801737948e+20,97.88904203950344
2025/12/13/15:00,644809,640068,1.242172617568091e+20,1.215969509402134e+20,97.89054211988208
2025/12/13/15:10,645249,640508,1.243050663278281e+20,1.216847555112324e+20,97.89203216409121
2025/12/13/15:20,645690,640949,1.243931067240684e+20,1.217727959074727e+20,97.8935240982379
2025/12/13/15:30,646131,641390,1.24481183254742e+20,1.218608724381463e+20,97.89501453305323
2025/12/13/15:40,646572,641831,1.245692400784292e+20,1.219489292618335e+20,97.89650252747312
2025/12/13/15:50,647014,642273,1.246574850394199e+20,1.220371742228242e+20,97.89799159210769
2025/12/13/16:00,647455,642714,1.247455339362864e+20,1.221252231196907e+20,97.89947524860166
2025/12/13/16:10,647896,643155,1.24833576466829e+20,1.222132656502333e+20,97.90095670511212
2025/12/13/16:20,648337,643596,1.249216190021315e+20,1.223013081855358e+20,97.90243607349421
2025/12/13/16:30,648778,644037,1.250096500711753e+20,1.223893392545796e+20,97.90391316582055
2025/12/13/16:40,649219,644478,1.250977152774973e+20,1.224774044609016e+20,97.90538875087908
2025/12/13/16:50,649661,644920,1.251859837984593e+20,1.225656729818636e+20,97.90686565932634
2025/12/13/17:00,650102,645361,1.252740647148257e+20,1.2265375389823e+20,97.90833735413584
2025/12/13/17:10,650543,645802,1.253621356528449e+20,1.227418248362492e+20,97.90980681451383
2025/12/13/17:20,650984,646243,1.254502078634195e+20,1.228298970468238e+20,97.91127423284264
2025/12/13/17:30,651366,646625,1.255265171694597e+20,1.22906206352864e+20,97.91254399812726
2025/12/13/17:40,651807,647066,1.256146003459495e+20,1.229942895293538e+20,97.91400775914644
2025/12/13/17:50,652249,647508,1.257028937676889e+20,1.230825829510932e+20,97.91547295526999
2025/12/13/18:00,652690,647949,1.257909849830825e+20,1.231706741664868e+20,97.91693274605639
2025/12/13/18:10,653131,648390,1.25879096050878e+20,1.232587852342823e+20,97.91839082198635
2025/12/13/18:20,653572,648831,1.259671880759175e+20,1.233468772593218e+20,97.91984654367572
2025/12/13/18:30,653954,649213,1.260435258019467e+20,1.23423214985351e+20,97.92110637978104
2025/12/13/18:40,654340,649599,1.261206855685761e+20,1.235003747519804e+20,97.92237823257712
2025/12/13/18:50,654739,649998,1.262003640654398e+20,1.235800532488441e+20,97.92368997031025
2025/12/13/19:00,655180,650439,1.26288407269475e+20,1.236680964528793e+20,97.92513749024923
2025/12/13/19:10,655621,650880,1.263764183990845e+20,1.237561075824888e+20,97.92658246705408
2025/12/13/19:20,656008,651267,1.264537151946589e+20,1.238334043780632e+20,97.92784987569398
2025/12/13/19:30,656449,651708,1.265417978233353e+20,1.239214870067396e+20,97.9292922483574
2025/12/13/19:40,656822,652081,1.266162911603834e+20,1.239959803437877e+20,97.93051052705644
2025/12/13/19:50,657263,652522,1.267043928940168e+20,1.240840820774211e+20,97.93194951118429
2025/12/13/20:00,657704,652963,1.267925037576144e+20,1.241721929410186e+20,97.93338664436749
2025/12/13/20:10,658145,653404,1.268805392323839e+20,1.242602284157882e+20,97.93482055447718
2025/12/13/20:20,658586,653845,1.269686134995417e+20,1.243483026829459e+20,97.93625310667414
2025/12/13/20:30,659027,654286,1.270566813641151e+20,1.244363705475194e+20,97.93768356888963
2025/12/13/20:40,659469,654728,1.271449728007345e+20,1.245246619841388e+20,97.93911567333272
2025/12/13/20:50,659910,655169,1.272330293146156e+20,1.246127184980199e+20,97.94054198763411
2025/12/13/21:00,660351,655610,1.273211166973538e+20,1.247008058807581e+20,97.94196682799739
2025/12/13/21:10,660792,656051,1.274091949186407e+20,1.24788884102045e+20,97.94338955028407
2025/12/13/21:20,661233,656492,1.274972559080593e+20,1.248769450914636e+20,97.94481002909956
2025/12/13/21:30,661675,656934,1.275855340192113e+20,1.249652232026156e+20,97.94623204210507
2025/12/13/21:40,662069,657328,1.276642365457512e+20,1.250439257291555e+20,97.94749815023046
2025/12/13/21:50,662510,657769,1.277523232707989e+20,1.251320124542032e+20,97.94891337432557
2025/12/13/22:00,662951,658210,1.278404142616391e+20,1.252201034450434e+20,97.95032671653195
2025/12/13/22:10,663392,658651,1.279285047622103e+20,1.253081939456146e+20,97.95173810444649
2025/12/13/22:20,663833,659092,1.280165939440848e+20,1.253962831274891e+20,97.95314752887411
2025/12/13/22:30,664275,659534,1.281048942340395e+20,1.254845834174438e+20,97.95455838571743
2025/12/13/22:40,664716,659975,1.281930229912208e+20,1.25572712174625e+20,97.95596456386308
2025/12/13/22:50,665107,660366,1.282710585068451e+20,1.256507476902494e+20,97.95720808177796
2025/12/13/23:00,665548,660807,1.283591606997632e+20,1.257388498831675e+20,97.95861019789253
2025/12/13/23:10,665989,661248,1.284472393734592e+20,1.258269285568635e+20,97.96001001704896
2025/12/13/23:20,666352,661611,1.285197000075001e+20,1.258993891909044e+20,97.96116018288031
2025/12/13/23:30,666794,662053,1.286080139602167e+20,1.25987703143621e+20,97.96256023562711
2025/12/13/23:40,667235,662494,1.286961844183388e+20,1.260758736017431e+20,97.96395609672611
2025/12/13/23:50,667676,662935,1.287842811495577e+20,1.26163970332962e+20,97.96534888170652
2025/12/14/0:00,668117,663376,1.288723466585392e+20,1.262520358419435e+20,97.96673926987727
2025/12/14/0:10,668558,663817,1.289604234388171e+20,1.263401126222214e+20,97.96812793667752
2025/12/14/0:20,669000,664259,1.290487087798718e+20,1.264283979632761e+20,97.96951798947065
2025/12/14/0:30,669441,664700,1.291368214465785e+20,1.265165106299828e+20,97.97090342843873
2025/12/14/0:40,669882,665141,1.292248909930581e+20,1.266045801764624e+20,97.97228630145528
2025/12/14/0:50,670214,665473,1.29291172788341e+20,1.266708619717453e+20,97.97332581947776
2025/12/14/1:00,670655,665914,1.293792286187843e+20,1.267589178021886e+20,97.97470517905433
2025/12/14/1:10,671096,666355,1.294673379883431e+20,1.268470271717474e+20,97.97608349927482
2025/12/14/1:20,671538,666797,1.295556333662308e+20,1.269353225496351e+20,97.97746284857521
2025/12/14/1:30,671979,667238,1.296437380563123e+20,1.270234272397166e+20,97.97883734619134
2025/12/14/1:40,672420,667679,1.297318169893643e+20,1.271115061727686e+20,97.98020957587411
2025/12/14/1:50,672861,668120,1.2981992275473e+20,1.271996119381343e+20,97.98158036070758
2025/12/14/2:00,673302,668561,1.299079988325174e+20,1.272876880159217e+20,97.98294882521135
2025/12/14/2:10,673553,668812,1.299580972498612e+20,1.273377864332655e+20,97.98372639177856
2025/12/14/2:20,673831,669090,1.300135234593655e+20,1.273932126427698e+20,97.9845859516186
2025/12/14/2:30,674272,669531,1.301013531358245e+20,1.274810423192288e+20,97.98594653057903
2025/12/14/2:40,674713,669972,1.301892862009529e+20,1.275689753843572e+20,97.9873068721253
2025/12/14/2:50,675154,670413,1.302773326245201e+20,1.276570218079243e+20,97.98866712742127
2025/12/14/3:00,675594,670853,1.303651901380038e+20,1.277448793214081e+20,97.9900226327121
2025/12/14/3:10,676036,671295,1.304534755072178e+20,1.278331646906221e+20,97.99138289998972
2025/12/14/3:20,676477,671736,1.305415668956057e+20,1.2792125607901e+20,97.99273834464452
2025/12/14/3:30,676918,672177,1.306296995310029e+20,1.280093887144072e+20,97.99409259456053
2025/12/14/3:40,677317,672576,1.307094141357014e+20,1.280891033191057e+20,97.99531591972762
2025/12/14/3:50,677758,673017,1.307975345027402e+20,1.281772236861445e+20,97.99666650708862
2025/12/14/4:00,678199,673458,1.308856392046375e+20,1.282653283880418e+20,97.99801503624175
2025/12/14/4:10,678599,673858,1.309655225647832e+20,1.283452117481875e+20,97.99923616133434
2025/12/14/4:20,679040,674299,1.310536327630148e+20,1.284333219464191e+20,98.00058131823478
2025/12/14/4:30,679481,674740,1.311416994077659e+20,1.285213885911702e+20,98.00192400401322
2025/12/14/4:40,679922,675181,1.312297980126538e+20,1.286094871960581e+20,98.00326537396404
2025/12/14/4:50,680363,675622,1.313178648131657e+20,1.2869755399657e+20,98.00460446084485
2025/12/14/5:00,680804,676063,1.31405911332911e+20,1.287856005163153e+20,98.00594144508669
2025/12/14/5:10,681246,676505,1.314942012871914e+20,1.288738904705957e+20,98.00728032799501
2025/12/14/5:20,681687,676946,1.31582275218951e+20,1.289619644023553e+20,98.00861414484926
2025/12/14/5:30,682128,677387,1.316703434478563e+20,1.290500326312606e+20,98.00994609113829
2025/12/14/5:40,682569,677828,1.317583875264347e+20,1.29138076709839e+20,98.011275892345
2025/12/14/5:50,683010,678269,1.318464848149864e+20,1.292261739983907e+20,98.0126047195929
2025/12/14/6:00,683452,678711,1.319347498287591e+20,1.293144390121634e+20,98.01393429706982
2025/12/14/6:10,683893,679152,1.320228423171722e+20,1.294025315005765e+20,98.01525950312396
2025/12/14/6:20,684334,679593,1.321109160473909e+20,1.294906052307952e+20,98.01658266024305
2025/12/14/6:30,684775,680034,1.32199003978278e+20,1.295786931616823e+20,98.01790426724678
2025/12/14/6:40,685216,680475,1.322870726811085e+20,1.296667618645128e+20,98.01922382626741
2025/12/14/6:50,685657,680916,1.32375116357147e+20,1.297548055405513e+20,98.02054125525666
2025/12/14/7:00,686099,681358,1.324634102551465e+20,1.298430994385508e+20,98.02186066963809
2025/12/14/7:10,686540,681799,1.325515011104263e+20,1.299311902938306e+20,98.02317529817127
2025/12/14/7:20,686981,682240,1.326395908791092e+20,1.300192800625135e+20,98.02448816433404
2025/12/14/7:30,687422,682681,1.327276550543791e+20,1.301073442377834e+20,98.02579890715153
2025/12/14/7:40,687819,683078,1.32806913486773e+20,1.301866026701773e+20,98.026977099459
2025/12/14/7:50,688260,683519,1.328949026331609e+20,1.302745918165652e+20,98.02828342947906
2025/12/14/8:00,688677,683936,1.329781270537334e+20,1.303578162371377e+20,98.02951742918074
2025/12/14/8:10,689084,684343,1.330593720381328e+20,1.304390612215371e+20,98.03072059001995
2025/12/14/8:20,689525,684784,1.331474623013286e+20,1.305271514847329e+20,98.03202346383017
2025/12/14/8:30,689966,685225,1.332355180354902e+20,1.306152072188945e+20,98.0333241051401
2025/12/14/8:40,690407,685666,1.333235724323674e+20,1.307032616157717e+20,98.03462300867693
2025/12/14/8:50,690849,686108,1.334118382286197e+20,1.30791527412024e+20,98.03592330981495
2025/12/14/9:00,691290,686549,1.334999407469648e+20,1.308796299303691e+20,98.03721949093428
2025/12/14/9:10,691731,686990,1.335880134378241e+20,1.309677026212284e+20,98.03851352440743
2025/12/14/9:20,692172,687431,1.336760687968961e+20,1.310557579803003e+20,98.03980559857955
2025/12/14/9:30,692613,687872,1.337641678999989e+20,1.311438570834032e+20,98.04109661224474
2025/12/14/9:40,693054,688313,1.338522758282778e+20,1.312319650116821e+20,98.0423860555368
2025/12/14/9:50,693496,688755,1.339406057638487e+20,1.31320294947253e+20,98.0436770450213
2025/12/14/10:00,693937,689196,1.340287497817097e+20,1.31408438965114e+20,98.04496362096687
2025/12/14/10:10,694378,689637,1.341168457157821e+20,1.314965348991864e+20,98.04624780532893
2025/12/14/10:20,694819,690078,1.342049514534656e+20,1.315846406368699e+20,98.04753044636786
2025/12/14/10:30,695260,690519,1.342930806594312e+20,1.316727698428355e+20,98.04881174537887
2025/12/14/10:40,695701,690960,1.343811464234604e+20,1.317608356068647e+20,98.05009044323926
2025/12/14/10:50,696143,691402,1.344694350555357e+20,1.3184912423894e+20,98.05137069586593
2025/12/14/11:00,696584,691843,1.34557525730133e+20,1.319372149135373e+20,98.0526464035531
2025/12/14/11:10,697025,692284,1.346456252180391e+20,1.320253144014434e+20,98.05392056938167
2025/12/14/11:20,697466,692725,1.347337419080028e+20,1.321134310914071e+20,98.0551933172131
2025/12/14/11:30,697907,693166,1.348218285982092e+20,1.322015177816135e+20,98.0564639688988
2025/12/14/11:40,698349,693608,1.349101505131807e+20,1.32289839696585e+20,98.05773634776303
2025/12/14/11:50,698790,694049,1.349982560992184e+20,1.323779452826227e+20,98.05900395137706
2025/12/14/12:00,698985,694244,1.350372229972506e+20,1.324169121806549e+20,98.05956405320254
2025/12/14/12:10,699381,694640,1.351163361583587e+20,1.32496025341763e+20,98.06070021501718
2025/12/14/12:20,699822,695081,1.352044280742561e+20,1.325841172576604e+20,98.06196375820132
2025/12/14/12:30,700263,695522,1.35292573589342e+20,1.326722627727463e+20,98.06322642324092
2025/12/14/12:40,700705,695964,1.353809439999816e+20,1.327606331833859e+20,98.06449065933825
2025/12/14/12:50,701146,696405,1.354690504481791e+20,1.328487396315834e+20,98.06574947714863
2025/12/14/13:00,701587,696846,1.355571725106167e+20,1.32936861694021e+20,98.06700688125485
2025/12/14/13:10,702028,697287,1.356453106786987e+20,1.33024999862103e+20,98.06826288097611
2025/12/14/13:20,702469,697728,1.357334529673642e+20,1.331131421507685e+20,98.06951730814235
2025/12/14/13:30,702868,698127,1.358131504225698e+20,1.331928396059741e+20,98.07065014805794
2025/12/14/13:40,703310,698569,1.359014822765712e+20,1.332811714599755e+20,98.07190416712075
2025/12/14/13:50,703751,699010,1.359896292156515e+20,1.333693183990558e+20,98.07315393702528
2025/12/14/14:00,704192,699451,1.360777628845131e+20,1.334574520679174e+20,98.07440190002276
2025/12/14/14:10,704633,699892,1.361658675182367e+20,1.33545556701641e+20,98.07564783719035
2025/12/14/14:20,705074,700333,1.362539945819669e+20,1.336336837653712e+20,98.07689247964075
2025/12/14/14:30,705516,700775,1.363423216400735e+20,1.337220108234778e+20,98.07813833219519
2025/12/14/14:40,705957,701216,1.364304533345859e+20,1.338101425179902e+20,98.0793798213295
2025/12/14/14:50,706398,701657,1.365185876495671e+20,1.338982768329714e+20,98.08061974438101
2025/12/14/15:00,706839,702098,1.366067089025908e+20,1.339863980859951e+20,98.08185788410717
2025/12/14/15:10,707280,702539,1.366948186399641e+20,1.340745078233684e+20,98.0830942659961
2025/12/14/15:20,707721,702980,1.36782990075141e+20,1.341626792585453e+20,98.08432991912498
2025/12/14/15:30,708163,703422,1.368713390161632e+20,1.342510281995674e+20,98.08556646305163
2025/12/14/15:40,708604,703863,1.369595189084177e+20,1.34339208091822e+20,98.08679905020119
2025/12/14/15:50,709045,704304,1.370476541873485e+20,1.344273433707528e+20,98.08802942879002
2025/12/14/16:00,709486,704745,1.371357929009735e+20,1.345154820843778e+20,98.0892582737405
2025/12/14/16:10,709927,705186,1.37223952662624e+20,1.346036418460282e+20,98.09048583301053
2025/12/14/16:20,710368,705627,1.37312087761659e+20,1.346917769450633e+20,98.09171147325067
2025/12/14/16:30,710810,706069,1.374004459922625e+20,1.347801351756668e+20,98.09293863810072
2025/12/14/16:40,711202,706461,1.374788173817136e+20,1.348585065651179e+20,98.09402578048052
2025/12/14/16:50,711643,706902,1.375669998888776e+20,1.349466890722819e+20,98.09524753849954
2025/12/14/17:00,712084,707343,1.376551450553817e+20,1.350348342387859e+20,98.09646721483493
2025/12/14/17:10,712525,707784,1.377432861800534e+20,1.351229753634577e+20,98.09768527435119
2025/12/14/17:20,712967,708226,1.378315858636571e+20,1.352112750470614e+20,98.09890396299457
2025/12/14/17:30,713408,708667,1.379197399673432e+20,1.352994291507475e+20,98.10011908576962
2025/12/14/17:40,713849,709108,1.380078806855022e+20,1.353875698689065e+20,98.10133247204412
2025/12/14/17:50,714290,709549,1.380960269643507e+20,1.35475716147755e+20,98.10254438581919
2025/12/14/18:00,714731,709990,1.381841735096886e+20,1.355638626930929e+20,98.10375475711623
2025/12/14/18:10,714989,710248,1.382356316466459e+20,1.356153208300502e+20,98.1044606333527
2025/12/14/18:20,715243,710502,1.382862979067641e+20,1.356659870901684e+20,98.10515513376285
2025/12/14/18:30,715684,710943,1.383743402301031e+20,1.357540294135074e+20,98.1063607513948
2025/12/14/18:40,716125,711384,1.384623077813492e+20,1.358419969647535e+20,98.10756381387667
2025/12/14/18:50,716566,711825,1.385504116159915e+20,1.359301007993957e+20,98.10876720896491
2025/12/14/19:00,717007,712266,1.386386005208896e+20,1.360182897042938e+20,98.10997023429928
2025/12/14/19:10,717448,712707,1.387267592623621e+20,1.361064484457663e+20,98.11117131941347
2025/12/14/19:20,717890,713149,1.388151216686167e+20,1.36194810852021e+20,98.11237364841922
2025/12/14/19:30,718331,713590,1.389032993669867e+20,1.36282988550391e+20,98.1135719392289
2025/12/14/19:40,718772,714031,1.38991467555917e+20,1.363711567393213e+20,98.11476858063855
2025/12/14/19:50,719213,714472,1.390796498520332e+20,1.364593390354374e+20,98.11596389595209
2025/12/14/20:00,719654,714913,1.391678178119855e+20,1.365475069953898e+20,98.11715750250842
2025/12/14/20:10,720096,715355,1.39256187631186e+20,1.366358768145902e+20,98.11835232518679
2025/12/14/20:20,720537,715796,1.393443640341815e+20,1.367240532175858e+20,98.11954302224024
2025/12/14/20:30,720978,716237,1.394325276455528e+20,1.368122168289571e+20,98.12073204090746
2025/12/14/20:40,721419,716678,1.39520734548275e+20,1.369004237316793e+20,98.12192013962692
2025/12/14/20:50,721860,717119,1.396089162281722e+20,1.369886054115765e+20,98.12310639793725
2025/12/14/21:00,722301,717560,1.396971225908338e+20,1.370768117742381e+20,98.12429149004701
2025/12/14/21:10,722743,718002,1.397855127589484e+20,1.371652019423527e+20,98.12547755137237
2025/12/14/21:20,723184,718443,1.398737314241131e+20,1.372534206075174e+20,98.12665981673811
2025/12/14/21:30,723625,718884,1.399619209907522e+20,1.373416101741565e+20,98.12784020250133
2025/12/14/21:40,724066,719325,1.400501189293197e+20,1.37429808112724e+20,98.12901921353017
2025/12/14/21:50,724507,719766,1.401383011412155e+20,1.375179903246198e+20,98.13019653067204
2025/12/14/22:00,724948,720207,1.402265036228488e+20,1.376061928062531e+20,98.13137263719898
2025/12/14/22:10,725345,720604,1.40305837296101e+20,1.376855264795053e+20,98.13242922240946
2025/12/14/22:20,725786,721045,1.403939133027868e+20,1.37773602486191e+20,98.13360084140933
2025/12/14/22:30,726227,721486,1.404820410459047e+20,1.378617302293089e+20,98.13477167822505
2025/12/14/22:40,726668,721927,1.40570161447888e+20,1.379498506312923e+20,98.13594094962528
2025/12/14/22:50,727109,722368,1.406582925595132e+20,1.380379817429175e+20,98.13710889780135
2025/12/14/23:00,727551,722810,1.407466608014475e+20,1.381263499848518e+20,98.13827851994854
2025/12/14/23:10,727992,723251,1.408347761360674e+20,1.382144653194717e+20,98.13944333318348
2025/12/14/23:20,728433,723692,1.409229056601845e+20,1.383025948435888e+20,98.14060687698689
2025/12/14/23:30,728874,724133,1.410110370107205e+20,1.383907261941247e+20,98.14176899046809
2025/12/14/23:40,729315,724574,1.410991533659438e+20,1.384788425493481e+20,98.14292945486363
2025/12/14/23:50,729756,725015,1.411872414520112e+20,1.385669306354154e+20,98.14408809914573
2025/12/15/0:00,730198,725457,1.412755862111001e+20,1.386552753945043e+20,98.14524866831532
2025/12/15/0:10,730639,725898,1.413636876863836e+20,1.387433768697879e+20,98.1464045969083
2025/12/15/0:20,731080,726339,1.414517920995527e+20,1.38831481282957e+20,98.14755912406429
2025/12/15/0:30,731521,726780,1.415398978540443e+20,1.389195870374485e+20,98.14871223144603
2025/12/15/0:40,731962,727221,1.416279936044672e+20,1.390076827878715e+20,98.1498637734616
2025/12/15/0:50,732326,727585,1.417007217932373e+20,1.390804109766415e+20,98.15081335970952
2025/12/15/1:00,732755,728014,1.417864476933293e+20,1.391661368767335e+20,98.15193140160814
2025/12/15/1:10,733135,728394,1.41862423568683e+20,1.392421127520873e+20,98.1529211536929
2025/12/15/1:20,733576,728835,1.419505785179272e+20,1.393302677013315e+20,98.1540682370204
2025/12/15/1:30,734017,729276,1.420387572401123e+20,1.394184464235166e+20,98.15521420525654
2025/12/15/1:40,734458,729717,1.4212690332138e+20,1.395065925047843e+20,98.15635832811284
2025/12/15/1:50,734900,730159,1.42215250371151e+20,1.395949395545553e+20,98.15750363638409
2025/12/15/2:00,735341,730600,1.423033870319466e+20,1.396830762153509e+20,98.15864480020601
2025/12/15/2:10,735782,731041,1.423915369169619e+20,1.397712261003662e+20,98.15978472223121
2025/12/15/2:20,736223,731482,1.424797029480228e+20,1.398593921314271e+20,98.16092344216101
2025/12/15/2:30,736583,731842,1.425516572858086e+20,1.399313464692129e+20,98.16185173397028
2025/12/15/2:40,736846,732105,1.426042780228745e+20,1.399839672062788e+20,98.16253000756723
2025/12/15/2:50,737196,732455,1.426742609656357e+20,1.4005395014904e+20,98.16343130228175
2025/12/15/3:00,737637,732896,1.427624868087311e+20,1.401421759921354e+20,98.16456628406429
2025/12/15/3:10,738078,733337,1.428507113841473e+20,1.402304005675516e+20,98.16569984761972
2025/12/15/3:20,738519,733778,1.429388367834375e+20,1.403185259668418e+20,98.1668307399439
2025/12/15/3:30,738960,734219,1.430270146105566e+20,1.404067037939608e+20,98.16796091023051
2025/12/15/3:40,739401,734660,1.431151773779565e+20,1.404948665613608e+20,98.16908949518634
2025/12/15/3:50,739843,735102,1.432035303894863e+20,1.405832195728906e+20,98.17021912136596
2025/12/15/4:00,740284,735543,1.43291719464425e+20,1.406714086478293e+20,98.17134526238533
2025/12/15/4:10,740725,735984,1.433798872748857e+20,1.4075957645829e+20,98.17246974704889
2025/12/15/4:20,741166,736425,1.43468069280197e+20,1.408477584636013e+20,98.17359303032218
2025/12/15/4:30,741607,736866,1.435562073588344e+20,1.409358965422387e+20,98.17471437508378
2025/12/15/4:40,742049,737308,1.436445832870018e+20,1.410242724704061e+20,98.17583736425317
2025/12/15/4:50,742490,737749,1.437328023420519e+20,1.411124915254562e+20,98.17695698274916
2025/12/15/5:00,742931,738190,1.438209915223271e+20,1.412006807057314e+20,98.17807484925527
2025/12/15/5:10,743372,738631,1.439092386329314e+20,1.412889278163357e+20,98.17919207864108
2025/12/15/5:20,743813,739072,1.43997440158007e+20,1.413771293414113e+20,98.18030736260278
2025/12/15/5:30,744254,739513,1.440856395789135e+20,1.414653287623178e+20,98.18142125457227
2025/12/15/5:40,744696,739955,1.441740144444124e+20,1.415537036278166e+20,98.18253599534331
2025/12/15/5:50,745137,740396,1.442621902675135e+20,1.416418794509178e+20,98.18364686427073
2025/12/15/6:00,745524,740783,1.443395096963766e+20,1.417191988797808e+20,98.18461984379215
2025/12/15/6:10,745965,741224,1.444276106718844e+20,1.418072998552887e+20,98.18572722735915
2025/12/15/6:20,746406,741665,1.445157154696889e+20,1.418954046530932e+20,98.18683330869624
2025/12/15/6:30,746847,742106,1.446038167029662e+20,1.419835058863704e+20,98.18793799753006
2025/12/15/6:40,747289,742548,1.446921370502564e+20,1.420718262336607e+20,98.1890440835181
2025/12/15/6:50,747665,742924,1.447672190781368e+20,1.42146908261541e+20,98.18998331716145
2025/12/15/7:00,747857,743116,1.448055920033137e+20,1.42185281186718e+20,98.19046296462379
2025/12/15/7:10,747858,743117,1.448057909142405e+20,1.421854800976448e+20,98.190465450275
2025/12/15/7:20,747858,743117,1.448057909142405e+20,1.421854800976448e+20,98.190465450275
2025/12/15/7:30,747858,743117,1.448057909142405e+20,1.421854800976448e+20,98.190465450275
2025/12/15/7:40,747858,743117,1.448057909142405e+20,1.421854800976448e+20,98.190465450275
2025/12/15/7:50,747858,743117,1.448057909142405e+20,1.421854800976448e+20,98.190465450275
2025/12/15/8:00,747858,743117,1.448057909142405e+20,1.421854800976448e+20,98.190465450275
2025/12/15/8:10,747858,743117,1.448057909142405e+20,1.421854800976448e+20,98.190465450275
2025/12/15/8:20,747858,743117,1.448057909142405e+20,1.421854800976448e+20,98.190465450275
2025/12/15/8:30,747858,743117,1.448057909142405e+20,1.421854800976448e+20,98.190465450275
2025/12/15/8:40,747858,743117,1.448057909142405e+20,1.421854800976448e+20,98.190465450275
2025/12/15/8:50,747858,743117,1.448057909142405e+20,1.421854800976448e+20,98.190465450275
2025/12/15/9:00,747858,743117,1.448057909142405e+20,1.421854800976448e+20,98.190465450275
2025/12/15/9:10,747858,743117,1.448057909142405e+20,1.421854800976448e+20,98.190465450275
2025/12/15/9:20,747858,743117,1.448057909142405e+20,1.421854800976448e+20,98.190465450275
2025/12/15/9:30,747858,743117,1.448057909142405e+20,1.421854800976448e+20,98.190465450275
2025/12/15/9:40,747858,743117,1.448057909142405e+20,1.421854800976448e+20,98.190465450275
2025/12/15/9:50,747858,743117,1.448057909142405e+20,1.421854800976448e+20,98.190465450275
2025/12/15/10:00,747858,743117,1.448057909142405e+20,1.421854800976448e+20,98.190465450275
2025/12/15/10:10,747858,743117,1.448057909142405e+20,1.421854800976448e+20,98.190465450275
2025/12/15/10:20,747858,743117,1.448057909142405e+20,1.421854800976448e+20,98.190465450275
2025/12/15/10:30,747858,743117,1.448057909142405e+20,1.421854800976448e+20,98.190465450275
2025/12/15/10:40,747858,743117,1.448057909142405e+20,1.421854800976448e+20,98.190465450275
2025/12/15/10:50,747858,743117,1.448057909142405e+20,1.421854800976448e+20,98.190465450275
2025/12/15/11:00,747858,743117,1.448057909142405e+20,1.421854800976448e+20,98.190465450275
2025/12/15/11:10,747858,743117,1.448057909142405e+20,1.421854800976448e+20,98.190465450275
2025/12/15/11:20,747858,743117,1.448057909142405e+20,1.421854800976448e+20,98.190465450275
2025/12/15/11:30,747858,743117,1.448057909142405e+20,1.421854800976448e+20,98.190465450275
2025/12/15/11:40,747858,743117,1.448057909142405e+20,1.421854800976448e+20,98.190465450275
2025/12/15/11:50,747858,743117,1.448057909142405e+20,1.421854800976448e+20,98.190465450275
2025/12/15/12:00,747858,743117,1.448057909142405e+20,1.421854800976448e+20,98.190465450275
2025/12/15/12:10,747858,743117,1.448057909142405e+20,1.421854800976448e+20,98.190465450275
2025/12/15/12:20,747858,743117,1.448057909142405e+20,1.421854800976448e+20,98.190465450275
2025/12/15/12:30,747858,743117,1.448057909142405e+20,1.421854800976448e+20,98.190465450275
2025/12/15/12:40,747858,743117,1.448057909142405e+20,1.421854800976448e+20,98.190465450275
2025/12/15/12:50,747858,743117,1.448057909142405e+20,1.421854800976448e+20,98.190465450275
2025/12/15/13:00,747858,743117,1.448057909142405e+20,1.421854800976448e+20,98.190465450275
2025/12/15/13:10,747858,743117,1.448057909142405e+20,1.421854800976448e+20,98.190465450275
2025/12/15/13:20,747858,743117,1.448057909142405e+20,1.421854800976448e+20,98.190465450275
2025/12/15/13:30,747858,743117,1.448057909142405e+20,1.421854800976448e+20,98.190465450275
2025/12/15/13:40,747858,743117,1.448057909142405e+20,1.421854800976448e+20,98.190465450275
2025/12/15/13:50,747858,743117,1.448057909142405e+20,1.421854800976448e+20,98.190465450275
2025/12/15/14:00,747858,743117,1.448057909142405e+20,1.421854800976448e+20,98.190465450275
2025/12/15/14:10,747858,743117,1.448057909142405e+20,1.421854800976448e+20,98.190465450275
2025/12/15/14:20,747858,743117,1.448057909142405e+20,1.421854800976448e+20,98.190465450275
2025/12/15/14:30,747858,743117,1.448057909142405e+20,1.421854800976448e+20,98.190465450275
2025/12/15/14:40,747858,743117,1.448057909142405e+20,1.421854800976448e+20,98.190465450275
2025/12/15/14:50,747858,743117,1.448057909142405e+20,1.421854800976448e+20,98.190465450275
2025/12/15/15:00,747858,743117,1.448057909142405e+20,1.421854800976448e+20,98.190465450275
2025/12/15/15:10,747858,743117,1.448057909142405e+20,1.421854800976448e+20,98.190465450275
2025/12/15/15:20,747858,743117,1.448057909142405e+20,1.421854800976448e+20,98.190465450275
2025/12/15/15:30,747858,743117,1.448057909142405e+20,1.421854800976448e+20,98.190465450275
2025/12/15/15:40,747858,743117,1.448057909142405e+20,1.421854800976448e+20,98.190465450275
2025/12/15/15:50,747858,743117,1.448057909142405e+20,1.421854800976448e+20,98.190465450275
2025/12/15/16:00,747858,743117,1.448057909142405e+20,1.421854800976448e+20,98.190465450275
2025/12/15/16:10,747858,743117,1.448057909142405e+20,1.421854800976448e+20,98.190465450275
2025/12/15/16:20,747858,743117,1.448057909142405e+20,1.421854800976448e+20,98.190465450275
2025/12/15/16:30,747858,743117,1.448057909142405e+20,1.421854800976448e+20,98.190465450275
2025/12/15/16:40,747858,743117,1.448057909142405e+20,1.421854800976448e+20,98.190465450275
2025/12/15/16:50,747858,743117,1.448057909142405e+20,1.421854800976448e+20,98.190465450275
2025/12/15/17:00,747858,743117,1.448057909142405e+20,1.421854800976448e+20,98.190465450275
2025/12/15/17:10,747858,743117,1.448057909142405e+20,1.421854800976448e+20,98.190465450275
2025/12/15/17:20,747862,743121,1.448062274425728e+20,1.421859166259771e+20,98.19047090524137
2025/12/15/17:30,747866,743125,1.448070918976988e+20,1.421867810811031e+20,98.19048170759007
2025/12/15/17:40,747872,743131,1.448083875708159e+20,1.421880767542202e+20,98.19049789825586
2025/12/15/17:50,748010,743269,1.448381299523697e+20,1.422178191357739e+20,98.19086947790791
2025/12/15/18:00,748452,743711,1.449334111856277e+20,1.42313100369032e+20,98.19205882538728
2025/12/15/18:10,748893,744152,1.450285183465226e+20,1.424082075299269e+20,98.19324444152777
2025/12/15/18:20,749334,744593,1.451236203735317e+20,1.42503309556936e+20,98.19442843980096
2025/12/15/18:30,749775,745034,1.452187092474228e+20,1.425983984308271e+20,98.19561072386944
2025/12/15/18:40,750216,745475,1.453138081583662e+20,1.426934973417705e+20,98.1967915851878
2025/12/15/18:50,750658,745917,1.454091373882516e+20,1.427888265716559e+20,98.19797375621636
2025/12/15/19:00,751099,746358,1.455042477003243e+20,1.428839368837286e+20,98.19915166875923
2025/12/15/19:10,751540,746799,1.455993595777436e+20,1.429790487611479e+20,98.2003280617477
2025/12/15/19:20,751981,747240,1.456944129324658e+20,1.430741021158701e+20,98.20150219637432
2025/12/15/19:30,752422,747681,1.457895230680486e+20,1.431692122514529e+20,98.20267549995847
2025/12/15/19:40,752863,748122,1.458846205986361e+20,1.432643097820404e+20,98.20384711846711
2025/12/15/19:50,753305,748564,1.459799179167705e+20,1.433596071001748e+20,98.20501966709581
2025/12/15/20:00,753746,749005,1.460749865940767e+20,1.43454675777481e+20,98.20618787809495
2025/12/15/20:10,754187,749446,1.461701016911055e+20,1.435497908745097e+20,98.2073551387868
2025/12/15/20:20,754628,749887,1.462652171653265e+20,1.436449063487308e+20,98.20852088597802
2025/12/15/20:30,755069,750328,1.463602897615592e+20,1.437399789449635e+20,98.2096845935024
2025/12/15/20:40,755508,750767,1.464549264593656e+20,1.438346156427699e+20,98.21084146505463
2025/12/15/20:50,755908,751167,1.465412019118229e+20,1.439208910952272e+20,98.21189482383772
2025/12/15/21:00,756349,751608,1.466363406657234e+20,1.440160298491277e+20,98.21305495984174
2025/12/15/21:10,756790,752049,1.467314699495409e+20,1.441111591329452e+20,98.21421347615694
2025/12/15/21:20,757231,752490,1.468266262643101e+20,1.442063154477144e+20,98.21537081981387
2025/12/15/21:30,757672,752931,1.469217639390179e+20,1.443014531224222e+20,98.21652643805494
2025/12/15/21:40,758114,753373,1.470171191076598e+20,1.443968082910641e+20,98.21768319737181
2025/12/15/21:50,758555,753814,1.471122540124715e+20,1.444919431958758e+20,98.21883579027102
2025/12/15/22:00,758996,754255,1.472073432871222e+20,1.445870324705265e+20,98.21998634165627
2025/12/15/22:10,759437,754696,1.473024556927607e+20,1.44682144876165e+20,98.22113568692902
2025/12/15/22:20,759878,755137,1.473975707568702e+20,1.447772599402745e+20,98.22228358097036
2025/12/15/22:30,760319,755578,1.474926974318277e+20,1.44872386615232e+20,98.22343013435845
2025/12/15/22:40,760761,756020,1.475880355708387e+20,1.449677247542429e+20,98.22457775356857
2025/12/15/22:50,761202,756461,1.476831607697141e+20,1.450628499531177e+20,98.22572133279142
2025/12/15/23:00,761643,756902,1.477782804412187e+20,1.451579696246225e+20,98.22686337344513
2025/12/15/23:10,762084,757343,1.478733776316739e+20,1.452530668150777e+20,98.22800367546694
2025/12/15/23:20,762525,757784,1.479684724126814e+20,1.453481615960858e+20,98.22914248294218
2025/12/15/23:30,762966,758225,1.480635926363211e+20,1.45443281819725e+20,98.2302801317052
2025/12/15/23:40,763140,758399,1.481011328165706e+20,1.454808219999746e+20,98.23072871438373
2025/12/15/23:50,763581,758840,1.481962831293218e+20,1.45575972312726e+20,98.23186468562831
2025/12/16/0:00,764022,759281,1.482914186526612e+20,1.456711078360657e+20,98.23299902286799
2025/12/16/0:10,764463,759722,1.483865248068842e+20,1.457662139902885e+20,98.23413155607903
2025/12/16/0:20,764904,760163,1.484816716807746e+20,1.458613608641787e+20,98.23526312242132
2025/12/16/0:30,765177,760436,1.485405528420974e+20,1.459202420255012e+20,98.23596266039098
2025/12/16/0:40,765618,760877,1.486356701098822e+20,1.460153592932859e+20,98.23709153081548
2025/12/16/0:50,766059,761318,1.487308298166231e+20,1.461105190000267e+20,98.23821946006279
2025/12/16/1:00,766500,761759,1.488259965607295e+20,1.462056857441333e+20,98.23934603016285
2025/12/16/1:10,766941,762200,1.489211567417441e+20,1.463008459251476e+20,98.24047108286933
2025/12/16/1:20,767382,762641,1.490162807573148e+20,1.463959699407187e+20,98.24159427192822
2025/12/16/1:30,767824,763083,1.491116727661053e+20,1.464913619495092e+20,98.24271918623955
2025/12/16/1:40,768265,763524,1.492068012275062e+20,1.465864904109098e+20,98.2438395602349
2025/12/16/1:50,768706,763965,1.493019274496165e+20,1.466816166330197e+20,98.24495848020375
2025/12/16/2:00,769147,764406,1.493970692860698e+20,1.467767584694731e+20,98.2460761585763
2025/12/16/2:10,769588,764847,1.494921896597167e+20,1.4687187884312e+20,98.24719216263995
2025/12/16/2:20,770029,765288,1.495873052264657e+20,1.469669944098689e+20,98.2483066911127
2025/12/16/2:30,770471,765730,1.496826591073438e+20,1.470623482907468e+20,98.24942259028288
2025/12/16/2:40,770912,766171,1.497777701722926e+20,1.471574593556953e+20,98.25053423242774
2025/12/16/2:50,771353,766612,1.498728954963439e+20,1.472525846797465e+20,98.2516446299916
2025/12/16/3:00,771656,766915,1.499382863029653e+20,1.473179754863679e+20,98.25240711948463
2025/12/16/3:10,771898,767157,1.499904607144479e+20,1.473701498978504e+20,98.25301502234463
2025/12/16/3:20,772340,767599,1.500857201181037e+20,1.474654093015064e+20,98.25412383367626
2025/12/16/3:30,772700,767959,1.50163327631486e+20,1.475430168148887e+20,98.25502613858704
2025/12/16/3:40,773016,768275,1.502315031969511e+20,1.476111923803537e+20,98.25581801364115
2025/12/16/3:50,773457,768716,1.503266409365948e+20,1.477063301199975e+20,98.25692186010959
2025/12/16/4:00,773833,769092,1.504077673154001e+20,1.477874564988027e+20,98.25786203507519
2025/12/16/4:10,774274,769533,1.505029282326372e+20,1.478826174160398e+20,98.25896356478391
2025/12/16/4:20,774716,769975,1.505982913208502e+20,1.479779805042528e+20,98.26006603818979
2025/12/16/4:30,775157,770416,1.50693453784046e+20,1.480731429674486e+20,98.26116480125778
2025/12/16/4:40,775598,770857,1.507885843195472e+20,1.481682735029499e+20,98.26226180952501
2025/12/16/4:50,776039,771298,1.508837790753369e+20,1.482634682587395e+20,98.26335817365165
2025/12/16/5:00,776480,771739,1.509789106048041e+20,1.483585997882068e+20,98.26445242842151
2025/12/16/5:10,776921,772180,1.510740547774103e+20,1.484537439608129e+20,98.2655454502376
2025/12/16/5:20,777325,772584,1.511612071277251e+20,1.485408963111278e+20,98.26654545409704
2025/12/16/5:30,777325,772584,1.511612071277251e+20,1.485408963111278e+20,98.26654545409704
2025/12/16/5:40,777325,772584,1.511612071277251e+20,1.485408963111278e+20,98.26654545409704
2025/12/16/5:50,777325,772584,1.511612071277251e+20,1.485408963111278e+20,98.26654545409704
2025/12/16/6:00,777325,772584,1.511612071277251e+20,1.485408963111278e+20,98.26654545409704
2025/12/16/6:10,777325,772584,1.511612071277251e+20,1.485408963111278e+20,98.26654545409704
2025/12/16/6:20,777325,772584,1.511612071277251e+20,1.485408963111278e+20,98.26654545409704
2025/12/16/6:30,777681,772940,1.512378523344356e+20,1.486175415178383e+20,98.26742394436877
2025/12/16/6:40,778122,773381,1.513327272580745e+20,1.487124164414772e+20,98.26851014709541
2025/12/16/6:50,778563,773822,1.514276924321386e+20,1.488073816155413e+20,98.26959602004658
2025/12/16/7:00,779004,774263,1.515226450287348e+20,1.489023342121374e+20,98.27068038833376
2025/12/16/7:10,779446,774705,1.516178733954282e+20,1.489975625788309e+20,98.27176654182227
2025/12/16/7:20,779887,775146,1.517128358852739e+20,1.490925250686766e+20,98.27284830495236
2025/12/16/7:30,780328,775587,1.518078647275305e+20,1.491875539109332e+20,98.27392946913498
2025/12/16/7:40,780769,776028,1.519028814986481e+20,1.492825706820508e+20,98.27500914350946
2025/12/16/7:50,781210,776469,1.519979549776927e+20,1.493776441610953e+20,98.27608811119734
2025/12/16/8:00,781651,776910,1.520929896861361e+20,1.494726788695388e+20,98.27716529078381
2025/12/16/8:10,782093,777352,1.52188263956033e+20,1.495679531394357e+20,98.27824383531023
2025/12/16/8:20,782534,777793,1.522833474736781e+20,1.496630366570807e+20,98.2793188749346
2025/12/16/8:30,782975,778234,1.523784468096965e+20,1.497581359930992e+20,98.28039275143038
2025/12/16/8:40,783416,778675,1.524735393445256e+20,1.498532285279283e+20,98.28146521169384
2025/12/16/8:50,783857,779116,1.525686108335224e+20,1.49948300016925e+20,98.28253609816468
2025/12/16/9:00,784299,779558,1.526638675011817e+20,1.500435566845844e+20,98.28360773280092
2025/12/16/9:10,784740,779999,1.527589607957102e+20,1.501386499791128e+20,98.28467619644155
2025/12/16/9:20,785147,780406,1.528466959761398e+20,1.502263851595425e+20,98.285660805513
2025/12/16/9:30,785317,780576,1.528833350927382e+20,1.502630242761409e+20,98.28607165391318
2025/12/16/9:40,785758,781017,1.529784701932473e+20,1.503581593766499e+20,98.28713752119022
2025/12/16/9:50,786199,781458,1.530736294590596e+20,1.504533186424622e+20,98.28820233383297
2025/12/16/10:00,786641,781900,1.531690350151748e+20,1.505487241985775e+20,98.28926857420122
2025/12/16/10:10,787082,782341,1.532642123155878e+20,1.506439014989905e+20,98.29033094092323
2025/12/16/10:20,787523,782782,1.533593752450083e+20,1.507390644284109e+20,98.29139182889138
2025/12/16/10:30,787964,783223,1.534545511357704e+20,1.50834240319173e+20,98.29245154529239
2025/12/16/10:40,788405,783664,1.535497431465209e+20,1.509294323299235e+20,98.29351012714037
2025/12/16/10:50,788846,784105,1.536449380597737e+20,1.510246272431763e+20,98.29456742949908
2025/12/16/11:00,789288,784547,1.537403116689613e+20,1.51120000852364e+20,98.29562540354446
2025/12/16/11:10,789729,784988,1.538355131065437e+20,1.512152022899463e+20,98.29668015942291
2025/12/16/11:20,790095,785354,1.539144880018696e+20,1.512941771852723e+20,98.29755414801139
2025/12/16/11:30,790536,785795,1.540097065647323e+20,1.51389395748135e+20,98.29860670795058
2025/12/16/11:40,790977,786236,1.541049121980112e+20,1.514846013814138e+20,98.29965782451472
2025/12/16/11:50,791419,786678,1.542002801534658e+20,1.515799693368685e+20,98.30070943192223
2025/12/16/12:00,791860,787119,1.542955004739416e+20,1.516751896573443e+20,98.30175811443064
2025/12/16/12:10,792301,787560,1.543907095971508e+20,1.517703987805535e+20,98.30280538030139
2025/12/16/12:20,792742,788001,1.544858994141976e+20,1.518655885976002e+20,98.30385114335132
2025/12/16/12:30,793183,788442,1.545810957181778e+20,1.519607849015805e+20,98.30489568959032
2025/12/16/12:40,793624,788883,1.546762912314869e+20,1.520559804148896e+20,98.30593894142716
2025/12/16/12:50,794066,789325,1.547717070908476e+20,1.521513962742503e+20,98.30698332023999
2025/12/16/13:00,794507,789766,1.548668644872733e+20,1.522465536706759e+20,98.30802358834309
2025/12/16/13:10,794948,790207,1.549620553469169e+20,1.523417445303196e+20,98.30906294400187
2025/12/16/13:20,795389,790648,1.550572677227837e+20,1.524369569061863e+20,98.31010125801906
2025/12/16/13:30,795830,791089,1.551525072937475e+20,1.525321964771501e+20,98.31113859369584
2025/12/16/13:40,796271,791530,1.552477053657762e+20,1.526273945491789e+20,98.31217420545852
2025/12/16/13:50,796713,791972,1.553431223711744e+20,1.52722811554577e+20,98.31321092520825
2025/12/16/14:00,797154,792413,1.554383337427555e+20,1.528180229261581e+20,98.31424414203136
2025/12/16/14:10,797595,792854,1.55533492704399e+20,1.529131818878017e+20,98.3152755261676
2025/12/16/14:20,798036,793295,1.556286834371381e+20,1.530083726205407e+20,98.31630599274732
2025/12/16/14:30,798477,793736,1.557238641368363e+20,1.53103553320239e+20,98.31733509111048
2025/12/16/14:40,798919,794178,1.558192815125126e+20,1.531989706959153e+20,98.31836548650308
2025/12/16/14:50,799360,794619,1.559144480544077e+20,1.532941372378104e+20,98.31939191698066
2025/12/16/15:00,799801,795060,1.560096364675183e+20,1.53389325650921e+20,98.32041733066733
2025/12/16/15:10,800242,795501,1.561047803358656e+20,1.534844695192682e+20,98.32144101483654
2025/12/16/15:20,800683,795942,1.561999512458584e+20,1.53579640429261e+20,98.32246374233947
2025/12/16/15:30,801124,796383,1.562950851679521e+20,1.536747743513548e+20,98.32348482757369
2025/12/16/15:40,801472,796731,1.563701696422495e+20,1.537498588256521e+20,98.32428984211489
2025/12/16/15:50,801913,797172,1.564652765485484e+20,1.538449657319511e+20,98.32530841705041
2025/12/16/16:00,802354,797613,1.565603821327705e+20,1.539400713161732e+20,98.32632574032989
2025/12/16/16:10,802795,798054,1.566554710041851e+20,1.540351601875877e+20,98.32734164992722
2025/12/16/16:20,803236,798495,1.567505895944975e+20,1.541302787779001e+20,98.32835664390424
2025/12/16/16:30,803677,798936,1.568456932644304e+20,1.542253824478331e+20,98.32937024787816
2025/12/16/16:40,804119,799378,1.569410303122131e+20,1.543207194956157e+20,98.33038510618633
2025/12/16/16:50,804560,799819,1.570361267153255e+20,1.544158158987282e+20,98.33139617525882
2025/12/16/17:00,805001,800260,1.571312189937266e+20,1.545109081771292e+20,98.33240597675122
2025/12/16/17:10,805442,800701,1.572263630335202e+20,1.546060522169229e+20,98.3334151054307
2025/12/16/17:20,805883,801142,1.573214636892287e+20,1.547011528726314e+20,98.33442255420819
2025/12/16/17:30,806325,801584,1.574167816756418e+20,1.547964708590444e+20,98.33543108383672
2025/12/16/17:40,806766,802025,1.575118796209593e+20,1.54891568804362e+20,98.33643606888387
2025/12/16/17:50,807207,802466,1.57606965888635e+20,1.549866550720377e+20,98.3374397179571
2025/12/16/18:00,807648,802907,1.577021073073919e+20,1.550817964907945e+20,98.33844273780701
2025/12/16/18:10,808089,803348,1.577972391325533e+20,1.551769283159559e+20,98.33944444718946
2025/12/16/18:20,808529,803788,1.578921608813959e+20,1.552718500647986e+20,98.34044274144449
2025/12/16/18:30,808908,804167,1.579738759636877e+20,1.553535651470903e+20,98.34130117994975
2025/12/16/18:40,809349,804608,1.580689845122267e+20,1.554486736956293e+20,98.34229920266574
2025/12/16/18:50,809790,805049,1.581640622316125e+20,1.555437514150151e+20,98.3432957021803
2025/12/16/19:00,810231,805490,1.582591366945357e+20,1.556388258779384e+20,98.34429097028695
2025/12/16/19:10,810611,805870,1.583410776092031e+20,1.557207667926057e+20,98.34514779350911
2025/12/16/19:20,811052,806311,1.584361630232585e+20,1.558158522066611e+20,98.34614095254712
2025/12/16/19:30,811494,806753,1.585314835622378e+20,1.559111727456404e+20,98.34713537165088
2025/12/16/19:40,811935,807194,1.586266349587997e+20,1.560063241422024e+20,98.34812683426215
2025/12/16/19:50,812376,807635,1.587217912244219e+20,1.561014804078246e+20,98.34911715878231
2025/12/16/20:00,812817,808076,1.588169810410296e+20,1.561966702244323e+20,98.35010664513236
2025/12/16/20:10,813257,808516,1.589119326072706e+20,1.562916217906733e+20,98.35109247392197
2025/12/16/20:20,813699,808958,1.590073027044701e+20,1.563869918878728e+20,98.35208146290776
2025/12/16/20:30,814140,809399,1.59102490746838e+20,1.564821799302406e+20,98.3530673817252
2025/12/16/20:40,814581,809840,1.591976666460362e+20,1.565773558294388e+20,98.35405199598597
2025/12/16/20:50,815022,810281,1.592928546286667e+20,1.566725438120694e+20,98.35503555843378
2025/12/16/21:00,815463,810722,1.593880702569592e+20,1.567677594403618e+20,98.35601823124341
2025/12/16/21:10,815773,811032,1.594549518753405e+20,1.568346410587432e+20,98.35670778123851
2025/12/16/21:20,815773,811032,1.594549518753405e+20,1.568346410587432e+20,98.35670778123851
2025/12/16/21:30,815773,811032,1.594549518753405e+20,1.568346410587432e+20,98.35670778123851
2025/12/16/21:40,816084,811343,1.595220509796969e+20,1.569017401630996e+20,98.35739899248736
2025/12/16/21:50,816525,811784,1.596172070565617e+20,1.569968962399643e+20,98.35837823194787
2025/12/16/22:00,816966,812225,1.597124176961385e+20,1.570921068795412e+20,98.35935686504813
2025/12/16/22:10,817407,812666,1.598076168509718e+20,1.571873060343744e+20,98.3603342142065
2025/12/16/22:20,817849,813108,1.599030269825432e+20,1.572827161659458e+20,98.36131256171691
2025/12/16/22:30,818290,813549,1.599982776882505e+20,1.573779668716531e+20,98.36228811056148
2025/12/16/22:40,818731,813990,1.600934337040883e+20,1.57473122887491e+20,98.3632615304881
2025/12/16/22:50,819172,814431,1.601885922687778e+20,1.575682814521805e+20,98.36423381997092
2025/12/16/23:00,819613,814872,1.602837298838518e+20,1.576634190672544e+20,98.3652047413071
2025/12/16/23:10,820055,815314,1.603791388928371e+20,1.577588280762397e+20,98.36617727549454
2025/12/16/23:20,820496,815755,1.604743059458464e+20,1.578539951292491e+20,98.36714619131514
2025/12/16/23:30,820937,816196,1.605694948740318e+20,1.579491840574344e+20,98.36811418093269
2025/12/16/23:40,821378,816637,1.606647082594343e+20,1.58044397442837e+20,98.3690812718085
2025/12/16/23:50,821819,817078,1.607599133963949e+20,1.581396025797975e+20,98.37004713349386
2025/12/17/0:00,822260,817519,1.608551423704966e+20,1.582348315538992e+20,98.37101209325219
2025/12/17/0:10,822702,817961,1.609505626754936e+20,1.583302518588963e+20,98.37197784646433
2025/12/17/0:20,823125,818384,1.610418869956756e+20,1.584215761790783e+20,98.37290107221129
2025/12/17/0:30,823419,818678,1.611053205153614e+20,1.58485009698764e+20,98.37354172524209
2025/12/17/0:40,823860,819119,1.612004970223428e+20,1.585801862057454e+20,98.37450202387765
2025/12/17/0:50,824301,819560,1.612957353124056e+20,1.586754244958082e+20,98.37546181148423
2025/12/17/1:00,824742,820001,1.613909568799988e+20,1.587706460634015e+20,98.37642029810526
2025/12/17/1:10,825184,820443,1.614864138300013e+20,1.58866103013404e+20,98.37738001950072
2025/12/17/1:20,825625,820884,1.61581661657212e+20,1.589613508406146e+20,98.37833650816377
2025/12/17/1:30,826066,821325,1.616768811265956e+20,1.590565703099982e+20,98.3792915855758
2025/12/17/1:40,826507,821766,1.617721513042488e+20,1.591518404876514e+20,98.38024604638578
2025/12/17/1:50,826948,822207,1.618674096477132e+20,1.592470988311158e+20,98.38119926531218
2025/12/17/2:00,827390,822649,1.619629100085802e+20,1.593425991919829e+20,98.38215378048065
2025/12/17/2:10,827668,822927,1.620228890910579e+20,1.594025782744606e+20,98.38275268926682
2025/12/17/2:20,828109,823368,1.621179156490302e+20,1.594976048324329e+20,98.38370065016746
2025/12/17/2:30,828550,823809,1.622128544298516e+20,1.595925436132542e+20,98.38464662630638
2025/12/17/2:40,828762,824021,1.622584520148875e+20,1.596381411982901e+20,98.38510057007267
2025/12/17/2:50,829203,824462,1.623533680082975e+20,1.597330571917001e+20,98.38604468219999
2025/12/17/3:00,829645,824904,1.624485748324398e+20,1.598282640158424e+20,98.38699057883387
2025/12/17/3:10,830086,825345,1.625436366823058e+20,1.599233258657085e+20,98.38793392957069
2025/12/17/3:20,830527,825786,1.626387022748275e+20,1.600183914582301e+20,98.38887621461124
2025/12/17/3:30,830968,826227,1.627338153814343e+20,1.601135045648369e+20,98.38981786885807
2025/12/17/3:40,831409,826668,1.628289014932077e+20,1.602085906766104e+20,98.39075815621918
2025/12/17/3:50,831850,827109,1.629240108436529e+20,1.603037000270555e+20,98.3916975754348
2025/12/17/4:00,832292,827551,1.630193211823763e+20,1.60399010365779e+20,98.39263788022654
2025/12/17/4:10,832733,827992,1.631144167102356e+20,1.604941058936383e+20,98.39357497059737
2025/12/17/4:20,833174,828433,1.632094947716636e+20,1.605891839550662e+20,98.3945107971425
2025/12/17/4:30,833615,828874,1.633046248653464e+20,1.60684314048749e+20,98.39544604523115
2025/12/17/4:40,834006,829265,1.633889584777641e+20,1.607686476611667e+20,98.39627423969782
2025/12/17/4:50,834448,829707,1.634842683385765e+20,1.608639575219792e+20,98.39720919741912
2025/12/17/5:00,834889,830148,1.635793685239068e+20,1.609590577073095e+20,98.39814101237688
2025/12/17/5:10,835330,830589,1.636744660255346e+20,1.610541552089373e+20,98.39907171825534
2025/12/17/5:20,835728,830987,1.637602728845352e+20,1.611399620679379e+20,98.39991057022426
2025/12/17/5:30,836169,831428,1.638554138916451e+20,1.612351030750478e+20,98.40083964614675
2025/12/17/5:40,836610,831869,1.639505526016619e+20,1.613302417850646e+20,98.40176762138539
2025/12/17/5:50,837052,832311,1.64045887867439e+20,1.614255770508417e+20,98.40269643411315
2025/12/17/6:00,837277,832536,1.640944324590901e+20,1.614741216424928e+20,98.40316896964156
2025/12/17/6:10,837277,832536,1.640944324590901e+20,1.614741216424928e+20,98.40316896964156
2025/12/17/6:20,837277,832536,1.640944324590901e+20,1.614741216424928e+20,98.40316896964156
2025/12/17/6:30,837277,832536,1.640944324590901e+20,1.614741216424928e+20,98.40316896964156
2025/12/17/6:40,837277,832536,1.640944324590901e+20,1.614741216424928e+20,98.40316896964156
2025/12/17/6:50,837277,832536,1.640944324590901e+20,1.614741216424928e+20,98.40316896964156
2025/12/17/7:00,837277,832536,1.640944324590901e+20,1.614741216424928e+20,98.40316896964156
2025/12/17/7:10,837277,832536,1.640944324590901e+20,1.614741216424928e+20,98.40316896964156
2025/12/17/7:20,837277,832536,1.640944324590901e+20,1.614741216424928e+20,98.40316896964156
2025/12/17/7:30,837277,832536,1.640944324590901e+20,1.614741216424928e+20,98.40316896964156
2025/12/17/7:40,837277,832536,1.640944324590901e+20,1.614741216424928e+20,98.40316896964156
2025/12/17/7:50,837277,832536,1.640944324590901e+20,1.614741216424928e+20,98.40316896964156
2025/12/17/8:00,837277,832536,1.640944324590901e+20,1.614741216424928e+20,98.40316896964156
2025/12/17/8:10,837277,832536,1.640944324590901e+20,1.614741216424928e+20,98.40316896964156
2025/12/17/8:20,837277,832536,1.640944324590901e+20,1.614741216424928e+20,98.40316896964156
2025/12/17/8:30,837277,832536,1.640944324590901e+20,1.614741216424928e+20,98.40316896964156
2025/12/17/8:40,837277,832536,1.640944324590901e+20,1.614741216424928e+20,98.40316896964156
2025/12/17/8:50,837537,832796,1.641505219641752e+20,1.615302111475779e+20,98.40371459972013
2025/12/17/9:00,837917,833176,1.642325023043611e+20,1.616121914877638e+20,98.40451142141079
2025/12/17/9:10,838358,833617,1.643276475376752e+20,1.617073367210779e+20,98.40543520468971
2025/12/17/9:20,838799,834058,1.644228151965453e+20,1.61802504379948e+20,98.4063581362081
2025/12/17/9:30,839240,834499,1.645180086080075e+20,1.618976977914101e+20,98.40728024927611
2025/12/17/9:40,839682,834941,1.646134197463412e+20,1.619931089297438e+20,98.40820340125667
2025/12/17/9:50,839989,835248,1.646797043975335e+20,1.620593935809362e+20,98.40884410973196
2025/12/17/10:00,840217,835476,1.647289252975117e+20,1.621086144809143e+20,98.40931954611804
2025/12/17/10:10,840658,835917,1.648241323819521e+20,1.622038215653547e+20,98.41023836817462
2025/12/17/10:20,841099,836358,1.649193448093394e+20,1.622990339927421e+20,98.41115618084304
2025/12/17/10:30,841541,836800,1.650147505175387e+20,1.623944397009413e+20,98.41207479429613
2025/12/17/10:40,841795,837054,1.650695674084621e+20,1.624492565918648e+20,98.41260211816426
2025/12/17/10:50,842236,837495,1.651647675172861e+20,1.625444567006888e+20,98.4135170860074
2025/12/17/11:00,842512,837771,1.652243689031095e+20,1.626040580865122e+20,98.41408937798157
2025/12/17/11:10,842870,838129,1.653016080081811e+20,1.626812971915838e+20,98.41483041322402
2025/12/17/11:20,843311,838570,1.65396764235931e+20,1.627764534193337e+20,98.41574239453706
2025/12/17/11:30,843753,839012,1.654921697734323e+20,1.62871858956835e+20,98.41665571236108
2025/12/17/11:40,844194,839453,1.655873337742801e+20,1.629670229576827e+20,98.41756566950392
2025/12/17/11:50,844635,839894,1.656825411957954e+20,1.630622303791981e+20,98.4184749958049
2025/12/17/12:00,845076,840335,1.657777756663865e+20,1.631574648497892e+20,98.41938353554069
2025/12/17/12:10,845517,840776,1.658730187747249e+20,1.632527079581275e+20,98.42029111427939
2025/12/17/12:20,845958,841217,1.659682070446262e+20,1.633478962280288e+20,98.42119712970522
2025/12/17/12:30,846400,841659,1.660636365015548e+20,1.634433256849574e+20,98.42210439816978
2025/12/17/12:40,846841,842100,1.661588313113802e+20,1.635385204947829e+20,98.42300839749714
2025/12/17/12:50,847213,842472,1.662391295114265e+20,1.636188186948292e+20,98.42377012903137
2025/12/17/13:00,847525,842784,1.66306444191132e+20,1.636861333745347e+20,98.42440812841511
2025/12/17/13:10,847966,843225,1.664016441122825e+20,1.637813332956851e+20,98.42530953911174
2025/12/17/13:20,848408,843667,1.664970643617732e+20,1.638767535451759e+20,98.42621200160994
2025/12/17/13:30,848849,844108,1.665922125181125e+20,1.639719017015151e+20,98.42711086131204
2025/12/17/13:40,849290,844549,1.666874308304552e+20,1.640671200138579e+20,98.42800935646878
2025/12/17/13:50,849731,844990,1.667825983916762e+20,1.641622875750789e+20,98.42890634762523
2025/12/17/14:00,850172,845431,1.668777803987715e+20,1.642574695821742e+20,98.42980245162907
2025/12/17/14:10,850613,845872,1.669729816611666e+20,1.643526708445692e+20,98.43069771496644
2025/12/17/14:20,851055,846314,1.670684038067966e+20,1.644480929901993e+20,98.43159403161141
2025/12/17/14:30,851297,846556,1.671206427571067e+20,1.645003319405094e+20,98.43208428751336
2025/12/17/14:40,851446,846705,1.671528036615026e+20,1.645324928449052e+20,98.43238596110918
2025/12/17/14:50,851887,847146,1.672479642641098e+20,1.646276534475124e+20,98.43327790079437
2025/12/17/15:00,852328,847587,1.673431548594828e+20,1.647228440428855e+20,98.43416910670915
2025/12/17/15:10,852769,848028,1.674383431624451e+20,1.648180323458478e+20,98.43505927787689
2025/12/17/15:20,853211,848470,1.675337342374067e+20,1.649134234208093e+20,98.43595033052615
2025/12/17/15:30,853652,848911,1.676289406454518e+20,1.650086298288545e+20,98.43683864700935
2025/12/17/15:40,854093,849352,1.677241170096751e+20,1.651038061930777e+20,98.43772567516561
2025/12/17/15:50,854534,849793,1.67819351056842e+20,1.651990402402446e+20,98.43861223387177
2025/12/17/16:00,854975,850234,1.679145464045738e+20,1.652942355879765e+20,98.43949742729021
2025/12/17/16:10,855074,850333,1.679359366873784e+20,1.65315625870781e+20,98.43969619112841
2025/12/17/16:20,855216,850475,1.67968689425971e+20,1.653483786093736e+20,98.4400004396342
2025/12/17/16:30,855657,850916,1.680703686468413e+20,1.65450057830244e+20,98.44094420825405
2025/12/17/16:40,856098,851357,1.681721122536678e+20,1.655518014370705e+20,98.44188743217727
2025/12/17/16:50,856539,851798,1.682738268018413e+20,1.656535159852439e+20,98.44282924659281
2025/12/17/17:00,856980,852239,1.683755943720301e+20,1.657552835554328e+20,98.44377041318251
2025/12/17/17:10,857422,852681,1.684775849540549e+20,1.658572741374575e+20,98.44471250148088
2025/12/17/17:20,857863,853122,1.685793702324241e+20,1.659590594158267e+20,98.44565155689888
2025/12/17/17:30,858285,853544,1.686767117143163e+20,1.66056400897719e+20,98.44654855435212
2025/12/17/17:40,858507,853766,1.687279379428375e+20,1.661076271262401e+20,98.44702018613832
2025/12/17/17:50,858948,854207,1.688296524738931e+20,1.662093416572957e+20,98.4479558074062
2025/12/17/18:00,859389,854648,1.689313899969837e+20,1.663110791803863e+20,98.44889051309876
2025/12/17/18:10,859831,855090,1.690333960260848e+20,1.664130852094874e+20,98.44982655605347
2025/12/17/18:20,860200,855459,1.69118504560411e+20,1.664981937438136e+20,98.45060667760261
2025/12/17/18:30,860641,855900,1.692202364394561e+20,1.665999256228587e+20,98.45153814240483
2025/12/17/18:40,861082,856341,1.693219693070623e+20,1.66701658490465e+20,98.45246849695832
2025/12/17/18:50,861523,856782,1.694237219265455e+20,1.668034111099481e+20,98.4533979145297
2025/12/17/19:00,861965,857224,1.695257272247908e+20,1.669054164081935e+20,98.45432852022348
2025/12/17/19:10,862406,857665,1.696275030577016e+20,1.670071922411042e+20,98.455255917016
2025/12/17/19:20,862636,857895,1.69680575534232e+20,1.670602647176347e+20,98.45573908012311
2025/12/17/19:30,862855,858114,1.69731102785677e+20,1.671107919690796e+20,98.45619879115139
2025/12/17/19:40,863251,858510,1.69822456464837e+20,1.672021456482397e+20,98.45702925800046
2025/12/17/19:50,863692,858951,1.699241406536683e+20,1.673038298370709e+20,98.45795258606725
2025/12/17/20:00,864134,859393,1.700261026589628e+20,1.674057918423655e+20,98.45887732788115
2025/12/17/20:10,864575,859834,1.701278570874503e+20,1.675075462708529e+20,98.45979908202192
2025/12/17/20:20,865016,860275,1.702296068803181e+20,1.676092960637207e+20,98.46071969229207
2025/12/17/20:30,865457,860716,1.703313631841771e+20,1.677110523675797e+20,98.46163926148819
2025/12/17/20:40,865898,861157,1.704330975105032e+20,1.678127866939058e+20,98.46255753438039
2025/12/17/20:50,866339,861598,1.705348144842994e+20,1.679145036677021e+20,98.46347455531517
2025/12/17/21:00,866781,862040,1.706367627983889e+20,1.680164519817916e+20,98.46439256486991
2025/12/17/21:10,867130,862389,1.707172828635498e+20,1.680969720469525e+20,98.46511684543873
2025/12/17/21:20,867571,862830,1.70818946909909e+20,1.681986360933116e+20,98.46603034148237
2025/12/17/21:30,868012,863271,1.709206547185388e+20,1.683003439019415e+20,98.46694314334783
2025/12/17/21:40,868453,863712,1.710223129522953e+20,1.684020021356979e+20,98.4678544153895
2025/12/17/21:50,868895,864154,1.711241828207256e+20,1.685038720041283e+20,98.46876649845426
2025/12/17/22:00,869336,864595,1.712258552983896e+20,1.686055444817922e+20,98.46967573207269
2025/12/17/22:10,869777,865036,1.713275502462287e+20,1.687072394296313e+20,98.47058408712931
2025/12/17/22:20,870218,865477,1.71429232026154e+20,1.688089212095567e+20,98.47149124707181
2025/12/17/22:30,870659,865918,1.715309246707343e+20,1.68910613854137e+20,98.47239742826129
2025/12/17/22:40,871009,866268,1.71611572200385e+20,1.689912613837877e+20,98.47311531326238
2025/12/17/22:50,871451,866710,1.717134647006337e+20,1.690931538840363e+20,98.47402134645317
2025/12/17/23:00,871892,867151,1.718151388487871e+20,1.691948280321897e+20,98.47492436687814
2025/12/17/23:10,872333,867592,1.71916853858825e+20,1.692965430422276e+20,98.4758266814555
2025/12/17/23:20,872774,868033,1.720185601755576e+20,1.693982493589603e+20,98.4767278519695
2025/12/17/23:30,873215,868474,1.721202844041398e+20,1.694999735875425e+20,98.47762811590246
2025/12/17/23:40,873645,868904,1.722195066336514e+20,1.69599195817054e+20,98.47850521243721
2025/12/17/23:50,874019,869278,1.723057596372045e+20,1.696854488206072e+20,98.47926684394388
2025/12/18/0:00,874460,869719,1.724074723274201e+20,1.697871615108227e+20,98.48016400842471
2025/12/18/0:10,874901,870160,1.72509190585755e+20,1.698888797691576e+20,98.4810601639831
2025/12/18/0:20,875342,870601,1.726109186512618e+20,1.699906078346645e+20,98.48195534959677
2025/12/18/0:30,875783,871042,1.727125890791534e+20,1.70092278262556e+20,98.4828489743753
2025/12/18/0:40,876225,871484,1.728145076039395e+20,1.701941967873421e+20,98.48374372445475
2025/12/18/0:50,876611,871870,1.729035195968981e+20,1.702832087803007e+20,98.4845243042442
2025/12/18/1:00,877052,872311,1.730052176259357e+20,1.703849068093384e+20,98.48541514958072
2025/12/18/1:10,877493,872752,1.731069579937913e+20,1.704866471771939e+20,98.48630531841977
2025/12/18/1:20,877734,872993,1.731625569881658e+20,1.705422461715684e+20,98.48679133516352
2025/12/18/1:30,878175,873434,1.732642952463306e+20,1.706439844297332e+20,98.48767986914324
2025/12/18/1:40,878617,873876,1.733663172765264e+20,1.70746006459929e+20,98.48856983423265
2025/12/18/1:50,879058,874317,1.734680716669217e+20,1.708477608503243e+20,98.48945642191225
2025/12/18/2:00,879499,874758,1.735698695560517e+20,1.709495587394544e+20,98.49034234841596
2025/12/18/2:10,879725,874984,1.736219724108068e+20,1.710016615942094e+20,98.49079538711987
2025/12/18/2:20,879789,875048,1.736367171943475e+20,1.710164063777501e+20,98.4909235448949
2025/12/18/2:30,879789,875048,1.736367171943475e+20,1.710164063777501e+20,98.4909235448949
2025/12/18/2:40,879789,875048,1.736367171943475e+20,1.710164063777501e+20,98.4909235448949
2025/12/18/2:50,879960,875219,1.736761799087192e+20,1.710558690921219e+20,98.49126643735801
2025/12/18/3:00,880401,875660,1.737779265153487e+20,1.711576156987513e+20,98.49214979765229
2025/12/18/3:10,880842,876101,1.73879698574516e+20,1.712593877579187e+20,98.49303234473091
2025/12/18/3:20,881283,876542,1.739814833129407e+20,1.713611724963434e+20,98.49391396906061
2025/12/18/3:30,881725,876984,1.740834970250247e+20,1.714631862084273e+20,98.49479654224739
2025/12/18/3:40,882166,877425,1.741852737427593e+20,1.71564962926162e+20,98.49567603489427
2025/12/18/3:50,882607,877866,1.742870619299002e+20,1.716667511133028e+20,98.49655459930166
2025/12/18/4:00,883048,878307,1.743888821103297e+20,1.717685712937323e+20,98.49743241375928
2025/12/18/4:10,883437,878696,1.744786687574556e+20,1.718583579408583e+20,98.49820563438625
2025/12/18/4:20,883878,879137,1.745804027700161e+20,1.719600919534188e+20,98.49908078167901
2025/12/18/4:30,884180,879439,1.746500459253513e+20,1.72029735108754e+20,98.49967928567432
2025/12/18/4:40,884483,879742,1.747199170976076e+20,1.720996062810103e+20,98.50027926974491
2025/12/18/4:50,884924,880183,1.74821627893115e+20,1.722013170765177e+20,98.50115180359755
2025/12/18/5:00,885317,880576,1.749122665192881e+20,1.722919557026907e+20,98.50192849893212
2025/12/18/5:10,885758,881017,1.750140260319206e+20,1.723937152153232e+20,98.50279953212468
2025/12/18/5:20,886199,881458,1.75115789415855e+20,1.724954785992577e+20,98.50366958608467
2025/12/18/5:30,886641,881900,1.752178010132438e+20,1.725974901966465e+20,98.50454074788937
2025/12/18/5:40,887082,882341,1.753196075891263e+20,1.72699296772529e+20,98.50540914810954
2025/12/18/5:50,887523,882782,1.754213664793357e+20,1.728010556627383e+20,98.50627613432368
2025/12/18/6:00,887964,883223,1.755231536049174e+20,1.7290284278832e+20,98.50714235542088
2025/12/18/6:10,888121,883380,1.755593943566992e+20,1.729390835401019e+20,98.50745052624559
2025/12/18/6:20,888413,883672,1.756267970646433e+20,1.730064862480459e+20,98.5080233424556
2025/12/18/6:30,888854,884113,1.757286147036384e+20,1.73108303887041e+20,98.5088877978032
2025/12/18/6:40,889212,884471,1.758112722996792e+20,1.731909614830818e+20,98.50958884358057
2025/12/18/6:50,889653,884912,1.759130607175518e+20,1.732927499009544e+20,98.5104512388625
2025/12/18/7:00,890094,885353,1.760148754444467e+20,1.733945646278493e+20,98.51131285922231
2025/12/18/7:10,890535,885794,1.761167190868628e+20,1.734964082702655e+20,98.51217372763742
2025/12/18/7:20,890860,886119,1.761917559036852e+20,1.735714450870879e+20,98.51280736538563
2025/12/18/7:30,891107,886366,1.762487515769994e+20,1.73628440760402e+20,98.51328829671024
2025/12/18/7:40,891493,886752,1.763378747816587e+20,1.737175639650614e+20,98.51403969802755
2025/12/18/7:50,891891,887150,1.764296768103758e+20,1.738093659937784e+20,98.51481289090972
2025/12/18/8:00,892135,887394,1.764859475375178e+20,1.738656367209205e+20,98.51528642752686
2025/12/18/8:10,892576,887835,1.765876388156861e+20,1.739673279990887e+20,98.5161414274686
2025/12/18/8:20,893018,888277,1.76689574844119e+20,1.740692640275216e+20,98.51699749749862
2025/12/18/8:30,893374,888633,1.767716737390756e+20,1.741513629224782e+20,98.51768625528484
2025/12/18/8:40,893815,889074,1.768733767948947e+20,1.742530659782974e+20,98.5185385929303
2025/12/18/8:50,894155,889414,1.769518136664446e+20,1.743315028498473e+20,98.51919527564908
2025/12/18/9:00,894596,889855,1.770535487739608e+20,1.744332379573635e+20,98.52004614720113
2025/12/18/9:10,895009,890268,1.771488141109455e+20,1.745285032943481e+20,98.52084202214513
2025/12/18/9:20,895428,890687,1.772454776536989e+20,1.746251668371015e+20,98.52164870366008
2025/12/18/9:30,895869,891128,1.773472081439385e+20,1.747268973273412e+20,98.52249672040473
2025/12/18/9:40,896310,891569,1.774489501422182e+20,1.748286393256209e+20,98.52334386058791
2025/12/18/9:50,896751,892010,1.775506741819911e+20,1.749303633653937e+20,98.52418988062445
2025/12/18/10:00,897192,892451,1.776524032589812e+20,1.750320924423838e+20,98.52503497361785
2025/12/18/10:10,897634,892893,1.777544143778136e+20,1.751341035612162e+20,98.52588143829276
2025/12/18/10:20,898075,893334,1.778561377574322e+20,1.752358269408348e+20,98.52672454848252
2025/12/18/10:30,898516,893775,1.779578753065279e+20,1.753375644899306e+20,98.52756681204249
2025/12/18/10:40,898957,894216,1.780596145423415e+20,1.754393037257442e+20,98.52840812705777
2025/12/18/10:50,899398,894657,1.781613515129876e+20,1.755410406963903e+20,98.529248462506
2025/12/18/11:00,899839,895098,1.782631297477994e+20,1.756428189312021e+20,98.53008817902811
2025/12/18/11:10,900281,895540,1.783650840437841e+20,1.757447732271867e+20,98.53092838733272
2025/12/18/11:20,900722,895981,1.784668729497072e+20,1.758465621331099e+20,98.53176627500177
2025/12/18/11:30,901163,896422,1.78568611664306e+20,1.759483008477086e+20,98.53260279498431
2025/12/18/11:40,901604,896863,1.786703551209831e+20,1.760500443043858e+20,98.53343840122606
2025/12/18/11:50,902045,897304,1.787721528618475e+20,1.761518420452501e+20,98.5342735014092
2025/12/18/12:00,902487,897746,1.78874143330422e+20,1.762538325138246e+20,98.53510922942226
2025/12/18/12:10,902928,898187,1.789759204881954e+20,1.763556096715981e+20,98.53594226002589
2025/12/18/12:20,903369,898628,1.790776740726725e+20,1.764573632560752e+20,98.53677415112395
2025/12/18/12:30,903810,899069,1.791794545575852e+20,1.765591437409879e+20,98.53760531693368
2025/12/18/12:40,904197,899456,1.792686765013633e+20,1.766483656847659e+20,98.53833315014326
2025/12/18/12:50,904638,899897,1.79370344454549e+20,1.767500336379517e+20,98.5391616297747
2025/12/18/13:00,905080,900339,1.794722755060955e+20,1.768519646894981e+20,98.5399913110767
2025/12/18/13:10,905521,900780,1.795739298956905e+20,1.769536190790931e+20,98.54081780238401
2025/12/18/13:20,905962,901221,1.796756266281925e+20,1.770553158115951e+20,98.54164370217023
2025/12/18/13:30,906403,901662,1.797772937753955e+20,1.771569829587982e+20,98.5424684277031
2025/12/18/13:40,906844,902103,1.798790008033777e+20,1.772586899867804e+20,98.54329254393538
2025/12/18/13:50,907285,902544,1.79980697321478e+20,1.773603865048807e+20,98.5441156437365
2025/12/18/14:00,907727,902986,1.800825797539992e+20,1.774622689374019e+20,98.54493931607554
2025/12/18/14:10,908168,903427,1.801842830460845e+20,1.775639722294872e+20,98.54576061113657
2025/12/18/14:20,908609,903868,1.802859989135732e+20,1.776656880969759e+20,98.546581080956
2025/12/18/14:30,909050,904309,1.803876487973562e+20,1.777673379807588e+20,98.54740009414894
2025/12/18/14:40,909491,904750,1.80489338257813e+20,1.778690274412157e+20,98.54821850315919
2025/12/18/14:50,909933,905192,1.805912528604357e+20,1.779709420438383e+20,98.54903779939865
2025/12/18/15:00,910374,905633,1.806928950881572e+20,1.780725842715599e+20,98.54985398550455
2025/12/18/15:10,910815,906074,1.807945667589097e+20,1.781742559423124e+20,98.55066948992359
2025/12/18/15:20,911256,906515,1.808962611746603e+20,1.782759503580629e+20,98.55148425977286
2025/12/18/15:30,911697,906956,1.809979189962794e+20,1.783776081796821e+20,98.55229782136267
2025/12/18/15:40,911816,907075,1.81025342807377e+20,1.784050319907797e+20,98.55251713602027
2025/12/18/15:50,911868,907127,1.810377379425868e+20,1.784174271259894e+20,98.55261624102467
2025/12/18/16:00,912183,907442,1.811128124425361e+20,1.784925016259387e+20,98.55321620747912
2025/12/18/16:10,912557,907816,1.812018970929306e+20,1.785815862763333e+20,98.5539274926832
2025/12/18/16:20,912992,908251,1.813055917112581e+20,1.786852808946607e+20,98.55475454901006
2025/12/18/16:30,913433,908692,1.814107256263841e+20,1.787904148097867e+20,98.55559211973282
2025/12/18/16:40,913874,909133,1.815158390702444e+20,1.78895528253647e+20,98.55642855740908
2025/12/18/16:50,914316,909575,1.816212376489096e+20,1.790009268323123e+20,98.55726629191756
2025/12/18/17:00,914757,910016,1.81726355632069e+20,1.791060448154716e+20,98.55810082831213
2025/12/18/17:10,915132,910391,1.818157554242629e+20,1.791954446076655e+20,98.55880981794844
2025/12/18/17:20,915573,910832,1.81920883157901e+20,1.793005723413036e+20,98.55964264733532
2025/12/18/17:30,915968,911227,1.820150638876138e+20,1.793947530710164e+20,98.56038793678348
2025/12/18/17:40,916331,911590,1.821015565397299e+20,1.794812457231325e+20,98.56107170834333
2025/12/18/17:50,916772,912031,1.822066562027987e+20,1.795863453862014e+20,98.56190170479782
2025/12/18/18:00,917169,912428,1.823012448064455e+20,1.796809339898482e+20,98.56264787474194
2025/12/18/18:10,917610,912869,1.824063446776213e+20,1.797860338610239e+20,98.56347605603939
2025/12/18/18:20,917981,913240,1.824947951121531e+20,1.798744842955557e+20,98.56417230146918
2025/12/18/18:30,918422,913681,1.825998966356432e+20,1.799795858190458e+20,98.56499874048347
2025/12/18/18:40,918864,914123,1.827052903517237e+20,1.800849795351263e+20,98.56582652229007
2025/12/18/18:50,919305,914564,1.828104036080777e+20,1.801900927914803e+20,98.56665115065609
2025/12/18/19:00,919746,915005,1.829154967235855e+20,1.802951859069881e+20,98.56747467353351
2025/12/18/19:10,919788,915047,1.829245860752203e+20,1.80304275258623e+20,98.56754585437747
2025/12/18/19:20,919788,915047,1.829245860752203e+20,1.80304275258623e+20,98.56754585437747
2025/12/18/19:30,919788,915047,1.829245860752203e+20,1.80304275258623e+20,98.56754585437747
2025/12/18/19:40,919839,915098,1.829355832674262e+20,1.803152724508288e+20,98.56763196651205
2025/12/18/19:50,920098,915357,1.829914324798144e+20,1.803711216632171e+20,98.56806912701424
2025/12/18/20:00,920539,915798,1.830865604843299e+20,1.804662496677326e+20,98.56881312879237
2025/12/18/20:10,920980,916239,1.831816529455157e+20,1.805613421289184e+20,98.5695560802824
2025/12/18/20:20,921421,916680,1.83276780906418e+20,1.806564700898207e+20,98.5702985377426
2025/12/18/20:30,921863,917122,1.833721152242926e+20,1.807518044076953e+20,98.57104183294592
2025/12/18/20:40,922304,917563,1.834672448633218e+20,1.808469340467245e+20,98.57178276234028
2025/12/18/20:50,922745,918004,1.835623420927079e+20,1.809420312761105e+20,98.57252267173952
2025/12/18/21:00,923186,918445,1.836574699956921e+20,1.810371591790948e+20,98.57326205318041
2025/12/18/21:10,923626,918885,1.837523679357072e+20,1.811320571191098e+20,98.57399888445838
2025/12/18/21:20,924067,919326,1.838474837587547e+20,1.812271729421573e+20,98.57473664418724
2025/12/18/21:30,924374,919633,1.839137228103581e+20,1.812934119937607e+20,98.57524997234749
2025/12/18/21:40,924815,920074,1.840088540707562e+20,1.813885432541589e+20,98.57598655791325
2025/12/18/21:50,925256,920515,1.841040185257805e+20,1.814837077091832e+20,98.57672263887579
2025/12/18/22:00,925697,920956,1.841991659681748e+20,1.815788551515775e+20,98.57745782787633
2025/12/18/22:10,926138,921397,1.842942691960957e+20,1.816739583794984e+20,98.57819191664107
2025/12/18/22:20,926579,921838,1.843893990484684e+20,1.817690882318711e+20,98.57892545335073
2025/12/18/22:30,927021,922280,1.84484738111066e+20,1.818644272944687e+20,98.5796598442632
2025/12/18/22:40,927462,922721,1.845798553836881e+20,1.819595445670907e+20,98.58039177073226
2025/12/18/22:50,927903,923162,1.846749952144338e+20,1.820546843978365e+20,98.58112311655685
2025/12/18/23:00,928344,923603,1.847701196005024e+20,1.82149808783905e+20,98.58185359068727
2025/12/18/23:10,928785,924044,1.848652192023401e+20,1.822449083857427e+20,98.58258312304309
2025/12/18/23:20,929227,924486,1.849605348130635e+20,1.823402239964661e+20,98.58331355970307
2025/12/18/23:30,929668,924927,1.850556323798852e+20,1.824353215632878e+20,98.58404157555263
2025/12/18/23:40,930109,925368,1.851507153428671e+20,1.825304045262697e+20,98.5847687319247
2025/12/18/23:50,930550,925809,1.852458002113929e+20,1.826254893947955e+20,98.58549515637753
2025/12/19/0:00,930991,926250,1.853409219562111e+20,1.827206111396137e+20,98.58622111677181
2025/12/19/0:10,931431,926690,1.85435776294566e+20,1.828154654779686e+20,98.5869442947002
2025/12/19/0:20,931812,927071,1.855179216905627e+20,1.828976108739654e+20,98.58756998099196
2025/12/19/0:30,932253,927512,1.856129959826844e+20,1.82992685166087e+20,98.58829345287774
2025/12/19/0:40,932694,927953,1.857080634312805e+20,1.830877526146832e+20,98.58901613199636
2025/12/19/0:50,933135,928394,1.858031426557346e+20,1.831828318391372e+20,98.58973816096729
2025/12/19/1:00,933576,928835,1.858982188405906e+20,1.832779080239933e+20,98.59045942831528
2025/12/19/1:10,934017,929276,1.859933089169671e+20,1.833729981003698e+20,98.59118006348974
2025/12/19/1:20,934459,929718,1.86088638428163e+20,1.834683276115656e+20,98.59190177394474
2025/12/19/1:30,934809,930068,1.861641392827863e+20,1.83543828466189e+20,98.59247284321657
2025/12/19/1:40,935250,930509,1.862592288341558e+20,1.836389180175584e+20,98.59319141768246
2025/12/19/1:50,935691,930950,1.863543305556541e+20,1.837340197390568e+20,98.59390935065241
2025/12/19/2:00,936132,931391,1.864494752737776e+20,1.838291644571803e+20,98.59462687532387
2025/12/19/2:10,936396,931655,1.865064602211195e+20,1.838861494045221e+20,98.59505627124618
2025/12/19/2:20,936661,931920,1.86563546134423e+20,1.839432353178257e+20,98.595486164961
2025/12/19/2:30,937102,932361,1.866584575289902e+20,1.840381467123928e+20,98.59620032690435
2025/12/19/2:40,937543,932802,1.867535180984838e+20,1.841332072818865e+20,98.59691488370488
2025/12/19/2:50,937984,933243,1.868485872002591e+20,1.842282763836617e+20,98.59762877747158
2025/12/19/3:00,938425,933684,1.869437361367565e+20,1.843234253201592e+20,98.59834254372637
2025/12/19/3:10,938770,934029,1.870180895447048e+20,1.843977787281075e+20,98.59889980537365
2025/12/19/3:20,938998,934257,1.870672145947927e+20,1.844469037781954e+20,98.59926774326905
2025/12/19/3:30,939439,934698,1.871621704436078e+20,1.845418596270105e+20,98.59997839820582
2025/12/19/3:40,939880,935139,1.872571506282442e+20,1.846368398116469e+20,98.60068851426701
2025/12/19/3:50,940321,935580,1.873521525248786e+20,1.847318417082812e+20,98.60139807240837
2025/12/19/4:00,940762,936021,1.874471920538675e+20,1.848268812372702e+20,98.60210719195818
2025/12/19/4:10,941203,936462,1.875422530043591e+20,1.849219421877618e+20,98.60281575238598
2025/12/19/4:20,941567,936826,1.876207297810545e+20,1.850004189644572e+20,98.60340015751184
2025/12/19/4:30,941895,937154,1.876914769661636e+20,1.850711661495663e+20,98.60392658262809
2025/12/19/4:40,942336,937595,1.877866461426523e+20,1.85166335326055e+20,98.60463410448961
2025/12/19/4:50,942732,937991,1.878720173652269e+20,1.852517065486296e+20,98.60526817492814
2025/12/19/5:00,943174,938433,1.879672787475018e+20,1.853469679309045e+20,98.60597502179237
2025/12/19/5:10,943615,938874,1.880623392275379e+20,1.854420284109405e+20,98.60667966411552
2025/12/19/5:20,944056,939315,1.881574092798727e+20,1.855370984632754e+20,98.6073836652907
2025/12/19/5:30,944497,939756,1.882524911427775e+20,1.856321803261802e+20,98.60808704273136
2025/12/19/5:40,944938,940197,1.883475465332501e+20,1.857272357166527e+20,98.60878951447623
2025/12/19/5:50,945379,940638,1.8844258013705e+20,1.858222693204526e+20,98.60949111676796
2025/12/19/6:00,945821,941080,1.88537879406908e+20,1.859175685903107e+20,98.6101939701241
2025/12/19/6:10,946262,941521,1.886329332895268e+20,1.860126224729294e+20,98.61089430625802
2025/12/19/6:20,946627,941886,1.887115861950907e+20,1.860912753784933e+20,98.61147327017406
2025/12/19/6:30,947068,942327,1.888066941816398e+20,1.861863833650424e+20,98.61217271561542
2025/12/19/6:40,947509,942768,1.889018088857383e+20,1.86281498069141e+20,98.61287150607313
2025/12/19/6:50,947680,942939,1.889386811222108e+20,1.863183703056134e+20,98.6131422104601
2025/12/19/7:00,947745,943004,1.889526954323251e+20,1.863323846157277e+20,98.61324507141745
2025/12/19/7:10,948101,943360,1.890294786903384e+20,1.864091678737411e+20,98.61380836748228
2025/12/19/7:20,948542,943801,1.891245980381704e+20,1.865042872215731e+20,98.61450554619633
2025/12/19/7:30,948983,944242,1.892197011531182e+20,1.865993903365208e+20,98.61520190517743
2025/12/19/7:40,949424,944683,1.893148829627355e+20,1.866945721461382e+20,98.6158981398662
2025/12/19/7:50,949754,945013,1.89386106558786e+20,1.867657957421886e+20,98.61641866755205
2025/12/19/8:00,950195,945454,1.894812556275926e+20,1.868609448109953e+20,98.61711344063113
2025/12/19/8:10,950636,945895,1.895763785594819e+20,1.869560677428845e+20,98.61780732572903
2025/12/19/8:20,951035,946294,1.896624190841702e+20,1.870421082675728e+20,98.61843435866203
2025/12/19/8:30,951476,946735,1.897574417042925e+20,1.871371308876951e+20,98.61912618916907
2025/12/19/8:40,951809,947068,1.898292326119959e+20,1.872089217953986e+20,98.61964841739989
2025/12/19/8:50,952030,947289,1.898768594805268e+20,1.872565486639294e+20,98.61999465139348
2025/12/19/9:00,952471,947730,1.899719433794274e+20,1.8735163256283e+20,98.62068536543639
2025/12/19/9:10,952912,948171,1.900670336510241e+20,1.874467228344268e+20,98.62137543462249
2025/12/19/9:20,953353,948612,1.901621381647091e+20,1.875418273481118e+20,98.62206491687228
2025/12/19/9:30,953794,949053,1.902572320743989e+20,1.876369212578015e+20,98.62275363305365
2025/12/19/9:40,954235,949494,1.903523286087629e+20,1.877320177921656e+20,98.62344168009473
2025/12/19/9:50,954677,949936,1.904476809450105e+20,1.878273701284131e+20,98.62413088802381
2025/12/19/10:00,955118,950377,1.905427977766397e+20,1.879224869600423e+20,98.62481770648243
2025/12/19/10:10,955480,950739,1.906208612964012e+20,1.880005504798039e+20,98.62538087448731
2025/12/19/10:20,955846,951105,1.906997672862727e+20,1.880794564696753e+20,98.62594965170366
2025/12/19/10:30,956287,951546,1.907948575384945e+20,1.881745467218972e+20,98.6266344646796
2025/12/19/10:40,956729,951988,1.908901649255816e+20,1.882698541089843e+20,98.62732015679337
2025/12/19/10:50,957170,952429,1.909852547574625e+20,1.883649439408652e+20,98.6280036016786
2025/12/19/11:00,957559,952818,1.910691294627527e+20,1.884488186461554e+20,98.62860587476108
2025/12/19/11:10,958000,953259,1.911641891276085e+20,1.885438783110112e+20,98.62928782396153
2025/12/19/11:20,958441,953700,1.912592021724139e+20,1.886388913558166e+20,98.62996876132777
2025/12/19/11:30,958882,954141,1.913542320675096e+20,1.887339212509122e+20,98.63064914306526
2025/12/19/11:40,959324,954583,1.914494564092173e+20,1.888291455926199e+20,98.63133023945677
2025/12/19/11:50,959765,955024,1.915444477073379e+20,1.889241368907406e+20,98.63200899427743
2025/12/19/12:00,960206,955465,1.916394490815838e+20,1.890191382649864e+20,98.63268714810287
2025/12/19/12:10,960647,955906,1.917344491845383e+20,1.89114138367941e+20,98.63336462083797
2025/12/19/12:20,961088,956347,1.918294369172167e+20,1.892091261006193e+20,98.63404133447563
2025/12/19/12:30,961126,956385,1.918376203001676e+20,1.892173094835703e+20,98.63409960335342
2025/12/19/12:40,961568,956827,1.919328788220309e+20,1.893125680054335e+20,98.6347775156194
2025/12/19/12:50,961919,957178,1.920085003576775e+20,1.893881895410802e+20,98.63531520129777
2025/12/19/13:00,962360,957619,1.921035459675003e+20,1.894832351509029e+20,98.63599039601245
2025/12/19/13:10,962801,958060,1.921986627290081e+20,1.895783519124107e+20,98.63666542764042
2025/12/19/13:20,963242,958501,1.92293827559496e+20,1.896735167428986e+20,98.63734013210247
2025/12/19/13:30,963684,958943,1.923891893608998e+20,1.897688785443024e+20,98.63801556350344
2025/12/19/13:40,964125,959384,1.924843401929435e+20,1.898640293763462e+20,98.63868883361067
2025/12/19/13:50,964566,959825,1.92579469056252e+20,1.899591582396547e+20,98.63936128319475
2025/12/19/14:00,965007,960266,1.926745927806179e+20,1.900542819640206e+20,98.6400330324918
2025/12/19/14:10,965448,960707,1.927697588105084e+20,1.90149447993911e+20,98.64070441714196
2025/12/19/14:20,965889,961148,1.92864901870267e+20,1.902445910536697e+20,98.64137497741299
2025/12/19/14:30,966331,961590,1.929602773791936e+20,1.903399665625963e+20,98.64204651227357
2025/12/19/14:40,966772,962031,1.93055427329484e+20,1.904351165128867e+20,98.64271579781835
2025/12/19/14:50,967204,962463,1.931486290016122e+20,1.905283181850149e+20,98.64337073985885
2025/12/19/15:00,967537,962796,1.932204192283288e+20,1.906001084117314e+20,98.64387478970278
2025/12/19/15:10,967978,963237,1.933155143756288e+20,1.906952035590315e+20,98.64454189046315
2025/12/19/15:20,968419,963678,1.934106158004273e+20,1.9079030498383e+20,98.64520837920234
2025/12/19/15:30,968861,964120,1.9350591560071e+20,1.908856047841127e+20,98.64587560103112
2025/12/19/15:40,969302,964561,1.936009711225247e+20,1.909806603059274e+20,98.64654045824025
2025/12/19/15:50,969724,964983,1.936919520212641e+20,1.910716412046668e+20,98.6471762046625
2025/12/19/16:00,969995,965254,1.937503785454829e+20,1.911300677288855e+20,98.64758415634154
2025/12/19/16:10,970436,965695,1.938454379889843e+20,1.91225127172387e+20,98.64824736461105
2025/12/19/16:20,970878,966137,1.93940722897705e+20,1.913204120811076e+20,98.64891149344666
2025/12/19/16:30,971319,966578,1.940357792139575e+20,1.914154683973602e+20,98.64957337908902
2025/12/19/16:40,971696,966955,1.941170651139024e+20,1.914967542973051e+20,98.65013886591586
2025/12/19/16:50,972137,967396,1.942121282584334e+20,1.91591817441836e+20,98.65079959727821
2025/12/19/17:00,972528,967787,1.942963899181496e+20,1.916760791015523e+20,98.65138471296292
2025/12/19/17:10,972969,968228,1.943913853755522e+20,1.917710745589548e+20,98.65204375619059
2025/12/19/17:20,973411,968670,1.94486615495756e+20,1.918663046791586e+20,98.65270378122523
2025/12/19/17:30,973852,969111,1.945816854792203e+20,1.91961374662623e+20,98.65336205196085
2025/12/19/17:40,974293,969552,1.946767318083286e+20,1.920564209917313e+20,98.65401951622179
2025/12/19/17:50,974734,969993,1.947717762421091e+20,1.921514654255117e+20,98.65467632572175
2025/12/19/18:00,975171,970430,1.948659595290971e+20,1.922456487124998e+20,98.65532655219545
2025/12/19/18:10,975572,970831,1.949523563640879e+20,1.923320455474905e+20,98.65592246974244
2025/12/19/18:20,976014,971273,1.9504752042248e+20,1.924272096058826e+20,98.65657824774104
2025/12/19/18:30,976455,971714,1.951424799292273e+20,1.9252216911263e+20,98.65723197863035
2025/12/19/18:40,976896,972155,1.952374837060445e+20,1.926171728894472e+20,98.65788537792129
2025/12/19/18:50,977337,972596,1.953324599171123e+20,1.92712149100515e+20,98.65853795231511
2025/12/19/19:00,977778,973037,1.954274022778113e+20,1.928070914612139e+20,98.65918966017242
2025/12/19/19:10,978220,973479,1.955226036112693e+20,1.929022927946719e+20,98.65984251017497
2025/12/19/19:20,978613,973872,1.956072886870511e+20,1.929869778704538e+20,98.66042271012225
2025/12/19/19:30,979054,974313,1.957023362662309e+20,1.930820254496335e+20,98.66107330827532
2025/12/19/19:40,979495,974754,1.957974069920967e+20,1.931770961754994e+20,98.66172343298545
2025/12/19/19:50,979896,975155,1.958838769773855e+20,1.932635661607882e+20,98.66231419500654
2025/12/19/20:00,980286,975545,1.959680329209994e+20,1.933477221044021e+20,98.66288864691842
2025/12/19/20:10,980728,975987,1.960633853232794e+20,1.93443074506682e+20,98.66353893039394
2025/12/19/20:20,981169,976428,1.961585114289717e+20,1.935382006123743e+20,98.66418704061886
2025/12/19/20:30,981610,976869,1.962536568183046e+20,1.936333460017073e+20,98.66483465374442
2025/12/19/20:40,982051,977310,1.963487696181113e+20,1.93728458801514e+20,98.66548141773757
2025/12/19/20:50,982433,977692,1.964311693180449e+20,1.938108585014475e+20,98.6660412267084
2025/12/19/21:00,982860,978119,1.965232092902128e+20,1.939028984736154e+20,98.66666597494455
2025/12/19/21:10,982943,978202,1.965411071203373e+20,1.939207963037399e+20,98.6667873937471
2025/12/19/21:20,983228,978487,1.966025522692096e+20,1.939822414526123e+20,98.6672040691469
2025/12/19/21:30,983669,978928,1.966976068215674e+20,1.940772960049701e+20,98.66784814572028
2025/12/19/21:40,984110,979369,1.967927056323855e+20,1.941723948157882e+20,98.66849189954624
2025/12/19/21:50,984508,979767,1.968785077394007e+20,1.942581969228033e+20,98.6690721873686
2025/12/19/22:00,984950,980209,1.969737621747865e+20,1.943534513581892e+20,98.66971581003151
2025/12/19/22:10,985391,980650,1.970688504647457e+20,1.944485396481484e+20,98.67035768949893
2025/12/19/22:20,985832,981091,1.971638871269764e+20,1.945435763103791e+20,98.67099860183329
2025/12/19/22:30,986273,981532,1.972589622679971e+20,1.946386514513998e+20,98.67163915572192
2025/12/19/22:40,986714,981973,1.973540241080857e+20,1.947337132914884e+20,98.67227900295448
2025/12/19/22:50,987155,982414,1.97449085583339e+20,1.948287747667417e+20,98.67291823162616
2025/12/19/23:00,987597,982856,1.975443338799733e+20,1.949240230633759e+20,98.67355809952542
2025/12/19/23:10,988038,983297,1.976394435208235e+20,1.950191327042262e+20,98.67419642055344
2025/12/19/23:20,988479,983738,1.977345011260526e+20,1.951141903094553e+20,98.67483377879162
2025/12/19/23:30,988920,984179,1.978295599870931e+20,1.952092491704957e+20,98.67547053293335
2025/12/19/23:40,989361,984620,1.979246382368785e+20,1.953043274202811e+20,98.67610680512583
2025/12/19/23:50,989802,985061,1.98019698465801e+20,1.953993876492037e+20,98.67674234588844
2025/12/20/0:00,990244,985503,1.981149970286925e+20,1.954946862120952e+20,98.67737886788154
2025/12/20/0:10,990684,985943,1.982098318019291e+20,1.955895209853318e+20,98.67801168449817
2025/12/20/0:20,991125,986384,1.98304926198766e+20,1.956846153821687e+20,98.678645625792
2025/12/20/0:30,991566,986825,1.98400008950597e+20,1.957796981339996e+20,98.67927888186244
2025/12/20/0:40,991844,987103,1.984599409965138e+20,1.958396301799164e+20,98.67967772063211
2025/12/20/0:50,992286,987545,1.985552306695124e+20,1.959349198529151e+20,98.68031136336128
2025/12/20/1:00,992727,987986,1.986503549106688e+20,1.960300440940714e+20,98.68094329971086
2025/12/20/1:10,993168,988427,1.987455027402914e+20,1.96125191923694e+20,98.68157478762103
2025/12/20/1:20,993429,988688,1.988017846262725e+20,1.961814738096752e+20,98.68194804109869
2025/12/20/1:30,993870,989129,1.988969171348203e+20,1.96276606318223e+20,98.68257846610001
2025/12/20/1:40,994026,989285,1.989305728440618e+20,1.963102620274645e+20,98.68280135167994
2025/12/20/1:50,994400,989659,1.990112572908578e+20,1.963909464742604e+20,98.68333537897924
2025/12/20/2:00,994840,990099,1.991061924746192e+20,1.964858816580218e+20,98.68396317360578
2025/12/20/2:10,995084,990343,1.991587796916454e+20,1.965384688750481e+20,98.68431066877677
2025/12/20/2:20,995362,990621,1.99218605565981e+20,1.965982947493836e+20,98.68470577376394
2025/12/20/2:30,995803,991062,1.993134751566055e+20,1.966931643400082e+20,98.68533182990336
2025/12/20/2:40,996244,991503,1.994085794116181e+20,1.967882685950208e+20,98.68595883671158
2025/12/20/2:50,996686,991945,1.995039514741501e+20,1.968836406575528e+20,98.68658700881076
2025/12/20/3:00,997127,992386,1.995990767087307e+20,1.969787658921334e+20,98.68721295719163
2025/12/20/3:10,997568,992827,1.99694216955019e+20,1.970739061384216e+20,98.68783840786558
2025/12/20/3:20,998009,993268,1.997894015222653e+20,1.971690907056679e+20,98.68846355380602
2025/12/20/3:30,998450,993709,1.998845849582183e+20,1.97264274141621e+20,98.68908809694102
2025/12/20/3:40,998892,994151,1.999799823083948e+20,1.973596714917975e+20,98.68971344714068
2025/12/20/3:50,999333,994592,2.000751669497352e+20,1.974548561331379e+20,98.6903368086377
2025/12/20/4:00,999774,995033,2.001703511549591e+20,1.975500403383618e+20,98.69095957444324
2025/12/20/4:10,1000215,995474,2.002654882217554e+20,1.976451774051581e+20,98.69158144028498
2025/12/20/4:20,1000468,995727,2.003200967672709e+20,1.976997859506736e+20,98.69193812359147
2025/12/20/4:30,1000909,996168,2.004152659724997e+20,1.977949551559024e+20,98.69255926993262
2025/12/20/4:40,1001351,996610,2.005106314517783e+20,1.978903206351809e+20,98.69318110584699
2025/12/20/4:50,1001792,997051,2.006058033603553e+20,1.97985492543758e+20,98.69380109014574
2025/12/20/5:00,1002233,997492,2.00700948933221e+20,1.980806381166236e+20,98.69442031513802
2025/12/20/5:10,1002674,997933,2.007961412924888e+20,1.981758304758914e+20,98.69503925736278
2025/12/20/5:20,1003115,998374,2.008912798679775e+20,1.982709690513802e+20,98.69565726380988
2025/12/20/5:30,1003556,998815,2.009864223972341e+20,1.983661115806368e+20,98.69627471082674
2025/12/20/5:40,1003998,999257,2.010818122146423e+20,1.98461501398045e+20,98.69689317609674
2025/12/20/5:50,1004439,999698,2.011769598365838e+20,1.985566490199864e+20,98.69750948680911
2025/12/20/6:00,1004880,1000139,2.012721303032096e+20,1.986518194866122e+20,98.69812536258749
2025/12/20/6:10,1005321,1000580,2.013673077105844e+20,1.98746996893987e+20,98.69874070106583
2025/12/20/6:20,1005762,1001021,2.0146248305027e+20,1.988421722336727e+20,98.69935544478348
2025/12/20/6:30,1006204,1001463,2.015578857845043e+20,1.98937574967907e+20,98.69997107461286
2025/12/20/6:40,1006645,1001904,2.016530414241298e+20,1.990327306075324e+20,98.70058452969914
2025/12/20/6:50,1007086,1002345,2.017482426625963e+20,1.991279318459989e+20,98.70119769965999
2025/12/20/7:00,1007330,1002589,2.018008983380856e+20,1.991805875214883e+20,98.70153659464516
2025/12/20/7:10,1007771,1003030,2.018959615666305e+20,1.992756507500332e+20,98.70214797945199
2025/12/20/7:20,1008212,1003471,2.019910243264488e+20,1.993707135098515e+20,98.70275878577529
2025/12/20/7:30,1008654,1003913,2.020863622939485e+20,1.994660514773512e+20,98.70337078323676
2025/12/20/7:40,1009095,1004354,2.021814469775478e+20,1.995611361609504e+20,98.70398057993505
2025/12/20/7:50,1009536,1004795,2.022765374538971e+20,1.996562266372998e+20,98.70458984043339
2025/12/20/8:00,1009915,1005174,2.023582592933532e+20,1.997379484767559e+20,98.7051129883467
2025/12/20/8:10,1010226,1005485,2.02425290019352e+20,1.998049792027546e+20,98.7055417747719
2025/12/20/8:20,1010667,1005926,2.025204402433423e+20,1.999001294267449e+20,98.706149950371
2025/12/20/8:30,1011109,1006368,2.026157618842046e+20,1.999954510676073e+20,98.70675864886816
2025/12/20/8:40,1011550,1006809,2.027108664264749e+20,2.000905556098775e+20,98.70736539052398
2025/12/20/8:50,1011991,1007250,2.028059692809313e+20,2.001856584643339e+20,98.707971552372
2025/12/20/9:00,1012386,1007645,2.028911415358731e+20,2.002708307192758e+20,98.70851393670431
2025/12/20/9:10,1012827,1008086,2.02986198471105e+20,2.003658876545076e+20,98.70911873007448
2025/12/20/9:20,1013269,1008528,2.030815112156891e+20,2.004612003990917e+20,98.7097245825523
2025/12/20/9:30,1013710,1008969,2.031766228222592e+20,2.005563120056619e+20,98.71032858987444
2025/12/20/9:40,1014151,1009410,2.032717169256985e+20,2.006514061091012e+20,98.71093192096413
2025/12/20/9:50,1014592,1009851,2.033668078487168e+20,2.007464970321195e+20,98.71153466766978
2025/12/20/10:00,1015033,1010292,2.03461891588335e+20,2.008415807717377e+20,98.71213680550113
2025/12/20/10:10,1015474,1010733,2.035569936146732e+20,2.009366827980759e+20,98.71273849644415
2025/12/20/10:20,1015916,1011175,2.036523195145942e+20,2.010320086979969e+20,98.71334103984533
2025/12/20/10:30,1016357,1011616,2.03747420654767e+20,2.011271098381697e+20,98.71394160074436
2025/12/20/10:40,1016798,1012057,2.038425173765984e+20,2.01222206560001e+20,98.71454157340672
2025/12/20/10:50,1017239,1012498,2.039376212176552e+20,2.013173104010579e+20,98.71514103138391
2025/12/20/11:00,1017680,1012939,2.0403271192346e+20,2.014124011068626e+20,98.71573984784347
2025/12/20/11:10,1018121,1013380,2.041277920825556e+20,2.015074812659583e+20,98.7163380400756
2025/12/20/11:20,1018563,1013822,2.042231565377475e+20,2.016028457211502e+20,98.71693746144159
2025/12/20/11:30,1019004,1014263,2.043182450812196e+20,2.016979342646223e+20,98.71753459141364
2025/12/20/11:40,1019445,1014704,2.044133256597148e+20,2.017930148431175e+20,98.71813111589439
2025/12/20/11:50,1019886,1015145,2.045084241095292e+20,2.018881132929319e+20,98.71872719766597
2025/12/20/12:00,1020327,1015586,2.046034991723927e+20,2.019831883557953e+20,98.71932257894106
2025/12/20/12:10,1020725,1015984,2.046892919357262e+20,2.020689811191289e+20,98.71985935765505
2025/12/20/12:20,1021166,1016425,2.047844142918104e+20,2.021641034752131e+20,98.72045398295619
2025/12/20/12:30,1021607,1016866,2.048795627228436e+20,2.022592519062462e+20,98.72104821887869
2025/12/20/12:40,1022048,1017307,2.049746417181907e+20,2.023543309015933e+20,98.7216414700703
2025/12/20/12:50,1022489,1017748,2.05069775071703e+20,2.024494642551056e+20,98.72223450984859
2025/12/20/13:00,1022892,1018151,2.051566768686573e+20,2.0253636605206e+20,98.72277575529512
2025/12/20/13:10,1023284,1018543,2.052412200243503e+20,2.026209092077529e+20,98.72330187070294
2025/12/20/13:20,1023714,1018973,2.053339137644326e+20,2.027136029478352e+20,98.72387820961545
2025/12/20/13:30,1024155,1019414,2.054289592713821e+20,2.028086484547847e+20,98.72446863096074
2025/12/20/13:40,1024596,1019855,2.055240436503606e+20,2.029037328337632e+20,98.72505874735754
2025/12/20/13:50,1025037,1020296,2.056191475531929e+20,2.029988367365956e+20,98.72564843898135
2025/12/20/14:00,1025478,1020737,2.057142906992877e+20,2.030939798826903e+20,98.72623782835403
2025/12/20/14:10,1025920,1021179,2.058095986608123e+20,2.03189287844215e+20,98.72682769236832
2025/12/20/14:20,1026361,1021620,2.059046804828129e+20,2.032843696662155e+20,98.72741561267421
2025/12/20/14:30,1026802,1022061,2.059997589511921e+20,2.033794481345948e+20,98.72800296954804
2025/12/20/14:40,1027243,1022502,2.060948586352761e+20,2.034745478186787e+20,98.72858991536782
2025/12/20/14:50,1027684,1022943,2.06190012166076e+20,2.035697013494787e+20,98.7291766516378
2025/12/20/15:00,1028126,1023385,2.062853283725598e+20,2.036650175559625e+20,98.72976384832131
2025/12/20/15:10,1028567,1023826,2.063804105490631e+20,2.037600997324657e+20,98.73034906286591
2025/12/20/15:20,1029008,1024267,2.064755113875309e+20,2.038552005709335e+20,98.73093385312929
2025/12/20/15:30,1029449,1024708,2.065706160670898e+20,2.039503052504924e+20,98.73151812852883
2025/12/20/15:40,1029890,1025149,2.06665706401855e+20,2.040453955852577e+20,98.73210177817202
2025/12/20/15:50,1030331,1025590,2.067607642377901e+20,2.041404534211927e+20,98.73268469177073
2025/12/20/16:00,1030773,1026032,2.068561000817845e+20,2.042357892651872e+20,98.73326877207809
2025/12/20/16:10,1031214,1026473,2.069511865401143e+20,2.043308757235169e+20,98.7338507884856
2025/12/20/16:20,1031612,1026871,2.070370305066686e+20,2.044167196900712e+20,98.73437577317216
2025/12/20/16:30,1032053,1027312,2.071322051205284e+20,2.04511894303931e+20,98.73495731140765
2025/12/20/16:40,1032494,1027753,2.072273856950762e+20,2.046070748784789e+20,98.73553835184072
2025/12/20/16:50,1032935,1028194,2.073225845641614e+20,2.047022737475641e+20,98.73611897029654
2025/12/20/17:00,1033377,1028636,2.074179546736413e+20,2.047976438570439e+20,98.73670009873531
2025/12/20/17:10,1033818,1029077,2.075131016859039e+20,2.048927908693066e+20,98.7372793354689
2025/12/20/17:20,1034217,1029476,2.075992269289772e+20,2.049789161123798e+20,98.7378031915823
2025/12/20/17:30,1034658,1029917,2.076944157513096e+20,2.050741049347123e+20,98.73838167139994
2025/12/20/17:40,1035099,1030358,2.077896090739202e+20,2.051692982573228e+20,98.73895964852353
2025/12/20/17:50,1035541,1030800,2.078849869238491e+20,2.052646761072517e+20,98.73953821515875
2025/12/20/18:00,1035982,1031241,2.079801709841868e+20,2.053598601675894e+20,98.74011507722216
2025/12/20/18:10,1036423,1031682,2.080753414167452e+20,2.054550306001479e+20,98.74069132903681
2025/12/20/18:20,1036864,1032123,2.081705497668657e+20,2.055502389502684e+20,98.74126728322912
2025/12/20/18:30,1037305,1032564,2.08265721367688e+20,2.056454105510907e+20,98.74184248882165
2025/12/20/18:40,1037746,1033005,2.083609433044243e+20,2.057406324878269e+20,98.74241747275593
2025/12/20/18:50,1038188,1033447,2.084563434584615e+20,2.058360326418641e+20,98.74299300605381
2025/12/20/19:00,1038629,1033888,2.085515517839176e+20,2.059312409673202e+20,98.74356685712304
2025/12/20/19:10,1039070,1034329,2.086467533457862e+20,2.060264425291888e+20,98.74414014376981
2025/12/20/19:20,1039511,1034770,2.087419473048936e+20,2.061216364882962e+20,98.74471286177567
2025/12/20/19:30,1039952,1035211,2.088371349209606e+20,2.062168241043633e+20,98.74528501954929
2025/12/20/19:40,1040393,1035652,2.089323236287976e+20,2.063120128122002e+20,98.74585666253694
2025/12/20/19:50,1040835,1036094,2.090277132705022e+20,2.064074024539049e+20,98.74642898991752
2025/12/20/20:00,1041276,1036535,2.091228888727686e+20,2.065025780561712e+20,98.7469995127164
2025/12/20/20:10,1041717,1036976,2.092180645307605e+20,2.065977537141631e+20,98.74756951677465
2025/12/20/20:20,1042158,1037417,2.093132447514766e+20,2.066929339348793e+20,98.7481390297549
2025/12/20/20:30,1042599,1037858,2.094084820729339e+20,2.067881712563365e+20,98.74870836622333
2025/12/20/20:40,1043041,1038300,2.095038894252053e+20,2.06883578608608e+20,98.74927820013917
2025/12/20/20:50,1043482,1038741,2.095990702999623e+20,2.069787594833649e+20,98.74984616446659
2025/12/20/21:00,1043923,1039182,2.096942504659594e+20,2.07073939649362e+20,98.75041360896888
2025/12/20/21:10,1044364,1039623,2.097894660956707e+20,2.071691552790734e+20,98.75098074971868
2025/12/20/21:20,1044805,1040064,2.09884675058372e+20,2.072643642417746e+20,98.75154733623663
2025/12/20/21:30,1045246,1040505,2.099798750622205e+20,2.073595642456231e+20,98.75211335571045
2025/12/20/21:40,1045688,1040947,2.100752694249393e+20,2.074549586083419e+20,98.75268001618173
2025/12/20/21:50,1046129,1041388,2.10170475414991e+20,2.075501645983936e+20,98.75324504480307
2025/12/20/22:00,1046570,1041829,2.102656753195142e+20,2.076453645029169e+20,98.75380952567956
2025/12/20/22:10,1047011,1042270,2.103608819155816e+20,2.077405710989842e+20,98.75437353526171
2025/12/20/22:20,1047452,1042711,2.104561188866898e+20,2.078358080700925e+20,98.75493721424743
2025/12/20/22:30,1047893,1043152,2.105513828975092e+20,2.079310720809119e+20,98.75550054312735
2025/12/20/22:40,1048335,1043594,2.106467683551529e+20,2.080264575385555e+20,98.7560640796637
2025/12/20/22:50,1048776,1044035,2.107420206066123e+20,2.08121709790015e+20,98.75662632015442
2025/12/20/23:00,1049217,1044476,2.10837213476698e+20,2.082169026601006e+20,98.75718770259361
2025/12/20/23:10,1049658,1044917,2.109323977249666e+20,2.083120869083693e+20,98.75774852755718
2025/12/20/23:20,1050099,1045358,2.110275967986757e+20,2.084072859820783e+20,98.7583089338324
2025/12/20/23:30,1050541,1045800,2.111230032764556e+20,2.085026924598583e+20,98.75887005398167
2025/12/20/23:40,1050982,1046241,2.11218182043057e+20,2.085978712264597e+20,98.75942932978033
2025/12/20/23:50,1051423,1046682,2.113133895142996e+20,2.086930786977023e+20,98.75998827020848
2025/12/21/0:00,1051864,1047123,2.114086219996415e+20,2.087883111830441e+20,98.76054685385452
2025/12/21/0:10,1052115,1047374,2.11462744376023e+20,2.088424335594256e+20,98.76086408301884
2025/12/21/0:20,1052339,1047598,2.115110255473177e+20,2.088907147307204e+20,98.76114693793532
2025/12/21/0:30,1052696,1047955,2.11587847713221e+20,2.089675368966236e+20,98.76159673397272
2025/12/21/0:40,1053137,1048396,2.116828672473982e+20,2.090625564308009e+20,98.76215262450366
2025/12/21/0:50,1053578,1048837,2.117779763454272e+20,2.091576655288299e+20,98.76270853947372
2025/12/21/1:00,1054019,1049278,2.118731296115693e+20,2.09252818794972e+20,98.76326421316323
2025/12/21/1:10,1054460,1049719,2.119683072983978e+20,2.093479964818005e+20,98.76381953038451
2025/12/21/1:20,1054901,1050160,2.120635224218061e+20,2.094432116052088e+20,98.76437456726509
2025/12/21/1:30,1055343,1050602,2.121589114262273e+20,2.0953860060963e+20,98.76493011819186
2025/12/21/1:40,1055784,1051043,2.122540851198284e+20,2.09633774303231e+20,98.76548391748595
2025/12/21/1:50,1056225,1051484,2.123492401651896e+20,2.097289293485923e+20,98.7660371119958
2025/12/21/2:00,1056666,1051925,2.124444684823233e+20,2.098241576657259e+20,98.76659023634905
2025/12/21/2:10,1057107,1052366,2.125396321347056e+20,2.099193213181083e+20,98.76714248995377
2025/12/21/2:20,1057549,1052808,2.126350242113215e+20,2.100147133947241e+20,98.76769557305234
2025/12/21/2:30,1057917,1053176,2.127144173959997e+20,2.100941065794024e+20,98.76815551636106
2025/12/21/2:40,1058358,1053617,2.128095778031411e+20,2.101892669865438e+20,98.76870635069758
2025/12/21/2:50,1058799,1054058,2.129047128223709e+20,2.102844020057735e+20,98.76925654586918
2025/12/21/3:00,1059240,1054499,2.12999831693401e+20,2.103795208768036e+20,98.76980615629354
2025/12/21/3:10,1059681,1054940,2.130949547183207e+20,2.104746439017233e+20,98.77035530002998
2025/12/21/3:20,1060123,1055382,2.131902683224463e+20,2.105699575058489e+20,98.77090505246038
2025/12/21/3:30,1060564,1055823,2.132853883222289e+20,2.106650775056315e+20,98.7714531983604
2025/12/21/3:40,1061005,1056264,2.13380509306277e+20,2.107601984896796e+20,98.7720008612238
2025/12/21/3:50,1061446,1056705,2.134756506731392e+20,2.108553398565418e+20,98.77254815322736
2025/12/21/4:00,1061887,1057146,2.135707658560397e+20,2.109504550394424e+20,98.77309480719678
2025/12/21/4:10,1062328,1057587,2.136658644442138e+20,2.110455536276165e+20,98.77364087922361
2025/12/21/4:20,1062770,1058029,2.137611908003622e+20,2.111408799837648e+20,98.77418777150969
2025/12/21/4:30,1063211,1058470,2.13856315734489e+20,2.112360049178917e+20,98.77473302221733
2025/12/21/4:40,1063652,1058911,2.139514581641748e+20,2.113311473475775e+20,98.77527788822704
2025/12/21/4:50,1064093,1059352,2.140465944894595e+20,2.114262836728621e+20,98.77582223494503
2025/12/21/5:00,1064534,1059793,2.141417080661988e+20,2.115213972496015e+20,98.77636596800315
2025/12/21/5:10,1064976,1060235,2.142370659874901e+20,2.116167551708928e+20,98.77691061324077
2025/12/21/5:20,1065417,1060676,2.143321876977894e+20,2.11711876881192e+20,98.77745342650447
2025/12/21/5:30,1065858,1061117,2.144272720134707e+20,2.118069611968734e+20,98.77799554506633
2025/12/21/5:40,1066246,1061505,2.145109224833229e+20,2.118906116667256e+20,98.77847207673024
2025/12/21/5:50,1066687,1061946,2.146060787549176e+20,2.119857679383203e+20,98.7790137018487
2025/12/21/6:00,1067128,1062387,2.147012452242014e+20,2.12080934407604e+20,98.77955490483481
2025/12/21/6:10,1067491,1062750,2.147795516261959e+20,2.121592408095986e+20,98.7799998664874
2025/12/21/6:20,1067932,1063191,2.148746658442054e+20,2.12254355027608e+20,98.78053989924656
2025/12/21/6:30,1068373,1063632,2.149697940260106e+20,2.123494832094133e+20,98.78107953330397
2025/12/21/6:40,1068814,1064073,2.150649191169563e+20,2.124446083003589e+20,98.78161867246588
2025/12/21/6:50,1069255,1064514,2.151600485496459e+20,2.125397377330486e+20,98.78215735948176
2025/12/21/7:00,1069696,1064955,2.152552021118044e+20,2.12634891295207e+20,98.78269570682137
2025/12/21/7:10,1070138,1065397,2.153505441689417e+20,2.127302333523444e+20,98.78323464344639
2025/12/21/7:20,1070579,1065838,2.154456858326463e+20,2.128253750160489e+20,98.78377197182182
2025/12/21/7:30,1071020,1066279,2.155408491435803e+20,2.12920538326983e+20,98.78430894792855
2025/12/21/7:40,1071461,1066720,2.156359755386331e+20,2.130156647220358e+20,98.78484524205568
2025/12/21/7:50,1071902,1067161,2.157310981383357e+20,2.131107873217384e+20,98.78538104185745
2025/12/21/8:00,1072344,1067603,2.158264293179711e+20,2.132061185013738e+20,98.7859175426857
2025/12/21/8:10,1072784,1068043,2.159213689415771e+20,2.133010581249798e+20,98.78645136910635
2025/12/21/8:20,1073225,1068484,2.160164847408638e+20,2.133961739242665e+20,98.78698571558522
2025/12/21/8:30,1073666,1068925,2.161116115082199e+20,2.134913006916226e+20,98.78751965324284
2025/12/21/8:40,1074106,1069365,2.162065117899346e+20,2.135862009733372e+20,98.78805185148946
2025/12/21/8:50,1074547,1069806,2.163016721021235e+20,2.136813612855261e+20,98.78858503906515
2025/12/21/9:00,1074989,1070248,2.16397015773161e+20,2.137767049565637e+20,98.78911878371554
2025/12/21/9:10,1075430,1070689,2.16492153002877e+20,2.138718421862797e+20,98.78965090408495
2025/12/21/9:20,1075871,1071130,2.165873017025277e+20,2.139669908859303e+20,98.79018262104941
2025/12/21/9:30,1076312,1071571,2.166823983322958e+20,2.140620875156984e+20,98.79071358044554
2025/12/21/9:40,1076753,1072012,2.167775454928891e+20,2.141572346762918e+20,98.79124435575672
2025/12/21/9:50,1077116,1072375,2.168558822063171e+20,2.142355713897197e+20,98.79168100494302
2025/12/21/10:00,1077558,1072817,2.169512446353943e+20,2.14330933818797e+20,98.7922121299645
2025/12/21/10:10,1077921,1073180,2.170295735011015e+20,2.144092626845042e+20,98.79264803670452
2025/12/21/10:20,1078362,1073621,2.171247394183542e+20,2.145044286017568e+20,98.79317721987057
2025/12/21/10:30,1078803,1074062,2.172199028012929e+20,2.145995919846955e+20,98.79370592528332
2025/12/21/10:40,1079244,1074503,2.173150553478268e+20,2.146947445312294e+20,98.79423410752496
2025/12/21/10:50,1079686,1074945,2.174104000908078e+20,2.147900892742104e+20,98.79476289289616
2025/12/21/11:00,1080127,1075386,2.175055318186299e+20,2.148852210020326e+20,98.79529003483813
2025/12/21/11:10,1080568,1075827,2.176006858315466e+20,2.149803750149493e+20,98.79581683918688
2025/12/21/11:20,1081009,1076268,2.176958631273544e+20,2.150755523107571e+20,98.79634331174017
2025/12/21/11:30,1081450,1076709,2.177910353905238e+20,2.151707245739264e+20,98.79686929634232
2025/12/21/11:40,1081891,1077150,2.178861772883268e+20,2.152658664717294e+20,98.79739465384722
2025/12/21/11:50,1082256,1077515,2.17964895415872e+20,2.153445845992746e+20,98.79782897535043
2025/12/21/12:00,1082697,1077956,2.18060052388319e+20,2.154397415717217e+20,98.79835357833853
2025/12/21/12:10,1083138,1078397,2.181551938208781e+20,2.155348830042808e+20,98.79887763811445
2025/12/21/12:20,1083579,1078838,2.182503195251018e+20,2.156300087085044e+20,98.79940115446384
2025/12/21/12:30,1084020,1079279,2.183455126009334e+20,2.15725201784336e+20,98.79992458494604
2025/12/21/12:40,1084461,1079720,2.184406763114533e+20,2.15820365494856e+20,98.8004473979648
2025/12/21/12:50,1084903,1080162,2.185360734892163e+20,2.15915762672619e+20,98.80097103660708
2025/12/21/13:00,1085344,1080603,2.186312452643874e+20,2.160109344477901e+20,98.80149298265734
2025/12/21/13:10,1085785,1081044,2.187264065655375e+20,2.161060957489402e+20,98.80201441712425
2025/12/21/13:20,1086226,1081485,2.188215618876304e+20,2.162012510710331e+20,98.80253536534808
2025/12/21/13:30,1086667,1081926,2.189167389834067e+20,2.162964281668093e+20,98.80305597974581
2025/12/21/13:40,1087109,1082368,2.190120928976944e+20,2.16391782081097e+20,98.80357710757947
2025/12/21/13:50,1087550,1082809,2.191072377671023e+20,2.16486926950505e+20,98.80409664085009
2025/12/21/14:00,1087991,1083250,2.192024241188958e+20,2.165821133022984e+20,98.80461594933088
2025/12/21/14:10,1088432,1083691,2.192976184033792e+20,2.166773075867818e+20,98.80513485022099
2025/12/21/14:20,1088873,1084132,2.193927497513519e+20,2.167724389347546e+20,98.80565295819162
2025/12/21/14:30,1089314,1084573,2.194879354809796e+20,2.168676246643823e+20,98.8061709128316
2025/12/21/14:40,1089756,1085015,2.195833365754761e+20,2.169630257588788e+20,98.80668958880825
2025/12/21/14:50,1090092,1085351,2.196558412546333e+20,2.17035530438036e+20,98.80708348039796
2025/12/21/15:00,1090533,1085792,2.197510425923354e+20,2.171307317757381e+20,98.80760027998669
2025/12/21/15:10,1090974,1086233,2.198462320091899e+20,2.172259211925926e+20,98.80811656736158
2025/12/21/15:20,1091415,1086674,2.199414577419085e+20,2.173211469253111e+20,98.80863260455783
2025/12/21/15:30,1091856,1087115,2.200366575134378e+20,2.174163466968405e+20,98.80914805459753
2025/12/21/15:40,1092298,1087557,2.201321035327924e+20,2.17511792716195e+20,98.80966439036139
2025/12/21/15:50,1092739,1087998,2.202273171498559e+20,2.176070063332586e+20,98.81017902297093
2025/12/21/16:00,1093180,1088439,2.203225284909044e+20,2.17702217674307e+20,98.81069319849172
2025/12/21/16:10,1093621,1088880,2.204176720582301e+20,2.177973612416327e+20,98.81120656427898
2025/12/21/16:20,1094062,1089321,2.205128910647952e+20,2.178925802481979e+20,98.81171989358781
2025/12/21/16:30,1094443,1089702,2.205951383099269e+20,2.179748274933295e+20,98.81216293492565
2025/12/21/16:40,1094884,1090143,2.206902807477392e+20,2.180699699311418e+20,98.81267502686605
2025/12/21/16:50,1095325,1090584,2.207853887292187e+20,2.181650779126214e+20,98.81318649224066
2025/12/21/17:00,1095766,1091025,2.208805155252634e+20,2.18260204708666e+20,98.81369761820497
2025/12/21/17:10,1096207,1091466,2.209757001830766e+20,2.183553893664792e+20,98.8142086146004
2025/12/21/17:20,1096404,1091663,2.210182171145911e+20,2.183979062979937e+20,98.81443672344945
2025/12/21/17:30,1096792,1092051,2.211018971341785e+20,2.184815863175812e+20,98.81488542135521
2025/12/21/17:40,1097233,1092492,2.211970284905998e+20,2.185767176740025e+20,98.81539510974548
2025/12/21/17:50,1097674,1092933,2.212921536724347e+20,2.186718428558373e+20,98.81590432687639
2025/12/21/18:00,1098115,1093374,2.213872977097645e+20,2.187669868931672e+20,98.81641320721457
2025/12/21/18:10,1098556,1093815,2.214824606326964e+20,2.188621498160991e+20,98.81692175122488
2025/12/21/18:20,1098997,1094256,2.215775868948072e+20,2.189572760782099e+20,98.81742966275677
2025/12/21/18:30,1099439,1094698,2.216729445096728e+20,2.190526336930755e+20,98.81793837204927
2025/12/21/18:40,1099880,1095139,2.217680778067758e+20,2.191477669901785e+20,98.81844544872666
2025/12/21/18:50,1100321,1095580,2.218632450342368e+20,2.192429342176395e+20,98.81895227116462
2025/12/21/19:00,1100762,1096021,2.219583775041767e+20,2.193380666875794e+20,98.81945847412403
2025/12/21/19:10,1101203,1096462,2.220534959707581e+20,2.194331851541607e+20,98.81996416893053
2025/12/21/19:20,1101645,1096904,2.221488398647626e+20,2.195285290481653e+20,98.82047062762402
2025/12/21/19:30,1102086,1097345,2.222439831963641e+20,2.196236723797668e+20,98.82097558777005
2025/12/21/19:40,1102527,1097786,2.223391199697625e+20,2.197188091531652e+20,98.82148008098903
2025/12/21/19:50,1102968,1098227,2.224342192508555e+20,2.198139084342582e+20,98.8219839440971
2025/12/21/20:00,1103409,1098668,2.225293813405742e+20,2.199090705239769e+20,98.82248770889852
2025/12/21/20:10,1103660,1098919,2.225834813341612e+20,2.199631705175639e+20,98.82277390896608
2025/12/21/20:20,1103863,1099122,2.226272427996584e+20,2.20006931983061e+20,98.82300531433373
2025/12/21/20:30,1104184,1099443,2.226963175526546e+20,2.200760067360573e+20,98.8233703882518
2025/12/21/20:40,1104500,1099759,2.227643498005312e+20,2.201440389839339e+20,98.82372973101681
2025/12/21/20:50,1104941,1100200,2.228594611357997e+20,2.202391503192023e+20,98.82423173634048
2025/12/21/21:00,1105382,1100641,2.229546108294938e+20,2.203343000128964e+20,98.82473351555791
2025/12/21/21:10,1105823,1101082,2.230497378801475e+20,2.204294270635502e+20,98.82523474741525
2025/12/21/21:20,1106265,1101524,2.231451189124587e+20,2.205248080958614e+20,98.8257368884572
2025/12/21/21:30,1106706,1101965,2.232403567955962e+20,2.206200459789988e+20,98.82623784775771
2025/12/21/21:40,1107090,1102349,2.233232276842242e+20,2.207029168676268e+20,98.82667340797062
2025/12/21/21:50,1107531,1102790,2.234183586628857e+20,2.207980478462884e+20,98.82717300750065
2025/12/21/22:00,1107972,1103231,2.235135039758024e+20,2.208931931592051e+20,98.82767225693844
2025/12/21/22:10,1108414,1103673,2.236088932263065e+20,2.209885824097092e+20,98.82817235987773
2025/12/21/22:20,1108855,1104114,2.237040390092394e+20,2.210837281926421e+20,98.82867076151042
2025/12/21/22:30,1109296,1104555,2.237992152007262e+20,2.211789043841289e+20,98.82916889844891
2025/12/21/22:40,1109737,1104996,2.238943760899201e+20,2.212740652733228e+20,98.82966653188959
2025/12/21/22:50,1110178,1105437,2.239895067140666e+20,2.213691958974693e+20,98.83016358442974
2025/12/21/23:00,1110616,1105875,2.240840073443491e+20,2.214636965277517e+20,98.83065692743939
2025/12/21/23:10,1111013,1106272,2.241696854506192e+20,2.215493746340219e+20,98.83110385272207
2025/12/21/23:20,1111454,1106713,2.242648361281408e+20,2.216445253115434e+20,98.83159978985732
2025/12/21/23:30,1111895,1107154,2.243600282019183e+20,2.21739717385321e+20,98.83209552182836
2025/12/21/23:40,1112336,1107595,2.244552277504553e+20,2.21834916933858e+20,98.83259087219365
2025/12/21/23:50,1112777,1108036,2.245503800835035e+20,2.219300692669062e+20,98.8330855571819
2025/12/22/0:00,1113218,1108477,2.246455305879276e+20,2.220252197713302e+20,98.83357981361141
2025/12/22/0:10,1113660,1108919,2.247409529897922e+20,2.221206421731949e+20,98.83407506209322
2025/12/22/0:20,1114101,1109360,2.248361808454357e+20,2.222158700288384e+20,98.83456888177678
2025/12/22/0:30,1114542,1109801,2.24931364682677e+20,2.223110538660797e+20,98.83506205535456
2025/12/22/0:40,1114983,1110242,2.250265447359716e+20,2.224062339193742e+20,98.83555479213716
2025/12/22/0:50,1115424,1110683,2.251216973439453e+20,2.22501386527348e+20,98.83604697036644
2025/12/22/1:00,1115866,1111125,2.252170803511216e+20,2.225967695345242e+20,98.8365399229436
2025/12/22/1:10,1116307,1111566,2.253122425685573e+20,2.226919317519599e+20,98.83703131852675
2025/12/22/1:20,1116748,1112007,2.254074128962566e+20,2.227871020796592e+20,98.83752234102286
2025/12/22/1:30,1117189,1112448,2.255026214453116e+20,2.228823106287142e+20,98.83801314601001
2025/12/22/1:40,1117630,1112889,2.25597827708896e+20,2.229775168922986e+20,98.83850352496367
2025/12/22/1:50,1118071,1113330,2.256930144491689e+20,2.230727036325716e+20,98.83899338976329
2025/12/22/2:00,1118513,1113772,2.257884291391952e+20,2.231681183225979e+20,98.83948401315908
2025/12/22/2:10,1118954,1114213,2.258836194487943e+20,2.23263308632197e+20,98.83997306976421
2025/12/22/2:20,1119395,1114654,2.259788070481953e+20,2.233584962315979e+20,98.84046170044675
2025/12/22/2:30,1119836,1115095,2.26074003947497e+20,2.234536931308997e+20,98.84094996733641
2025/12/22/2:40,1120277,1115536,2.261691617446956e+20,2.235488509280983e+20,98.84143762289078
2025/12/22/2:50,1120718,1115977,2.262643945023575e+20,2.236440836857601e+20,98.84192525193352
2025/12/22/3:00,1121160,1116419,2.263598187979885e+20,2.237395079813912e+20,98.84241345018225
2025/12/22/3:10,1121601,1116860,2.264549837325881e+20,2.238346729159907e+20,98.84289991175838
2025/12/22/3:20,1122042,1117301,2.265501930444383e+20,2.23929882227841e+20,98.8433861912078
2025/12/22/3:30,1122438,1117697,2.266355887622324e+20,2.24015277945635e+20,98.84382200037155
2025/12/22/3:40,1122879,1118138,2.267307366600026e+20,2.241104258434053e+20,98.84430719222394
2025/12/22/3:50,1123321,1118580,2.268260791628935e+20,2.242057683462962e+20,98.84479296813326
2025/12/22/4:00,1123762,1119021,2.269211963726824e+20,2.24300885556085e+20,98.84527718940195
2025/12/22/4:10,1124203,1119462,2.27016273897313e+20,2.243959630807157e+20,98.84576080312965
2025/12/22/4:20,1124644,1119903,2.271113896981093e+20,2.244910788815119e+20,98.84624420638683
2025/12/22/4:30,1125085,1120344,2.272064834761728e+20,2.245861726595754e+20,98.84672709312359
2025/12/22/4:40,1125526,1120785,2.273016046001543e+20,2.246812937835569e+20,98.8472097145083
2025/12/22/4:50,1125968,1121227,2.273969055360262e+20,2.247765947194288e+20,98.84769284330379
2025/12/22/5:00,1126409,1121668,2.274919939713498e+20,2.248716831547524e+20,98.84817449139447
2025/12/22/5:10,1126850,1122109,2.275871207765918e+20,2.249668099599945e+20,98.84865593111944
2025/12/22/5:20,1127291,1122550,2.276822450946417e+20,2.250619342780443e+20,98.84913695597646
2025/12/22/5:30,1127732,1122991,2.277773960644645e+20,2.251570852478672e+20,98.84961771366648
2025/12/22/5:40,1128173,1123432,2.278724964053622e+20,2.252521855887649e+20,98.8500978143777
2025/12/22/5:50,1128615,1123874,2.279678123411128e+20,2.253475015245154e+20,98.85057860156304
2025/12/22/6:00,1128918,1124177,2.28033163730497e+20,2.254128529138996e+20,98.8509080110408
2025/12/22/6:10,1129359,1124618,2.281283337201667e+20,2.255080229035693e+20,98.85138738627199
2025/12/22/6:20,1129800,1125059,2.282234891279377e+20,2.256031783113404e+20,98.85186628834316
2025/12/22/6:30,1130241,1125500,2.283186610543158e+20,2.256983502377185e+20,98.85234487426588
2025/12/22/6:40,1130683,1125942,2.284140720575668e+20,2.257937612409694e+20,98.85282426209847
2025/12/22/6:50,1131124,1126383,2.285092528946575e+20,2.258889420780602e+20,98.853302094596
2025/12/22/7:00,1131565,1126824,2.286044214113661e+20,2.259841105947687e+20,98.85377946742237
2025/12/22/7:10,1132006,1127265,2.286995854936868e+20,2.260792746770895e+20,98.85425642073598
2025/12/22/7:20,1132447,1127706,2.287947708768741e+20,2.261744600602768e+20,98.85473308390974
2025/12/22/7:30,1132888,1128147,2.288899524712004e+20,2.26269641654603e+20,98.85520933168657
2025/12/22/7:40,1133330,1128589,2.289853703701163e+20,2.263650595535189e+20,98.85568636443365
2025/12/22/7:50,1133771,1129030,2.290805744716004e+20,2.264602636550031e+20,98.85616193226275
2025/12/22/8:00,1134212,1129471,2.29175776346332e+20,2.265554655297347e+20,98.85663709386218
2025/12/22/8:10,1134653,1129912,2.292709399141068e+20,2.266506290975095e+20,98.85711166989633
2025/12/22/8:20,1135094,1130353,2.293661040042957e+20,2.267457931876983e+20,98.85758585473106
2025/12/22/8:30,1135535,1130794,2.294612756579154e+20,2.268409648413181e+20,98.8580596838903
2025/12/22/8:40,1135977,1131236,2.295567043568862e+20,2.269363935402888e+20,98.85853439831423
2025/12/22/8:50,1136418,1131677,2.296518864677959e+20,2.270315756511986e+20,98.85900749308027
2025/12/22/9:00,1136531,1131790,2.29676287732195e+20,2.270559769155977e+20,98.8591287143875
2025/12/22/9:10,1136534,1131793,2.296769355167207e+20,2.270566247001233e+20,98.85913193211924
